dataset,job,seed,fold,f1,auc,ap,energy_v1_pj,Em,T1,T2,T3_opt,T3_pess,weight_reads
Edge-IIoTset,SNN_AE,0,0,0.9954019622199444,0.9997396794509289,0.9996792917101724,11444.006341552733,2.5,7317.309607315063,7317.309607315063,16931.502960968017,17891.502960968017,3767.6773414611816
Edge-IIoTset,SNN_AE,0,0,0.9954019622199444,0.9997396794509289,0.9996792917101724,11444.006341552733,5.0,7317.309607315063,7317.309607315063,26545.69631462097,28465.69631462097,3767.6773414611816
Edge-IIoTset,SNN_AE,0,0,0.9954019622199444,0.9997396794509289,0.9996792917101724,11444.006341552733,10.0,7317.309607315063,7317.309607315063,45774.08302192688,49614.08302192688,3767.6773414611816
Edge-IIoTset,SNN_AE,0,0,0.9954019622199444,0.9997396794509289,0.9996792917101724,11444.006341552733,20.0,7317.309607315063,7317.309607315063,84230.8564365387,91910.8564365387,3767.6773414611816
Edge-IIoTset,LSTM_AE,0,0,0.9961034775730232,0.9999638319769301,0.9999601428364558,331200.0,2.5,331200.0,331200.0,513367.5,513367.5,72801.0
Edge-IIoTset,LSTM_AE,0,0,0.9961034775730232,0.9999638319769301,0.9999601428364558,331200.0,5.0,331200.0,331200.0,695535.0,695535.0,72801.0
Edge-IIoTset,LSTM_AE,0,0,0.9961034775730232,0.9999638319769301,0.9999601428364558,331200.0,10.0,331200.0,331200.0,1059870.0,1059870.0,72801.0
Edge-IIoTset,LSTM_AE,0,0,0.9961034775730232,0.9999638319769301,0.9999601428364558,331200.0,20.0,331200.0,331200.0,1788540.0,1788540.0,72801.0
Edge-IIoTset,CNN_AE,0,0,0.9958408997715423,0.9999405863736789,0.9999328604888938,351955.19999999995,2.5,351955.19999999995,351955.19999999995,385922.69999999995,385922.69999999995,13521.0
Edge-IIoTset,CNN_AE,0,0,0.9958408997715423,0.9999405863736789,0.9999328604888938,351955.19999999995,5.0,351955.19999999995,351955.19999999995,419890.19999999995,419890.19999999995,13521.0
Edge-IIoTset,CNN_AE,0,0,0.9958408997715423,0.9999405863736789,0.9999328604888938,351955.19999999995,10.0,351955.19999999995,351955.19999999995,487825.19999999995,487825.19999999995,13521.0
Edge-IIoTset,CNN_AE,0,0,0.9958408997715423,0.9999405863736789,0.9999328604888938,351955.19999999995,20.0,351955.19999999995,351955.19999999995,623695.2,623695.2,13521.0
Edge-IIoTset,SNN_Dense,0,0,0.9959575839240729,0.99980251072185,0.9997572797637131,16041.299227905274,2.5,10718.626538085937,9350.654256105316,16987.820331837655,17467.820331837655,2918.8664302929355
Edge-IIoTset,SNN_Dense,0,0,0.9959575839240729,0.99980251072185,0.9997572797637131,16041.299227905274,5.0,10718.626538085937,9350.654256105316,24624.986407569995,25584.986407569995,2918.8664302929355
Edge-IIoTset,SNN_Dense,0,0,0.9959575839240729,0.99980251072185,0.9997572797637131,16041.299227905274,10.0,10718.626538085937,9350.654256105316,39899.31855903467,41819.31855903467,2918.8664302929355
Edge-IIoTset,SNN_Dense,0,0,0.9959575839240729,0.99980251072185,0.9997572797637131,16041.299227905274,20.0,10718.626538085937,9350.654256105316,70447.98286196403,74287.98286196403,2918.8664302929355
Edge-IIoTset,Dense_SNN,0,0,0.9960159362549801,0.9998415062926108,0.9998123617327423,24463.199999999997,2.5,11260.783011627198,9158.981441117225,18232.20634451465,18712.20634451465,3493.2899613589693
Edge-IIoTset,Dense_SNN,0,0,0.9960159362549801,0.9998415062926108,0.9998123617327423,24463.199999999997,5.0,11260.783011627198,9158.981441117225,27305.43124791207,28265.43124791207,3493.2899613589693
Edge-IIoTset,Dense_SNN,0,0,0.9960159362549801,0.9998415062926108,0.9998123617327423,24463.199999999997,10.0,11260.783011627198,9158.981441117225,45451.88105470692,47371.88105470692,3493.2899613589693
Edge-IIoTset,Dense_SNN,0,0,0.9960159362549801,0.9998415062926108,0.9998123617327423,24463.199999999997,20.0,11260.783011627198,9158.981441117225,81744.78066829662,85584.78066829662,3493.2899613589693
Edge-IIoTset,Dense_AE,0,0,0.9958992384299942,0.9998388157317026,0.9998069620505833,15032.8,2.5,14425.599999999999,11358.7858476309,18017.03902569117,18017.03902569117,2469.301271224109
Edge-IIoTset,Dense_AE,0,0,0.9958992384299942,0.9998388157317026,0.9998069620505833,15032.8,5.0,14425.599999999999,11358.7858476309,24675.292203751444,24675.292203751444,2469.301271224109
Edge-IIoTset,Dense_AE,0,0,0.9958992384299942,0.9998388157317026,0.9998069620505833,15032.8,10.0,14425.599999999999,11358.7858476309,37991.79855987199,37991.79855987199,2469.301271224109
Edge-IIoTset,Dense_AE,0,0,0.9958992384299942,0.9998388157317026,0.9998069620505833,15032.8,20.0,14425.599999999999,11358.7858476309,64624.811272113075,64624.811272113075,2469.301271224109
Edge-IIoTset,SNN_AE_T2,0,0,0.9958671629979189,0.9997740385459731,0.9997266225154977,11079.305596923827,2.5,6511.236415863037,6511.236415863037,13894.115348815918,14534.115348815918,2879.1515731811523
Edge-IIoTset,SNN_AE_T2,0,0,0.9958671629979189,0.9997740385459731,0.9997266225154977,11079.305596923827,5.0,6511.236415863037,6511.236415863037,21276.9942817688,22556.9942817688,2879.1515731811523
Edge-IIoTset,SNN_AE_T2,0,0,0.9958671629979189,0.9997740385459731,0.9997266225154977,11079.305596923827,10.0,6511.236415863037,6511.236415863037,36042.75214767456,38602.75214767456,2879.1515731811523
Edge-IIoTset,SNN_AE_T2,0,0,0.9958671629979189,0.9997740385459731,0.9997266225154977,11079.305596923827,20.0,6511.236415863037,6511.236415863037,65574.26787948608,70694.26787948608,2879.1515731811523
Edge-IIoTset,SNN_AE_T5,0,0,0.9962494139709329,0.9998399643131869,0.9997958019125774,12135.852743530271,2.5,9004.979892730713,9004.979892730713,23291.590705871582,24891.590705871582,5628.644325256348
Edge-IIoTset,SNN_AE_T5,0,0,0.9962494139709329,0.9998399643131869,0.9997958019125774,12135.852743530271,5.0,9004.979892730713,9004.979892730713,37578.20151901245,40778.20151901245,5628.644325256348
Edge-IIoTset,SNN_AE_T5,0,0,0.9962494139709329,0.9998399643131869,0.9997958019125774,12135.852743530271,10.0,9004.979892730713,9004.979892730713,66151.42314529419,72551.42314529419,5628.644325256348
Edge-IIoTset,SNN_AE_T5,0,0,0.9962494139709329,0.9998399643131869,0.9997958019125774,12135.852743530271,20.0,9004.979892730713,9004.979892730713,123297.86639785767,136097.86639785767,5628.644325256348
Edge-IIoTset,SNN_AE_T7,0,0,0.9959867592348478,0.9998414711677949,0.9997972006523852,12820.64317626953,2.5,10735.875024414061,10735.875024414061,29814.972314453124,32054.972314453124,7537.638916015625
Edge-IIoTset,SNN_AE_T7,0,0,0.9959867592348478,0.9998414711677949,0.9997972006523852,12820.64317626953,5.0,10735.875024414061,10735.875024414061,48894.069604492186,53374.069604492186,7537.638916015625
Edge-IIoTset,SNN_AE_T7,0,0,0.9959867592348478,0.9998414711677949,0.9997972006523852,12820.64317626953,10.0,10735.875024414061,10735.875024414061,87052.26418457032,96012.26418457032,7537.638916015625
Edge-IIoTset,SNN_AE_T7,0,0,0.9959867592348478,0.9998414711677949,0.9997972006523852,12820.64317626953,20.0,10735.875024414061,10735.875024414061,163368.65334472657,181288.65334472657,7537.638916015625
Edge-IIoTset,SNN_AE_noBN,0,0,0.995429508965194,0.9998477093351223,0.9998199685656423,11149.142486572266,2.5,7753.340188980102,7753.340188980102,18578.72960281372,19538.72960281372,4252.155765533447
Edge-IIoTset,SNN_AE_noBN,0,0,0.995429508965194,0.9998477093351223,0.9998199685656423,11149.142486572266,5.0,7753.340188980102,7753.340188980102,29404.11901664734,31324.11901664734,4252.155765533447
Edge-IIoTset,SNN_AE_noBN,0,0,0.995429508965194,0.9998477093351223,0.9998199685656423,11149.142486572266,10.0,7753.340188980102,7753.340188980102,51054.897844314575,54894.897844314575,4252.155765533447
Edge-IIoTset,SNN_AE_noBN,0,0,0.995429508965194,0.9998477093351223,0.9998199685656423,11149.142486572266,20.0,7753.340188980102,7753.340188980102,94356.45549964905,102036.45549964905,4252.155765533447
Edge-IIoTset,IF,0,0,0.8697229551451188,0.9898695358958057,0.9731157579174068,,2.5,1800.0,1800.0,11882.5,11882.5,4000.0
Edge-IIoTset,IF,0,0,0.8697229551451188,0.9898695358958057,0.9731157579174068,,5.0,1800.0,1800.0,21965.0,21965.0,4000.0
Edge-IIoTset,IF,0,0,0.8697229551451188,0.9898695358958057,0.9731157579174068,,10.0,1800.0,1800.0,42130.0,42130.0,4000.0
Edge-IIoTset,IF,0,0,0.8697229551451188,0.9898695358958057,0.9731157579174068,,20.0,1800.0,1800.0,82460.0,82460.0,4000.0
Edge-IIoTset,OCSVM,0,0,0.9956367682801839,0.9998844288178039,0.9997942983857246,,2.5,18455.199999999997,18455.199999999997,28567.699999999997,28567.699999999997,4012.0
Edge-IIoTset,OCSVM,0,0,0.9956367682801839,0.9998844288178039,0.9997942983857246,,5.0,18455.199999999997,18455.199999999997,38680.2,38680.2,4012.0
Edge-IIoTset,OCSVM,0,0,0.9956367682801839,0.9998844288178039,0.9997942983857246,,10.0,18455.199999999997,18455.199999999997,58905.2,58905.2,4012.0
Edge-IIoTset,OCSVM,0,0,0.9956367682801839,0.9998844288178039,0.9997942983857246,,20.0,18455.199999999997,18455.199999999997,99355.2,99355.2,4012.0
Edge-IIoTset,LOF,0,0,0.8579607869245365,0.9749665576626543,0.9738692983002013,,2.5,3035999.9999999995,3035999.9999999995,4686082.5,4686082.5,660000.0
Edge-IIoTset,LOF,0,0,0.8579607869245365,0.9749665576626543,0.9738692983002013,,5.0,3035999.9999999995,3035999.9999999995,6336165.0,6336165.0,660000.0
Edge-IIoTset,LOF,0,0,0.8579607869245365,0.9749665576626543,0.9738692983002013,,10.0,3035999.9999999995,3035999.9999999995,9636330.0,9636330.0,660000.0
Edge-IIoTset,LOF,0,0,0.8579607869245365,0.9749665576626543,0.9738692983002013,,20.0,3035999.9999999995,3035999.9999999995,16236660.0,16236660.0,660000.0
Edge-IIoTset,SNN_AE,0,1,0.9542383292383292,0.9991345526327806,0.998604076839871,11616.97929382324,2.5,7624.566326522826,7624.566326522826,18092.25056686401,19052.25056686401,4109.073696136475
Edge-IIoTset,SNN_AE,0,1,0.9542383292383292,0.9991345526327806,0.998604076839871,11616.97929382324,5.0,7624.566326522826,7624.566326522826,28559.934807205198,30479.934807205198,4109.073696136475
Edge-IIoTset,SNN_AE,0,1,0.9542383292383292,0.9991345526327806,0.998604076839871,11616.97929382324,10.0,7624.566326522826,7624.566326522826,49495.303287887575,53335.303287887575,4109.073696136475
Edge-IIoTset,SNN_AE,0,1,0.9542383292383292,0.9991345526327806,0.998604076839871,11616.97929382324,20.0,7624.566326522826,7624.566326522826,91366.04024925231,99046.04024925231,4109.073696136475
Edge-IIoTset,LSTM_AE,0,1,0.999353359590853,0.9999254335280419,0.9999104672601214,331200.0,2.5,331200.0,331200.0,513367.5,513367.5,72801.0
Edge-IIoTset,LSTM_AE,0,1,0.999353359590853,0.9999254335280419,0.9999104672601214,331200.0,5.0,331200.0,331200.0,695535.0,695535.0,72801.0
Edge-IIoTset,LSTM_AE,0,1,0.999353359590853,0.9999254335280419,0.9999104672601214,331200.0,10.0,331200.0,331200.0,1059870.0,1059870.0,72801.0
Edge-IIoTset,LSTM_AE,0,1,0.999353359590853,0.9999254335280419,0.9999104672601214,331200.0,20.0,331200.0,331200.0,1788540.0,1788540.0,72801.0
Edge-IIoTset,CNN_AE,0,1,0.9991477857121867,0.9997186361736431,0.9996820956944639,351955.19999999995,2.5,351955.19999999995,351955.19999999995,385922.69999999995,385922.69999999995,13521.0
Edge-IIoTset,CNN_AE,0,1,0.9991477857121867,0.9997186361736431,0.9996820956944639,351955.19999999995,5.0,351955.19999999995,351955.19999999995,419890.19999999995,419890.19999999995,13521.0
Edge-IIoTset,CNN_AE,0,1,0.9991477857121867,0.9997186361736431,0.9996820956944639,351955.19999999995,10.0,351955.19999999995,351955.19999999995,487825.19999999995,487825.19999999995,13521.0
Edge-IIoTset,CNN_AE,0,1,0.9991477857121867,0.9997186361736431,0.9996820956944639,351955.19999999995,20.0,351955.19999999995,351955.19999999995,623695.2,623695.2,13521.0
Edge-IIoTset,SNN_Dense,0,1,0.9987357031548617,0.99960151598706,0.9995334229608388,16207.561648559571,2.5,10882.368530273436,9695.362431953587,17885.718561645583,18365.718561645583,3140.142451876799
Edge-IIoTset,SNN_Dense,0,1,0.9987357031548617,0.99960151598706,0.9995334229608388,16207.561648559571,5.0,10882.368530273436,9695.362431953587,26076.074691337584,27036.074691337584,3140.142451876799
Edge-IIoTset,SNN_Dense,0,1,0.9987357031548617,0.99960151598706,0.9995334229608388,16207.561648559571,10.0,10882.368530273436,9695.362431953587,42456.78695072158,44376.78695072158,3140.142451876799
Edge-IIoTset,SNN_Dense,0,1,0.9987357031548617,0.99960151598706,0.9995334229608388,16207.561648559571,20.0,10882.368530273436,9695.362431953587,75218.21146948957,79058.21146948957,3140.142451876799
Edge-IIoTset,Dense_SNN,0,1,0.9913517355763535,0.9993112409948753,0.9990139169968301,24463.199999999997,2.5,11259.346751785279,9252.184657376885,18372.854447983605,18852.854447983605,3512.2679162426875
Edge-IIoTset,Dense_SNN,0,1,0.9913517355763535,0.9993112409948753,0.9990139169968301,24463.199999999997,5.0,11259.346751785279,9252.184657376885,27493.524238590322,28453.524238590322,3512.2679162426875
Edge-IIoTset,Dense_SNN,0,1,0.9913517355763535,0.9993112409948753,0.9990139169968301,24463.199999999997,10.0,11259.346751785279,9252.184657376885,45734.86381980376,47654.86381980376,3512.2679162426875
Edge-IIoTset,Dense_SNN,0,1,0.9913517355763535,0.9993112409948753,0.9990139169968301,24463.199999999997,20.0,11259.346751785279,9252.184657376885,82217.54298223063,86057.54298223063,3512.2679162426875
Edge-IIoTset,Dense_AE,0,1,0.999059708509638,0.9990862384483261,0.9984007235455457,15032.8,2.5,14425.599999999999,10971.540053930717,17419.33356150176,17419.33356150176,2385.1174030284174
Edge-IIoTset,Dense_AE,0,1,0.999059708509638,0.9990862384483261,0.9984007235455457,15032.8,5.0,14425.599999999999,10971.540053930717,23867.127069072805,23867.127069072805,2385.1174030284174
Edge-IIoTset,Dense_AE,0,1,0.999059708509638,0.9990862384483261,0.9984007235455457,15032.8,10.0,14425.599999999999,10971.540053930717,36762.71408421489,36762.71408421489,2385.1174030284174
Edge-IIoTset,Dense_AE,0,1,0.999059708509638,0.9990862384483261,0.9984007235455457,15032.8,20.0,14425.599999999999,10971.540053930717,62553.88811449906,62553.88811449906,2385.1174030284174
Edge-IIoTset,SNN_AE_T2,0,1,0.9350803677528301,0.9991965444205985,0.998846083759965,11237.53278198242,2.5,6753.732390594482,6753.732390594482,14810.211253356934,15450.211253356934,3148.5915451049805
Edge-IIoTset,SNN_AE_T2,0,1,0.9350803677528301,0.9991965444205985,0.998846083759965,11237.53278198242,5.0,6753.732390594482,6753.732390594482,22866.690116119385,24146.690116119385,3148.5915451049805
Edge-IIoTset,SNN_AE_T2,0,1,0.9350803677528301,0.9991965444205985,0.998846083759965,11237.53278198242,10.0,6753.732390594482,6753.732390594482,38979.647841644284,41539.647841644284,3148.5915451049805
Edge-IIoTset,SNN_AE_T2,0,1,0.9350803677528301,0.9991965444205985,0.998846083759965,11237.53278198242,20.0,6753.732390594482,6753.732390594482,71205.56329269409,76325.56329269409,3148.5915451049805
Edge-IIoTset,SNN_AE_T5,0,1,0.9763400775636594,0.9992489963083818,0.9988281862067293,12623.235372924803,2.5,9639.867627716063,9639.867627716063,25690.05548248291,27290.05548248291,6334.075141906738
Edge-IIoTset,SNN_AE_T5,0,1,0.9763400775636594,0.9992489963083818,0.9988281862067293,12623.235372924803,5.0,9639.867627716063,9639.867627716063,41740.243337249754,44940.243337249754,6334.075141906738
Edge-IIoTset,SNN_AE_T5,0,1,0.9763400775636594,0.9992489963083818,0.9988281862067293,12623.235372924803,10.0,9639.867627716063,9639.867627716063,73840.61904678345,80240.61904678345,6334.075141906738
Edge-IIoTset,SNN_AE_T5,0,1,0.9763400775636594,0.9992489963083818,0.9988281862067293,12623.235372924803,20.0,9639.867627716063,9639.867627716063,138041.37046585084,150841.37046585084,6334.075141906738
Edge-IIoTset,SNN_AE_T7,0,1,0.9550434222235861,0.9992670855886392,0.998971568175233,13662.236505126952,2.5,11885.575077819823,11885.575077819823,34158.28362731934,36398.28362731934,8815.083419799805
Edge-IIoTset,SNN_AE_T7,0,1,0.9550434222235861,0.9992670855886392,0.998971568175233,13662.236505126952,5.0,11885.575077819823,11885.575077819823,56430.99217681885,60910.99217681885,8815.083419799805
Edge-IIoTset,SNN_AE_T7,0,1,0.9550434222235861,0.9992670855886392,0.998971568175233,13662.236505126952,10.0,11885.575077819823,11885.575077819823,100976.40927581787,109936.40927581787,8815.083419799805
Edge-IIoTset,SNN_AE_T7,0,1,0.9550434222235861,0.9992670855886392,0.998971568175233,13662.236505126952,20.0,11885.575077819823,11885.575077819823,190067.2434738159,207987.2434738159,8815.083419799805
Edge-IIoTset,SNN_AE_noBN,0,1,0.9087413483722122,0.9990883178374355,0.9985772332179147,11053.497573852539,2.5,7586.977782440185,7586.977782440185,17950.24940032959,18910.24940032959,4067.3086471557617
Edge-IIoTset,SNN_AE_noBN,0,1,0.9087413483722122,0.9990883178374355,0.9985772332179147,11053.497573852539,5.0,7586.977782440185,7586.977782440185,28313.521018218995,30233.521018218995,4067.3086471557617
Edge-IIoTset,SNN_AE_noBN,0,1,0.9087413483722122,0.9990883178374355,0.9985772332179147,11053.497573852539,10.0,7586.977782440185,7586.977782440185,49040.0642539978,52880.0642539978,4067.3086471557617
Edge-IIoTset,SNN_AE_noBN,0,1,0.9087413483722122,0.9990883178374355,0.9985772332179147,11053.497573852539,20.0,7586.977782440185,7586.977782440185,90493.15072555542,98173.15072555542,4067.3086471557617
Edge-IIoTset,IF,0,1,0.41831579923066226,0.9868203435909505,0.9695028058325061,,2.5,1800.0,1800.0,11882.5,11882.5,4000.0
Edge-IIoTset,IF,0,1,0.41831579923066226,0.9868203435909505,0.9695028058325061,,5.0,1800.0,1800.0,21965.0,21965.0,4000.0
Edge-IIoTset,IF,0,1,0.41831579923066226,0.9868203435909505,0.9695028058325061,,10.0,1800.0,1800.0,42130.0,42130.0,4000.0
Edge-IIoTset,IF,0,1,0.41831579923066226,0.9868203435909505,0.9695028058325061,,20.0,1800.0,1800.0,82460.0,82460.0,4000.0
Edge-IIoTset,OCSVM,0,1,0.9995002498750625,0.9999398311901342,0.9999319075989812,,2.5,19237.199999999997,19237.199999999997,29774.699999999997,29774.699999999997,4182.0
Edge-IIoTset,OCSVM,0,1,0.9995002498750625,0.9999398311901342,0.9999319075989812,,5.0,19237.199999999997,19237.199999999997,40312.2,40312.2,4182.0
Edge-IIoTset,OCSVM,0,1,0.9995002498750625,0.9999398311901342,0.9999319075989812,,10.0,19237.199999999997,19237.199999999997,61387.2,61387.2,4182.0
Edge-IIoTset,OCSVM,0,1,0.9995002498750625,0.9999398311901342,0.9999319075989812,,20.0,19237.199999999997,19237.199999999997,103537.2,103537.2,4182.0
Edge-IIoTset,LOF,0,1,0.3696641594404254,0.9975605639640462,0.9939141702904134,,2.5,3035999.9999999995,3035999.9999999995,4686082.5,4686082.5,660000.0
Edge-IIoTset,LOF,0,1,0.3696641594404254,0.9975605639640462,0.9939141702904134,,5.0,3035999.9999999995,3035999.9999999995,6336165.0,6336165.0,660000.0
Edge-IIoTset,LOF,0,1,0.3696641594404254,0.9975605639640462,0.9939141702904134,,10.0,3035999.9999999995,3035999.9999999995,9636330.0,9636330.0,660000.0
Edge-IIoTset,LOF,0,1,0.3696641594404254,0.9975605639640462,0.9939141702904134,,20.0,3035999.9999999995,3035999.9999999995,16236660.0,16236660.0,660000.0
Edge-IIoTset,SNN_AE,0,2,0.9959573470822592,0.9998390321991771,0.9997757013088708,11453.193576049804,2.5,7354.8069717407225,7354.8069717407225,17073.15967102051,18033.15967102051,3809.341079711914
Edge-IIoTset,SNN_AE,0,2,0.9959573470822592,0.9998390321991771,0.9997757013088708,11453.193576049804,5.0,7354.8069717407225,7354.8069717407225,26791.512370300294,28711.512370300294,3809.341079711914
Edge-IIoTset,SNN_AE,0,2,0.9959573470822592,0.9998390321991771,0.9997757013088708,11453.193576049804,10.0,7354.8069717407225,7354.8069717407225,46228.21776885986,50068.21776885986,3809.341079711914
Edge-IIoTset,SNN_AE,0,2,0.9959573470822592,0.9998390321991771,0.9997757013088708,11453.193576049804,20.0,7354.8069717407225,7354.8069717407225,85101.628565979,92781.628565979,3809.341079711914
Edge-IIoTset,LSTM_AE,0,2,0.9957242429567152,0.9999999859576201,0.9999999861624254,331200.0,2.5,331200.0,331200.0,513367.5,513367.5,72801.0
Edge-IIoTset,LSTM_AE,0,2,0.9957242429567152,0.9999999859576201,0.9999999861624254,331200.0,5.0,331200.0,331200.0,695535.0,695535.0,72801.0
Edge-IIoTset,LSTM_AE,0,2,0.9957242429567152,0.9999999859576201,0.9999999861624254,331200.0,10.0,331200.0,331200.0,1059870.0,1059870.0,72801.0
Edge-IIoTset,LSTM_AE,0,2,0.9957242429567152,0.9999999859576201,0.9999999861624254,331200.0,20.0,331200.0,331200.0,1788540.0,1788540.0,72801.0
Edge-IIoTset,CNN_AE,0,2,0.9959867592348478,0.9999778727198686,0.9999769181684726,351955.19999999995,2.5,351955.19999999995,351955.19999999995,385922.69999999995,385922.69999999995,13521.0
Edge-IIoTset,CNN_AE,0,2,0.9959867592348478,0.9999778727198686,0.9999769181684726,351955.19999999995,5.0,351955.19999999995,351955.19999999995,419890.19999999995,419890.19999999995,13521.0
Edge-IIoTset,CNN_AE,0,2,0.9959867592348478,0.9999778727198686,0.9999769181684726,351955.19999999995,10.0,351955.19999999995,351955.19999999995,487825.19999999995,487825.19999999995,13521.0
Edge-IIoTset,CNN_AE,0,2,0.9959867592348478,0.9999778727198686,0.9999769181684726,351955.19999999995,20.0,351955.19999999995,351955.19999999995,623695.2,623695.2,13521.0
Edge-IIoTset,SNN_Dense,0,2,0.9953452969934717,0.9998777821465182,0.9998399582688315,16098.611111450195,2.5,10780.916931152342,9221.256924042496,16927.273757920466,17407.273757920466,2946.406733551188
Edge-IIoTset,SNN_Dense,0,2,0.9953452969934717,0.9998777821465182,0.9998399582688315,16098.611111450195,5.0,10780.916931152342,9221.256924042496,24633.29059179844,25593.29059179844,2946.406733551188
Edge-IIoTset,SNN_Dense,0,2,0.9953452969934717,0.9998777821465182,0.9998399582688315,16098.611111450195,10.0,10780.916931152342,9221.256924042496,40045.32425955438,41965.32425955438,2946.406733551188
Edge-IIoTset,SNN_Dense,0,2,0.9953452969934717,0.9998777821465182,0.9998399582688315,16098.611111450195,20.0,10780.916931152342,9221.256924042496,70869.39159506626,74709.39159506626,2946.406733551188
Edge-IIoTset,Dense_SNN,0,2,0.9956324197567052,0.9997998609804389,0.9997106045002647,24463.199999999997,2.5,11026.793884658813,8681.518852072013,16972.45142459763,17452.45142459763,3180.3730290102467
Edge-IIoTset,Dense_SNN,0,2,0.9956324197567052,0.9997998609804389,0.9997106045002647,24463.199999999997,5.0,11026.793884658813,8681.518852072013,25263.383997123245,26223.383997123245,3180.3730290102467
Edge-IIoTset,Dense_SNN,0,2,0.9956324197567052,0.9997998609804389,0.9997106045002647,24463.199999999997,10.0,11026.793884658813,8681.518852072013,41845.24914217448,43765.24914217448,3180.3730290102467
Edge-IIoTset,Dense_SNN,0,2,0.9956324197567052,0.9997998609804389,0.9997106045002647,24463.199999999997,20.0,11026.793884658813,8681.518852072013,75008.97943227694,78848.97943227694,3180.3730290102467
Edge-IIoTset,Dense_AE,0,2,0.9955493089716562,0.999836343083426,0.999739792442296,15032.8,2.5,14425.599999999999,10926.116340798671,17349.223047754473,17349.223047754473,2375.24268278232
Edge-IIoTset,Dense_AE,0,2,0.9955493089716562,0.999836343083426,0.999739792442296,15032.8,5.0,14425.599999999999,10926.116340798671,23772.32975471027,23772.32975471027,2375.24268278232
Edge-IIoTset,Dense_AE,0,2,0.9955493089716562,0.999836343083426,0.999739792442296,15032.8,10.0,14425.599999999999,10926.116340798671,36618.54316862187,36618.54316862187,2375.24268278232
Edge-IIoTset,Dense_AE,0,2,0.9955493089716562,0.999836343083426,0.999739792442296,15032.8,20.0,14425.599999999999,10926.116340798671,62310.96999644507,62310.96999644507,2375.24268278232
Edge-IIoTset,SNN_AE_T2,0,2,0.9954851949574904,0.9997586922331596,0.9996604897346438,11069.71519165039,2.5,6487.684885215759,6487.684885215759,13805.14289970398,14445.14289970398,2852.983205795288
Edge-IIoTset,SNN_AE_T2,0,2,0.9954851949574904,0.9997586922331596,0.9996604897346438,11069.71519165039,5.0,6487.684885215759,6487.684885215759,21122.6009141922,22402.6009141922,2852.983205795288
Edge-IIoTset,SNN_AE_T2,0,2,0.9954851949574904,0.9997586922331596,0.9996604897346438,11069.71519165039,10.0,6487.684885215759,6487.684885215759,35757.51694316864,38317.51694316864,2852.983205795288
Edge-IIoTset,SNN_AE_T2,0,2,0.9954851949574904,0.9997586922331596,0.9996604897346438,11069.71519165039,20.0,6487.684885215759,6487.684885215759,65027.34900112152,70147.34900112152,2852.983205795288
Edge-IIoTset,SNN_AE_T5,0,2,0.9960742954239175,0.9997991641273363,0.9997521663757929,12165.199835205076,2.5,8980.774004364013,8980.774004364013,23200.146238708498,24800.146238708498,5601.748893737793
Edge-IIoTset,SNN_AE_T5,0,2,0.9960742954239175,0.9997991641273363,0.9997521663757929,12165.199835205076,5.0,8980.774004364013,8980.774004364013,37419.51847305298,40619.51847305298,5601.748893737793
Edge-IIoTset,SNN_AE_T5,0,2,0.9960742954239175,0.9997991641273363,0.9997521663757929,12165.199835205076,10.0,8980.774004364013,8980.774004364013,65858.26294174194,72258.26294174194,5601.748893737793
Edge-IIoTset,SNN_AE_T5,0,2,0.9960742954239175,0.9997991641273363,0.9997521663757929,12165.199835205076,20.0,8980.774004364013,8980.774004364013,122735.75187911987,135535.75187911987,5601.748893737793
Edge-IIoTset,SNN_AE_T7,0,2,0.995928410322505,0.9998584212152275,0.9998127751176109,12970.576177978515,2.5,10989.94116821289,10989.94116821289,30774.777746582033,33014.77774658203,7819.934631347656
Edge-IIoTset,SNN_AE_T7,0,2,0.995928410322505,0.9998584212152275,0.9998127751176109,12970.576177978515,5.0,10989.94116821289,10989.94116821289,50559.61432495117,55039.61432495117,7819.934631347656
Edge-IIoTset,SNN_AE_T7,0,2,0.995928410322505,0.9998584212152275,0.9998127751176109,12970.576177978515,10.0,10989.94116821289,10989.94116821289,90129.28748168945,99089.28748168945,7819.934631347656
Edge-IIoTset,SNN_AE_T7,0,2,0.995928410322505,0.9998584212152275,0.9998127751176109,12970.576177978515,20.0,10989.94116821289,10989.94116821289,169268.633795166,187188.633795166,7819.934631347656
Edge-IIoTset,SNN_AE_noBN,0,2,0.9956076134699854,0.999768883490374,0.9996688582307454,11224.137689208983,2.5,7862.4981513977045,7862.4981513977045,18991.10412750244,19951.10412750244,4373.4423904418945
Edge-IIoTset,SNN_AE_noBN,0,2,0.9956076134699854,0.999768883490374,0.9996688582307454,11224.137689208983,5.0,7862.4981513977045,7862.4981513977045,30119.710103607176,32039.710103607176,4373.4423904418945
Edge-IIoTset,SNN_AE_noBN,0,2,0.9956076134699854,0.999768883490374,0.9996688582307454,11224.137689208983,10.0,7862.4981513977045,7862.4981513977045,52376.92205581665,56216.92205581665,4373.4423904418945
Edge-IIoTset,SNN_AE_noBN,0,2,0.9956076134699854,0.999768883490374,0.9996688582307454,11224.137689208983,20.0,7862.4981513977045,7862.4981513977045,96891.3459602356,104571.3459602356,4373.4423904418945
Edge-IIoTset,IF,0,2,0.863511227569737,0.9897787587940404,0.9723297815948687,,2.5,1800.0,1800.0,11882.5,11882.5,4000.0
Edge-IIoTset,IF,0,2,0.863511227569737,0.9897787587940404,0.9723297815948687,,5.0,1800.0,1800.0,21965.0,21965.0,4000.0
Edge-IIoTset,IF,0,2,0.863511227569737,0.9897787587940404,0.9723297815948687,,10.0,1800.0,1800.0,42130.0,42130.0,4000.0
Edge-IIoTset,IF,0,2,0.863511227569737,0.9897787587940404,0.9723297815948687,,20.0,1800.0,1800.0,82460.0,82460.0,4000.0
Edge-IIoTset,OCSVM,0,2,0.9958117330053012,0.9999845217867525,0.9999826529797367,,2.5,19080.8,19080.8,29533.3,29533.3,4148.0
Edge-IIoTset,OCSVM,0,2,0.9958117330053012,0.9999845217867525,0.9999826529797367,,5.0,19080.8,19080.8,39985.8,39985.8,4148.0
Edge-IIoTset,OCSVM,0,2,0.9958117330053012,0.9999845217867525,0.9999826529797367,,10.0,19080.8,19080.8,60890.8,60890.8,4148.0
Edge-IIoTset,OCSVM,0,2,0.9958117330053012,0.9999845217867525,0.9999826529797367,,20.0,19080.8,19080.8,102700.8,102700.8,4148.0
Edge-IIoTset,LOF,0,2,0.9963075841050287,0.9995289202814093,0.9990603631024855,,2.5,3035999.9999999995,3035999.9999999995,4686082.5,4686082.5,660000.0
Edge-IIoTset,LOF,0,2,0.9963075841050287,0.9995289202814093,0.9990603631024855,,5.0,3035999.9999999995,3035999.9999999995,6336165.0,6336165.0,660000.0
Edge-IIoTset,LOF,0,2,0.9963075841050287,0.9995289202814093,0.9990603631024855,,10.0,3035999.9999999995,3035999.9999999995,9636330.0,9636330.0,660000.0
Edge-IIoTset,LOF,0,2,0.9963075841050287,0.9995289202814093,0.9990603631024855,,20.0,3035999.9999999995,3035999.9999999995,16236660.0,16236660.0,660000.0
Edge-IIoTset,SNN_AE,0,3,0.8580395299145299,0.9972389294945608,0.9967784933199636,11409.215908813476,2.5,7333.524095535278,7333.524095535278,16992.757694244385,17952.757694244385,3785.6934394836426
Edge-IIoTset,SNN_AE,0,3,0.8580395299145299,0.9972389294945608,0.9967784933199636,11409.215908813476,5.0,7333.524095535278,7333.524095535278,26651.99129295349,28571.99129295349,3785.6934394836426
Edge-IIoTset,SNN_AE,0,3,0.8580395299145299,0.9972389294945608,0.9967784933199636,11409.215908813476,10.0,7333.524095535278,7333.524095535278,45970.458490371704,49810.458490371704,3785.6934394836426
Edge-IIoTset,SNN_AE,0,3,0.8580395299145299,0.9972389294945608,0.9967784933199636,11409.215908813476,20.0,7333.524095535278,7333.524095535278,84607.39288520813,92287.39288520813,3785.6934394836426
Edge-IIoTset,LSTM_AE,0,3,0.9577336213979247,0.9982652294462052,0.9979318162805877,331200.0,2.5,331200.0,331200.0,513367.5,513367.5,72801.0
Edge-IIoTset,LSTM_AE,0,3,0.9577336213979247,0.9982652294462052,0.9979318162805877,331200.0,5.0,331200.0,331200.0,695535.0,695535.0,72801.0
Edge-IIoTset,LSTM_AE,0,3,0.9577336213979247,0.9982652294462052,0.9979318162805877,331200.0,10.0,331200.0,331200.0,1059870.0,1059870.0,72801.0
Edge-IIoTset,LSTM_AE,0,3,0.9577336213979247,0.9982652294462052,0.9979318162805877,331200.0,20.0,331200.0,331200.0,1788540.0,1788540.0,72801.0
Edge-IIoTset,CNN_AE,0,3,0.9946888112914112,0.9984885216017922,0.9981904946245487,351955.19999999995,2.5,351955.19999999995,351955.19999999995,385922.69999999995,385922.69999999995,13521.0
Edge-IIoTset,CNN_AE,0,3,0.9946888112914112,0.9984885216017922,0.9981904946245487,351955.19999999995,5.0,351955.19999999995,351955.19999999995,419890.19999999995,419890.19999999995,13521.0
Edge-IIoTset,CNN_AE,0,3,0.9946888112914112,0.9984885216017922,0.9981904946245487,351955.19999999995,10.0,351955.19999999995,351955.19999999995,487825.19999999995,487825.19999999995,13521.0
Edge-IIoTset,CNN_AE,0,3,0.9946888112914112,0.9984885216017922,0.9981904946245487,351955.19999999995,20.0,351955.19999999995,351955.19999999995,623695.2,623695.2,13521.0
Edge-IIoTset,SNN_Dense,0,3,0.9081681509144882,0.9978411635989187,0.9974478356585943,16310.723187255859,2.5,11000.548571777343,10126.596187454597,18815.368098254905,19295.368098254905,3339.508764320123
Edge-IIoTset,SNN_Dense,0,3,0.9081681509144882,0.9978411635989187,0.9974478356585943,16310.723187255859,5.0,11000.548571777343,10126.596187454597,27504.140009055212,28464.140009055212,3339.508764320123
Edge-IIoTset,SNN_Dense,0,3,0.9081681509144882,0.9978411635989187,0.9974478356585943,16310.723187255859,10.0,11000.548571777343,10126.596187454597,44881.68383065583,46801.68383065583,3339.508764320123
Edge-IIoTset,SNN_Dense,0,3,0.9081681509144882,0.9978411635989187,0.9974478356585943,16310.723187255859,20.0,11000.548571777343,10126.596187454597,79636.77147385705,83476.77147385705,3339.508764320123
Edge-IIoTset,Dense_SNN,0,3,0.9348239030922056,0.9974926022688928,0.9967064239079781,24463.199999999997,2.5,11020.352185058595,8855.949153415078,17227.28811645274,17707.28811645274,3212.535585215064
Edge-IIoTset,Dense_SNN,0,3,0.9348239030922056,0.9974926022688928,0.9967064239079781,24463.199999999997,5.0,11020.352185058595,8855.949153415078,25598.627079490398,26558.627079490398,3212.535585215064
Edge-IIoTset,Dense_SNN,0,3,0.9348239030922056,0.9974926022688928,0.9967064239079781,24463.199999999997,10.0,11020.352185058595,8855.949153415078,42341.30500556572,44261.30500556572,3212.535585215064
Edge-IIoTset,Dense_SNN,0,3,0.9348239030922056,0.9974926022688928,0.9967064239079781,24463.199999999997,20.0,11020.352185058595,8855.949153415078,75826.66085771636,79666.66085771636,3212.535585215064
Edge-IIoTset,Dense_AE,0,3,0.9961852221374494,0.9981249873892427,0.9976946252588147,15032.8,2.5,14425.599999999999,11563.121837860155,18332.427184523283,18332.427184523283,2513.722138665251
Edge-IIoTset,Dense_AE,0,3,0.9961852221374494,0.9981249873892427,0.9976946252588147,15032.8,5.0,14425.599999999999,11563.121837860155,25101.73253118641,25101.73253118641,2513.722138665251
Edge-IIoTset,Dense_AE,0,3,0.9961852221374494,0.9981249873892427,0.9976946252588147,15032.8,10.0,14425.599999999999,11563.121837860155,38640.34322451266,38640.34322451266,2513.722138665251
Edge-IIoTset,Dense_AE,0,3,0.9961852221374494,0.9981249873892427,0.9976946252588147,15032.8,20.0,14425.599999999999,11563.121837860155,65717.56461116517,65717.56461116517,2513.722138665251
Edge-IIoTset,SNN_AE_T2,0,3,0.8703434610303831,0.9971255753114423,0.9964722629196267,11077.116790771484,2.5,6588.742653656005,6588.742653656005,14186.916691589355,14826.916691589355,2965.26961517334
Edge-IIoTset,SNN_AE_T2,0,3,0.8703434610303831,0.9971255753114423,0.9964722629196267,11077.116790771484,5.0,6588.742653656005,6588.742653656005,21785.090729522704,23065.090729522704,2965.26961517334
Edge-IIoTset,SNN_AE_T2,0,3,0.8703434610303831,0.9971255753114423,0.9964722629196267,11077.116790771484,10.0,6588.742653656005,6588.742653656005,36981.43880538941,39541.43880538941,2965.26961517334
Edge-IIoTset,SNN_AE_T2,0,3,0.8703434610303831,0.9971255753114423,0.9964722629196267,11077.116790771484,20.0,6588.742653656005,6588.742653656005,67374.1349571228,72494.1349571228,2965.26961517334
Edge-IIoTset,SNN_AE_T5,0,3,0.8706705847393271,0.9972785916306318,0.9968105945435246,11991.795202636717,2.5,8855.300791931151,8855.300791931151,22726.13632507324,24326.13632507324,5462.334213256836
Edge-IIoTset,SNN_AE_T5,0,3,0.8706705847393271,0.9972785916306318,0.9968105945435246,11991.795202636717,5.0,8855.300791931151,8855.300791931151,36596.97185821533,39796.97185821533,5462.334213256836
Edge-IIoTset,SNN_AE_T5,0,3,0.8706705847393271,0.9972785916306318,0.9968105945435246,11991.795202636717,10.0,8855.300791931151,8855.300791931151,64338.64292449951,70738.64292449951,5462.334213256836
Edge-IIoTset,SNN_AE_T5,0,3,0.8706705847393271,0.9972785916306318,0.9968105945435246,11991.795202636717,20.0,8855.300791931151,8855.300791931151,119821.98505706787,132621.98505706788,5462.334213256836
Edge-IIoTset,SNN_AE_T7,0,3,0.8707824364476725,0.9975960278723826,0.9971981425350279,12573.567935180663,2.5,10191.67074203491,10191.67074203491,27759.089469909668,29999.089469909668,6932.967491149902
Edge-IIoTset,SNN_AE_T7,0,3,0.8707824364476725,0.9975960278723826,0.9971981425350279,12573.567935180663,5.0,10191.67074203491,10191.67074203491,45326.508197784424,49806.508197784424,6932.967491149902
Edge-IIoTset,SNN_AE_T7,0,3,0.8707824364476725,0.9975960278723826,0.9971981425350279,12573.567935180663,10.0,10191.67074203491,10191.67074203491,80461.34565353394,89421.34565353394,6932.967491149902
Edge-IIoTset,SNN_AE_T7,0,3,0.8707824364476725,0.9975960278723826,0.9971981425350279,12573.567935180663,20.0,10191.67074203491,10191.67074203491,150731.02056503296,168651.02056503296,6932.967491149902
Edge-IIoTset,SNN_AE_noBN,0,3,0.8666291129593426,0.9972251289776067,0.9967618430360454,11064.67215270996,2.5,7637.111144256592,7637.111144256592,18139.642100524903,19099.642100524903,4123.012382507324
Edge-IIoTset,SNN_AE_noBN,0,3,0.8666291129593426,0.9972251289776067,0.9967618430360454,11064.67215270996,5.0,7637.111144256592,7637.111144256592,28642.173056793214,30562.173056793214,4123.012382507324
Edge-IIoTset,SNN_AE_noBN,0,3,0.8666291129593426,0.9972251289776067,0.9967618430360454,11064.67215270996,10.0,7637.111144256592,7637.111144256592,49647.23496932983,53487.23496932983,4123.012382507324
Edge-IIoTset,SNN_AE_noBN,0,3,0.8666291129593426,0.9972251289776067,0.9967618430360454,11064.67215270996,20.0,7637.111144256592,7637.111144256592,91657.35879440307,99337.35879440307,4123.012382507324
Edge-IIoTset,IF,0,3,0.40037444418441376,0.9852790577937957,0.96465329696201,,2.5,1800.0,1800.0,11882.5,11882.5,4000.0
Edge-IIoTset,IF,0,3,0.40037444418441376,0.9852790577937957,0.96465329696201,,5.0,1800.0,1800.0,21965.0,21965.0,4000.0
Edge-IIoTset,IF,0,3,0.40037444418441376,0.9852790577937957,0.96465329696201,,10.0,1800.0,1800.0,42130.0,42130.0,4000.0
Edge-IIoTset,IF,0,3,0.40037444418441376,0.9852790577937957,0.96465329696201,,20.0,1800.0,1800.0,82460.0,82460.0,4000.0
Edge-IIoTset,OCSVM,0,3,0.9516676347406071,0.9970898999140729,0.9961392606482711,,2.5,19237.199999999997,19237.199999999997,29774.699999999997,29774.699999999997,4182.0
Edge-IIoTset,OCSVM,0,3,0.9516676347406071,0.9970898999140729,0.9961392606482711,,5.0,19237.199999999997,19237.199999999997,40312.2,40312.2,4182.0
Edge-IIoTset,OCSVM,0,3,0.9516676347406071,0.9970898999140729,0.9961392606482711,,10.0,19237.199999999997,19237.199999999997,61387.2,61387.2,4182.0
Edge-IIoTset,OCSVM,0,3,0.9516676347406071,0.9970898999140729,0.9961392606482711,,20.0,19237.199999999997,19237.199999999997,103537.2,103537.2,4182.0
Edge-IIoTset,LOF,0,3,0.47910739687055476,0.9773298887122416,0.9650161211266464,,2.5,3035999.9999999995,3035999.9999999995,4686082.5,4686082.5,660000.0
Edge-IIoTset,LOF,0,3,0.47910739687055476,0.9773298887122416,0.9650161211266464,,5.0,3035999.9999999995,3035999.9999999995,6336165.0,6336165.0,660000.0
Edge-IIoTset,LOF,0,3,0.47910739687055476,0.9773298887122416,0.9650161211266464,,10.0,3035999.9999999995,3035999.9999999995,9636330.0,9636330.0,660000.0
Edge-IIoTset,LOF,0,3,0.47910739687055476,0.9773298887122416,0.9650161211266464,,20.0,3035999.9999999995,3035999.9999999995,16236660.0,16236660.0,660000.0
Edge-IIoTset,SNN_AE,0,4,0.9963326976675957,0.9995827350763568,0.9995168323910524,11610.873641967772,2.5,7788.574908828735,7788.574908828735,18711.83854446411,19671.83854446411,4291.30545425415
Edge-IIoTset,SNN_AE,0,4,0.9963326976675957,0.9995827350763568,0.9995168323910524,11610.873641967772,5.0,7788.574908828735,7788.574908828735,29635.102180099486,31555.102180099486,4291.30545425415
Edge-IIoTset,SNN_AE,0,4,0.9963326976675957,0.9995827350763568,0.9995168323910524,11610.873641967772,10.0,7788.574908828735,7788.574908828735,51481.62945137024,55321.62945137024,4291.30545425415
Edge-IIoTset,SNN_AE,0,4,0.9963326976675957,0.9995827350763568,0.9995168323910524,11610.873641967772,20.0,7788.574908828735,7788.574908828735,95174.68399391175,102854.68399391175,4291.30545425415
Edge-IIoTset,LSTM_AE,0,4,0.9967751392553503,0.9999877105606991,0.9999874623975968,331200.0,2.5,331200.0,331200.0,513367.5,513367.5,72801.0
Edge-IIoTset,LSTM_AE,0,4,0.9967751392553503,0.9999877105606991,0.9999874623975968,331200.0,5.0,331200.0,331200.0,695535.0,695535.0,72801.0
Edge-IIoTset,LSTM_AE,0,4,0.9967751392553503,0.9999877105606991,0.9999874623975968,331200.0,10.0,331200.0,331200.0,1059870.0,1059870.0,72801.0
Edge-IIoTset,LSTM_AE,0,4,0.9967751392553503,0.9999877105606991,0.9999874623975968,331200.0,20.0,331200.0,331200.0,1788540.0,1788540.0,72801.0
Edge-IIoTset,CNN_AE,0,4,0.9969505043396669,0.9999856102221161,0.9999852676530521,351955.19999999995,2.5,351955.19999999995,351955.19999999995,385922.69999999995,385922.69999999995,13521.0
Edge-IIoTset,CNN_AE,0,4,0.9969505043396669,0.9999856102221161,0.9999852676530521,351955.19999999995,5.0,351955.19999999995,351955.19999999995,419890.19999999995,419890.19999999995,13521.0
Edge-IIoTset,CNN_AE,0,4,0.9969505043396669,0.9999856102221161,0.9999852676530521,351955.19999999995,10.0,351955.19999999995,351955.19999999995,487825.19999999995,487825.19999999995,13521.0
Edge-IIoTset,CNN_AE,0,4,0.9969505043396669,0.9999856102221161,0.9999852676530521,351955.19999999995,20.0,351955.19999999995,351955.19999999995,623695.2,623695.2,13521.0
Edge-IIoTset,SNN_Dense,0,4,0.9967459177391458,0.9996877449809636,0.9996548221839342,16211.363302612303,2.5,10896.231518554687,9680.738493782848,17894.12089901045,18374.12089901045,3149.3529620910404
Edge-IIoTset,SNN_Dense,0,4,0.9967459177391458,0.9996877449809636,0.9996548221839342,16211.363302612303,5.0,10896.231518554687,9680.738493782848,26107.503304238053,27067.503304238053,3149.3529620910404
Edge-IIoTset,SNN_Dense,0,4,0.9967459177391458,0.9996877449809636,0.9996548221839342,16211.363302612303,10.0,10896.231518554687,9680.738493782848,42534.26811469325,44454.26811469325,3149.3529620910404
Edge-IIoTset,SNN_Dense,0,4,0.9967459177391458,0.9996877449809636,0.9996548221839342,16211.363302612303,20.0,10896.231518554687,9680.738493782848,75387.79773560366,79227.79773560366,3149.3529620910404
Edge-IIoTset,Dense_SNN,0,4,0.9965083184178868,0.9996282787057982,0.9995760119050889,24463.199999999997,2.5,11200.04305381775,8679.87332524124,17357.002124663213,17837.002124663213,3334.8515197687893
Edge-IIoTset,Dense_SNN,0,4,0.9965083184178868,0.9996282787057982,0.9995760119050889,24463.199999999997,5.0,11200.04305381775,8679.87332524124,26034.130924085184,26994.130924085184,3334.8515197687893
Edge-IIoTset,Dense_SNN,0,4,0.9965083184178868,0.9996282787057982,0.9995760119050889,24463.199999999997,10.0,11200.04305381775,8679.87332524124,43388.38852292913,45308.38852292913,3334.8515197687893
Edge-IIoTset,Dense_SNN,0,4,0.9965083184178868,0.9996282787057982,0.9995760119050889,24463.199999999997,20.0,11200.04305381775,8679.87332524124,78096.90372061702,81936.90372061702,3334.8515197687893
Edge-IIoTset,Dense_AE,0,4,0.9970089730807578,0.9997125170345186,0.9996580766635419,15032.8,2.5,14425.599999999999,11814.881640393503,18721.01296669432,18721.01296669432,2568.452530520327
Edge-IIoTset,Dense_AE,0,4,0.9970089730807578,0.9997125170345186,0.9996580766635419,15032.8,5.0,14425.599999999999,11814.881640393503,25627.144292995137,25627.144292995137,2568.452530520327
Edge-IIoTset,Dense_AE,0,4,0.9970089730807578,0.9997125170345186,0.9996580766635419,15032.8,10.0,14425.599999999999,11814.881640393503,39439.40694559678,39439.40694559678,2568.452530520327
Edge-IIoTset,Dense_AE,0,4,0.9970089730807578,0.9997125170345186,0.9996580766635419,15032.8,20.0,14425.599999999999,11814.881640393503,67063.93225080005,67063.93225080005,2568.452530520327
Edge-IIoTset,SNN_AE_T2,0,4,0.9960655352633743,0.9995186097725453,0.9994504390145204,11156.057623291013,2.5,6637.620599174499,6637.620599174499,14371.566707992553,15011.566707992553,3019.5784435272217
Edge-IIoTset,SNN_AE_T2,0,4,0.9960655352633743,0.9995186097725453,0.9994504390145204,11156.057623291013,5.0,6637.620599174499,6637.620599174499,22105.51281681061,23385.51281681061,3019.5784435272217
Edge-IIoTset,SNN_AE_T2,0,4,0.9960655352633743,0.9995186097725453,0.9994504390145204,11156.057623291013,10.0,6637.620599174499,6637.620599174499,37573.40503444672,40133.40503444672,3019.5784435272217
Edge-IIoTset,SNN_AE_T2,0,4,0.9960655352633743,0.9995186097725453,0.9994504390145204,11156.057623291013,20.0,6637.620599174499,6637.620599174499,68509.18946971893,73629.18946971893,3019.5784435272217
Edge-IIoTset,SNN_AE_T5,0,4,0.9964214478470023,0.999696364096152,0.9996404812042246,12317.033636474607,2.5,9496.898200225829,9496.898200225829,25149.94875640869,26749.94875640869,6175.2202224731445
Edge-IIoTset,SNN_AE_T5,0,4,0.9964214478470023,0.999696364096152,0.9996404812042246,12317.033636474607,5.0,9496.898200225829,9496.898200225829,40802.99931259155,44002.99931259155,6175.2202224731445
Edge-IIoTset,SNN_AE_T5,0,4,0.9964214478470023,0.999696364096152,0.9996404812042246,12317.033636474607,10.0,9496.898200225829,9496.898200225829,72109.10042495727,78509.10042495727,6175.2202224731445
Edge-IIoTset,SNN_AE_T5,0,4,0.9964214478470023,0.999696364096152,0.9996404812042246,12317.033636474607,20.0,9496.898200225829,9496.898200225829,134721.30264968873,147521.30264968873,6175.2202224731445
Edge-IIoTset,SNN_AE_T7,0,4,0.9963069347558473,0.9996861398727153,0.9996295656350099,13103.142266845702,2.5,11191.89893798828,11191.89893798828,31537.72932128906,33777.729321289065,8044.3321533203125
Edge-IIoTset,SNN_AE_T7,0,4,0.9963069347558473,0.9996861398727153,0.9996295656350099,13103.142266845702,5.0,11191.89893798828,11191.89893798828,51883.55970458985,56363.55970458985,8044.3321533203125
Edge-IIoTset,SNN_AE_T7,0,4,0.9963069347558473,0.9996861398727153,0.9996295656350099,13103.142266845702,10.0,11191.89893798828,11191.89893798828,92575.22047119141,101535.22047119141,8044.3321533203125
Edge-IIoTset,SNN_AE_T7,0,4,0.9963069347558473,0.9996861398727153,0.9996295656350099,13103.142266845702,20.0,11191.89893798828,11191.89893798828,173958.54200439452,191878.54200439452,8044.3321533203125
Edge-IIoTset,SNN_AE_noBN,0,4,0.9963359226146856,0.9997207252138974,0.9996884826220299,11043.446484375,2.5,7675.520693206787,7675.520693206787,18284.74484100342,19244.74484100342,4165.689659118652
Edge-IIoTset,SNN_AE_noBN,0,4,0.9963359226146856,0.9997207252138974,0.9996884826220299,11043.446484375,5.0,7675.520693206787,7675.520693206787,28893.96898880005,30813.96898880005,4165.689659118652
Edge-IIoTset,SNN_AE_noBN,0,4,0.9963359226146856,0.9997207252138974,0.9996884826220299,11043.446484375,10.0,7675.520693206787,7675.520693206787,50112.41728439331,53952.41728439331,4165.689659118652
Edge-IIoTset,SNN_AE_noBN,0,4,0.9963359226146856,0.9997207252138974,0.9996884826220299,11043.446484375,20.0,7675.520693206787,7675.520693206787,92549.31387557983,100229.31387557983,4165.689659118652
Edge-IIoTset,IF,0,4,0.8716091651303661,0.9886255075232864,0.9676378474775085,,2.5,1800.0,1800.0,11882.5,11882.5,4000.0
Edge-IIoTset,IF,0,4,0.8716091651303661,0.9886255075232864,0.9676378474775085,,5.0,1800.0,1800.0,21965.0,21965.0,4000.0
Edge-IIoTset,IF,0,4,0.8716091651303661,0.9886255075232864,0.9676378474775085,,10.0,1800.0,1800.0,42130.0,42130.0,4000.0
Edge-IIoTset,IF,0,4,0.8716091651303661,0.9886255075232864,0.9676378474775085,,20.0,1800.0,1800.0,82460.0,82460.0,4000.0
Edge-IIoTset,OCSVM,0,4,0.9970674486803519,0.9999125093075205,0.9999024308307842,,2.5,19080.8,19080.8,29533.3,29533.3,4148.0
Edge-IIoTset,OCSVM,0,4,0.9970674486803519,0.9999125093075205,0.9999024308307842,,5.0,19080.8,19080.8,39985.8,39985.8,4148.0
Edge-IIoTset,OCSVM,0,4,0.9970674486803519,0.9999125093075205,0.9999024308307842,,10.0,19080.8,19080.8,60890.8,60890.8,4148.0
Edge-IIoTset,OCSVM,0,4,0.9970674486803519,0.9999125093075205,0.9999024308307842,,20.0,19080.8,19080.8,102700.8,102700.8,4148.0
Edge-IIoTset,LOF,0,4,0.8166176216029081,0.9922317976509926,0.9908228031710095,,2.5,3035999.9999999995,3035999.9999999995,4686082.5,4686082.5,660000.0
Edge-IIoTset,LOF,0,4,0.8166176216029081,0.9922317976509926,0.9908228031710095,,5.0,3035999.9999999995,3035999.9999999995,6336165.0,6336165.0,660000.0
Edge-IIoTset,LOF,0,4,0.8166176216029081,0.9922317976509926,0.9908228031710095,,10.0,3035999.9999999995,3035999.9999999995,9636330.0,9636330.0,660000.0
Edge-IIoTset,LOF,0,4,0.8166176216029081,0.9922317976509926,0.9908228031710095,,20.0,3035999.9999999995,3035999.9999999995,16236660.0,16236660.0,660000.0
Edge-IIoTset,SNN_AE,0,5,0.9508701247831682,0.9806612051431874,0.9782648118478809,11576.860794067381,2.5,7573.018169403075,7573.018169403075,17897.51308441162,18857.51308441162,4051.797966003418
Edge-IIoTset,SNN_AE,0,5,0.9508701247831682,0.9806612051431874,0.9782648118478809,11576.860794067381,5.0,7573.018169403075,7573.018169403075,28222.007999420166,30142.007999420166,4051.797966003418
Edge-IIoTset,SNN_AE,0,5,0.9508701247831682,0.9806612051431874,0.9782648118478809,11576.860794067381,10.0,7573.018169403075,7573.018169403075,48870.997829437256,52710.997829437256,4051.797966003418
Edge-IIoTset,SNN_AE,0,5,0.9508701247831682,0.9806612051431874,0.9782648118478809,11576.860794067381,20.0,7573.018169403075,7573.018169403075,90168.97748947144,97848.97748947144,4051.797966003418
Edge-IIoTset,LSTM_AE,0,5,0.950676658091936,0.9998316586364233,0.9998170344467722,331200.0,2.5,331200.0,331200.0,513367.5,513367.5,72801.0
Edge-IIoTset,LSTM_AE,0,5,0.950676658091936,0.9998316586364233,0.9998170344467722,331200.0,5.0,331200.0,331200.0,695535.0,695535.0,72801.0
Edge-IIoTset,LSTM_AE,0,5,0.950676658091936,0.9998316586364233,0.9998170344467722,331200.0,10.0,331200.0,331200.0,1059870.0,1059870.0,72801.0
Edge-IIoTset,LSTM_AE,0,5,0.950676658091936,0.9998316586364233,0.9998170344467722,331200.0,20.0,331200.0,331200.0,1788540.0,1788540.0,72801.0
Edge-IIoTset,CNN_AE,0,5,0.9509425518823069,0.9988321056479913,0.9987472628946568,351955.19999999995,2.5,351955.19999999995,351955.19999999995,385922.69999999995,385922.69999999995,13521.0
Edge-IIoTset,CNN_AE,0,5,0.9509425518823069,0.9988321056479913,0.9987472628946568,351955.19999999995,5.0,351955.19999999995,351955.19999999995,419890.19999999995,419890.19999999995,13521.0
Edge-IIoTset,CNN_AE,0,5,0.9509425518823069,0.9988321056479913,0.9987472628946568,351955.19999999995,10.0,351955.19999999995,351955.19999999995,487825.19999999995,487825.19999999995,13521.0
Edge-IIoTset,CNN_AE,0,5,0.9509425518823069,0.9988321056479913,0.9987472628946568,351955.19999999995,20.0,351955.19999999995,351955.19999999995,623695.2,623695.2,13521.0
Edge-IIoTset,SNN_Dense,0,5,0.9529636281993713,0.9866151581622717,0.984677640709871,16041.558367919923,2.5,10731.621936035155,9936.080745283383,17920.449002581165,18400.449002581165,3057.7473029191124
Edge-IIoTset,SNN_Dense,0,5,0.9529636281993713,0.9866151581622717,0.984677640709871,16041.558367919923,5.0,10731.621936035155,9936.080745283383,25904.817259878946,26864.817259878946,3057.7473029191124
Edge-IIoTset,SNN_Dense,0,5,0.9529636281993713,0.9866151581622717,0.984677640709871,16041.558367919923,10.0,10731.621936035155,9936.080745283383,41873.55377447451,43793.55377447451,3057.7473029191124
Edge-IIoTset,SNN_Dense,0,5,0.9529636281993713,0.9866151581622717,0.984677640709871,16041.558367919923,20.0,10731.621936035155,9936.080745283383,73811.02680366563,77651.02680366563,3057.7473029191124
Edge-IIoTset,Dense_SNN,0,5,0.9512352068936575,0.9823206334153919,0.980078648083013,24463.199999999997,2.5,11196.981555557251,9324.865834133316,18345.693736477406,18825.693736477406,3472.331160937636
Edge-IIoTset,Dense_SNN,0,5,0.9512352068936575,0.9823206334153919,0.980078648083013,24463.199999999997,5.0,11196.981555557251,9324.865834133316,27366.521638821498,28326.521638821498,3472.331160937636
Edge-IIoTset,Dense_SNN,0,5,0.9512352068936575,0.9823206334153919,0.980078648083013,24463.199999999997,10.0,11196.981555557251,9324.865834133316,45408.177443509674,47328.177443509674,3472.331160937636
Edge-IIoTset,Dense_SNN,0,5,0.9512352068936575,0.9823206334153919,0.980078648083013,24463.199999999997,20.0,11196.981555557251,9324.865834133316,81491.48905288604,85331.48905288604,3472.331160937636
Edge-IIoTset,Dense_AE,0,5,0.9510223490252021,0.9990088955302037,0.9989113681879659,15032.8,2.5,14425.599999999999,11562.698715523811,18331.77410439545,18331.77410439545,2513.6301555486552
Edge-IIoTset,Dense_AE,0,5,0.9510223490252021,0.9990088955302037,0.9989113681879659,15032.8,5.0,14425.599999999999,11562.698715523811,25100.849493267087,25100.849493267087,2513.6301555486552
Edge-IIoTset,Dense_AE,0,5,0.9510223490252021,0.9990088955302037,0.9989113681879659,15032.8,10.0,14425.599999999999,11562.698715523811,38639.000271010365,38639.000271010365,2513.6301555486552
Edge-IIoTset,Dense_AE,0,5,0.9510223490252021,0.9990088955302037,0.9989113681879659,15032.8,20.0,14425.599999999999,11562.698715523811,65715.30182649691,65715.30182649691,2513.6301555486552
Edge-IIoTset,SNN_AE_T2,0,5,0.9504363392257775,0.97950111912539,0.9768422651915413,11191.193603515625,2.5,6648.664215850829,6648.664215850829,14413.28703765869,15053.28703765869,3031.8491287231445
Edge-IIoTset,SNN_AE_T2,0,5,0.9504363392257775,0.97950111912539,0.9768422651915413,11191.193603515625,5.0,6648.664215850829,6648.664215850829,22177.909859466552,23457.909859466552,3031.8491287231445
Edge-IIoTset,SNN_AE_T2,0,5,0.9504363392257775,0.97950111912539,0.9768422651915413,11191.193603515625,10.0,6648.664215850829,6648.664215850829,37707.15550308228,40267.15550308228,3031.8491287231445
Edge-IIoTset,SNN_AE_T2,0,5,0.9504363392257775,0.97950111912539,0.9768422651915413,11191.193603515625,20.0,6648.664215850829,6648.664215850829,68765.64679031372,73885.64679031372,3031.8491287231445
Edge-IIoTset,SNN_AE_T5,0,5,0.950432421842201,0.9854521059034265,0.983652812496795,12334.198538208006,2.5,9289.890125274658,9289.890125274658,24367.918251037598,25967.918251037598,5945.211250305176
Edge-IIoTset,SNN_AE_T5,0,5,0.950432421842201,0.9854521059034265,0.983652812496795,12334.198538208006,5.0,9289.890125274658,9289.890125274658,39445.94637680054,42645.94637680054,5945.211250305176
Edge-IIoTset,SNN_AE_T5,0,5,0.950432421842201,0.9854521059034265,0.983652812496795,12334.198538208006,10.0,9289.890125274658,9289.890125274658,69602.00262832642,76002.00262832642,5945.211250305176
Edge-IIoTset,SNN_AE_T5,0,5,0.950432421842201,0.9854521059034265,0.983652812496795,12334.198538208006,20.0,9289.890125274658,9289.890125274658,129914.11513137817,142714.11513137817,5945.211250305176
Edge-IIoTset,SNN_AE_T7,0,5,0.950811415780638,0.994174209986877,0.9937986816646338,13185.164736938474,2.5,11246.56156463623,11246.56156463623,31744.232577514646,33984.232577514646,8105.068405151367
Edge-IIoTset,SNN_AE_T7,0,5,0.950811415780638,0.994174209986877,0.9937986816646338,13185.164736938474,5.0,11246.56156463623,11246.56156463623,52241.90359039306,56721.90359039306,8105.068405151367
Edge-IIoTset,SNN_AE_T7,0,5,0.950811415780638,0.994174209986877,0.9937986816646338,13185.164736938474,10.0,11246.56156463623,11246.56156463623,93237.2456161499,102197.2456161499,8105.068405151367
Edge-IIoTset,SNN_AE_T7,0,5,0.950811415780638,0.994174209986877,0.9937986816646338,13185.164736938474,20.0,11246.56156463623,11246.56156463623,175227.9296676636,193147.9296676636,8105.068405151367
Edge-IIoTset,SNN_AE_noBN,0,5,0.9501426892731241,0.9857847463688292,0.9844389487925678,11070.287951660155,2.5,7750.132994842529,7750.132994842529,18566.613536071778,19526.613536071778,4248.592216491699
Edge-IIoTset,SNN_AE_noBN,0,5,0.9501426892731241,0.9857847463688292,0.9844389487925678,11070.287951660155,5.0,7750.132994842529,7750.132994842529,29383.094077301026,31303.094077301026,4248.592216491699
Edge-IIoTset,SNN_AE_noBN,0,5,0.9501426892731241,0.9857847463688292,0.9844389487925678,11070.287951660155,10.0,7750.132994842529,7750.132994842529,51016.05515975952,54856.05515975952,4248.592216491699
Edge-IIoTset,SNN_AE_noBN,0,5,0.9501426892731241,0.9857847463688292,0.9844389487925678,11070.287951660155,20.0,7750.132994842529,7750.132994842529,94281.97732467651,101961.97732467651,4248.592216491699
Edge-IIoTset,IF,0,5,0.8464391225092714,0.9516976924624272,0.9166186242827393,,2.5,1800.0,1800.0,11882.5,11882.5,4000.0
Edge-IIoTset,IF,0,5,0.8464391225092714,0.9516976924624272,0.9166186242827393,,5.0,1800.0,1800.0,21965.0,21965.0,4000.0
Edge-IIoTset,IF,0,5,0.8464391225092714,0.9516976924624272,0.9166186242827393,,10.0,1800.0,1800.0,42130.0,42130.0,4000.0
Edge-IIoTset,IF,0,5,0.8464391225092714,0.9516976924624272,0.9166186242827393,,20.0,1800.0,1800.0,82460.0,82460.0,4000.0
Edge-IIoTset,OCSVM,0,5,0.950995748489595,0.9934105290381907,0.9927250312489357,,2.5,18768.0,18768.0,29050.5,29050.5,4080.0
Edge-IIoTset,OCSVM,0,5,0.950995748489595,0.9934105290381907,0.9927250312489357,,5.0,18768.0,18768.0,39333.0,39333.0,4080.0
Edge-IIoTset,OCSVM,0,5,0.950995748489595,0.9934105290381907,0.9927250312489357,,10.0,18768.0,18768.0,59898.0,59898.0,4080.0
Edge-IIoTset,OCSVM,0,5,0.950995748489595,0.9934105290381907,0.9927250312489357,,20.0,18768.0,18768.0,101028.0,101028.0,4080.0
Edge-IIoTset,LOF,0,5,0.6420331783059289,0.9182028746036762,0.8945757463524022,,2.5,3035999.9999999995,3035999.9999999995,4686082.5,4686082.5,660000.0
Edge-IIoTset,LOF,0,5,0.6420331783059289,0.9182028746036762,0.8945757463524022,,5.0,3035999.9999999995,3035999.9999999995,6336165.0,6336165.0,660000.0
Edge-IIoTset,LOF,0,5,0.6420331783059289,0.9182028746036762,0.8945757463524022,,10.0,3035999.9999999995,3035999.9999999995,9636330.0,9636330.0,660000.0
Edge-IIoTset,LOF,0,5,0.6420331783059289,0.9182028746036762,0.8945757463524022,,20.0,3035999.9999999995,3035999.9999999995,16236660.0,16236660.0,660000.0
Edge-IIoTset,SNN_AE,0,6,0.9976813125531977,0.9999318651042997,0.9999052364999189,11533.54552001953,2.5,7509.4669818878165,7509.4669818878165,17657.430820465088,18617.430820465088,3981.185535430908
Edge-IIoTset,SNN_AE,0,6,0.9976813125531977,0.9999318651042997,0.9999052364999189,11533.54552001953,5.0,7509.4669818878165,7509.4669818878165,27805.39465904236,29725.39465904236,3981.185535430908
Edge-IIoTset,SNN_AE,0,6,0.9976813125531977,0.9999318651042997,0.9999052364999189,11533.54552001953,10.0,7509.4669818878165,7509.4669818878165,48101.3223361969,51941.3223361969,3981.185535430908
Edge-IIoTset,SNN_AE,0,6,0.9976813125531977,0.9999318651042997,0.9999052364999189,11533.54552001953,20.0,7509.4669818878165,7509.4669818878165,88693.17769050598,96373.17769050598,3981.185535430908
Edge-IIoTset,LSTM_AE,0,6,0.989493902971392,0.9999992024747449,0.9999991983028274,331200.0,2.5,331200.0,331200.0,513367.5,513367.5,72801.0
Edge-IIoTset,LSTM_AE,0,6,0.989493902971392,0.9999992024747449,0.9999991983028274,331200.0,5.0,331200.0,331200.0,695535.0,695535.0,72801.0
Edge-IIoTset,LSTM_AE,0,6,0.989493902971392,0.9999992024747449,0.9999991983028274,331200.0,10.0,331200.0,331200.0,1059870.0,1059870.0,72801.0
Edge-IIoTset,LSTM_AE,0,6,0.989493902971392,0.9999992024747449,0.9999991983028274,331200.0,20.0,331200.0,331200.0,1788540.0,1788540.0,72801.0
Edge-IIoTset,CNN_AE,0,6,0.9898395877609246,0.9999992473571186,0.9999992444415994,351955.19999999995,2.5,351955.19999999995,351955.19999999995,385922.69999999995,385922.69999999995,13521.0
Edge-IIoTset,CNN_AE,0,6,0.9898395877609246,0.9999992473571186,0.9999992444415994,351955.19999999995,5.0,351955.19999999995,351955.19999999995,419890.19999999995,419890.19999999995,13521.0
Edge-IIoTset,CNN_AE,0,6,0.9898395877609246,0.9999992473571186,0.9999992444415994,351955.19999999995,10.0,351955.19999999995,351955.19999999995,487825.19999999995,487825.19999999995,13521.0
Edge-IIoTset,CNN_AE,0,6,0.9898395877609246,0.9999992473571186,0.9999992444415994,351955.19999999995,20.0,351955.19999999995,351955.19999999995,623695.2,623695.2,13521.0
Edge-IIoTset,SNN_Dense,0,6,0.9960159362549801,0.999960755542973,0.9999575273784135,16190.857623291016,2.5,10865.41640625,9854.34848804094,18093.233960481666,18573.233960481666,3159.5541889762912
Edge-IIoTset,SNN_Dense,0,6,0.9960159362549801,0.999960755542973,0.9999575273784135,16190.857623291016,5.0,10865.41640625,9854.34848804094,26332.119432922394,27292.119432922394,3159.5541889762912
Edge-IIoTset,SNN_Dense,0,6,0.9960159362549801,0.999960755542973,0.9999575273784135,16190.857623291016,10.0,10865.41640625,9854.34848804094,42809.89037780385,44729.89037780385,3159.5541889762912
Edge-IIoTset,SNN_Dense,0,6,0.9960159362549801,0.999960755542973,0.9999575273784135,16190.857623291016,20.0,10865.41640625,9854.34848804094,75765.43226756676,79605.43226756676,3159.5541889762912
Edge-IIoTset,Dense_SNN,0,6,0.9939727309965475,0.9998597425823247,0.9998413813498568,24463.199999999997,2.5,11117.159066772461,8966.057544943915,17613.5335941635,18093.5335941635,3322.9904196878333
Edge-IIoTset,Dense_SNN,0,6,0.9939727309965475,0.9998597425823247,0.9998413813498568,24463.199999999997,5.0,11117.159066772461,8966.057544943915,26261.009643383084,27221.009643383084,3322.9904196878333
Edge-IIoTset,Dense_SNN,0,6,0.9939727309965475,0.9998597425823247,0.9998413813498568,24463.199999999997,10.0,11117.159066772461,8966.057544943915,43555.96174182225,45475.96174182225,3322.9904196878333
Edge-IIoTset,Dense_SNN,0,6,0.9939727309965475,0.9998597425823247,0.9998413813498568,24463.199999999997,20.0,11117.159066772461,8966.057544943915,78145.86593870059,81985.86593870059,3322.9904196878333
Edge-IIoTset,Dense_AE,0,6,0.9900413487857435,0.9999409486062296,0.9998990453526527,15032.8,2.5,14425.599999999999,11319.251542393795,17956.01868499912,17956.01868499912,2460.7068570421293
Edge-IIoTset,Dense_AE,0,6,0.9900413487857435,0.9999409486062296,0.9998990453526527,15032.8,5.0,14425.599999999999,11319.251542393795,24592.785827604443,24592.785827604443,2460.7068570421293
Edge-IIoTset,Dense_AE,0,6,0.9900413487857435,0.9999409486062296,0.9998990453526527,15032.8,10.0,14425.599999999999,11319.251542393795,37866.32011281508,37866.32011281508,2460.7068570421293
Edge-IIoTset,Dense_AE,0,6,0.9900413487857435,0.9999409486062296,0.9998990453526527,15032.8,20.0,14425.599999999999,11319.251542393795,64413.38868323638,64413.38868323638,2460.7068570421293
Edge-IIoTset,SNN_AE_T2,0,6,0.9934135417581452,0.9995484315336652,0.9995100332821337,11183.67681274414,2.5,6646.841314506531,6646.841314506531,14406.400521469117,15046.400521469117,3029.823682785034
Edge-IIoTset,SNN_AE_T2,0,6,0.9934135417581452,0.9995484315336652,0.9995100332821337,11183.67681274414,5.0,6646.841314506531,6646.841314506531,22165.959728431702,23445.959728431702,3029.823682785034
Edge-IIoTset,SNN_AE_T2,0,6,0.9934135417581452,0.9995484315336652,0.9995100332821337,11183.67681274414,10.0,6646.841314506531,6646.841314506531,37685.07814235687,40245.07814235687,3029.823682785034
Edge-IIoTset,SNN_AE_T2,0,6,0.9934135417581452,0.9995484315336652,0.9995100332821337,11183.67681274414,20.0,6646.841314506531,6646.841314506531,68723.31497020721,73843.31497020721,3029.823682785034
Edge-IIoTset,SNN_AE_T5,0,6,0.9962494139709329,0.9999407552667738,0.9999217683244729,12317.897711181638,2.5,9364.798838043213,9364.798838043213,24650.906721496583,26250.906721496583,6028.443153381348
Edge-IIoTset,SNN_AE_T5,0,6,0.9962494139709329,0.9999407552667738,0.9999217683244729,12317.897711181638,5.0,9364.798838043213,9364.798838043213,39937.01460494995,43137.01460494995,6028.443153381348
Edge-IIoTset,SNN_AE_T5,0,6,0.9962494139709329,0.9999407552667738,0.9999217683244729,12317.897711181638,10.0,9364.798838043213,9364.798838043213,70509.23037185668,76909.23037185668,6028.443153381348
Edge-IIoTset,SNN_AE_T5,0,6,0.9962494139709329,0.9999407552667738,0.9999217683244729,12317.897711181638,20.0,9364.798838043213,9364.798838043213,131653.66190567016,144453.66190567016,6028.443153381348
Edge-IIoTset,SNN_AE_T7,0,6,0.9958352885969028,0.9999369816948964,0.9999183937618439,13237.955307006832,2.5,11201.396920776366,11201.396920776366,31573.610589599608,33813.61058959961,8054.885467529297
Edge-IIoTset,SNN_AE_T7,0,6,0.9958352885969028,0.9999369816948964,0.9999183937618439,13237.955307006832,5.0,11201.396920776366,11201.396920776366,51945.82425842285,56425.82425842285,8054.885467529297
Edge-IIoTset,SNN_AE_T7,0,6,0.9958352885969028,0.9999369816948964,0.9999183937618439,13237.955307006832,10.0,11201.396920776366,11201.396920776366,92690.25159606934,101650.25159606934,8054.885467529297
Edge-IIoTset,SNN_AE_T7,0,6,0.9958352885969028,0.9999369816948964,0.9999183937618439,13237.955307006832,20.0,11201.396920776366,11201.396920776366,174179.1062713623,192099.1062713623,8054.885467529297
Edge-IIoTset,SNN_AE_noBN,0,6,0.9928335332143797,0.9998132375382364,0.99980314682716,11229.292803955077,2.5,7894.55008392334,7894.55008392334,19112.189205932616,20072.189205932616,4409.055648803711
Edge-IIoTset,SNN_AE_noBN,0,6,0.9928335332143797,0.9998132375382364,0.99980314682716,11229.292803955077,5.0,7894.55008392334,7894.55008392334,30329.828327941894,32249.828327941894,4409.055648803711
Edge-IIoTset,SNN_AE_noBN,0,6,0.9928335332143797,0.9998132375382364,0.99980314682716,11229.292803955077,10.0,7894.55008392334,7894.55008392334,52765.10657196045,56605.10657196045,4409.055648803711
Edge-IIoTset,SNN_AE_noBN,0,6,0.9928335332143797,0.9998132375382364,0.99980314682716,11229.292803955077,20.0,7894.55008392334,7894.55008392334,97635.66305999756,105315.66305999756,4409.055648803711
Edge-IIoTset,IF,0,6,0.8551792499586982,0.9873921614660655,0.9743402472961967,,2.5,1800.0,1800.0,11882.5,11882.5,4000.0
Edge-IIoTset,IF,0,6,0.8551792499586982,0.9873921614660655,0.9743402472961967,,5.0,1800.0,1800.0,21965.0,21965.0,4000.0
Edge-IIoTset,IF,0,6,0.8551792499586982,0.9873921614660655,0.9743402472961967,,10.0,1800.0,1800.0,42130.0,42130.0,4000.0
Edge-IIoTset,IF,0,6,0.8551792499586982,0.9873921614660655,0.9743402472961967,,20.0,1800.0,1800.0,82460.0,82460.0,4000.0
Edge-IIoTset,OCSVM,0,6,0.9942101877302766,0.9999840046125271,0.999981786674173,,2.5,17986.0,17986.0,27843.5,27843.5,3910.0
Edge-IIoTset,OCSVM,0,6,0.9942101877302766,0.9999840046125271,0.999981786674173,,5.0,17986.0,17986.0,37701.0,37701.0,3910.0
Edge-IIoTset,OCSVM,0,6,0.9942101877302766,0.9999840046125271,0.999981786674173,,10.0,17986.0,17986.0,57416.0,57416.0,3910.0
Edge-IIoTset,OCSVM,0,6,0.9942101877302766,0.9999840046125271,0.999981786674173,,20.0,17986.0,17986.0,96846.0,96846.0,3910.0
Edge-IIoTset,LOF,0,6,0.9650049225812226,0.9911598848249243,0.9870360185598289,,2.5,3035999.9999999995,3035999.9999999995,4686082.5,4686082.5,660000.0
Edge-IIoTset,LOF,0,6,0.9650049225812226,0.9911598848249243,0.9870360185598289,,5.0,3035999.9999999995,3035999.9999999995,6336165.0,6336165.0,660000.0
Edge-IIoTset,LOF,0,6,0.9650049225812226,0.9911598848249243,0.9870360185598289,,10.0,3035999.9999999995,3035999.9999999995,9636330.0,9636330.0,660000.0
Edge-IIoTset,LOF,0,6,0.9650049225812226,0.9911598848249243,0.9870360185598289,,20.0,3035999.9999999995,3035999.9999999995,16236660.0,16236660.0,660000.0
Edge-IIoTset,SNN_AE,0,7,0.9946755602363817,0.9995126642524209,0.9994072514630084,11402.131127929686,2.5,7451.9959751129145,7451.9959751129145,17440.318128204344,18400.318128204344,3917.3288612365723
Edge-IIoTset,SNN_AE,0,7,0.9946755602363817,0.9995126642524209,0.9994072514630084,11402.131127929686,5.0,7451.9959751129145,7451.9959751129145,27428.640281295775,29348.640281295775,3917.3288612365723
Edge-IIoTset,SNN_AE,0,7,0.9946755602363817,0.9995126642524209,0.9994072514630084,11402.131127929686,10.0,7451.9959751129145,7451.9959751129145,47405.284587478636,51245.284587478636,3917.3288612365723
Edge-IIoTset,SNN_AE,0,7,0.9946755602363817,0.9995126642524209,0.9994072514630084,11402.131127929686,20.0,7451.9959751129145,7451.9959751129145,87358.57319984437,95038.57319984437,3917.3288612365723
Edge-IIoTset,LSTM_AE,0,7,0.9951413686120705,0.9999866139326096,0.9999865087650326,331200.0,2.5,331200.0,331200.0,513367.5,513367.5,72801.0
Edge-IIoTset,LSTM_AE,0,7,0.9951413686120705,0.9999866139326096,0.9999865087650326,331200.0,5.0,331200.0,331200.0,695535.0,695535.0,72801.0
Edge-IIoTset,LSTM_AE,0,7,0.9951413686120705,0.9999866139326096,0.9999865087650326,331200.0,10.0,331200.0,331200.0,1059870.0,1059870.0,72801.0
Edge-IIoTset,LSTM_AE,0,7,0.9951413686120705,0.9999866139326096,0.9999865087650326,331200.0,20.0,331200.0,331200.0,1788540.0,1788540.0,72801.0
Edge-IIoTset,CNN_AE,0,7,0.9942101877302766,0.9999994520528699,0.9999994599943028,351955.19999999995,2.5,351955.19999999995,351955.19999999995,385922.69999999995,385922.69999999995,13521.0
Edge-IIoTset,CNN_AE,0,7,0.9942101877302766,0.9999994520528699,0.9999994599943028,351955.19999999995,5.0,351955.19999999995,351955.19999999995,419890.19999999995,419890.19999999995,13521.0
Edge-IIoTset,CNN_AE,0,7,0.9942101877302766,0.9999994520528699,0.9999994599943028,351955.19999999995,10.0,351955.19999999995,351955.19999999995,487825.19999999995,487825.19999999995,13521.0
Edge-IIoTset,CNN_AE,0,7,0.9942101877302766,0.9999994520528699,0.9999994599943028,351955.19999999995,20.0,351955.19999999995,351955.19999999995,623695.2,623695.2,13521.0
Edge-IIoTset,SNN_Dense,0,7,0.9940357852882704,0.9995542625720498,0.9994561496791494,16339.062310791014,2.5,11016.100268554686,9865.470932613714,18447.0740926407,18927.0740926407,3296.6412640107937
Edge-IIoTset,SNN_Dense,0,7,0.9940357852882704,0.9995542625720498,0.9994561496791494,16339.062310791014,5.0,11016.100268554686,9865.470932613714,27028.677252667687,27988.677252667687,3296.6412640107937
Edge-IIoTset,SNN_Dense,0,7,0.9940357852882704,0.9995542625720498,0.9994561496791494,16339.062310791014,10.0,11016.100268554686,9865.470932613714,44191.88357272166,46111.88357272166,3296.6412640107937
Edge-IIoTset,SNN_Dense,0,7,0.9940357852882704,0.9995542625720498,0.9994561496791494,16339.062310791014,20.0,11016.100268554686,9865.470932613714,78518.29621282959,82358.29621282959,3296.6412640107937
Edge-IIoTset,Dense_SNN,0,7,0.9940291517883276,0.9996380141834007,0.9995840374030575,24463.199999999997,2.5,11216.189505767823,8943.372129408443,17799.78281045225,18279.78281045225,3406.564272417522
Edge-IIoTset,Dense_SNN,0,7,0.9940291517883276,0.9996380141834007,0.9995840374030575,24463.199999999997,5.0,11216.189505767823,8943.372129408443,26656.19349149605,27616.19349149605,3406.564272417522
Edge-IIoTset,Dense_SNN,0,7,0.9940291517883276,0.9996380141834007,0.9995840374030575,24463.199999999997,10.0,11216.189505767823,8943.372129408443,44369.01485358366,46289.01485358366,3406.564272417522
Edge-IIoTset,Dense_SNN,0,7,0.9940291517883276,0.9996380141834007,0.9995840374030575,24463.199999999997,20.0,11216.189505767823,8943.372129408443,79794.65757775887,83634.65757775887,3406.564272417522
Edge-IIoTset,Dense_AE,0,7,0.994733762434172,0.9995274588249343,0.9994214525393329,15032.8,2.5,14425.599999999999,11963.61803419563,18950.58435712804,18950.58435712804,2600.786529172963
Edge-IIoTset,Dense_AE,0,7,0.994733762434172,0.9995274588249343,0.9994214525393329,15032.8,5.0,14425.599999999999,11963.61803419563,25937.550680060445,25937.550680060445,2600.786529172963
Edge-IIoTset,Dense_AE,0,7,0.994733762434172,0.9995274588249343,0.9994214525393329,15032.8,10.0,14425.599999999999,11963.61803419563,39911.48332592526,39911.48332592526,2600.786529172963
Edge-IIoTset,Dense_AE,0,7,0.994733762434172,0.9995274588249343,0.9994214525393329,15032.8,20.0,14425.599999999999,11963.61803419563,67859.34861765489,67859.34861765489,2600.786529172963
Edge-IIoTset,SNN_AE_T2,0,7,0.9949375237760806,0.999516471782479,0.9994122992245454,11176.131182861327,2.5,6710.328268051147,6710.328268051147,14646.24012374878,15286.24012374878,3100.3647422790527
Edge-IIoTset,SNN_AE_T2,0,7,0.9949375237760806,0.999516471782479,0.9994122992245454,11176.131182861327,5.0,6710.328268051147,6710.328268051147,22582.15197944641,23862.15197944641,3100.3647422790527
Edge-IIoTset,SNN_AE_T2,0,7,0.9949375237760806,0.999516471782479,0.9994122992245454,11176.131182861327,10.0,6710.328268051147,6710.328268051147,38453.975690841675,41013.975690841675,3100.3647422790527
Edge-IIoTset,SNN_AE_T2,0,7,0.9949375237760806,0.999516471782479,0.9994122992245454,11176.131182861327,20.0,6710.328268051147,6710.328268051147,70197.6231136322,75317.6231136322,3100.3647422790527
Edge-IIoTset,SNN_AE_T5,0,7,0.9946755602363817,0.9995150808397641,0.9994096439702849,12528.339315795896,2.5,9750.907194519043,9750.907194519043,26109.538290405275,27709.538290405275,6457.452438354492
Edge-IIoTset,SNN_AE_T5,0,7,0.9946755602363817,0.9995150808397641,0.9994096439702849,12528.339315795896,5.0,9750.907194519043,9750.907194519043,42468.169386291505,45668.169386291505,6457.452438354492
Edge-IIoTset,SNN_AE_T5,0,7,0.9946755602363817,0.9995150808397641,0.9994096439702849,12528.339315795896,10.0,9750.907194519043,9750.907194519043,75185.43157806396,81585.43157806396,6457.452438354492
Edge-IIoTset,SNN_AE_T5,0,7,0.9946755602363817,0.9995150808397641,0.9994096439702849,12528.339315795896,20.0,9750.907194519043,9750.907194519043,140619.95596160888,153419.95596160888,6457.452438354492
Edge-IIoTset,SNN_AE_T7,0,7,0.994966639353857,0.9995416211507592,0.999436562692715,13273.926522827147,2.5,11528.160195159911,11528.160195159911,32808.04962615967,35048.04962615967,8417.955772399902
Edge-IIoTset,SNN_AE_T7,0,7,0.994966639353857,0.9995416211507592,0.999436562692715,13273.926522827147,5.0,11528.160195159911,11528.160195159911,54087.93905715943,58567.93905715943,8417.955772399902
Edge-IIoTset,SNN_AE_T7,0,7,0.994966639353857,0.9995416211507592,0.999436562692715,13273.926522827147,10.0,11528.160195159911,11528.160195159911,96647.71791915894,105607.71791915894,8417.955772399902
Edge-IIoTset,SNN_AE_T7,0,7,0.994966639353857,0.9995416211507592,0.999436562692715,13273.926522827147,20.0,11528.160195159911,11528.160195159911,181767.27564315795,199687.27564315795,8417.955772399902
Edge-IIoTset,SNN_AE_noBN,0,7,0.994467375076842,0.9996021868710463,0.9995144697913626,11138.918280029295,2.5,7707.926155471801,7707.926155471801,18407.165476226808,19367.165476226808,4201.695728302002
Edge-IIoTset,SNN_AE_noBN,0,7,0.994467375076842,0.9996021868710463,0.9995144697913626,11138.918280029295,5.0,7707.926155471801,7707.926155471801,29106.404796981813,31026.404796981813,4201.695728302002
Edge-IIoTset,SNN_AE_noBN,0,7,0.994467375076842,0.9996021868710463,0.9995144697913626,11138.918280029295,10.0,7707.926155471801,7707.926155471801,50504.88343849182,54344.88343849182,4201.695728302002
Edge-IIoTset,SNN_AE_noBN,0,7,0.994467375076842,0.9996021868710463,0.9995144697913626,11138.918280029295,20.0,7707.926155471801,7707.926155471801,93301.84072151183,100981.84072151183,4201.695728302002
Edge-IIoTset,IF,0,7,0.8812996483917177,0.9883554490883353,0.9677577501102123,,2.5,1800.0,1800.0,11882.5,11882.5,4000.0
Edge-IIoTset,IF,0,7,0.8812996483917177,0.9883554490883353,0.9677577501102123,,5.0,1800.0,1800.0,21965.0,21965.0,4000.0
Edge-IIoTset,IF,0,7,0.8812996483917177,0.9883554490883353,0.9677577501102123,,10.0,1800.0,1800.0,42130.0,42130.0,4000.0
Edge-IIoTset,IF,0,7,0.8812996483917177,0.9883554490883353,0.9677577501102123,,20.0,1800.0,1800.0,82460.0,82460.0,4000.0
Edge-IIoTset,OCSVM,0,7,0.9953161592505855,0.999999592552134,0.999999598432139,,2.5,19393.6,19393.6,30016.1,30016.1,4216.0
Edge-IIoTset,OCSVM,0,7,0.9953161592505855,0.999999592552134,0.999999598432139,,5.0,19393.6,19393.6,40638.6,40638.6,4216.0
Edge-IIoTset,OCSVM,0,7,0.9953161592505855,0.999999592552134,0.999999598432139,,10.0,19393.6,19393.6,61883.6,61883.6,4216.0
Edge-IIoTset,OCSVM,0,7,0.9953161592505855,0.999999592552134,0.999999598432139,,20.0,19393.6,19393.6,104373.6,104373.6,4216.0
Edge-IIoTset,LOF,0,7,0.8645736946463979,0.9825751741312755,0.981824494654234,,2.5,3035999.9999999995,3035999.9999999995,4686082.5,4686082.5,660000.0
Edge-IIoTset,LOF,0,7,0.8645736946463979,0.9825751741312755,0.981824494654234,,5.0,3035999.9999999995,3035999.9999999995,6336165.0,6336165.0,660000.0
Edge-IIoTset,LOF,0,7,0.8645736946463979,0.9825751741312755,0.981824494654234,,10.0,3035999.9999999995,3035999.9999999995,9636330.0,9636330.0,660000.0
Edge-IIoTset,LOF,0,7,0.8645736946463979,0.9825751741312755,0.981824494654234,,20.0,3035999.9999999995,3035999.9999999995,16236660.0,16236660.0,660000.0
Edge-IIoTset,SNN_AE,0,8,0.9975940379085735,0.9997525772833765,0.999705676567965,11696.5536529541,2.5,7782.425342559814,7782.425342559814,18688.60684967041,19648.60684967041,4284.472602844238
Edge-IIoTset,SNN_AE,0,8,0.9975940379085735,0.9997525772833765,0.999705676567965,11696.5536529541,5.0,7782.425342559814,7782.425342559814,29594.788356781006,31514.788356781006,4284.472602844238
Edge-IIoTset,SNN_AE,0,8,0.9975940379085735,0.9997525772833765,0.999705676567965,11696.5536529541,10.0,7782.425342559814,7782.425342559814,51407.1513710022,55247.1513710022,4284.472602844238
Edge-IIoTset,SNN_AE,0,8,0.9975940379085735,0.9997525772833765,0.999705676567965,11696.5536529541,20.0,7782.425342559814,7782.425342559814,95031.87739944458,102711.87739944458,4284.472602844238
Edge-IIoTset,LSTM_AE,0,8,0.9977404114211932,0.9999641077067358,0.9999612423845351,331200.0,2.5,331200.0,331200.0,513367.5,513367.5,72801.0
Edge-IIoTset,LSTM_AE,0,8,0.9977404114211932,0.9999641077067358,0.9999612423845351,331200.0,5.0,331200.0,331200.0,695535.0,695535.0,72801.0
Edge-IIoTset,LSTM_AE,0,8,0.9977404114211932,0.9999641077067358,0.9999612423845351,331200.0,10.0,331200.0,331200.0,1059870.0,1059870.0,72801.0
Edge-IIoTset,LSTM_AE,0,8,0.9977404114211932,0.9999641077067358,0.9999612423845351,331200.0,20.0,331200.0,331200.0,1788540.0,1788540.0,72801.0
Edge-IIoTset,CNN_AE,0,8,0.9974184463740906,0.9999653423440195,0.9999619032809247,351955.19999999995,2.5,351955.19999999995,351955.19999999995,385922.69999999995,385922.69999999995,13521.0
Edge-IIoTset,CNN_AE,0,8,0.9974184463740906,0.9999653423440195,0.9999619032809247,351955.19999999995,5.0,351955.19999999995,351955.19999999995,419890.19999999995,419890.19999999995,13521.0
Edge-IIoTset,CNN_AE,0,8,0.9974184463740906,0.9999653423440195,0.9999619032809247,351955.19999999995,10.0,351955.19999999995,351955.19999999995,487825.19999999995,487825.19999999995,13521.0
Edge-IIoTset,CNN_AE,0,8,0.9974184463740906,0.9999653423440195,0.9999619032809247,351955.19999999995,20.0,351955.19999999995,351955.19999999995,623695.2,623695.2,13521.0
Edge-IIoTset,SNN_Dense,0,8,0.9972429166422244,0.9997745373183609,0.9997379302673642,16199.324868774413,2.5,10888.441333007811,9479.881994399937,17566.697650854556,18046.697650854556,3098.7262625818475
Edge-IIoTset,SNN_Dense,0,8,0.9972429166422244,0.9997745373183609,0.9997379302673642,16199.324868774413,5.0,10888.441333007811,9479.881994399937,25653.513307309175,26613.513307309175,3098.7262625818475
Edge-IIoTset,SNN_Dense,0,8,0.9972429166422244,0.9997745373183609,0.9997379302673642,16199.324868774413,10.0,10888.441333007811,9479.881994399937,41827.144620218416,43747.144620218416,3098.7262625818475
Edge-IIoTset,SNN_Dense,0,8,0.9972429166422244,0.9997745373183609,0.9997379302673642,16199.324868774413,20.0,10888.441333007811,9479.881994399937,74174.40724603689,78014.40724603689,3098.7262625818475
Edge-IIoTset,Dense_SNN,0,8,0.9963036845810842,0.9997279056125943,0.9996995014079753,24463.199999999997,2.5,11064.426113128662,9549.897888397574,18396.85725925136,18876.85725925136,3402.7837483415137
Edge-IIoTset,Dense_SNN,0,8,0.9963036845810842,0.9997279056125943,0.9996995014079753,24463.199999999997,5.0,11064.426113128662,9549.897888397574,27243.816630105146,28203.816630105146,3402.7837483415137
Edge-IIoTset,Dense_SNN,0,8,0.9963036845810842,0.9997279056125943,0.9996995014079753,24463.199999999997,10.0,11064.426113128662,9549.897888397574,44937.73537181271,46857.73537181271,3402.7837483415137
Edge-IIoTset,Dense_SNN,0,8,0.9963036845810842,0.9997279056125943,0.9996995014079753,24463.199999999997,20.0,11064.426113128662,9549.897888397574,80325.57285522786,84165.57285522786,3402.7837483415137
Edge-IIoTset,Dense_AE,0,8,0.9973014196879033,0.9997438171542576,0.9996906026508111,15032.8,2.5,14425.599999999999,11311.98885234243,17944.808880789402,17944.808880789402,2459.1280113787893
Edge-IIoTset,Dense_AE,0,8,0.9973014196879033,0.9997438171542576,0.9996906026508111,15032.8,5.0,14425.599999999999,11311.98885234243,24577.628909236377,24577.628909236377,2459.1280113787893
Edge-IIoTset,Dense_AE,0,8,0.9973014196879033,0.9997438171542576,0.9996906026508111,15032.8,10.0,14425.599999999999,11311.98885234243,37843.26896613032,37843.26896613032,2459.1280113787893
Edge-IIoTset,Dense_AE,0,8,0.9973014196879033,0.9997438171542576,0.9996906026508111,15032.8,20.0,14425.599999999999,11311.98885234243,64374.549079918215,64374.549079918215,2459.1280113787893
Edge-IIoTset,SNN_AE_T2,0,8,0.9952712426939231,0.9997094492780093,0.9996829779948511,11207.897601318358,2.5,6744.399096298217,6744.399096298217,14774.952141571044,15414.952141571044,3138.221218109131
Edge-IIoTset,SNN_AE_T2,0,8,0.9952712426939231,0.9997094492780093,0.9996829779948511,11207.897601318358,5.0,6744.399096298217,6744.399096298217,22805.50518684387,24085.50518684387,3138.221218109131
Edge-IIoTset,SNN_AE_T2,0,8,0.9952712426939231,0.9997094492780093,0.9996829779948511,11207.897601318358,10.0,6744.399096298217,6744.399096298217,38866.61127738953,41426.61127738953,3138.221218109131
Edge-IIoTset,SNN_AE_T2,0,8,0.9952712426939231,0.9997094492780093,0.9996829779948511,11207.897601318358,20.0,6744.399096298217,6744.399096298217,70988.82345848084,76108.82345848084,3138.221218109131
Edge-IIoTset,SNN_AE_T5,0,8,0.9973888807393282,0.9997321100530737,0.9996804902604107,12456.252798461912,2.5,9475.335258483887,9475.335258483887,25068.48875427246,26668.48875427246,6151.26139831543
Edge-IIoTset,SNN_AE_T5,0,8,0.9973888807393282,0.9997321100530737,0.9996804902604107,12456.252798461912,5.0,9475.335258483887,9475.335258483887,40661.642250061035,43861.642250061035,6151.26139831543
Edge-IIoTset,SNN_AE_T5,0,8,0.9973888807393282,0.9997321100530737,0.9996804902604107,12456.252798461912,10.0,9475.335258483887,9475.335258483887,71847.94924163818,78247.94924163818,6151.26139831543
Edge-IIoTset,SNN_AE_T5,0,8,0.9973888807393282,0.9997321100530737,0.9996804902604107,12456.252798461912,20.0,9475.335258483887,9475.335258483887,134220.56322479248,147020.56322479248,6151.26139831543
Edge-IIoTset,SNN_AE_T7,0,8,0.9970674486803519,0.9997460335301495,0.9996929941193722,13703.334545898437,2.5,12190.449267578124,12190.449267578124,35310.03056640625,37550.03056640625,9153.83251953125
Edge-IIoTset,SNN_AE_T7,0,8,0.9970674486803519,0.9997460335301495,0.9996929941193722,13703.334545898437,5.0,12190.449267578124,12190.449267578124,58429.61186523437,62909.61186523437,9153.83251953125
Edge-IIoTset,SNN_AE_T7,0,8,0.9970674486803519,0.9997460335301495,0.9996929941193722,13703.334545898437,10.0,12190.449267578124,12190.449267578124,104668.77446289062,113628.77446289062,9153.83251953125
Edge-IIoTset,SNN_AE_T7,0,8,0.9970674486803519,0.9997460335301495,0.9996929941193722,13703.334545898437,20.0,12190.449267578124,12190.449267578124,197147.09965820314,215067.09965820314,9153.83251953125
Edge-IIoTset,SNN_AE_noBN,0,8,0.9965954449401268,0.9997213267345512,0.9996728841964841,11039.097628784179,2.5,7647.868853759765,7647.868853759765,18180.282336425782,19140.282336425782,4134.965393066406
Edge-IIoTset,SNN_AE_noBN,0,8,0.9965954449401268,0.9997213267345512,0.9996728841964841,11039.097628784179,5.0,7647.868853759765,7647.868853759765,28712.695819091798,30632.695819091798,4134.965393066406
Edge-IIoTset,SNN_AE_noBN,0,8,0.9965954449401268,0.9997213267345512,0.9996728841964841,11039.097628784179,10.0,7647.868853759765,7647.868853759765,49777.522784423825,53617.522784423825,4134.965393066406
Edge-IIoTset,SNN_AE_noBN,0,8,0.9965954449401268,0.9997213267345512,0.9996728841964841,11039.097628784179,20.0,7647.868853759765,7647.868853759765,91907.17671508789,99587.17671508789,4134.965393066406
Edge-IIoTset,IF,0,8,0.8689773439303499,0.9903375986568271,0.9706741851507991,,2.5,1800.0,1800.0,11882.5,11882.5,4000.0
Edge-IIoTset,IF,0,8,0.8689773439303499,0.9903375986568271,0.9706741851507991,,5.0,1800.0,1800.0,21965.0,21965.0,4000.0
Edge-IIoTset,IF,0,8,0.8689773439303499,0.9903375986568271,0.9706741851507991,,10.0,1800.0,1800.0,42130.0,42130.0,4000.0
Edge-IIoTset,IF,0,8,0.8689773439303499,0.9903375986568271,0.9706741851507991,,20.0,1800.0,1800.0,82460.0,82460.0,4000.0
Edge-IIoTset,OCSVM,0,8,0.9973014196879033,0.9999151349319808,0.999905277009627,,2.5,18924.399999999998,18924.399999999998,29291.899999999998,29291.899999999998,4114.0
Edge-IIoTset,OCSVM,0,8,0.9973014196879033,0.9999151349319808,0.999905277009627,,5.0,18924.399999999998,18924.399999999998,39659.399999999994,39659.399999999994,4114.0
Edge-IIoTset,OCSVM,0,8,0.9973014196879033,0.9999151349319808,0.999905277009627,,10.0,18924.399999999998,18924.399999999998,60394.399999999994,60394.399999999994,4114.0
Edge-IIoTset,OCSVM,0,8,0.9973014196879033,0.9999151349319808,0.999905277009627,,20.0,18924.399999999998,18924.399999999998,101864.4,101864.4,4114.0
Edge-IIoTset,LOF,0,8,0.9972715270646912,0.9989661326523803,0.9985803292506029,,2.5,3035999.9999999995,3035999.9999999995,4686082.5,4686082.5,660000.0
Edge-IIoTset,LOF,0,8,0.9972715270646912,0.9989661326523803,0.9985803292506029,,5.0,3035999.9999999995,3035999.9999999995,6336165.0,6336165.0,660000.0
Edge-IIoTset,LOF,0,8,0.9972715270646912,0.9989661326523803,0.9985803292506029,,10.0,3035999.9999999995,3035999.9999999995,9636330.0,9636330.0,660000.0
Edge-IIoTset,LOF,0,8,0.9972715270646912,0.9989661326523803,0.9985803292506029,,20.0,3035999.9999999995,3035999.9999999995,16236660.0,16236660.0,660000.0
Edge-IIoTset,SNN_AE,0,9,0.9963606480394459,0.9996017583482907,0.9993963071939249,11423.471905517577,2.5,7436.061851119995,7436.061851119995,17380.122548675536,18340.122548675536,3899.624279022217
Edge-IIoTset,SNN_AE,0,9,0.9963606480394459,0.9996017583482907,0.9993963071939249,11423.471905517577,5.0,7436.061851119995,7436.061851119995,27324.183246231078,29244.183246231078,3899.624279022217
Edge-IIoTset,SNN_AE,0,9,0.9963606480394459,0.9996017583482907,0.9993963071939249,11423.471905517577,10.0,7436.061851119995,7436.061851119995,47212.30464134216,51052.30464134216,3899.624279022217
Edge-IIoTset,SNN_AE,0,9,0.9963606480394459,0.9996017583482907,0.9993963071939249,11423.471905517577,20.0,7436.061851119995,7436.061851119995,86988.54743156434,94668.54743156434,3899.624279022217
Edge-IIoTset,LSTM_AE,0,9,0.9986782200029373,0.999986989768141,0.9999865554748545,331200.0,2.5,331200.0,331200.0,513367.5,513367.5,72801.0
Edge-IIoTset,LSTM_AE,0,9,0.9986782200029373,0.999986989768141,0.9999865554748545,331200.0,5.0,331200.0,331200.0,695535.0,695535.0,72801.0
Edge-IIoTset,LSTM_AE,0,9,0.9986782200029373,0.999986989768141,0.9999865554748545,331200.0,10.0,331200.0,331200.0,1059870.0,1059870.0,72801.0
Edge-IIoTset,LSTM_AE,0,9,0.9986782200029373,0.999986989768141,0.9999865554748545,331200.0,20.0,331200.0,331200.0,1788540.0,1788540.0,72801.0
Edge-IIoTset,CNN_AE,0,9,0.9984729237636556,0.9998920930526626,0.9998842820903933,351955.19999999995,2.5,351955.19999999995,351955.19999999995,385922.69999999995,385922.69999999995,13521.0
Edge-IIoTset,CNN_AE,0,9,0.9984729237636556,0.9998920930526626,0.9998842820903933,351955.19999999995,5.0,351955.19999999995,351955.19999999995,419890.19999999995,419890.19999999995,13521.0
Edge-IIoTset,CNN_AE,0,9,0.9984729237636556,0.9998920930526626,0.9998842820903933,351955.19999999995,10.0,351955.19999999995,351955.19999999995,487825.19999999995,487825.19999999995,13521.0
Edge-IIoTset,CNN_AE,0,9,0.9984729237636556,0.9998920930526626,0.9998842820903933,351955.19999999995,20.0,351955.19999999995,351955.19999999995,623695.2,623695.2,13521.0
Edge-IIoTset,SNN_Dense,0,9,0.9966874798463928,0.9997827600377943,0.9997606579798383,16058.377584838865,2.5,10745.392089843748,9360.53364909346,17062.871219507706,17542.871219507706,2944.935028165698
Edge-IIoTset,SNN_Dense,0,9,0.9966874798463928,0.9997827600377943,0.9997606579798383,16058.377584838865,5.0,10745.392089843748,9360.53364909346,24765.20878992195,25725.20878992195,2944.935028165698
Edge-IIoTset,SNN_Dense,0,9,0.9966874798463928,0.9997827600377943,0.9997606579798383,16058.377584838865,10.0,10745.392089843748,9360.53364909346,40169.88393075044,42089.88393075044,2944.935028165698
Edge-IIoTset,SNN_Dense,0,9,0.9966874798463928,0.9997827600377943,0.9997606579798383,16058.377584838865,20.0,10745.392089843748,9360.53364909346,70979.23421240742,74819.23421240742,2944.935028165698
Edge-IIoTset,Dense_SNN,0,9,0.9963369963369964,0.9996470026238238,0.9994872074766586,24463.199999999997,2.5,11053.430460357666,8581.799085716957,16878.050221265643,17358.050221265643,3182.5004542194747
Edge-IIoTset,Dense_SNN,0,9,0.9963369963369964,0.9996470026238238,0.9994872074766586,24463.199999999997,5.0,11053.430460357666,8581.799085716957,25174.30135681433,26134.30135681433,3182.5004542194747
Edge-IIoTset,Dense_SNN,0,9,0.9963369963369964,0.9996470026238238,0.9994872074766586,24463.199999999997,10.0,11053.430460357666,8581.799085716957,41766.8036279117,43686.8036279117,3182.5004542194747
Edge-IIoTset,Dense_SNN,0,9,0.9963369963369964,0.9996470026238238,0.9994872074766586,24463.199999999997,20.0,11053.430460357666,8581.799085716957,74951.80817010644,78791.80817010644,3182.5004542194747
Edge-IIoTset,Dense_AE,0,9,0.9966874798463928,0.9997681727016955,0.9997229175044192,15032.8,2.5,14425.599999999999,11812.424879248525,18717.221009274897,18717.221009274897,2567.918452010549
Edge-IIoTset,Dense_AE,0,9,0.9966874798463928,0.9997681727016955,0.9997229175044192,15032.8,5.0,14425.599999999999,11812.424879248525,25622.01713930127,25622.01713930127,2567.918452010549
Edge-IIoTset,Dense_AE,0,9,0.9966874798463928,0.9997681727016955,0.9997229175044192,15032.8,10.0,14425.599999999999,11812.424879248525,39431.60939935401,39431.60939935401,2567.918452010549
Edge-IIoTset,Dense_AE,0,9,0.9966874798463928,0.9997681727016955,0.9997229175044192,15032.8,20.0,14425.599999999999,11812.424879248525,67050.79391945951,67050.79391945951,2567.918452010549
Edge-IIoTset,SNN_AE_T2,0,9,0.9902206990279788,0.9992576932128318,0.9988972863048483,11107.32798461914,2.5,6560.3361032485955,6560.3361032485955,14079.603056716918,14719.603056716918,2933.706781387329
Edge-IIoTset,SNN_AE_T2,0,9,0.9902206990279788,0.9992576932128318,0.9988972863048483,11107.32798461914,5.0,6560.3361032485955,6560.3361032485955,21598.87001018524,22878.87001018524,2933.706781387329
Edge-IIoTset,SNN_AE_T2,0,9,0.9902206990279788,0.9992576932128318,0.9988972863048483,11107.32798461914,10.0,6560.3361032485955,6560.3361032485955,36637.40391712189,39197.40391712189,2933.706781387329
Edge-IIoTset,SNN_AE_T2,0,9,0.9902206990279788,0.9992576932128318,0.9988972863048483,11107.32798461914,20.0,6560.3361032485955,6560.3361032485955,66714.47173099518,71834.47173099518,2933.706781387329
Edge-IIoTset,SNN_AE_T5,0,9,0.9958352885969028,0.999488779377518,0.9991664958895934,12057.459112548826,2.5,8852.194970703125,8852.194970703125,22714.40322265625,24314.40322265625,5458.88330078125
Edge-IIoTset,SNN_AE_T5,0,9,0.9958352885969028,0.999488779377518,0.9991664958895934,12057.459112548826,5.0,8852.194970703125,8852.194970703125,36576.61147460937,39776.61147460937,5458.88330078125
Edge-IIoTset,SNN_AE_T5,0,9,0.9958352885969028,0.999488779377518,0.9991664958895934,12057.459112548826,10.0,8852.194970703125,8852.194970703125,64301.02797851562,70701.02797851563,5458.88330078125
Edge-IIoTset,SNN_AE_T5,0,9,0.9958352885969028,0.999488779377518,0.9991664958895934,12057.459112548826,20.0,8852.194970703125,8852.194970703125,119749.86098632813,132549.86098632813,5458.88330078125
Edge-IIoTset,SNN_AE_T7,0,9,0.9948759991801599,0.9995656675998158,0.9993585435412429,12782.512103271483,2.5,10482.82826080322,10482.82826080322,28859.017874145506,31099.017874145506,7256.475845336914
Edge-IIoTset,SNN_AE_T7,0,9,0.9948759991801599,0.9995656675998158,0.9993585435412429,12782.512103271483,5.0,10482.82826080322,10482.82826080322,47235.20748748779,51715.20748748779,7256.475845336914
Edge-IIoTset,SNN_AE_T7,0,9,0.9948759991801599,0.9995656675998158,0.9993585435412429,12782.512103271483,10.0,10482.82826080322,10482.82826080322,83987.58671417236,92947.58671417236,7256.475845336914
Edge-IIoTset,SNN_AE_T7,0,9,0.9948759991801599,0.9995656675998158,0.9993585435412429,12782.512103271483,20.0,10482.82826080322,10482.82826080322,157492.3451675415,175412.3451675415,7256.475845336914
Edge-IIoTset,SNN_AE_noBN,0,9,0.9958365097050372,0.9994796680002389,0.9992284003563978,11044.857623291015,2.5,7556.220530319213,7556.220530319213,17834.055336761474,18794.055336761474,4033.1339225769043
Edge-IIoTset,SNN_AE_noBN,0,9,0.9958365097050372,0.9994796680002389,0.9992284003563978,11044.857623291015,5.0,7556.220530319213,7556.220530319213,28111.890143203735,30031.890143203735,4033.1339225769043
Edge-IIoTset,SNN_AE_noBN,0,9,0.9958365097050372,0.9994796680002389,0.9992284003563978,11044.857623291015,10.0,7556.220530319213,7556.220530319213,48667.55975608826,52507.55975608826,4033.1339225769043
Edge-IIoTset,SNN_AE_noBN,0,9,0.9958365097050372,0.9994796680002389,0.9992284003563978,11044.857623291015,20.0,7556.220530319213,7556.220530319213,89778.8989818573,97458.8989818573,4033.1339225769043
Edge-IIoTset,IF,0,9,0.8637388881517846,0.9891993192810652,0.9727456095947241,,2.5,1800.0,1800.0,11882.5,11882.5,4000.0
Edge-IIoTset,IF,0,9,0.8637388881517846,0.9891993192810652,0.9727456095947241,,5.0,1800.0,1800.0,21965.0,21965.0,4000.0
Edge-IIoTset,IF,0,9,0.8637388881517846,0.9891993192810652,0.9727456095947241,,10.0,1800.0,1800.0,42130.0,42130.0,4000.0
Edge-IIoTset,IF,0,9,0.8637388881517846,0.9891993192810652,0.9727456095947241,,20.0,1800.0,1800.0,82460.0,82460.0,4000.0
Edge-IIoTset,OCSVM,0,9,0.9967459177391458,0.9999683455157904,0.9999660163142937,,2.5,18924.399999999998,18924.399999999998,29291.899999999998,29291.899999999998,4114.0
Edge-IIoTset,OCSVM,0,9,0.9967459177391458,0.9999683455157904,0.9999660163142937,,5.0,18924.399999999998,18924.399999999998,39659.399999999994,39659.399999999994,4114.0
Edge-IIoTset,OCSVM,0,9,0.9967459177391458,0.9999683455157904,0.9999660163142937,,10.0,18924.399999999998,18924.399999999998,60394.399999999994,60394.399999999994,4114.0
Edge-IIoTset,OCSVM,0,9,0.9967459177391458,0.9999683455157904,0.9999660163142937,,20.0,18924.399999999998,18924.399999999998,101864.4,101864.4,4114.0
Edge-IIoTset,LOF,0,9,0.8837847551213774,0.9949767684466752,0.9926870265606547,,2.5,3035999.9999999995,3035999.9999999995,4686082.5,4686082.5,660000.0
Edge-IIoTset,LOF,0,9,0.8837847551213774,0.9949767684466752,0.9926870265606547,,5.0,3035999.9999999995,3035999.9999999995,6336165.0,6336165.0,660000.0
Edge-IIoTset,LOF,0,9,0.8837847551213774,0.9949767684466752,0.9926870265606547,,10.0,3035999.9999999995,3035999.9999999995,9636330.0,9636330.0,660000.0
Edge-IIoTset,LOF,0,9,0.8837847551213774,0.9949767684466752,0.9926870265606547,,20.0,3035999.9999999995,3035999.9999999995,16236660.0,16236660.0,660000.0
Edge-IIoTset,SNN_AE,1,0,0.9951110981000615,0.9994079428976893,0.9991258739417305,11583.254425048826,2.5,7618.717888641358,7618.717888641358,18070.156468200683,19030.156468200683,4102.5754318237305
Edge-IIoTset,SNN_AE,1,0,0.9951110981000615,0.9994079428976893,0.9991258739417305,11583.254425048826,5.0,7618.717888641358,7618.717888641358,28521.59504776001,30441.59504776001,4102.5754318237305
Edge-IIoTset,SNN_AE,1,0,0.9951110981000615,0.9994079428976893,0.9991258739417305,11583.254425048826,10.0,7618.717888641358,7618.717888641358,49424.472206878665,53264.472206878665,4102.5754318237305
Edge-IIoTset,SNN_AE,1,0,0.9951110981000615,0.9994079428976893,0.9991258739417305,11583.254425048826,20.0,7618.717888641358,7618.717888641358,91230.22652511597,98910.22652511597,4102.5754318237305
Edge-IIoTset,LSTM_AE,1,0,0.99587006824639,0.9999835044014023,0.9999815842661679,331200.0,2.5,331200.0,331200.0,513367.5,513367.5,72801.0
Edge-IIoTset,LSTM_AE,1,0,0.99587006824639,0.9999835044014023,0.9999815842661679,331200.0,5.0,331200.0,331200.0,695535.0,695535.0,72801.0
Edge-IIoTset,LSTM_AE,1,0,0.99587006824639,0.9999835044014023,0.9999815842661679,331200.0,10.0,331200.0,331200.0,1059870.0,1059870.0,72801.0
Edge-IIoTset,LSTM_AE,1,0,0.99587006824639,0.9999835044014023,0.9999815842661679,331200.0,20.0,331200.0,331200.0,1788540.0,1788540.0,72801.0
Edge-IIoTset,CNN_AE,1,0,0.9961326614320872,0.9998514026176576,0.9998320096324602,351955.19999999995,2.5,351955.19999999995,351955.19999999995,385922.69999999995,385922.69999999995,13521.0
Edge-IIoTset,CNN_AE,1,0,0.9961326614320872,0.9998514026176576,0.9998320096324602,351955.19999999995,5.0,351955.19999999995,351955.19999999995,419890.19999999995,419890.19999999995,13521.0
Edge-IIoTset,CNN_AE,1,0,0.9961326614320872,0.9998514026176576,0.9998320096324602,351955.19999999995,10.0,351955.19999999995,351955.19999999995,487825.19999999995,487825.19999999995,13521.0
Edge-IIoTset,CNN_AE,1,0,0.9961326614320872,0.9998514026176576,0.9998320096324602,351955.19999999995,20.0,351955.19999999995,351955.19999999995,623695.2,623695.2,13521.0
Edge-IIoTset,SNN_Dense,1,0,0.9953452969934717,0.9997077616428154,0.9996575712860757,16184.089578247069,2.5,10894.929528808594,9759.636824488081,18012.989722212158,18492.989722212158,3165.3411590896303
Edge-IIoTset,SNN_Dense,1,0,0.9953452969934717,0.9997077616428154,0.9996575712860757,16184.089578247069,5.0,10894.929528808594,9759.636824488081,26266.34261993623,27226.34261993623,3165.3411590896303
Edge-IIoTset,SNN_Dense,1,0,0.9953452969934717,0.9997077616428154,0.9996575712860757,16184.089578247069,10.0,10894.929528808594,9759.636824488081,42773.04841538438,44693.04841538438,3165.3411590896303
Edge-IIoTset,SNN_Dense,1,0,0.9953452969934717,0.9997077616428154,0.9996575712860757,16184.089578247069,20.0,10894.929528808594,9759.636824488081,75786.46000628069,79626.46000628069,3165.3411590896303
Edge-IIoTset,Dense_SNN,1,0,0.9951096664616826,0.9995733379700859,0.9994173318747047,24463.199999999997,2.5,11312.026795959473,9833.693174196893,19388.103199454898,19868.103199454898,3685.764010103201
Edge-IIoTset,Dense_SNN,1,0,0.9951096664616826,0.9995733379700859,0.9994173318747047,24463.199999999997,5.0,11312.026795959473,9833.693174196893,28942.5132247129,29902.5132247129,3685.764010103201
Edge-IIoTset,Dense_SNN,1,0,0.9951096664616826,0.9995733379700859,0.9994173318747047,24463.199999999997,10.0,11312.026795959473,9833.693174196893,48051.333275228906,49971.333275228906,3685.764010103201
Edge-IIoTset,Dense_SNN,1,0,0.9951096664616826,0.9995733379700859,0.9994173318747047,24463.199999999997,20.0,11312.026795959473,9833.693174196893,86268.97337626091,90108.97337626091,3685.764010103201
Edge-IIoTset,Dense_AE,1,0,0.9955201592832255,0.9995186207768668,0.9993326203425268,15032.8,2.5,14425.599999999999,11555.433639542462,18320.56061755467,18320.56061755467,2512.0507912048834
Edge-IIoTset,Dense_AE,1,0,0.9955201592832255,0.9995186207768668,0.9993326203425268,15032.8,5.0,14425.599999999999,11555.433639542462,25085.68759556688,25085.68759556688,2512.0507912048834
Edge-IIoTset,Dense_AE,1,0,0.9955201592832255,0.9995186207768668,0.9993326203425268,15032.8,10.0,14425.599999999999,11555.433639542462,38615.9415515913,38615.9415515913,2512.0507912048834
Edge-IIoTset,Dense_AE,1,0,0.9955201592832255,0.9995186207768668,0.9993326203425268,15032.8,20.0,14425.599999999999,11555.433639542462,65676.44946364014,65676.44946364014,2512.0507912048834
Edge-IIoTset,SNN_AE_T2,1,0,0.9954600041006415,0.9994175114689373,0.9991974509542436,11193.555224609374,2.5,6753.116133117675,6753.116133117675,14807.883169555664,15447.883169555664,3147.9068145751953
Edge-IIoTset,SNN_AE_T2,1,0,0.9954600041006415,0.9994175114689373,0.9991974509542436,11193.555224609374,5.0,6753.116133117675,6753.116133117675,22862.650205993654,24142.650205993654,3147.9068145751953
Edge-IIoTset,SNN_AE_T2,1,0,0.9954600041006415,0.9994175114689373,0.9991974509542436,11193.555224609374,10.0,6753.116133117675,6753.116133117675,38972.18427886963,41532.18427886963,3147.9068145751953
Edge-IIoTset,SNN_AE_T2,1,0,0.9954600041006415,0.9994175114689373,0.9991974509542436,11193.555224609374,20.0,6753.116133117675,6753.116133117675,71191.25242462158,76311.25242462158,3147.9068145751953
Edge-IIoTset,SNN_AE_T5,1,0,0.9956367682801839,0.9995357732487478,0.9993635611706088,12438.828894042967,2.5,9684.731582641602,9684.731582641602,25859.541534423828,27459.541534423828,6383.923980712891
Edge-IIoTset,SNN_AE_T5,1,0,0.9956367682801839,0.9995357732487478,0.9993635611706088,12438.828894042967,5.0,9684.731582641602,9684.731582641602,42034.351486206055,45234.351486206055,6383.923980712891
Edge-IIoTset,SNN_AE_T5,1,0,0.9956367682801839,0.9995357732487478,0.9993635611706088,12438.828894042967,10.0,9684.731582641602,9684.731582641602,74383.97138977051,80783.97138977051,6383.923980712891
Edge-IIoTset,SNN_AE_T5,1,0,0.9956367682801839,0.9995357732487478,0.9993635611706088,12438.828894042967,20.0,9684.731582641602,9684.731582641602,139083.2111968994,151883.2111968994,6383.923980712891
Edge-IIoTset,SNN_AE_T7,1,0,0.9957242429567152,0.999500189685333,0.9992246245876186,13164.342514038082,2.5,11650.488790893554,11650.488790893554,33270.179876708986,35510.179876708986,8553.876434326172
Edge-IIoTset,SNN_AE_T7,1,0,0.9957242429567152,0.999500189685333,0.9992246245876186,13164.342514038082,5.0,11650.488790893554,11650.488790893554,54889.870962524416,59369.870962524416,8553.876434326172
Edge-IIoTset,SNN_AE_T7,1,0,0.9957242429567152,0.999500189685333,0.9992246245876186,13164.342514038082,10.0,11650.488790893554,11650.488790893554,98129.25313415527,107089.25313415527,8553.876434326172
Edge-IIoTset,SNN_AE_T7,1,0,0.9957242429567152,0.999500189685333,0.9992246245876186,13164.342514038082,20.0,11650.488790893554,11650.488790893554,184608.017477417,202528.017477417,8553.876434326172
Edge-IIoTset,SNN_AE_noBN,1,0,0.9953733528550512,0.9995242270322675,0.9993520730223016,11240.380865478513,2.5,7919.08599128723,7919.08599128723,19204.88041152954,20164.88041152954,4436.317768096924
Edge-IIoTset,SNN_AE_noBN,1,0,0.9953733528550512,0.9995242270322675,0.9993520730223016,11240.380865478513,5.0,7919.08599128723,7919.08599128723,30490.67483177185,32410.67483177185,4436.317768096924
Edge-IIoTset,SNN_AE_noBN,1,0,0.9953733528550512,0.9995242270322675,0.9993520730223016,11240.380865478513,10.0,7919.08599128723,7919.08599128723,53062.26367225647,56902.26367225647,4436.317768096924
Edge-IIoTset,SNN_AE_noBN,1,0,0.9953733528550512,0.9995242270322675,0.9993520730223016,11240.380865478513,20.0,7919.08599128723,7919.08599128723,98205.4413532257,105885.4413532257,4436.317768096924
Edge-IIoTset,IF,1,0,0.8710897667839874,0.9903403762794978,0.9713209360227247,,2.5,1800.0,1800.0,11882.5,11882.5,4000.0
Edge-IIoTset,IF,1,0,0.8710897667839874,0.9903403762794978,0.9713209360227247,,5.0,1800.0,1800.0,21965.0,21965.0,4000.0
Edge-IIoTset,IF,1,0,0.8710897667839874,0.9903403762794978,0.9713209360227247,,10.0,1800.0,1800.0,42130.0,42130.0,4000.0
Edge-IIoTset,IF,1,0,0.8710897667839874,0.9903403762794978,0.9713209360227247,,20.0,1800.0,1800.0,82460.0,82460.0,4000.0
Edge-IIoTset,OCSVM,1,0,0.9956950830233988,0.9999624352786618,0.9999584871748611,,2.5,19706.399999999998,19706.399999999998,30498.899999999998,30498.899999999998,4284.0
Edge-IIoTset,OCSVM,1,0,0.9956950830233988,0.9999624352786618,0.9999584871748611,,5.0,19706.399999999998,19706.399999999998,41291.399999999994,41291.399999999994,4284.0
Edge-IIoTset,OCSVM,1,0,0.9956950830233988,0.9999624352786618,0.9999584871748611,,10.0,19706.399999999998,19706.399999999998,62876.399999999994,62876.399999999994,4284.0
Edge-IIoTset,OCSVM,1,0,0.9956950830233988,0.9999624352786618,0.9999584871748611,,20.0,19706.399999999998,19706.399999999998,106046.4,106046.4,4284.0
Edge-IIoTset,LOF,1,0,0.8677948175568482,0.9949864304733,0.9927426397765868,,2.5,3035999.9999999995,3035999.9999999995,4686082.5,4686082.5,660000.0
Edge-IIoTset,LOF,1,0,0.8677948175568482,0.9949864304733,0.9927426397765868,,5.0,3035999.9999999995,3035999.9999999995,6336165.0,6336165.0,660000.0
Edge-IIoTset,LOF,1,0,0.8677948175568482,0.9949864304733,0.9927426397765868,,10.0,3035999.9999999995,3035999.9999999995,9636330.0,9636330.0,660000.0
Edge-IIoTset,LOF,1,0,0.8677948175568482,0.9949864304733,0.9927426397765868,,20.0,3035999.9999999995,3035999.9999999995,16236660.0,16236660.0,660000.0
Edge-IIoTset,SNN_AE,1,1,0.9958939465039888,0.999589552474719,0.9995108561207676,11452.01282043457,2.5,7439.43775062561,7439.43775062561,17392.87594680786,18352.87594680786,3903.3752784729004
Edge-IIoTset,SNN_AE,1,1,0.9958939465039888,0.999589552474719,0.9995108561207676,11452.01282043457,5.0,7439.43775062561,7439.43775062561,27346.31414299011,29266.31414299011,3903.3752784729004
Edge-IIoTset,SNN_AE,1,1,0.9958939465039888,0.999589552474719,0.9995108561207676,11452.01282043457,10.0,7439.43775062561,7439.43775062561,47253.19053535462,51093.19053535462,3903.3752784729004
Edge-IIoTset,SNN_AE,1,1,0.9958939465039888,0.999589552474719,0.9995108561207676,11452.01282043457,20.0,7439.43775062561,7439.43775062561,87066.94332008362,94746.94332008362,3903.3752784729004
Edge-IIoTset,LSTM_AE,1,1,0.9965414150888094,0.9999711063263307,0.9999689397403728,331200.0,2.5,331200.0,331200.0,513367.5,513367.5,72801.0
Edge-IIoTset,LSTM_AE,1,1,0.9965414150888094,0.9999711063263307,0.9999689397403728,331200.0,5.0,331200.0,331200.0,695535.0,695535.0,72801.0
Edge-IIoTset,LSTM_AE,1,1,0.9965414150888094,0.9999711063263307,0.9999689397403728,331200.0,10.0,331200.0,331200.0,1059870.0,1059870.0,72801.0
Edge-IIoTset,LSTM_AE,1,1,0.9965414150888094,0.9999711063263307,0.9999689397403728,331200.0,20.0,331200.0,331200.0,1788540.0,1788540.0,72801.0
Edge-IIoTset,CNN_AE,1,1,0.9958992384299942,0.9998541406889382,0.9998416606927798,351955.19999999995,2.5,351955.19999999995,351955.19999999995,385922.69999999995,385922.69999999995,13521.0
Edge-IIoTset,CNN_AE,1,1,0.9958992384299942,0.9998541406889382,0.9998416606927798,351955.19999999995,5.0,351955.19999999995,351955.19999999995,419890.19999999995,419890.19999999995,13521.0
Edge-IIoTset,CNN_AE,1,1,0.9958992384299942,0.9998541406889382,0.9998416606927798,351955.19999999995,10.0,351955.19999999995,351955.19999999995,487825.19999999995,487825.19999999995,13521.0
Edge-IIoTset,CNN_AE,1,1,0.9958992384299942,0.9998541406889382,0.9998416606927798,351955.19999999995,20.0,351955.19999999995,351955.19999999995,623695.2,623695.2,13521.0
Edge-IIoTset,SNN_Dense,1,1,0.9958117330053012,0.9996742665060292,0.9996115976400392,16189.734463500976,2.5,10872.50137939453,9820.908420020365,18057.449894524045,18537.449894524045,3158.616589801472
Edge-IIoTset,SNN_Dense,1,1,0.9958117330053012,0.9996742665060292,0.9996115976400392,16189.734463500976,5.0,10872.50137939453,9820.908420020365,26293.991369027724,27253.991369027724,3158.616589801472
Edge-IIoTset,SNN_Dense,1,1,0.9958117330053012,0.9996742665060292,0.9996115976400392,16189.734463500976,10.0,10872.50137939453,9820.908420020365,42767.074318035084,44687.074318035084,3158.616589801472
Edge-IIoTset,SNN_Dense,1,1,0.9958117330053012,0.9996742665060292,0.9996115976400392,16189.734463500976,20.0,10872.50137939453,9820.908420020365,75713.2402160498,79553.2402160498,3158.616589801472
Edge-IIoTset,Dense_SNN,1,1,0.9969797378529748,0.999699401824383,0.9996366583304624,24463.199999999997,2.5,11087.060036468507,9292.687369268458,18050.429378492543,18530.429378492543,3367.096803689634
Edge-IIoTset,Dense_SNN,1,1,0.9969797378529748,0.999699401824383,0.9996366583304624,24463.199999999997,5.0,11087.060036468507,9292.687369268458,26808.171387716626,27768.171387716626,3367.096803689634
Edge-IIoTset,Dense_SNN,1,1,0.9969797378529748,0.999699401824383,0.9996366583304624,24463.199999999997,10.0,11087.060036468507,9292.687369268458,44323.6554061648,46243.6554061648,3367.096803689634
Edge-IIoTset,Dense_SNN,1,1,0.9969797378529748,0.999699401824383,0.9996366583304624,24463.199999999997,20.0,11087.060036468507,9292.687369268458,79354.62344306114,83194.62344306114,3367.096803689634
Edge-IIoTset,Dense_AE,1,1,0.9966582634695433,0.9997151131545948,0.9996558410561031,15032.8,2.5,14425.599999999999,11775.504927845437,18660.23586689187,18660.23586689187,2559.8923756185736
Edge-IIoTset,Dense_AE,1,1,0.9966582634695433,0.9997151131545948,0.9996558410561031,15032.8,5.0,14425.599999999999,11775.504927845437,25544.966805938304,25544.966805938304,2559.8923756185736
Edge-IIoTset,Dense_AE,1,1,0.9966582634695433,0.9997151131545948,0.9996558410561031,15032.8,10.0,14425.599999999999,11775.504927845437,39314.428684031176,39314.428684031176,2559.8923756185736
Edge-IIoTset,Dense_AE,1,1,0.9966582634695433,0.9997151131545948,0.9996558410561031,15032.8,20.0,14425.599999999999,11775.504927845437,66853.35244021691,66853.35244021691,2559.8923756185736
Edge-IIoTset,SNN_AE_T2,1,1,0.9961908110642288,0.9996702903768543,0.9996143951027681,11166.223986816405,2.5,6590.145903015136,6590.145903015136,14192.21785583496,14832.21785583496,2966.8287811279297
Edge-IIoTset,SNN_AE_T2,1,1,0.9961908110642288,0.9996702903768543,0.9996143951027681,11166.223986816405,5.0,6590.145903015136,6590.145903015136,21794.289808654787,23074.289808654787,2966.8287811279297
Edge-IIoTset,SNN_AE_T2,1,1,0.9961908110642288,0.9996702903768543,0.9996143951027681,11166.223986816405,10.0,6590.145903015136,6590.145903015136,36998.433714294435,39558.433714294435,2966.8287811279297
Edge-IIoTset,SNN_AE_T2,1,1,0.9961908110642288,0.9996702903768543,0.9996143951027681,11166.223986816405,20.0,6590.145903015136,6590.145903015136,67406.72152557372,72526.72152557372,2966.8287811279297
Edge-IIoTset,SNN_AE_T5,1,1,0.9965122072745392,0.9996231072114758,0.9995506296648883,12190.976095581053,2.5,9252.299153900147,9252.299153900147,24225.907914733885,25825.907914733885,5903.443504333496
Edge-IIoTset,SNN_AE_T5,1,1,0.9965122072745392,0.9996231072114758,0.9995506296648883,12190.976095581053,5.0,9252.299153900147,9252.299153900147,39199.516675567625,42399.516675567625,5903.443504333496
Edge-IIoTset,SNN_AE_T5,1,1,0.9965122072745392,0.9996231072114758,0.9995506296648883,12190.976095581053,10.0,9252.299153900147,9252.299153900147,69146.73419723511,75546.73419723511,5903.443504333496
Edge-IIoTset,SNN_AE_T5,1,1,0.9965122072745392,0.9996231072114758,0.9995506296648883,12190.976095581053,20.0,9252.299153900147,9252.299153900147,129041.16924057007,141841.16924057007,5903.443504333496
Edge-IIoTset,SNN_AE_T7,1,1,0.9957534045980377,0.9996781337482744,0.9996162309434794,13101.961593627926,2.5,11141.526767730713,11141.526767730713,31347.434455871582,33587.43445587158,7988.363075256348
Edge-IIoTset,SNN_AE_T7,1,1,0.9957534045980377,0.9996781337482744,0.9996162309434794,13101.961593627926,5.0,11141.526767730713,11141.526767730713,51553.34214401245,56033.34214401245,7988.363075256348
Edge-IIoTset,SNN_AE_T7,1,1,0.9957534045980377,0.9996781337482744,0.9996162309434794,13101.961593627926,10.0,11141.526767730713,11141.526767730713,91965.15752029419,100925.15752029419,7988.363075256348
Edge-IIoTset,SNN_AE_T7,1,1,0.9957534045980377,0.9996781337482744,0.9996162309434794,13101.961593627926,20.0,11141.526767730713,11141.526767730713,172788.78827285767,190708.78827285767,7988.363075256348
Edge-IIoTset,SNN_AE_noBN,1,1,0.9963953931365941,0.9996582425649545,0.9995844023406399,11055.254452514648,2.5,7587.857138442993,7587.857138442993,17953.57141189575,18913.57141189575,4068.2857093811035
Edge-IIoTset,SNN_AE_noBN,1,1,0.9963953931365941,0.9996582425649545,0.9995844023406399,11055.254452514648,5.0,7587.857138442993,7587.857138442993,28319.28568534851,30239.28568534851,4068.2857093811035
Edge-IIoTset,SNN_AE_noBN,1,1,0.9963953931365941,0.9996582425649545,0.9995844023406399,11055.254452514648,10.0,7587.857138442993,7587.857138442993,49050.71423225403,52890.71423225403,4068.2857093811035
Edge-IIoTset,SNN_AE_noBN,1,1,0.9963953931365941,0.9996582425649545,0.9995844023406399,11055.254452514648,20.0,7587.857138442993,7587.857138442993,90513.57132606507,98193.57132606507,4068.2857093811035
Edge-IIoTset,IF,1,1,0.8590639770987284,0.9846929142708614,0.9679261427898564,,2.5,1800.0,1800.0,11882.5,11882.5,4000.0
Edge-IIoTset,IF,1,1,0.8590639770987284,0.9846929142708614,0.9679261427898564,,5.0,1800.0,1800.0,21965.0,21965.0,4000.0
Edge-IIoTset,IF,1,1,0.8590639770987284,0.9846929142708614,0.9679261427898564,,10.0,1800.0,1800.0,42130.0,42130.0,4000.0
Edge-IIoTset,IF,1,1,0.8590639770987284,0.9846929142708614,0.9679261427898564,,20.0,1800.0,1800.0,82460.0,82460.0,4000.0
Edge-IIoTset,OCSVM,1,1,0.9961326614320872,0.9999100980333615,0.9998986900846547,,2.5,19393.6,19393.6,30016.1,30016.1,4216.0
Edge-IIoTset,OCSVM,1,1,0.9961326614320872,0.9999100980333615,0.9998986900846547,,5.0,19393.6,19393.6,40638.6,40638.6,4216.0
Edge-IIoTset,OCSVM,1,1,0.9961326614320872,0.9999100980333615,0.9998986900846547,,10.0,19393.6,19393.6,61883.6,61883.6,4216.0
Edge-IIoTset,OCSVM,1,1,0.9961326614320872,0.9999100980333615,0.9998986900846547,,20.0,19393.6,19393.6,104373.6,104373.6,4216.0
Edge-IIoTset,LOF,1,1,0.995490747247599,0.9996724997277826,0.9996343153074798,,2.5,3035999.9999999995,3035999.9999999995,4686082.5,4686082.5,660000.0
Edge-IIoTset,LOF,1,1,0.995490747247599,0.9996724997277826,0.9996343153074798,,5.0,3035999.9999999995,3035999.9999999995,6336165.0,6336165.0,660000.0
Edge-IIoTset,LOF,1,1,0.995490747247599,0.9996724997277826,0.9996343153074798,,10.0,3035999.9999999995,3035999.9999999995,9636330.0,9636330.0,660000.0
Edge-IIoTset,LOF,1,1,0.995490747247599,0.9996724997277826,0.9996343153074798,,20.0,3035999.9999999995,3035999.9999999995,16236660.0,16236660.0,660000.0
Edge-IIoTset,SNN_AE,1,2,0.9941185076810534,0.9993509636493279,0.9992146642613525,11282.92803955078,2.5,7044.913523483277,7044.913523483277,15902.451088714599,16862.4510887146,3465.0150260925293
Edge-IIoTset,SNN_AE,1,2,0.9941185076810534,0.9993509636493279,0.9992146642613525,11282.92803955078,5.0,7044.913523483277,7044.913523483277,24759.988653945922,26679.988653945922,3465.0150260925293
Edge-IIoTset,SNN_AE,1,2,0.9941185076810534,0.9993509636493279,0.9992146642613525,11282.92803955078,10.0,7044.913523483277,7044.913523483277,42475.06378440857,46315.06378440857,3465.0150260925293
Edge-IIoTset,SNN_AE,1,2,0.9941185076810534,0.9993509636493279,0.9992146642613525,11282.92803955078,20.0,7044.913523483277,7044.913523483277,77905.21404533387,85585.21404533387,3465.0150260925293
Edge-IIoTset,LSTM_AE,1,2,0.9944137346085227,0.9999972532393862,0.9999972735371999,331200.0,2.5,331200.0,331200.0,513367.5,513367.5,72801.0
Edge-IIoTset,LSTM_AE,1,2,0.9944137346085227,0.9999972532393862,0.9999972735371999,331200.0,5.0,331200.0,331200.0,695535.0,695535.0,72801.0
Edge-IIoTset,LSTM_AE,1,2,0.9944137346085227,0.9999972532393862,0.9999972735371999,331200.0,10.0,331200.0,331200.0,1059870.0,1059870.0,72801.0
Edge-IIoTset,LSTM_AE,1,2,0.9944137346085227,0.9999972532393862,0.9999972735371999,331200.0,20.0,331200.0,331200.0,1788540.0,1788540.0,72801.0
Edge-IIoTset,CNN_AE,1,2,0.9938614440222158,0.9999969230661155,0.9999969529455565,351955.19999999995,2.5,351955.19999999995,351955.19999999995,385922.69999999995,385922.69999999995,13521.0
Edge-IIoTset,CNN_AE,1,2,0.9938614440222158,0.9999969230661155,0.9999969529455565,351955.19999999995,5.0,351955.19999999995,351955.19999999995,419890.19999999995,419890.19999999995,13521.0
Edge-IIoTset,CNN_AE,1,2,0.9938614440222158,0.9999969230661155,0.9999969529455565,351955.19999999995,10.0,351955.19999999995,351955.19999999995,487825.19999999995,487825.19999999995,13521.0
Edge-IIoTset,CNN_AE,1,2,0.9938614440222158,0.9999969230661155,0.9999969529455565,351955.19999999995,20.0,351955.19999999995,351955.19999999995,623695.2,623695.2,13521.0
Edge-IIoTset,SNN_Dense,1,2,0.9948501872659176,0.9993810937165216,0.9992531698501743,16042.30719604492,2.5,10737.971704101563,9580.86049421624,17386.36155096165,17866.36155096165,2986.2004226981635
Edge-IIoTset,SNN_Dense,1,2,0.9948501872659176,0.9993810937165216,0.9992531698501743,16042.30719604492,5.0,10737.971704101563,9580.86049421624,25191.86260770706,26151.86260770706,2986.2004226981635
Edge-IIoTset,SNN_Dense,1,2,0.9948501872659176,0.9993810937165216,0.9992531698501743,16042.30719604492,10.0,10737.971704101563,9580.86049421624,40802.864721197875,42722.864721197875,2986.2004226981635
Edge-IIoTset,SNN_Dense,1,2,0.9948501872659176,0.9993810937165216,0.9992531698501743,16042.30719604492,20.0,10737.971704101563,9580.86049421624,72024.8689481795,75864.8689481795,2986.2004226981635
Edge-IIoTset,Dense_SNN,1,2,0.9929219069903481,0.9993024422284588,0.9991667403152026,24463.199999999997,2.5,11184.673929214478,9101.67637683945,17973.7067374971,18453.7067374971,3412.8121442630613
Edge-IIoTset,Dense_SNN,1,2,0.9929219069903481,0.9993024422284588,0.9991667403152026,24463.199999999997,5.0,11184.673929214478,9101.67637683945,26845.737098154757,27805.737098154757,3412.8121442630613
Edge-IIoTset,Dense_SNN,1,2,0.9929219069903481,0.9993024422284588,0.9991667403152026,24463.199999999997,10.0,11184.673929214478,9101.67637683945,44589.79781947006,46509.79781947006,3412.8121442630613
Edge-IIoTset,Dense_SNN,1,2,0.9929219069903481,0.9993024422284588,0.9991667403152026,24463.199999999997,20.0,11184.673929214478,9101.67637683945,80077.91926210067,83917.91926210067,3412.8121442630613
Edge-IIoTset,Dense_AE,1,2,0.9946755602363817,0.9993709180573167,0.9992433444112878,15032.8,2.5,14425.599999999999,12152.765039855394,19242.528648472457,19242.528648472457,2641.905443446825
Edge-IIoTset,Dense_AE,1,2,0.9946755602363817,0.9993709180573167,0.9992433444112878,15032.8,5.0,14425.599999999999,12152.765039855394,26332.292257089517,26332.292257089517,2641.905443446825
Edge-IIoTset,Dense_AE,1,2,0.9946755602363817,0.9993709180573167,0.9992433444112878,15032.8,10.0,14425.599999999999,12152.765039855394,40511.819474323645,40511.819474323645,2641.905443446825
Edge-IIoTset,Dense_AE,1,2,0.9946755602363817,0.9993709180573167,0.9992433444112878,15032.8,20.0,14425.599999999999,12152.765039855394,68870.8739087919,68870.8739087919,2641.905443446825
Edge-IIoTset,SNN_AE_T2,1,2,0.9933863982207656,0.9991996354044096,0.9990510954564232,11082.24317626953,2.5,6578.7006210327145,6578.7006210327145,14148.980123901367,14788.980123901367,2954.111801147461
Edge-IIoTset,SNN_AE_T2,1,2,0.9933863982207656,0.9991996354044096,0.9990510954564232,11082.24317626953,5.0,6578.7006210327145,6578.7006210327145,21719.25962677002,22999.25962677002,2954.111801147461
Edge-IIoTset,SNN_AE_T2,1,2,0.9933863982207656,0.9991996354044096,0.9990510954564232,11082.24317626953,10.0,6578.7006210327145,6578.7006210327145,36859.818632507326,39419.818632507326,2954.111801147461
Edge-IIoTset,SNN_AE_T2,1,2,0.9933863982207656,0.9991996354044096,0.9990510954564232,11082.24317626953,20.0,6578.7006210327145,6578.7006210327145,67140.93664398193,72260.93664398193,2954.111801147461
Edge-IIoTset,SNN_AE_T5,1,2,0.9946755602363817,0.9995174412274015,0.9994462000586891,11954.902288818357,2.5,8711.25450515747,8711.25450515747,22181.961463928223,23781.961463928223,5302.282783508301
Edge-IIoTset,SNN_AE_T5,1,2,0.9946755602363817,0.9995174412274015,0.9994462000586891,11954.902288818357,5.0,8711.25450515747,8711.25450515747,35652.668422698975,38852.668422698975,5302.282783508301
Edge-IIoTset,SNN_AE_T5,1,2,0.9946755602363817,0.9995174412274015,0.9994462000586891,11954.902288818357,10.0,8711.25450515747,8711.25450515747,62594.08234024048,68994.08234024048,5302.282783508301
Edge-IIoTset,SNN_AE_T5,1,2,0.9946755602363817,0.9995174412274015,0.9994462000586891,11954.902288818357,20.0,8711.25450515747,8711.25450515747,116476.91017532349,129276.91017532349,5302.282783508301
Edge-IIoTset,SNN_AE_T7,1,2,0.9942392607538673,0.9993692074787759,0.9992331702198545,12805.206561279296,2.5,10690.854033660888,10690.854033660888,29644.893016052243,31884.893016052243,7487.615592956543
Edge-IIoTset,SNN_AE_T7,1,2,0.9942392607538673,0.9993692074787759,0.9992331702198545,12805.206561279296,5.0,10690.854033660888,10690.854033660888,48598.9319984436,53078.9319984436,7487.615592956543
Edge-IIoTset,SNN_AE_T7,1,2,0.9942392607538673,0.9993692074787759,0.9992331702198545,12805.206561279296,10.0,10690.854033660888,10690.854033660888,86507.00996322632,95467.00996322632,7487.615592956543
Edge-IIoTset,SNN_AE_T7,1,2,0.9942392607538673,0.9993692074787759,0.9992331702198545,12805.206561279296,20.0,10690.854033660888,10690.854033660888,162323.16589279176,180243.16589279176,7487.615592956543
Edge-IIoTset,SNN_AE_noBN,1,2,0.9942683354778337,0.9993545744804162,0.999217726949888,11079.647973632811,2.5,7709.900257873534,7709.900257873534,18414.623196411132,19374.623196411132,4203.889175415039
Edge-IIoTset,SNN_AE_noBN,1,2,0.9942683354778337,0.9993545744804162,0.999217726949888,11079.647973632811,5.0,7709.900257873534,7709.900257873534,29119.34613494873,31039.34613494873,4203.889175415039
Edge-IIoTset,SNN_AE_noBN,1,2,0.9942683354778337,0.9993545744804162,0.999217726949888,11079.647973632811,10.0,7709.900257873534,7709.900257873534,50528.79201202393,54368.79201202393,4203.889175415039
Edge-IIoTset,SNN_AE_noBN,1,2,0.9942683354778337,0.9993545744804162,0.999217726949888,11079.647973632811,20.0,7709.900257873534,7709.900257873534,93347.68376617432,101027.68376617432,4203.889175415039
Edge-IIoTset,IF,1,2,0.8871660690635398,0.988142554065873,0.9638453226098069,,2.5,1800.0,1800.0,11882.5,11882.5,4000.0
Edge-IIoTset,IF,1,2,0.8871660690635398,0.988142554065873,0.9638453226098069,,5.0,1800.0,1800.0,21965.0,21965.0,4000.0
Edge-IIoTset,IF,1,2,0.8871660690635398,0.988142554065873,0.9638453226098069,,10.0,1800.0,1800.0,42130.0,42130.0,4000.0
Edge-IIoTset,IF,1,2,0.8871660690635398,0.988142554065873,0.9638453226098069,,20.0,1800.0,1800.0,82460.0,82460.0,4000.0
Edge-IIoTset,OCSVM,1,2,0.9956950830233988,0.9999654933807285,0.9999615127756158,,2.5,19393.6,19393.6,30016.1,30016.1,4216.0
Edge-IIoTset,OCSVM,1,2,0.9956950830233988,0.9999654933807285,0.9999615127756158,,5.0,19393.6,19393.6,40638.6,40638.6,4216.0
Edge-IIoTset,OCSVM,1,2,0.9956950830233988,0.9999654933807285,0.9999615127756158,,10.0,19393.6,19393.6,61883.6,61883.6,4216.0
Edge-IIoTset,OCSVM,1,2,0.9956950830233988,0.9999654933807285,0.9999615127756158,,20.0,19393.6,19393.6,104373.6,104373.6,4216.0
Edge-IIoTset,LOF,1,2,0.6623007055704986,0.864729751421677,0.8830712025749459,,2.5,3035999.9999999995,3035999.9999999995,4686082.5,4686082.5,660000.0
Edge-IIoTset,LOF,1,2,0.6623007055704986,0.864729751421677,0.8830712025749459,,5.0,3035999.9999999995,3035999.9999999995,6336165.0,6336165.0,660000.0
Edge-IIoTset,LOF,1,2,0.6623007055704986,0.864729751421677,0.8830712025749459,,10.0,3035999.9999999995,3035999.9999999995,9636330.0,9636330.0,660000.0
Edge-IIoTset,LOF,1,2,0.6623007055704986,0.864729751421677,0.8830712025749459,,20.0,3035999.9999999995,3035999.9999999995,16236660.0,16236660.0,660000.0
Edge-IIoTset,SNN_AE,1,3,0.990176359131322,0.9980281750407892,0.9976899650313202,11653.670388793944,2.5,7737.856016921996,7737.856016921996,18520.23384170532,19480.23384170532,4234.95112991333
Edge-IIoTset,SNN_AE,1,3,0.990176359131322,0.9980281750407892,0.9976899650313202,11653.670388793944,5.0,7737.856016921996,7737.856016921996,29302.611666488647,31222.611666488647,4234.95112991333
Edge-IIoTset,SNN_AE,1,3,0.990176359131322,0.9980281750407892,0.9976899650313202,11653.670388793944,10.0,7737.856016921996,7737.856016921996,50867.3673160553,54707.3673160553,4234.95112991333
Edge-IIoTset,SNN_AE,1,3,0.990176359131322,0.9980281750407892,0.9976899650313202,11653.670388793944,20.0,7737.856016921996,7737.856016921996,93996.8786151886,101676.8786151886,4234.95112991333
Edge-IIoTset,LSTM_AE,1,3,0.9908492160634144,0.9987740708915893,0.9986277326922801,331200.0,2.5,331200.0,331200.0,513367.5,513367.5,72801.0
Edge-IIoTset,LSTM_AE,1,3,0.9908492160634144,0.9987740708915893,0.9986277326922801,331200.0,5.0,331200.0,331200.0,695535.0,695535.0,72801.0
Edge-IIoTset,LSTM_AE,1,3,0.9908492160634144,0.9987740708915893,0.9986277326922801,331200.0,10.0,331200.0,331200.0,1059870.0,1059870.0,72801.0
Edge-IIoTset,LSTM_AE,1,3,0.9908492160634144,0.9987740708915893,0.9986277326922801,331200.0,20.0,331200.0,331200.0,1788540.0,1788540.0,72801.0
Edge-IIoTset,CNN_AE,1,3,0.991282544680603,0.9989216845884371,0.9987832413681064,351955.19999999995,2.5,351955.19999999995,351955.19999999995,385922.69999999995,385922.69999999995,13521.0
Edge-IIoTset,CNN_AE,1,3,0.991282544680603,0.9989216845884371,0.9987832413681064,351955.19999999995,5.0,351955.19999999995,351955.19999999995,419890.19999999995,419890.19999999995,13521.0
Edge-IIoTset,CNN_AE,1,3,0.991282544680603,0.9989216845884371,0.9987832413681064,351955.19999999995,10.0,351955.19999999995,351955.19999999995,487825.19999999995,487825.19999999995,13521.0
Edge-IIoTset,CNN_AE,1,3,0.991282544680603,0.9989216845884371,0.9987832413681064,351955.19999999995,20.0,351955.19999999995,351955.19999999995,623695.2,623695.2,13521.0
Edge-IIoTset,SNN_Dense,1,3,0.9909647333139027,0.9983648735619388,0.9980539732669658,16246.384036254884,2.5,10914.267443847655,10038.83775261524,18487.136979420822,18967.136979420822,3243.3196907222327
Edge-IIoTset,SNN_Dense,1,3,0.9909647333139027,0.9983648735619388,0.9980539732669658,16246.384036254884,5.0,10914.267443847655,10038.83775261524,26935.436206226404,27895.436206226404,3243.3196907222327
Edge-IIoTset,SNN_Dense,1,3,0.9909647333139027,0.9983648735619388,0.9980539732669658,16246.384036254884,10.0,10914.267443847655,10038.83775261524,43832.03465983757,45752.03465983757,3243.3196907222327
Edge-IIoTset,SNN_Dense,1,3,0.9909647333139027,0.9983648735619388,0.9980539732669658,16246.384036254884,20.0,10914.267443847655,10038.83775261524,77625.2315670599,81465.2315670599,3243.3196907222327
Edge-IIoTset,Dense_SNN,1,3,0.9910508672205218,0.998340152998925,0.9980146441264636,24463.199999999997,2.5,11140.16392288208,8629.698288389762,17145.77013272218,17625.77013272218,3270.4287377329665
Edge-IIoTset,Dense_SNN,1,3,0.9910508672205218,0.998340152998925,0.9980146441264636,24463.199999999997,5.0,11140.16392288208,8629.698288389762,25661.841977054595,26621.841977054595,3270.4287377329665
Edge-IIoTset,Dense_SNN,1,3,0.9910508672205218,0.998340152998925,0.9980146441264636,24463.199999999997,10.0,11140.16392288208,8629.698288389762,42693.98566571943,44613.98566571943,3270.4287377329665
Edge-IIoTset,Dense_SNN,1,3,0.9910508672205218,0.998340152998925,0.9980146441264636,24463.199999999997,20.0,11140.16392288208,8629.698288389762,76758.27304304909,80598.27304304909,3270.4287377329665
Edge-IIoTset,Dense_AE,1,3,0.9909936168352327,0.9985305180325131,0.9982328947546157,15032.8,2.5,14425.599999999999,11725.96813235424,18583.776899938068,18583.776899938068,2549.123507033531
Edge-IIoTset,Dense_AE,1,3,0.9909936168352327,0.9985305180325131,0.9982328947546157,15032.8,5.0,14425.599999999999,11725.96813235424,25441.585667521897,25441.585667521897,2549.123507033531
Edge-IIoTset,Dense_AE,1,3,0.9909936168352327,0.9985305180325131,0.9982328947546157,15032.8,10.0,14425.599999999999,11725.96813235424,39157.203202689554,39157.203202689554,2549.123507033531
Edge-IIoTset,Dense_AE,1,3,0.9909936168352327,0.9985305180325131,0.9982328947546157,15032.8,20.0,14425.599999999999,11725.96813235424,66588.43827302486,66588.43827302486,2549.123507033531
Edge-IIoTset,SNN_AE_T2,1,3,0.9907037738598281,0.9973859100444246,0.996675137326122,11173.596801757812,2.5,6701.82925491333,6701.82925491333,14614.13274078369,15254.13274078369,3090.9213943481445
Edge-IIoTset,SNN_AE_T2,1,3,0.9907037738598281,0.9973859100444246,0.996675137326122,11173.596801757812,5.0,6701.82925491333,6701.82925491333,22526.436226654052,23806.436226654052,3090.9213943481445
Edge-IIoTset,SNN_AE_T2,1,3,0.9907037738598281,0.9973859100444246,0.996675137326122,11173.596801757812,10.0,6701.82925491333,6701.82925491333,38351.04319839478,40911.04319839478,3090.9213943481445
Edge-IIoTset,SNN_AE_T2,1,3,0.9907037738598281,0.9973859100444246,0.996675137326122,11173.596801757812,20.0,6701.82925491333,6701.82925491333,70000.25714187622,75120.25714187622,3090.9213943481445
Edge-IIoTset,SNN_AE_T5,1,3,0.9911380597014925,0.9982511854111802,0.9979316023214269,12148.352026367185,2.5,8956.22328262329,8956.22328262329,23107.399067687988,24707.399067687988,5574.470314025879
Edge-IIoTset,SNN_AE_T5,1,3,0.9911380597014925,0.9982511854111802,0.9979316023214269,12148.352026367185,5.0,8956.22328262329,8956.22328262329,37258.57485275269,40458.57485275269,5574.470314025879
Edge-IIoTset,SNN_AE_T5,1,3,0.9911380597014925,0.9982511854111802,0.9979316023214269,12148.352026367185,10.0,8956.22328262329,8956.22328262329,65560.92642288208,71960.92642288208,5574.470314025879
Edge-IIoTset,SNN_AE_T5,1,3,0.9911380597014925,0.9982511854111802,0.9979316023214269,12148.352026367185,20.0,8956.22328262329,8956.22328262329,122165.62956314087,134965.62956314086,5574.470314025879
Edge-IIoTset,SNN_AE_T7,1,3,0.9908492160634144,0.9981114408268483,0.9977817352978734,13342.096221923824,2.5,11282.57825012207,11282.57825012207,31880.295611572263,34120.29561157226,8145.086944580078
Edge-IIoTset,SNN_AE_T7,1,3,0.9908492160634144,0.9981114408268483,0.9977817352978734,13342.096221923824,5.0,11282.57825012207,11282.57825012207,52478.01297302246,56958.01297302246,8145.086944580078
Edge-IIoTset,SNN_AE_T7,1,3,0.9908492160634144,0.9981114408268483,0.9977817352978734,13342.096221923824,10.0,11282.57825012207,11282.57825012207,93673.44769592285,102633.44769592285,8145.086944580078
Edge-IIoTset,SNN_AE_T7,1,3,0.9908492160634144,0.9981114408268483,0.9977817352978734,13342.096221923824,20.0,11282.57825012207,11282.57825012207,176064.31714172364,193984.31714172364,8145.086944580078
Edge-IIoTset,SNN_AE_noBN,1,3,0.991224745634238,0.998095166862061,0.9977464443877334,11187.244885253906,2.5,8006.100120162963,8006.100120162963,19533.600453948973,20493.600453948973,4533.000133514404
Edge-IIoTset,SNN_AE_noBN,1,3,0.991224745634238,0.998095166862061,0.9977464443877334,11187.244885253906,5.0,8006.100120162963,8006.100120162963,31061.100787734984,32981.100787734984,4533.000133514404
Edge-IIoTset,SNN_AE_noBN,1,3,0.991224745634238,0.998095166862061,0.9977464443877334,11187.244885253906,10.0,8006.100120162963,8006.100120162963,54116.101455307005,57956.101455307005,4533.000133514404
Edge-IIoTset,SNN_AE_noBN,1,3,0.991224745634238,0.998095166862061,0.9977464443877334,11187.244885253906,20.0,8006.100120162963,8006.100120162963,100226.10279045106,107906.10279045106,4533.000133514404
Edge-IIoTset,IF,1,3,0.8759566222685381,0.9857797309473201,0.9668807994363356,,2.5,1800.0,1800.0,11882.5,11882.5,4000.0
Edge-IIoTset,IF,1,3,0.8759566222685381,0.9857797309473201,0.9668807994363356,,5.0,1800.0,1800.0,21965.0,21965.0,4000.0
Edge-IIoTset,IF,1,3,0.8759566222685381,0.9857797309473201,0.9668807994363356,,10.0,1800.0,1800.0,42130.0,42130.0,4000.0
Edge-IIoTset,IF,1,3,0.8759566222685381,0.9857797309473201,0.9668807994363356,,20.0,1800.0,1800.0,82460.0,82460.0,4000.0
Edge-IIoTset,OCSVM,1,3,0.9905316824471959,0.9977873008804917,0.9971794035647144,,2.5,17829.6,17829.6,27602.1,27602.1,3876.0
Edge-IIoTset,OCSVM,1,3,0.9905316824471959,0.9977873008804917,0.9971794035647144,,5.0,17829.6,17829.6,37374.6,37374.6,3876.0
Edge-IIoTset,OCSVM,1,3,0.9905316824471959,0.9977873008804917,0.9971794035647144,,10.0,17829.6,17829.6,56919.6,56919.6,3876.0
Edge-IIoTset,OCSVM,1,3,0.9905316824471959,0.9977873008804917,0.9971794035647144,,20.0,17829.6,17829.6,96009.6,96009.6,3876.0
Edge-IIoTset,LOF,1,3,0.8572275466851101,0.9723023694308287,0.9626794015714896,,2.5,3035999.9999999995,3035999.9999999995,4686082.5,4686082.5,660000.0
Edge-IIoTset,LOF,1,3,0.8572275466851101,0.9723023694308287,0.9626794015714896,,5.0,3035999.9999999995,3035999.9999999995,6336165.0,6336165.0,660000.0
Edge-IIoTset,LOF,1,3,0.8572275466851101,0.9723023694308287,0.9626794015714896,,10.0,3035999.9999999995,3035999.9999999995,9636330.0,9636330.0,660000.0
Edge-IIoTset,LOF,1,3,0.8572275466851101,0.9723023694308287,0.9626794015714896,,20.0,3035999.9999999995,3035999.9999999995,16236660.0,16236660.0,660000.0
Edge-IIoTset,SNN_AE,1,4,0.9240206152970563,0.9996207238089886,0.999517862179345,11572.108767700194,2.5,7496.839680862427,7496.839680862427,17609.727683258057,18569.727683258057,3967.155200958252
Edge-IIoTset,SNN_AE,1,4,0.9240206152970563,0.9996207238089886,0.999517862179345,11572.108767700194,5.0,7496.839680862427,7496.839680862427,27722.615685653687,29642.615685653687,3967.155200958252
Edge-IIoTset,SNN_AE,1,4,0.9240206152970563,0.9996207238089886,0.999517862179345,11572.108767700194,10.0,7496.839680862427,7496.839680862427,47948.39169044494,51788.39169044494,3967.155200958252
Edge-IIoTset,SNN_AE,1,4,0.9240206152970563,0.9996207238089886,0.999517862179345,11572.108767700194,20.0,7496.839680862427,7496.839680862427,88399.94370002746,96079.94370002746,3967.155200958252
Edge-IIoTset,LSTM_AE,1,4,0.9992065124753872,0.9999890136135658,0.9999883849081517,331200.0,2.5,331200.0,331200.0,513367.5,513367.5,72801.0
Edge-IIoTset,LSTM_AE,1,4,0.9992065124753872,0.9999890136135658,0.9999883849081517,331200.0,5.0,331200.0,331200.0,695535.0,695535.0,72801.0
Edge-IIoTset,LSTM_AE,1,4,0.9992065124753872,0.9999890136135658,0.9999883849081517,331200.0,10.0,331200.0,331200.0,1059870.0,1059870.0,72801.0
Edge-IIoTset,LSTM_AE,1,4,0.9992065124753872,0.9999890136135658,0.9999883849081517,331200.0,20.0,331200.0,331200.0,1788540.0,1788540.0,72801.0
Edge-IIoTset,CNN_AE,1,4,0.9989406779661016,0.9999692219615337,0.9999653084005373,351955.19999999995,2.5,351955.19999999995,351955.19999999995,385922.69999999995,385922.69999999995,13521.0
Edge-IIoTset,CNN_AE,1,4,0.9989406779661016,0.9999692219615337,0.9999653084005373,351955.19999999995,5.0,351955.19999999995,351955.19999999995,419890.19999999995,419890.19999999995,13521.0
Edge-IIoTset,CNN_AE,1,4,0.9989406779661016,0.9999692219615337,0.9999653084005373,351955.19999999995,10.0,351955.19999999995,351955.19999999995,487825.19999999995,487825.19999999995,13521.0
Edge-IIoTset,CNN_AE,1,4,0.9989406779661016,0.9999692219615337,0.9999653084005373,351955.19999999995,20.0,351955.19999999995,351955.19999999995,623695.2,623695.2,13521.0
Edge-IIoTset,SNN_Dense,1,4,0.9981169824643992,0.9997434917602102,0.9997086964398458,16175.075296020506,2.5,10863.094665527342,9661.298185735948,17790.0775514446,18270.0775514446,3115.5117462834605
Edge-IIoTset,SNN_Dense,1,4,0.9981169824643992,0.9997434917602102,0.9997086964398458,16175.075296020506,5.0,10863.094665527342,9661.298185735948,25918.85691715325,26878.85691715325,3115.5117462834605
Edge-IIoTset,SNN_Dense,1,4,0.9981169824643992,0.9997434917602102,0.9997086964398458,16175.075296020506,10.0,10863.094665527342,9661.298185735948,42176.41564857055,44096.41564857055,3115.5117462834605
Edge-IIoTset,SNN_Dense,1,4,0.9981169824643992,0.9997434917602102,0.9997086964398458,16175.075296020506,20.0,10863.094665527342,9661.298185735948,74691.53311140515,78531.53311140515,3115.5117462834605
Edge-IIoTset,Dense_SNN,1,4,0.8989258444415685,0.9996432796189886,0.9995663709870065,24463.199999999997,2.5,11171.05410270691,8773.567033843568,17436.84632760853,17916.84632760853,3329.3117175059847
Edge-IIoTset,Dense_SNN,1,4,0.8989258444415685,0.9996432796189886,0.9995663709870065,24463.199999999997,5.0,11171.05410270691,8773.567033843568,26100.12562137349,27060.12562137349,3329.3117175059847
Edge-IIoTset,Dense_SNN,1,4,0.8989258444415685,0.9996432796189886,0.9995663709870065,24463.199999999997,10.0,11171.05410270691,8773.567033843568,43426.68420890341,45346.68420890341,3329.3117175059847
Edge-IIoTset,Dense_SNN,1,4,0.8989258444415685,0.9996432796189886,0.9995663709870065,24463.199999999997,20.0,11171.05410270691,8773.567033843568,78079.80138396326,81919.80138396326,3329.3117175059847
Edge-IIoTset,Dense_AE,1,4,0.9990303528927805,0.9997211993706009,0.9996564019620767,15032.8,2.5,14425.599999999999,11771.238479317291,18653.650696337558,18653.650696337558,2558.964886808107
Edge-IIoTset,Dense_AE,1,4,0.9990303528927805,0.9997211993706009,0.9996564019620767,15032.8,5.0,14425.599999999999,11771.238479317291,25536.062913357826,25536.062913357826,2558.964886808107
Edge-IIoTset,Dense_AE,1,4,0.9990303528927805,0.9997211993706009,0.9996564019620767,15032.8,10.0,14425.599999999999,11771.238479317291,39300.88734739836,39300.88734739836,2558.964886808107
Edge-IIoTset,Dense_AE,1,4,0.9990303528927805,0.9997211993706009,0.9996564019620767,15032.8,20.0,14425.599999999999,11771.238479317291,66830.53621547944,66830.53621547944,2558.964886808107
Edge-IIoTset,SNN_AE_T2,1,4,0.8914509037616023,0.9994733910282526,0.9993841326909733,11222.64317626953,2.5,6669.963755226135,6669.963755226135,14493.75196418762,15133.75196418762,3055.5152835845947
Edge-IIoTset,SNN_AE_T2,1,4,0.8914509037616023,0.9994733910282526,0.9993841326909733,11222.64317626953,5.0,6669.963755226135,6669.963755226135,22317.540173149107,23597.540173149107,3055.5152835845947
Edge-IIoTset,SNN_AE_T2,1,4,0.8914509037616023,0.9994733910282526,0.9993841326909733,11222.64317626953,10.0,6669.963755226135,6669.963755226135,37965.11659107208,40525.11659107208,3055.5152835845947
Edge-IIoTset,SNN_AE_T2,1,4,0.8914509037616023,0.9994733910282526,0.9993841326909733,11222.64317626953,20.0,6669.963755226135,6669.963755226135,69260.26942691804,74380.26942691804,3055.5152835845947
Edge-IIoTset,SNN_AE_T5,1,4,0.9637094318942946,0.9996225115553744,0.9995426635943102,12464.576040649412,2.5,9512.346247863768,9512.346247863768,25208.30804748535,26808.30804748535,6192.384719848633
Edge-IIoTset,SNN_AE_T5,1,4,0.9637094318942946,0.9996225115553744,0.9995426635943102,12464.576040649412,5.0,9512.346247863768,9512.346247863768,40904.26984710693,44104.26984710693,6192.384719848633
Edge-IIoTset,SNN_AE_T5,1,4,0.9637094318942946,0.9996225115553744,0.9995426635943102,12464.576040649412,10.0,9512.346247863768,9512.346247863768,72296.1934463501,78696.1934463501,6192.384719848633
Edge-IIoTset,SNN_AE_T5,1,4,0.9637094318942946,0.9996225115553744,0.9995426635943102,12464.576040649412,20.0,9512.346247863768,9512.346247863768,135080.04064483644,147880.04064483644,6192.384719848633
Edge-IIoTset,SNN_AE_T7,1,4,0.9858794089609152,0.9996322054257575,0.9995606054968241,13382.099337768552,2.5,11586.732430267333,11586.732430267333,33029.322514343265,35269.322514343265,8483.036033630371
Edge-IIoTset,SNN_AE_T7,1,4,0.9858794089609152,0.9996322054257575,0.9995606054968241,13382.099337768552,5.0,11586.732430267333,11586.732430267333,54471.91259841919,58951.91259841919,8483.036033630371
Edge-IIoTset,SNN_AE_T7,1,4,0.9858794089609152,0.9996322054257575,0.9995606054968241,13382.099337768552,10.0,11586.732430267333,11586.732430267333,97357.09276657105,106317.09276657105,8483.036033630371
Edge-IIoTset,SNN_AE_T7,1,4,0.9858794089609152,0.9996322054257575,0.9995606054968241,13382.099337768552,20.0,11586.732430267333,11586.732430267333,183127.45310287474,201047.45310287474,8483.036033630371
Edge-IIoTset,SNN_AE_noBN,1,4,0.9015557420437673,0.999549775917054,0.9994697863949568,11193.40805053711,2.5,7902.59341506958,7902.59341506958,19142.57512359619,20102.57512359619,4417.9926834106445
Edge-IIoTset,SNN_AE_noBN,1,4,0.9015557420437673,0.999549775917054,0.9994697863949568,11193.40805053711,5.0,7902.59341506958,7902.59341506958,30382.556832122802,32302.556832122802,4417.9926834106445
Edge-IIoTset,SNN_AE_noBN,1,4,0.9015557420437673,0.999549775917054,0.9994697863949568,11193.40805053711,10.0,7902.59341506958,7902.59341506958,52862.52024917603,56702.52024917603,4417.9926834106445
Edge-IIoTset,SNN_AE_noBN,1,4,0.9015557420437673,0.999549775917054,0.9994697863949568,11193.40805053711,20.0,7902.59341506958,7902.59341506958,97822.44708328247,105502.44708328247,4417.9926834106445
Edge-IIoTset,IF,1,4,0.4355673645150946,0.9877533471950998,0.9687119986558951,,2.5,1800.0,1800.0,11882.5,11882.5,4000.0
Edge-IIoTset,IF,1,4,0.4355673645150946,0.9877533471950998,0.9687119986558951,,5.0,1800.0,1800.0,21965.0,21965.0,4000.0
Edge-IIoTset,IF,1,4,0.4355673645150946,0.9877533471950998,0.9687119986558951,,10.0,1800.0,1800.0,42130.0,42130.0,4000.0
Edge-IIoTset,IF,1,4,0.4355673645150946,0.9877533471950998,0.9687119986558951,,20.0,1800.0,1800.0,82460.0,82460.0,4000.0
Edge-IIoTset,OCSVM,1,4,0.9997059688326962,0.9999653409011084,0.9999612486866858,,2.5,20019.199999999997,20019.199999999997,30981.699999999997,30981.699999999997,4352.0
Edge-IIoTset,OCSVM,1,4,0.9997059688326962,0.9999653409011084,0.9999612486866858,,5.0,20019.199999999997,20019.199999999997,41944.2,41944.2,4352.0
Edge-IIoTset,OCSVM,1,4,0.9997059688326962,0.9999653409011084,0.9999612486866858,,10.0,20019.199999999997,20019.199999999997,63869.2,63869.2,4352.0
Edge-IIoTset,OCSVM,1,4,0.9997059688326962,0.9999653409011084,0.9999612486866858,,20.0,20019.199999999997,20019.199999999997,107719.2,107719.2,4352.0
Edge-IIoTset,LOF,1,4,0.4840622352993625,0.9988599270852359,0.9984533202420109,,2.5,3035999.9999999995,3035999.9999999995,4686082.5,4686082.5,660000.0
Edge-IIoTset,LOF,1,4,0.4840622352993625,0.9988599270852359,0.9984533202420109,,5.0,3035999.9999999995,3035999.9999999995,6336165.0,6336165.0,660000.0
Edge-IIoTset,LOF,1,4,0.4840622352993625,0.9988599270852359,0.9984533202420109,,10.0,3035999.9999999995,3035999.9999999995,9636330.0,9636330.0,660000.0
Edge-IIoTset,LOF,1,4,0.4840622352993625,0.9988599270852359,0.9984533202420109,,20.0,3035999.9999999995,3035999.9999999995,16236660.0,16236660.0,660000.0
Edge-IIoTset,SNN_AE,1,5,0.8748317631224765,0.9962925087865877,0.9958864972643723,11655.024014282226,2.5,7627.363610458374,7627.363610458374,18102.818083953858,19062.818083953858,4112.181789398193
Edge-IIoTset,SNN_AE,1,5,0.8748317631224765,0.9962925087865877,0.9958864972643723,11655.024014282226,5.0,7627.363610458374,7627.363610458374,28578.27255744934,30498.27255744934,4112.181789398193
Edge-IIoTset,SNN_AE,1,5,0.8748317631224765,0.9962925087865877,0.9958864972643723,11655.024014282226,10.0,7627.363610458374,7627.363610458374,49529.181504440305,53369.181504440305,4112.181789398193
Edge-IIoTset,SNN_AE,1,5,0.8748317631224765,0.9962925087865877,0.9958864972643723,11655.024014282226,20.0,7627.363610458374,7627.363610458374,91430.99939842224,99110.99939842224,4112.181789398193
Edge-IIoTset,LSTM_AE,1,5,0.9933964469378214,0.9999801067509996,0.9999794523210794,331200.0,2.5,331200.0,331200.0,513367.5,513367.5,72801.0
Edge-IIoTset,LSTM_AE,1,5,0.9933964469378214,0.9999801067509996,0.9999794523210794,331200.0,5.0,331200.0,331200.0,695535.0,695535.0,72801.0
Edge-IIoTset,LSTM_AE,1,5,0.9933964469378214,0.9999801067509996,0.9999794523210794,331200.0,10.0,331200.0,331200.0,1059870.0,1059870.0,72801.0
Edge-IIoTset,LSTM_AE,1,5,0.9933964469378214,0.9999801067509996,0.9999794523210794,331200.0,20.0,331200.0,331200.0,1788540.0,1788540.0,72801.0
Edge-IIoTset,CNN_AE,1,5,0.9594364828758805,0.9989772170166342,0.9989559682845072,351955.19999999995,2.5,351955.19999999995,351955.19999999995,385922.69999999995,385922.69999999995,13521.0
Edge-IIoTset,CNN_AE,1,5,0.9594364828758805,0.9989772170166342,0.9989559682845072,351955.19999999995,5.0,351955.19999999995,351955.19999999995,419890.19999999995,419890.19999999995,13521.0
Edge-IIoTset,CNN_AE,1,5,0.9594364828758805,0.9989772170166342,0.9989559682845072,351955.19999999995,10.0,351955.19999999995,351955.19999999995,487825.19999999995,487825.19999999995,13521.0
Edge-IIoTset,CNN_AE,1,5,0.9594364828758805,0.9989772170166342,0.9989559682845072,351955.19999999995,20.0,351955.19999999995,351955.19999999995,623695.2,623695.2,13521.0
Edge-IIoTset,SNN_Dense,1,5,0.9235005538851084,0.9986064955152152,0.9985615985486157,16085.824096679688,2.5,10769.605957031248,9583.047998279266,17460.418311967045,17940.418311967045,3014.948125475112
Edge-IIoTset,SNN_Dense,1,5,0.9235005538851084,0.9986064955152152,0.9985615985486157,16085.824096679688,5.0,10769.605957031248,9583.047998279266,25337.788625654826,26297.788625654826,3014.948125475112
Edge-IIoTset,SNN_Dense,1,5,0.9235005538851084,0.9986064955152152,0.9985615985486157,16085.824096679688,10.0,10769.605957031248,9583.047998279266,41092.529253030385,43012.529253030385,3014.948125475112
Edge-IIoTset,SNN_Dense,1,5,0.9235005538851084,0.9986064955152152,0.9985615985486157,16085.824096679688,20.0,10769.605957031248,9583.047998279266,72602.01050778151,76442.01050778151,3014.948125475112
Edge-IIoTset,Dense_SNN,1,5,0.9242496125502103,0.999388251520822,0.9993668778813978,24463.199999999997,2.5,11156.816696929933,9112.536586465158,17928.227834327106,18408.227834327106,3390.27649914478
Edge-IIoTset,Dense_SNN,1,5,0.9242496125502103,0.999388251520822,0.9993668778813978,24463.199999999997,5.0,11156.816696929933,9112.536586465158,26743.919082189055,27703.919082189055,3390.27649914478
Edge-IIoTset,Dense_SNN,1,5,0.9242496125502103,0.999388251520822,0.9993668778813978,24463.199999999997,10.0,11156.816696929933,9112.536586465158,44375.30157791295,46295.30157791295,3390.27649914478
Edge-IIoTset,Dense_SNN,1,5,0.9242496125502103,0.999388251520822,0.9993668778813978,24463.199999999997,20.0,11156.816696929933,9112.536586465158,79638.06656936074,83478.06656936074,3390.27649914478
Edge-IIoTset,Dense_AE,1,5,0.999205765553758,0.9998777438666511,0.9998533242692356,15032.8,2.5,14425.599999999999,11538.528344791115,18294.467662612373,18294.467662612373,2508.3757271285035
Edge-IIoTset,Dense_AE,1,5,0.999205765553758,0.9998777438666511,0.9998533242692356,15032.8,5.0,14425.599999999999,11538.528344791115,25050.406980433632,25050.406980433632,2508.3757271285035
Edge-IIoTset,Dense_AE,1,5,0.999205765553758,0.9998777438666511,0.9998533242692356,15032.8,10.0,14425.599999999999,11538.528344791115,38562.28561607615,38562.28561607615,2508.3757271285035
Edge-IIoTset,Dense_AE,1,5,0.999205765553758,0.9998777438666511,0.9998533242692356,15032.8,20.0,14425.599999999999,11538.528344791115,65586.04288736118,65586.04288736118,2508.3757271285035
Edge-IIoTset,SNN_AE_T2,1,5,0.9033372796211564,0.9968913017959854,0.9966503229569518,11200.467218017577,2.5,6577.728313827514,6577.728313827514,14145.306963348388,14785.306963348388,2953.0314598083496
Edge-IIoTset,SNN_AE_T2,1,5,0.9033372796211564,0.9968913017959854,0.9966503229569518,11200.467218017577,5.0,6577.728313827514,6577.728313827514,21712.885612869264,22992.885612869264,2953.0314598083496
Edge-IIoTset,SNN_AE_T2,1,5,0.9033372796211564,0.9968913017959854,0.9966503229569518,11200.467218017577,10.0,6577.728313827514,6577.728313827514,36848.04291191101,39408.04291191101,2953.0314598083496
Edge-IIoTset,SNN_AE_T2,1,5,0.9033372796211564,0.9968913017959854,0.9966503229569518,11200.467218017577,20.0,6577.728313827514,6577.728313827514,67118.3575099945,72238.3575099945,2953.0314598083496
Edge-IIoTset,SNN_AE_T5,1,5,0.8824862840434968,0.9978997776596258,0.997777909507057,12526.179129028318,2.5,9668.039429473876,9668.039429473876,25796.482289123534,27396.482289123534,6365.377143859863
Edge-IIoTset,SNN_AE_T5,1,5,0.8824862840434968,0.9978997776596258,0.997777909507057,12526.179129028318,5.0,9668.039429473876,9668.039429473876,41924.925148773196,45124.925148773196,6365.377143859863
Edge-IIoTset,SNN_AE_T5,1,5,0.8824862840434968,0.9978997776596258,0.997777909507057,12526.179129028318,10.0,9668.039429473876,9668.039429473876,74181.81086807251,80581.81086807251,6365.377143859863
Edge-IIoTset,SNN_AE_T5,1,5,0.8824862840434968,0.9978997776596258,0.997777909507057,12526.179129028318,20.0,9668.039429473876,9668.039429473876,138695.58230667113,151495.58230667113,6365.377143859863
Edge-IIoTset,SNN_AE_T7,1,5,0.9300657501494322,0.9985753644103492,0.998516207368624,13280.607775878903,2.5,11202.482205200195,11202.482205200195,31577.710552978515,33817.71055297852,8056.091339111328
Edge-IIoTset,SNN_AE_T7,1,5,0.9300657501494322,0.9985753644103492,0.998516207368624,13280.607775878903,5.0,11202.482205200195,11202.482205200195,51952.93890075684,56432.93890075684,8056.091339111328
Edge-IIoTset,SNN_AE_T7,1,5,0.9300657501494322,0.9985753644103492,0.998516207368624,13280.607775878903,10.0,11202.482205200195,11202.482205200195,92703.39559631348,101663.39559631348,8056.091339111328
Edge-IIoTset,SNN_AE_T7,1,5,0.9300657501494322,0.9985753644103492,0.998516207368624,13280.607775878903,20.0,11202.482205200195,11202.482205200195,174204.30898742675,192124.30898742675,8056.091339111328
Edge-IIoTset,SNN_AE_noBN,1,5,0.9611193735393208,0.9984604724387699,0.9983601310142197,11190.15368041992,2.5,7815.401977157592,7815.401977157592,18813.185247039793,19773.185247039793,4321.113307952881
Edge-IIoTset,SNN_AE_noBN,1,5,0.9611193735393208,0.9984604724387699,0.9983601310142197,11190.15368041992,5.0,7815.401977157592,7815.401977157592,29810.968516921996,31730.968516921996,4321.113307952881
Edge-IIoTset,SNN_AE_noBN,1,5,0.9611193735393208,0.9984604724387699,0.9983601310142197,11190.15368041992,10.0,7815.401977157592,7815.401977157592,51806.5350566864,55646.5350566864,4321.113307952881
Edge-IIoTset,SNN_AE_noBN,1,5,0.9611193735393208,0.9984604724387699,0.9983601310142197,11190.15368041992,20.0,7815.401977157592,7815.401977157592,95797.66813621522,103477.66813621522,4321.113307952881
Edge-IIoTset,IF,1,5,0.515334754426415,0.9849104734745171,0.9710194373946999,,2.5,1800.0,1800.0,11882.5,11882.5,4000.0
Edge-IIoTset,IF,1,5,0.515334754426415,0.9849104734745171,0.9710194373946999,,5.0,1800.0,1800.0,21965.0,21965.0,4000.0
Edge-IIoTset,IF,1,5,0.515334754426415,0.9849104734745171,0.9710194373946999,,10.0,1800.0,1800.0,42130.0,42130.0,4000.0
Edge-IIoTset,IF,1,5,0.515334754426415,0.9849104734745171,0.9710194373946999,,20.0,1800.0,1800.0,82460.0,82460.0,4000.0
Edge-IIoTset,OCSVM,1,5,0.9392155030065115,0.9990765969493797,0.9990381550179099,,2.5,18924.399999999998,18924.399999999998,29291.899999999998,29291.899999999998,4114.0
Edge-IIoTset,OCSVM,1,5,0.9392155030065115,0.9990765969493797,0.9990381550179099,,5.0,18924.399999999998,18924.399999999998,39659.399999999994,39659.399999999994,4114.0
Edge-IIoTset,OCSVM,1,5,0.9392155030065115,0.9990765969493797,0.9990381550179099,,10.0,18924.399999999998,18924.399999999998,60394.399999999994,60394.399999999994,4114.0
Edge-IIoTset,OCSVM,1,5,0.9392155030065115,0.9990765969493797,0.9990381550179099,,20.0,18924.399999999998,18924.399999999998,101864.4,101864.4,4114.0
Edge-IIoTset,LOF,1,5,0.5526707177155484,0.9925035871374022,0.9899718101109526,,2.5,3035999.9999999995,3035999.9999999995,4686082.5,4686082.5,660000.0
Edge-IIoTset,LOF,1,5,0.5526707177155484,0.9925035871374022,0.9899718101109526,,5.0,3035999.9999999995,3035999.9999999995,6336165.0,6336165.0,660000.0
Edge-IIoTset,LOF,1,5,0.5526707177155484,0.9925035871374022,0.9899718101109526,,10.0,3035999.9999999995,3035999.9999999995,9636330.0,9636330.0,660000.0
Edge-IIoTset,LOF,1,5,0.5526707177155484,0.9925035871374022,0.9899718101109526,,20.0,3035999.9999999995,3035999.9999999995,16236660.0,16236660.0,660000.0
Edge-IIoTset,SNN_AE,1,6,0.9486285124312861,0.9967330031833609,0.996328027431052,11777.25133666992,2.5,7661.633459472656,7661.633459472656,18232.281958007814,19192.281958007814,4150.2593994140625
Edge-IIoTset,SNN_AE,1,6,0.9486285124312861,0.9967330031833609,0.996328027431052,11777.25133666992,5.0,7661.633459472656,7661.633459472656,28802.93045654297,30722.93045654297,4150.2593994140625
Edge-IIoTset,SNN_AE,1,6,0.9486285124312861,0.9967330031833609,0.996328027431052,11777.25133666992,10.0,7661.633459472656,7661.633459472656,49944.22745361328,53784.22745361328,4150.2593994140625
Edge-IIoTset,SNN_AE,1,6,0.9486285124312861,0.9967330031833609,0.996328027431052,11777.25133666992,20.0,7661.633459472656,7661.633459472656,92226.8214477539,99906.8214477539,4150.2593994140625
Edge-IIoTset,LSTM_AE,1,6,0.949084412684234,0.9999998595106501,0.9999998477160417,331200.0,2.5,331200.0,331200.0,513367.5,513367.5,72801.0
Edge-IIoTset,LSTM_AE,1,6,0.949084412684234,0.9999998595106501,0.9999998477160417,331200.0,5.0,331200.0,331200.0,695535.0,695535.0,72801.0
Edge-IIoTset,LSTM_AE,1,6,0.949084412684234,0.9999998595106501,0.9999998477160417,331200.0,10.0,331200.0,331200.0,1059870.0,1059870.0,72801.0
Edge-IIoTset,LSTM_AE,1,6,0.949084412684234,0.9999998595106501,0.9999998477160417,331200.0,20.0,331200.0,331200.0,1788540.0,1788540.0,72801.0
Edge-IIoTset,CNN_AE,1,6,0.9488989980742932,0.9999575881810141,0.9999529561434356,351955.19999999995,2.5,351955.19999999995,351955.19999999995,385922.69999999995,385922.69999999995,13521.0
Edge-IIoTset,CNN_AE,1,6,0.9488989980742932,0.9999575881810141,0.9999529561434356,351955.19999999995,5.0,351955.19999999995,351955.19999999995,419890.19999999995,419890.19999999995,13521.0
Edge-IIoTset,CNN_AE,1,6,0.9488989980742932,0.9999575881810141,0.9999529561434356,351955.19999999995,10.0,351955.19999999995,351955.19999999995,487825.19999999995,487825.19999999995,13521.0
Edge-IIoTset,CNN_AE,1,6,0.9488989980742932,0.9999575881810141,0.9999529561434356,351955.19999999995,20.0,351955.19999999995,351955.19999999995,623695.2,623695.2,13521.0
Edge-IIoTset,SNN_Dense,1,6,0.9486607142857143,0.9998288712000024,0.9998008437550504,16382.032092285157,2.5,11068.034619140624,9770.893055749608,18417.132090166855,18897.132090166855,3322.4956137668987
Edge-IIoTset,SNN_Dense,1,6,0.9486607142857143,0.9998288712000024,0.9998008437550504,16382.032092285157,5.0,11068.034619140624,9770.893055749608,27063.371124584104,28023.371124584104,3322.4956137668987
Edge-IIoTset,SNN_Dense,1,6,0.9486607142857143,0.9998288712000024,0.9998008437550504,16382.032092285157,10.0,11068.034619140624,9770.893055749608,44355.849193418595,46275.849193418595,3322.4956137668987
Edge-IIoTset,SNN_Dense,1,6,0.9486607142857143,0.9998288712000024,0.9998008437550504,16382.032092285157,20.0,11068.034619140624,9770.893055749608,78940.80533108758,82780.80533108758,3322.4956137668987
Edge-IIoTset,Dense_SNN,1,6,0.9491638982719633,0.9981307365154172,0.9979056302652285,24463.199999999997,2.5,11168.383250808716,9050.993758106235,17859.080962386342,18339.080962386342,3387.2348817120433
Edge-IIoTset,Dense_SNN,1,6,0.9491638982719633,0.9981307365154172,0.9979056302652285,24463.199999999997,5.0,11168.383250808716,9050.993758106235,26667.16816666645,27627.16816666645,3387.2348817120433
Edge-IIoTset,Dense_SNN,1,6,0.9491638982719633,0.9981307365154172,0.9979056302652285,24463.199999999997,10.0,11168.383250808716,9050.993758106235,44283.34257522666,46203.34257522666,3387.2348817120433
Edge-IIoTset,Dense_SNN,1,6,0.9491638982719633,0.9981307365154172,0.9979056302652285,24463.199999999997,20.0,11168.383250808716,9050.993758106235,79515.6913923471,83355.6913923471,3387.2348817120433
Edge-IIoTset,Dense_AE,1,6,0.948846035777077,0.9998028168114664,0.9997374695730517,15032.8,2.5,14425.599999999999,11054.85653389041,17547.93073709172,17547.93073709172,2403.229681280524
Edge-IIoTset,Dense_AE,1,6,0.948846035777077,0.9998028168114664,0.9997374695730517,15032.8,5.0,14425.599999999999,11054.85653389041,24041.00494029303,24041.00494029303,2403.229681280524
Edge-IIoTset,Dense_AE,1,6,0.948846035777077,0.9998028168114664,0.9997374695730517,15032.8,10.0,14425.599999999999,11054.85653389041,37027.153346695646,37027.153346695646,2403.229681280524
Edge-IIoTset,Dense_AE,1,6,0.948846035777077,0.9998028168114664,0.9997374695730517,15032.8,20.0,14425.599999999999,11054.85653389041,62999.450159500884,62999.450159500884,2403.229681280524
Edge-IIoTset,SNN_AE_T2,1,6,0.9483292856544678,0.998103422512141,0.9978431424960648,11395.356823730468,2.5,6870.510041046143,6870.510041046143,15251.371266174316,15891.371266174316,3278.3444900512695
Edge-IIoTset,SNN_AE_T2,1,6,0.9483292856544678,0.998103422512141,0.9978431424960648,11395.356823730468,5.0,6870.510041046143,6870.510041046143,23632.23249130249,24912.23249130249,3278.3444900512695
Edge-IIoTset,SNN_AE_T2,1,6,0.9483292856544678,0.998103422512141,0.9978431424960648,11395.356823730468,10.0,6870.510041046143,6870.510041046143,40393.95494155884,42953.95494155884,3278.3444900512695
Edge-IIoTset,SNN_AE_T2,1,6,0.9483292856544678,0.998103422512141,0.9978431424960648,11395.356823730468,20.0,6870.510041046143,6870.510041046143,73917.39984207154,79037.39984207154,3278.3444900512695
Edge-IIoTset,SNN_AE_T5,1,6,0.949084412684234,0.9986961279219392,0.9985472451869751,12885.027349853513,2.5,9951.40350112915,9951.40350112915,26866.968782043456,28466.968782043456,6680.226112365723
Edge-IIoTset,SNN_AE_T5,1,6,0.949084412684234,0.9986961279219392,0.9985472451869751,12885.027349853513,5.0,9951.40350112915,9951.40350112915,43782.53406295776,46982.53406295776,6680.226112365723
Edge-IIoTset,SNN_AE_T5,1,6,0.949084412684234,0.9986961279219392,0.9985472451869751,12885.027349853513,10.0,9951.40350112915,9951.40350112915,77613.66462478638,84013.66462478638,6680.226112365723
Edge-IIoTset,SNN_AE_T5,1,6,0.949084412684234,0.9986961279219392,0.9985472451869751,12885.027349853513,20.0,9951.40350112915,9951.40350112915,145275.9257484436,158075.9257484436,6680.226112365723
Edge-IIoTset,SNN_AE_T7,1,6,0.9482902883918113,0.9995601342311881,0.9994900746670584,13996.144195556637,2.5,12206.891035461425,12206.891035461425,35372.143911743166,37612.143911743166,9172.101150512695
Edge-IIoTset,SNN_AE_T7,1,6,0.9482902883918113,0.9995601342311881,0.9994900746670584,13996.144195556637,5.0,12206.891035461425,12206.891035461425,58537.396788024904,63017.396788024904,9172.101150512695
Edge-IIoTset,SNN_AE_T7,1,6,0.9482902883918113,0.9995601342311881,0.9994900746670584,13996.144195556637,10.0,12206.891035461425,12206.891035461425,104867.90254058837,113827.90254058837,9172.101150512695
Edge-IIoTset,SNN_AE_T7,1,6,0.9482902883918113,0.9995601342311881,0.9994900746670584,13996.144195556637,20.0,12206.891035461425,12206.891035461425,197528.91404571533,215448.91404571533,9172.101150512695
Edge-IIoTset,SNN_AE_noBN,1,6,0.9483557590307632,0.9969472031444071,0.9967944947116795,11225.116735839842,2.5,7734.919374847412,7734.919374847412,18509.13986053467,19469.13986053467,4231.688194274902
Edge-IIoTset,SNN_AE_noBN,1,6,0.9483557590307632,0.9969472031444071,0.9967944947116795,11225.116735839842,5.0,7734.919374847412,7734.919374847412,29283.360346221925,31203.360346221925,4231.688194274902
Edge-IIoTset,SNN_AE_noBN,1,6,0.9483557590307632,0.9969472031444071,0.9967944947116795,11225.116735839842,10.0,7734.919374847412,7734.919374847412,50831.80131759644,54671.80131759644,4231.688194274902
Edge-IIoTset,SNN_AE_noBN,1,6,0.9483557590307632,0.9969472031444071,0.9967944947116795,11225.116735839842,20.0,7734.919374847412,7734.919374847412,93928.68326034545,101608.68326034545,4231.688194274902
Edge-IIoTset,IF,1,6,0.8512144513609179,0.948441347292866,0.9112144368879682,,2.5,1800.0,1800.0,11882.5,11882.5,4000.0
Edge-IIoTset,IF,1,6,0.8512144513609179,0.948441347292866,0.9112144368879682,,5.0,1800.0,1800.0,21965.0,21965.0,4000.0
Edge-IIoTset,IF,1,6,0.8512144513609179,0.948441347292866,0.9112144368879682,,10.0,1800.0,1800.0,42130.0,42130.0,4000.0
Edge-IIoTset,IF,1,6,0.8512144513609179,0.948441347292866,0.9112144368879682,,20.0,1800.0,1800.0,82460.0,82460.0,4000.0
Edge-IIoTset,OCSVM,1,6,0.9485019249009652,0.9998515283006217,0.999752324767837,,2.5,18768.0,18768.0,29050.5,29050.5,4080.0
Edge-IIoTset,OCSVM,1,6,0.9485019249009652,0.9998515283006217,0.999752324767837,,5.0,18768.0,18768.0,39333.0,39333.0,4080.0
Edge-IIoTset,OCSVM,1,6,0.9485019249009652,0.9998515283006217,0.999752324767837,,10.0,18768.0,18768.0,59898.0,59898.0,4080.0
Edge-IIoTset,OCSVM,1,6,0.9485019249009652,0.9998515283006217,0.999752324767837,,20.0,18768.0,18768.0,101028.0,101028.0,4080.0
Edge-IIoTset,LOF,1,6,0.9485991740149571,0.9551395218891987,0.9330917470669278,,2.5,3035999.9999999995,3035999.9999999995,4686082.5,4686082.5,660000.0
Edge-IIoTset,LOF,1,6,0.9485991740149571,0.9551395218891987,0.9330917470669278,,5.0,3035999.9999999995,3035999.9999999995,6336165.0,6336165.0,660000.0
Edge-IIoTset,LOF,1,6,0.9485991740149571,0.9551395218891987,0.9330917470669278,,10.0,3035999.9999999995,3035999.9999999995,9636330.0,9636330.0,660000.0
Edge-IIoTset,LOF,1,6,0.9485991740149571,0.9551395218891987,0.9330917470669278,,20.0,3035999.9999999995,3035999.9999999995,16236660.0,16236660.0,660000.0
Edge-IIoTset,SNN_AE,1,7,0.945648466809289,0.9999272043025853,0.9999059466832652,11540.342486572265,2.5,7527.266059112548,7527.266059112548,17724.671778869626,18684.671778869626,4000.962287902832
Edge-IIoTset,SNN_AE,1,7,0.945648466809289,0.9999272043025853,0.9999059466832652,11540.342486572265,5.0,7527.266059112548,7527.266059112548,27922.077498626706,29842.077498626706,4000.962287902832
Edge-IIoTset,SNN_AE,1,7,0.945648466809289,0.9999272043025853,0.9999059466832652,11540.342486572265,10.0,7527.266059112548,7527.266059112548,48316.888938140866,52156.888938140866,4000.962287902832
Edge-IIoTset,SNN_AE,1,7,0.945648466809289,0.9999272043025853,0.9999059466832652,11540.342486572265,20.0,7527.266059112548,7527.266059112548,89106.51181716919,96786.51181716919,4000.962287902832
Edge-IIoTset,LSTM_AE,1,7,0.9997059688326962,0.9999850869925435,0.9999830884811183,331200.0,2.5,331200.0,331200.0,513367.5,513367.5,72801.0
Edge-IIoTset,LSTM_AE,1,7,0.9997059688326962,0.9999850869925435,0.9999830884811183,331200.0,5.0,331200.0,331200.0,695535.0,695535.0,72801.0
Edge-IIoTset,LSTM_AE,1,7,0.9997059688326962,0.9999850869925435,0.9999830884811183,331200.0,10.0,331200.0,331200.0,1059870.0,1059870.0,72801.0
Edge-IIoTset,LSTM_AE,1,7,0.9997059688326962,0.9999850869925435,0.9999830884811183,331200.0,20.0,331200.0,331200.0,1788540.0,1788540.0,72801.0
Edge-IIoTset,CNN_AE,1,7,0.9992644246329478,0.9999843989159283,0.9999824105415768,351955.19999999995,2.5,351955.19999999995,351955.19999999995,385922.69999999995,385922.69999999995,13521.0
Edge-IIoTset,CNN_AE,1,7,0.9992644246329478,0.9999843989159283,0.9999824105415768,351955.19999999995,5.0,351955.19999999995,351955.19999999995,419890.19999999995,419890.19999999995,13521.0
Edge-IIoTset,CNN_AE,1,7,0.9992644246329478,0.9999843989159283,0.9999824105415768,351955.19999999995,10.0,351955.19999999995,351955.19999999995,487825.19999999995,487825.19999999995,13521.0
Edge-IIoTset,CNN_AE,1,7,0.9992644246329478,0.9999843989159283,0.9999824105415768,351955.19999999995,20.0,351955.19999999995,351955.19999999995,623695.2,623695.2,13521.0
Edge-IIoTset,SNN_Dense,1,7,0.9964589235127479,0.999939909145802,0.9999209688149474,16032.371298217771,2.5,10705.082702636717,9449.06766531002,17109.458304521904,17589.458304521904,2928.156255684753
Edge-IIoTset,SNN_Dense,1,7,0.9964589235127479,0.999939909145802,0.9999209688149474,16032.371298217771,5.0,10705.082702636717,9449.06766531002,24769.848943733785,25729.848943733785,2928.156255684753
Edge-IIoTset,SNN_Dense,1,7,0.9964589235127479,0.999939909145802,0.9999209688149474,16032.371298217771,10.0,10705.082702636717,9449.06766531002,40090.630222157546,42010.630222157546,2928.156255684753
Edge-IIoTset,SNN_Dense,1,7,0.9964589235127479,0.999939909145802,0.9999209688149474,16032.371298217771,20.0,10705.082702636717,9449.06766531002,70732.19277900508,74572.19277900508,2928.156255684753
Edge-IIoTset,Dense_SNN,1,7,0.972390043499275,0.9998886825439175,0.9998642474217717,24463.199999999997,2.5,11220.45976448059,9127.743755474783,18093.89744418583,18573.89744418583,3450.4614754844183
Edge-IIoTset,Dense_SNN,1,7,0.972390043499275,0.9998886825439175,0.9998642474217717,24463.199999999997,5.0,11220.45976448059,9127.743755474783,27060.05113289687,28020.05113289687,3450.4614754844183
Edge-IIoTset,Dense_SNN,1,7,0.972390043499275,0.9998886825439175,0.9998642474217717,24463.199999999997,10.0,11220.45976448059,9127.743755474783,44992.35851031896,46912.35851031896,3450.4614754844183
Edge-IIoTset,Dense_SNN,1,7,0.972390043499275,0.9998886825439175,0.9998642474217717,24463.199999999997,20.0,11220.45976448059,9127.743755474783,80856.97326516315,84696.97326516315,3450.4614754844183
Edge-IIoTset,Dense_AE,1,7,0.9982326951399116,0.9999076151826211,0.9998486079858103,15032.8,2.5,14425.599999999999,10749.354568076786,17076.395094205473,17076.395094205473,2336.816210451475
Edge-IIoTset,Dense_AE,1,7,0.9982326951399116,0.9999076151826211,0.9998486079858103,15032.8,5.0,14425.599999999999,10749.354568076786,23403.43562033416,23403.43562033416,2336.816210451475
Edge-IIoTset,Dense_AE,1,7,0.9982326951399116,0.9999076151826211,0.9998486079858103,15032.8,10.0,14425.599999999999,10749.354568076786,36057.51667259153,36057.51667259153,2336.816210451475
Edge-IIoTset,Dense_AE,1,7,0.9982326951399116,0.9999076151826211,0.9998486079858103,15032.8,20.0,14425.599999999999,10749.354568076786,61365.67877710628,61365.67877710628,2336.816210451475
Edge-IIoTset,SNN_AE_T2,1,7,0.9435215946843853,0.9997693855054554,0.9997241759250052,11200.956823730467,2.5,6702.02971420288,6702.02971420288,14614.890031433104,15254.890031433104,3091.14412689209
Edge-IIoTset,SNN_AE_T2,1,7,0.9435215946843853,0.9997693855054554,0.9997241759250052,11200.956823730467,5.0,6702.02971420288,6702.02971420288,22527.75034866333,23807.75034866333,3091.14412689209
Edge-IIoTset,SNN_AE_T2,1,7,0.9435215946843853,0.9997693855054554,0.9997241759250052,11200.956823730467,10.0,6702.02971420288,6702.02971420288,38353.47098312378,40913.47098312378,3091.14412689209
Edge-IIoTset,SNN_AE_T2,1,7,0.9435215946843853,0.9997693855054554,0.9997241759250052,11200.956823730467,20.0,6702.02971420288,6702.02971420288,70004.91225204468,75124.91225204468,3091.14412689209
Edge-IIoTset,SNN_AE_T5,1,7,0.9910412340551765,0.9999412326401079,0.9999315822092814,12442.918280029295,2.5,9378.16668624878,9378.16668624878,24701.407481384278,26301.407481384278,6043.296318054199
Edge-IIoTset,SNN_AE_T5,1,7,0.9910412340551765,0.9999412326401079,0.9999315822092814,12442.918280029295,5.0,9378.16668624878,9378.16668624878,40024.64827651977,43224.64827651977,6043.296318054199
Edge-IIoTset,SNN_AE_T5,1,7,0.9910412340551765,0.9999412326401079,0.9999315822092814,12442.918280029295,10.0,9378.16668624878,9378.16668624878,70671.12986679077,77071.12986679077,6043.296318054199
Edge-IIoTset,SNN_AE_T5,1,7,0.9910412340551765,0.9999412326401079,0.9999315822092814,12442.918280029295,20.0,9378.16668624878,9378.16668624878,131964.09304733278,144764.09304733278,6043.296318054199
Edge-IIoTset,SNN_AE_T7,1,7,0.9666950285644828,0.9999165882633788,0.9998959420525803,13171.427322387692,2.5,11180.059308624266,11180.059308624266,31493.001832580565,33733.001832580565,8031.1770095825195
Edge-IIoTset,SNN_AE_T7,1,7,0.9666950285644828,0.9999165882633788,0.9998959420525803,13171.427322387692,5.0,11180.059308624266,11180.059308624266,51805.944356536864,56285.944356536864,8031.1770095825195
Edge-IIoTset,SNN_AE_T7,1,7,0.9666950285644828,0.9999165882633788,0.9998959420525803,13171.427322387692,10.0,11180.059308624266,11180.059308624266,92431.82940444947,101391.82940444947,8031.1770095825195
Edge-IIoTset,SNN_AE_T7,1,7,0.9666950285644828,0.9999165882633788,0.9998959420525803,13171.427322387692,20.0,11180.059308624266,11180.059308624266,173683.59950027466,191603.59950027466,8031.1770095825195
Edge-IIoTset,SNN_AE_noBN,1,7,0.9490341523721217,0.9998711085054695,0.9998499930958717,11101.939205932616,2.5,7706.749801254272,7706.749801254272,18402.721471405028,19362.721471405028,4200.388668060303
Edge-IIoTset,SNN_AE_noBN,1,7,0.9490341523721217,0.9998711085054695,0.9998499930958717,11101.939205932616,5.0,7706.749801254272,7706.749801254272,29098.693141555785,31018.693141555785,4200.388668060303
Edge-IIoTset,SNN_AE_noBN,1,7,0.9490341523721217,0.9998711085054695,0.9998499930958717,11101.939205932616,10.0,7706.749801254272,7706.749801254272,50490.6364818573,54330.6364818573,4200.388668060303
Edge-IIoTset,SNN_AE_noBN,1,7,0.9490341523721217,0.9998711085054695,0.9998499930958717,11101.939205932616,20.0,7706.749801254272,7706.749801254272,93274.52316246033,100954.52316246033,4200.388668060303
Edge-IIoTset,IF,1,7,0.40252927400468386,0.990871301588193,0.9761171332738618,,2.5,1800.0,1800.0,11882.5,11882.5,4000.0
Edge-IIoTset,IF,1,7,0.40252927400468386,0.990871301588193,0.9761171332738618,,5.0,1800.0,1800.0,21965.0,21965.0,4000.0
Edge-IIoTset,IF,1,7,0.40252927400468386,0.990871301588193,0.9761171332738618,,10.0,1800.0,1800.0,42130.0,42130.0,4000.0
Edge-IIoTset,IF,1,7,0.40252927400468386,0.990871301588193,0.9761171332738618,,20.0,1800.0,1800.0,82460.0,82460.0,4000.0
Edge-IIoTset,OCSVM,1,7,0.9997941600258771,0.9999848342297053,0.9999828393255423,,2.5,20175.6,20175.6,31223.1,31223.1,4386.0
Edge-IIoTset,OCSVM,1,7,0.9997941600258771,0.9999848342297053,0.9999828393255423,,5.0,20175.6,20175.6,42270.6,42270.6,4386.0
Edge-IIoTset,OCSVM,1,7,0.9997941600258771,0.9999848342297053,0.9999828393255423,,10.0,20175.6,20175.6,64365.6,64365.6,4386.0
Edge-IIoTset,OCSVM,1,7,0.9997941600258771,0.9999848342297053,0.9999828393255423,,20.0,20175.6,20175.6,108555.6,108555.6,4386.0
Edge-IIoTset,LOF,1,7,0.46561371841155236,0.9698534958504768,0.9671269094153502,,2.5,3035999.9999999995,3035999.9999999995,4686082.5,4686082.5,660000.0
Edge-IIoTset,LOF,1,7,0.46561371841155236,0.9698534958504768,0.9671269094153502,,5.0,3035999.9999999995,3035999.9999999995,6336165.0,6336165.0,660000.0
Edge-IIoTset,LOF,1,7,0.46561371841155236,0.9698534958504768,0.9671269094153502,,10.0,3035999.9999999995,3035999.9999999995,9636330.0,9636330.0,660000.0
Edge-IIoTset,LOF,1,7,0.46561371841155236,0.9698534958504768,0.9671269094153502,,20.0,3035999.9999999995,3035999.9999999995,16236660.0,16236660.0,660000.0
Edge-IIoTset,SNN_AE,1,8,0.9951039315136767,0.9998468698520193,0.9998317410000133,11546.131237792968,2.5,7503.046973419189,7503.046973419189,17633.17745513916,18593.17745513916,3974.0521926879883
Edge-IIoTset,SNN_AE,1,8,0.9951039315136767,0.9998468698520193,0.9998317410000133,11546.131237792968,5.0,7503.046973419189,7503.046973419189,27763.30793685913,29683.30793685913,3974.0521926879883
Edge-IIoTset,SNN_AE,1,8,0.9951039315136767,0.9998468698520193,0.9998317410000133,11546.131237792968,10.0,7503.046973419189,7503.046973419189,48023.56890029907,51863.56890029907,3974.0521926879883
Edge-IIoTset,SNN_AE,1,8,0.9951039315136767,0.9998468698520193,0.9998317410000133,11546.131237792968,20.0,7503.046973419189,7503.046973419189,88544.09082717895,96224.09082717895,3974.0521926879883
Edge-IIoTset,LSTM_AE,1,8,0.999059708509638,0.9999038879658869,0.9998923420209057,331200.0,2.5,331200.0,331200.0,513367.5,513367.5,72801.0
Edge-IIoTset,LSTM_AE,1,8,0.999059708509638,0.9999038879658869,0.9998923420209057,331200.0,5.0,331200.0,331200.0,695535.0,695535.0,72801.0
Edge-IIoTset,LSTM_AE,1,8,0.999059708509638,0.9999038879658869,0.9998923420209057,331200.0,10.0,331200.0,331200.0,1059870.0,1059870.0,72801.0
Edge-IIoTset,LSTM_AE,1,8,0.999059708509638,0.9999038879658869,0.9998923420209057,331200.0,20.0,331200.0,331200.0,1788540.0,1788540.0,72801.0
Edge-IIoTset,CNN_AE,1,8,0.9984436026194462,0.999938327848008,0.9999330965325257,351955.19999999995,2.5,351955.19999999995,351955.19999999995,385922.69999999995,385922.69999999995,13521.0
Edge-IIoTset,CNN_AE,1,8,0.9984436026194462,0.999938327848008,0.9999330965325257,351955.19999999995,5.0,351955.19999999995,351955.19999999995,419890.19999999995,419890.19999999995,13521.0
Edge-IIoTset,CNN_AE,1,8,0.9984436026194462,0.999938327848008,0.9999330965325257,351955.19999999995,10.0,351955.19999999995,351955.19999999995,487825.19999999995,487825.19999999995,13521.0
Edge-IIoTset,CNN_AE,1,8,0.9984436026194462,0.999938327848008,0.9999330965325257,351955.19999999995,20.0,351955.19999999995,351955.19999999995,623695.2,623695.2,13521.0
Edge-IIoTset,SNN_Dense,1,8,0.9961034775730232,0.9998331500988763,0.9998014152296733,16199.296029663084,2.5,10872.857226562499,9385.377361685622,17386.01224320634,17866.01224320634,3064.2539526082874
Edge-IIoTset,SNN_Dense,1,8,0.9961034775730232,0.9998331500988763,0.9998014152296733,16199.296029663084,5.0,10872.857226562499,9385.377361685622,25386.64712472706,26346.64712472706,3064.2539526082874
Edge-IIoTset,SNN_Dense,1,8,0.9961034775730232,0.9998331500988763,0.9998014152296733,16199.296029663084,10.0,10872.857226562499,9385.377361685622,41387.91688776849,43307.91688776849,3064.2539526082874
Edge-IIoTset,SNN_Dense,1,8,0.9961034775730232,0.9998331500988763,0.9998014152296733,16199.296029663084,20.0,10872.857226562499,9385.377361685622,73390.45641385137,77230.45641385137,3064.2539526082874
Edge-IIoTset,Dense_SNN,1,8,0.9966566954073552,0.9998189702106435,0.999792615940878,24463.199999999997,2.5,11152.639001464844,9786.418691511366,18959.015990895517,19439.015990895517,3533.0389197536597
Edge-IIoTset,Dense_SNN,1,8,0.9966566954073552,0.9998189702106435,0.999792615940878,24463.199999999997,5.0,11152.639001464844,9786.418691511366,28131.613290279667,29091.613290279667,3533.0389197536597
Edge-IIoTset,Dense_SNN,1,8,0.9966566954073552,0.9998189702106435,0.999792615940878,24463.199999999997,10.0,11152.639001464844,9786.418691511366,46476.80788904797,48396.80788904797,3533.0389197536597
Edge-IIoTset,Dense_SNN,1,8,0.9966566954073552,0.9998189702106435,0.999792615940878,24463.199999999997,20.0,11152.639001464844,9786.418691511366,83167.19708658457,87007.19708658457,3533.0389197536597
Edge-IIoTset,Dense_AE,1,8,0.9968920424558728,0.9998365607185132,0.9998046158339018,15032.8,2.5,14425.599999999999,10720.570504044803,17031.96751711263,17031.96751711263,2330.5588052271314
Edge-IIoTset,Dense_AE,1,8,0.9968920424558728,0.9998365607185132,0.9998046158339018,15032.8,5.0,14425.599999999999,10720.570504044803,23343.364530180457,23343.364530180457,2330.5588052271314
Edge-IIoTset,Dense_AE,1,8,0.9968920424558728,0.9998365607185132,0.9998046158339018,15032.8,10.0,14425.599999999999,10720.570504044803,35966.15855631611,35966.15855631611,2330.5588052271314
Edge-IIoTset,Dense_AE,1,8,0.9968920424558728,0.9998365607185132,0.9998046158339018,15032.8,20.0,14425.599999999999,10720.570504044803,61211.746608587426,61211.746608587426,2330.5588052271314
Edge-IIoTset,SNN_AE_T2,1,8,0.9935442220787605,0.999382533833979,0.9993328316662502,11212.96641845703,2.5,6644.373891639709,6644.373891639709,14397.079146194457,15037.079146194457,3027.0821018218994
Edge-IIoTset,SNN_AE_T2,1,8,0.9935442220787605,0.999382533833979,0.9993328316662502,11212.96641845703,5.0,6644.373891639709,6644.373891639709,22149.784400749206,23429.784400749206,3027.0821018218994
Edge-IIoTset,SNN_AE_T2,1,8,0.9935442220787605,0.999382533833979,0.9993328316662502,11212.96641845703,10.0,6644.373891639709,6644.373891639709,37655.19490985871,40215.19490985871,3027.0821018218994
Edge-IIoTset,SNN_AE_T2,1,8,0.9935442220787605,0.999382533833979,0.9993328316662502,11212.96641845703,20.0,6644.373891639709,6644.373891639709,68666.0159280777,73786.0159280777,3027.0821018218994
Edge-IIoTset,SNN_AE_T5,1,8,0.9966233079836744,0.9998089069508498,0.999783172839733,12345.804769897459,2.5,9087.482259368895,9087.482259368895,23603.266313171385,25203.266313171385,5720.313621520996
Edge-IIoTset,SNN_AE_T5,1,8,0.9966233079836744,0.9998089069508498,0.999783172839733,12345.804769897459,5.0,9087.482259368895,9087.482259368895,38119.050366973875,41319.050366973875,5720.313621520996
Edge-IIoTset,SNN_AE_T5,1,8,0.9966233079836744,0.9998089069508498,0.999783172839733,12345.804769897459,10.0,9087.482259368895,9087.482259368895,67150.61847457886,73550.61847457886,5720.313621520996
Edge-IIoTset,SNN_AE_T5,1,8,0.9966233079836744,0.9998089069508498,0.999783172839733,12345.804769897459,20.0,9087.482259368895,9087.482259368895,125213.75468978882,138013.75468978882,5720.313621520996
Edge-IIoTset,SNN_AE_T7,1,8,0.9959575839240729,0.9998026301462246,0.9997697168312707,13280.060986328124,2.5,11029.468864440918,11029.468864440918,30924.104598999023,33164.10459899902,7863.854293823242
Edge-IIoTset,SNN_AE_T7,1,8,0.9959575839240729,0.9998026301462246,0.9997697168312707,13280.060986328124,5.0,11029.468864440918,11029.468864440918,50818.74033355713,55298.74033355713,7863.854293823242
Edge-IIoTset,SNN_AE_T7,1,8,0.9959575839240729,0.9998026301462246,0.9997697168312707,13280.060986328124,10.0,11029.468864440918,11029.468864440918,90608.01180267334,99568.01180267334,7863.854293823242
Edge-IIoTset,SNN_AE_T7,1,8,0.9959575839240729,0.9998026301462246,0.9997697168312707,13280.060986328124,20.0,11029.468864440918,11029.468864440918,170186.55474090576,188106.55474090576,7863.854293823242
Edge-IIoTset,SNN_AE_noBN,1,8,0.9951639848764618,0.9997189136596898,0.9996976066858987,11111.788833618164,2.5,7671.528587722778,7671.528587722778,18269.663553619386,19229.663553619386,4161.253986358643
Edge-IIoTset,SNN_AE_noBN,1,8,0.9951639848764618,0.9997189136596898,0.9996976066858987,11111.788833618164,5.0,7671.528587722778,7671.528587722778,28867.798519515993,30787.798519515993,4161.253986358643
Edge-IIoTset,SNN_AE_noBN,1,8,0.9951639848764618,0.9997189136596898,0.9996976066858987,11111.788833618164,10.0,7671.528587722778,7671.528587722778,50064.068451309206,53904.068451309206,4161.253986358643
Edge-IIoTset,SNN_AE_noBN,1,8,0.9951639848764618,0.9997189136596898,0.9996976066858987,11111.788833618164,20.0,7671.528587722778,7671.528587722778,92456.60831489562,100136.60831489562,4161.253986358643
Edge-IIoTset,IF,1,8,0.8393662855785867,0.9902443914449999,0.9717605122009696,,2.5,1800.0,1800.0,11882.5,11882.5,4000.0
Edge-IIoTset,IF,1,8,0.8393662855785867,0.9902443914449999,0.9717605122009696,,5.0,1800.0,1800.0,21965.0,21965.0,4000.0
Edge-IIoTset,IF,1,8,0.8393662855785867,0.9902443914449999,0.9717605122009696,,10.0,1800.0,1800.0,42130.0,42130.0,4000.0
Edge-IIoTset,IF,1,8,0.8393662855785867,0.9902443914449999,0.9717605122009696,,20.0,1800.0,1800.0,82460.0,82460.0,4000.0
Edge-IIoTset,OCSVM,1,8,0.9976525821596244,0.9998764027973404,0.9998607495743858,,2.5,18298.8,18298.8,28326.3,28326.3,3978.0
Edge-IIoTset,OCSVM,1,8,0.9976525821596244,0.9998764027973404,0.9998607495743858,,5.0,18298.8,18298.8,38353.8,38353.8,3978.0
Edge-IIoTset,OCSVM,1,8,0.9976525821596244,0.9998764027973404,0.9998607495743858,,10.0,18298.8,18298.8,58408.8,58408.8,3978.0
Edge-IIoTset,OCSVM,1,8,0.9976525821596244,0.9998764027973404,0.9998607495743858,,20.0,18298.8,18298.8,98518.8,98518.8,3978.0
Edge-IIoTset,LOF,1,8,0.8736330899600251,0.9985264366927877,0.9979283550512814,,2.5,3035999.9999999995,3035999.9999999995,4686082.5,4686082.5,660000.0
Edge-IIoTset,LOF,1,8,0.8736330899600251,0.9985264366927877,0.9979283550512814,,5.0,3035999.9999999995,3035999.9999999995,6336165.0,6336165.0,660000.0
Edge-IIoTset,LOF,1,8,0.8736330899600251,0.9985264366927877,0.9979283550512814,,10.0,3035999.9999999995,3035999.9999999995,9636330.0,9636330.0,660000.0
Edge-IIoTset,LOF,1,8,0.8736330899600251,0.9985264366927877,0.9979283550512814,,20.0,3035999.9999999995,3035999.9999999995,16236660.0,16236660.0,660000.0
Edge-IIoTset,SNN_AE,1,9,0.9753484032146404,0.9993055852147402,0.9989982310463367,11402.9953125,2.5,7320.1057788848875,7320.1057788848875,16942.066275787354,17902.066275787354,3770.7841987609863
Edge-IIoTset,SNN_AE,1,9,0.9753484032146404,0.9993055852147402,0.9989982310463367,11402.9953125,5.0,7320.1057788848875,7320.1057788848875,26564.02677268982,28484.02677268982,3770.7841987609863
Edge-IIoTset,SNN_AE,1,9,0.9753484032146404,0.9993055852147402,0.9989982310463367,11402.9953125,10.0,7320.1057788848875,7320.1057788848875,45807.94776649475,49647.94776649475,3770.7841987609863
Edge-IIoTset,SNN_AE,1,9,0.9753484032146404,0.9993055852147402,0.9989982310463367,11402.9953125,20.0,7320.1057788848875,7320.1057788848875,84295.78975410461,91975.78975410461,3770.7841987609863
Edge-IIoTset,LSTM_AE,1,9,0.9995296331138288,0.9999859825229351,0.9999856061126771,331200.0,2.5,331200.0,331200.0,513367.5,513367.5,72801.0
Edge-IIoTset,LSTM_AE,1,9,0.9995296331138288,0.9999859825229351,0.9999856061126771,331200.0,5.0,331200.0,331200.0,695535.0,695535.0,72801.0
Edge-IIoTset,LSTM_AE,1,9,0.9995296331138288,0.9999859825229351,0.9999856061126771,331200.0,10.0,331200.0,331200.0,1059870.0,1059870.0,72801.0
Edge-IIoTset,LSTM_AE,1,9,0.9995296331138288,0.9999859825229351,0.9999856061126771,331200.0,20.0,331200.0,331200.0,1788540.0,1788540.0,72801.0
Edge-IIoTset,CNN_AE,1,9,0.9991184249191889,0.9997173920678851,0.999686669458595,351955.19999999995,2.5,351955.19999999995,351955.19999999995,385922.69999999995,385922.69999999995,13521.0
Edge-IIoTset,CNN_AE,1,9,0.9991184249191889,0.9997173920678851,0.999686669458595,351955.19999999995,5.0,351955.19999999995,351955.19999999995,419890.19999999995,419890.19999999995,13521.0
Edge-IIoTset,CNN_AE,1,9,0.9991184249191889,0.9997173920678851,0.999686669458595,351955.19999999995,10.0,351955.19999999995,351955.19999999995,487825.19999999995,487825.19999999995,13521.0
Edge-IIoTset,CNN_AE,1,9,0.9991184249191889,0.9997173920678851,0.999686669458595,351955.19999999995,20.0,351955.19999999995,351955.19999999995,623695.2,623695.2,13521.0
Edge-IIoTset,SNN_Dense,1,9,0.9684299824274374,0.99924706374071,0.998858826447524,16322.934408569334,2.5,11000.232604980467,9686.95659455022,18136.087979527838,18616.087979527838,3243.6525539910467
Edge-IIoTset,SNN_Dense,1,9,0.9684299824274374,0.99924706374071,0.998858826447524,16322.934408569334,5.0,11000.232604980467,9686.95659455022,26585.21936450545,27545.21936450545,3243.6525539910467
Edge-IIoTset,SNN_Dense,1,9,0.9684299824274374,0.99924706374071,0.998858826447524,16322.934408569334,10.0,11000.232604980467,9686.95659455022,43483.48213446068,45403.48213446068,3243.6525539910467
Edge-IIoTset,SNN_Dense,1,9,0.9684299824274374,0.99924706374071,0.998858826447524,16322.934408569334,20.0,11000.232604980467,9686.95659455022,77280.00767437115,81120.00767437115,3243.6525539910467
Edge-IIoTset,Dense_SNN,1,9,0.9786391455658227,0.9992604806192837,0.9988721050729666,24463.199999999997,2.5,11117.247664642335,8821.079453192766,17389.961015421104,17869.961015421104,3291.5526248913347
Edge-IIoTset,Dense_SNN,1,9,0.9786391455658227,0.9992604806192837,0.9988721050729666,24463.199999999997,5.0,11117.247664642335,8821.079453192766,25958.84257764944,26918.84257764944,3291.5526248913347
Edge-IIoTset,Dense_SNN,1,9,0.9786391455658227,0.9992604806192837,0.9988721050729666,24463.199999999997,10.0,11117.247664642335,8821.079453192766,43096.60570210611,45016.60570210611,3291.5526248913347
Edge-IIoTset,Dense_SNN,1,9,0.9786391455658227,0.9992604806192837,0.9988721050729666,24463.199999999997,20.0,11117.247664642335,8821.079453192766,77372.13195101946,81212.13195101946,3291.5526248913347
Edge-IIoTset,Dense_AE,1,9,0.9991184249191889,0.9991255847932675,0.9983628036074004,15032.8,2.5,14425.599999999999,12209.709067203981,19330.420516771363,19330.420516771363,2654.2845798269527
Edge-IIoTset,Dense_AE,1,9,0.9991184249191889,0.9991255847932675,0.9983628036074004,15032.8,5.0,14425.599999999999,12209.709067203981,26451.131966338744,26451.131966338744,2654.2845798269527
Edge-IIoTset,Dense_AE,1,9,0.9991184249191889,0.9991255847932675,0.9983628036074004,15032.8,10.0,14425.599999999999,12209.709067203981,40692.5548654735,40692.5548654735,2654.2845798269527
Edge-IIoTset,Dense_AE,1,9,0.9991184249191889,0.9991255847932675,0.9983628036074004,15032.8,20.0,14425.599999999999,12209.709067203981,69175.40066374303,69175.40066374303,2654.2845798269527
Edge-IIoTset,SNN_AE_T2,1,9,0.9092714807458192,0.9988880674075218,0.9981177559693701,11062.428784179687,2.5,6466.1856349945065,6466.1856349945065,13723.923509979248,14363.923509979248,2829.0951499938965
Edge-IIoTset,SNN_AE_T2,1,9,0.9092714807458192,0.9988880674075218,0.9981177559693701,11062.428784179687,5.0,6466.1856349945065,6466.1856349945065,20981.66138496399,22261.66138496399,2829.0951499938965
Edge-IIoTset,SNN_AE_T2,1,9,0.9092714807458192,0.9988880674075218,0.9981177559693701,11062.428784179687,10.0,6466.1856349945065,6466.1856349945065,35497.13713493347,38057.13713493347,2829.0951499938965
Edge-IIoTset,SNN_AE_T2,1,9,0.9092714807458192,0.9988880674075218,0.9981177559693701,11062.428784179687,20.0,6466.1856349945065,6466.1856349945065,64528.08863487244,69648.08863487243,2829.0951499938965
Edge-IIoTset,SNN_AE_T5,1,9,0.9745520252973949,0.9992717409629245,0.9989539678685873,12209.897573852537,2.5,9088.416172790527,9088.416172790527,23606.79443054199,25206.79443054199,5721.351303100586
Edge-IIoTset,SNN_AE_T5,1,9,0.9745520252973949,0.9992717409629245,0.9989539678685873,12209.897573852537,5.0,9088.416172790527,9088.416172790527,38125.17268829346,41325.17268829346,5721.351303100586
Edge-IIoTset,SNN_AE_T5,1,9,0.9745520252973949,0.9992717409629245,0.9989539678685873,12209.897573852537,10.0,9088.416172790527,9088.416172790527,67161.92920379639,73561.92920379639,5721.351303100586
Edge-IIoTset,SNN_AE_T5,1,9,0.9745520252973949,0.9992717409629245,0.9989539678685873,12209.897573852537,20.0,9088.416172790527,9088.416172790527,125235.44223480225,138035.44223480223,5721.351303100586
Edge-IIoTset,SNN_AE_T7,1,9,0.9598826728589325,0.9992540812599223,0.9988622888059417,12987.481665039062,2.5,10858.63091278076,10858.63091278076,30278.71678161621,32518.71678161621,7674.03434753418
Edge-IIoTset,SNN_AE_T7,1,9,0.9598826728589325,0.9992540812599223,0.9988622888059417,12987.481665039062,5.0,10858.63091278076,10858.63091278076,49698.80265045166,54178.80265045166,7674.03434753418
Edge-IIoTset,SNN_AE_T7,1,9,0.9598826728589325,0.9992540812599223,0.9988622888059417,12987.481665039062,10.0,10858.63091278076,10858.63091278076,88538.97438812256,97498.97438812256,7674.03434753418
Edge-IIoTset,SNN_AE_T7,1,9,0.9598826728589325,0.9992540812599223,0.9988622888059417,12987.481665039062,20.0,10858.63091278076,10858.63091278076,166219.31786346436,184139.31786346436,7674.03434753418
Edge-IIoTset,SNN_AE_noBN,1,9,0.9592785081014981,0.9991788202981218,0.9987956148976365,11070.777557373047,2.5,7778.672419738769,7778.672419738769,18674.429141235352,19634.429141235352,4280.302688598633
Edge-IIoTset,SNN_AE_noBN,1,9,0.9592785081014981,0.9991788202981218,0.9987956148976365,11070.777557373047,5.0,7778.672419738769,7778.672419738769,29570.185862731934,31490.185862731934,4280.302688598633
Edge-IIoTset,SNN_AE_noBN,1,9,0.9592785081014981,0.9991788202981218,0.9987956148976365,11070.777557373047,10.0,7778.672419738769,7778.672419738769,51361.699305725095,55201.699305725095,4280.302688598633
Edge-IIoTset,SNN_AE_noBN,1,9,0.9592785081014981,0.9991788202981218,0.9987956148976365,11070.777557373047,20.0,7778.672419738769,7778.672419738769,94944.72619171142,102624.72619171142,4280.302688598633
Edge-IIoTset,IF,1,9,0.4744564731144314,0.9915137505444023,0.9770065847824249,,2.5,1800.0,1800.0,11882.5,11882.5,4000.0
Edge-IIoTset,IF,1,9,0.4744564731144314,0.9915137505444023,0.9770065847824249,,5.0,1800.0,1800.0,21965.0,21965.0,4000.0
Edge-IIoTset,IF,1,9,0.4744564731144314,0.9915137505444023,0.9770065847824249,,10.0,1800.0,1800.0,42130.0,42130.0,4000.0
Edge-IIoTset,IF,1,9,0.4744564731144314,0.9915137505444023,0.9770065847824249,,20.0,1800.0,1800.0,82460.0,82460.0,4000.0
Edge-IIoTset,OCSVM,1,9,0.9995002498750625,0.9999377484932352,0.9999302403928436,,2.5,19706.399999999998,19706.399999999998,30498.899999999998,30498.899999999998,4284.0
Edge-IIoTset,OCSVM,1,9,0.9995002498750625,0.9999377484932352,0.9999302403928436,,5.0,19706.399999999998,19706.399999999998,41291.399999999994,41291.399999999994,4284.0
Edge-IIoTset,OCSVM,1,9,0.9995002498750625,0.9999377484932352,0.9999302403928436,,10.0,19706.399999999998,19706.399999999998,62876.399999999994,62876.399999999994,4284.0
Edge-IIoTset,OCSVM,1,9,0.9995002498750625,0.9999377484932352,0.9999302403928436,,20.0,19706.399999999998,19706.399999999998,106046.4,106046.4,4284.0
Edge-IIoTset,LOF,1,9,0.6381397578808582,0.9970427513732982,0.9916007154514621,,2.5,3035999.9999999995,3035999.9999999995,4686082.5,4686082.5,660000.0
Edge-IIoTset,LOF,1,9,0.6381397578808582,0.9970427513732982,0.9916007154514621,,5.0,3035999.9999999995,3035999.9999999995,6336165.0,6336165.0,660000.0
Edge-IIoTset,LOF,1,9,0.6381397578808582,0.9970427513732982,0.9916007154514621,,10.0,3035999.9999999995,3035999.9999999995,9636330.0,9636330.0,660000.0
Edge-IIoTset,LOF,1,9,0.6381397578808582,0.9970427513732982,0.9916007154514621,,20.0,3035999.9999999995,3035999.9999999995,16236660.0,16236660.0,660000.0
Edge-IIoTset,SNN_AE,2,0,0.9950455864677084,0.9991061162702484,0.9984698202346302,11375.721588134764,2.5,7306.529901123046,7306.529901123046,16890.779626464842,17850.779626464842,3755.6998901367188
Edge-IIoTset,SNN_AE,2,0,0.9950455864677084,0.9991061162702484,0.9984698202346302,11375.721588134764,5.0,7306.529901123046,7306.529901123046,26475.02935180664,28395.02935180664,3755.6998901367188
Edge-IIoTset,SNN_AE,2,0,0.9950455864677084,0.9991061162702484,0.9984698202346302,11375.721588134764,10.0,7306.529901123046,7306.529901123046,45643.52880249023,49483.52880249023,3755.6998901367188
Edge-IIoTset,SNN_AE,2,0,0.9950455864677084,0.9991061162702484,0.9984698202346302,11375.721588134764,20.0,7306.529901123046,7306.529901123046,83980.52770385743,91660.52770385743,3755.6998901367188
Edge-IIoTset,LSTM_AE,2,0,0.9958992384299942,0.9999781712302787,0.9999736243676588,331200.0,2.5,331200.0,331200.0,513367.5,513367.5,72801.0
Edge-IIoTset,LSTM_AE,2,0,0.9958992384299942,0.9999781712302787,0.9999736243676588,331200.0,5.0,331200.0,331200.0,695535.0,695535.0,72801.0
Edge-IIoTset,LSTM_AE,2,0,0.9958992384299942,0.9999781712302787,0.9999736243676588,331200.0,10.0,331200.0,331200.0,1059870.0,1059870.0,72801.0
Edge-IIoTset,LSTM_AE,2,0,0.9958992384299942,0.9999781712302787,0.9999736243676588,331200.0,20.0,331200.0,331200.0,1788540.0,1788540.0,72801.0
Edge-IIoTset,CNN_AE,2,0,0.9956950830233988,0.9996905864089128,0.9996492162448011,351955.19999999995,2.5,351955.19999999995,351955.19999999995,385922.69999999995,385922.69999999995,13521.0
Edge-IIoTset,CNN_AE,2,0,0.9956950830233988,0.9996905864089128,0.9996492162448011,351955.19999999995,5.0,351955.19999999995,351955.19999999995,419890.19999999995,419890.19999999995,13521.0
Edge-IIoTset,CNN_AE,2,0,0.9956950830233988,0.9996905864089128,0.9996492162448011,351955.19999999995,10.0,351955.19999999995,351955.19999999995,487825.19999999995,487825.19999999995,13521.0
Edge-IIoTset,CNN_AE,2,0,0.9956950830233988,0.9996905864089128,0.9996492162448011,351955.19999999995,20.0,351955.19999999995,351955.19999999995,623695.2,623695.2,13521.0
Edge-IIoTset,SNN_Dense,2,0,0.9958408997715423,0.9993445960184887,0.9990654660579191,16320.28483581543,2.5,11013.722058105468,9945.33757309895,18565.032881540552,19045.032881540552,3311.87812337664
Edge-IIoTset,SNN_Dense,2,0,0.9958408997715423,0.9993445960184887,0.9990654660579191,16320.28483581543,5.0,11013.722058105468,9945.33757309895,27184.72818998215,28144.72818998215,3311.87812337664
Edge-IIoTset,SNN_Dense,2,0,0.9958408997715423,0.9993445960184887,0.9990654660579191,16320.28483581543,10.0,11013.722058105468,9945.33757309895,44424.11880686535,46344.11880686535,3311.87812337664
Edge-IIoTset,SNN_Dense,2,0,0.9958408997715423,0.9993445960184887,0.9990654660579191,16320.28483581543,20.0,11013.722058105468,9945.33757309895,78902.90004063175,82742.90004063175,3311.87812337664
Edge-IIoTset,Dense_SNN,2,0,0.9958992384299942,0.9992498559968529,0.9988908741013566,24463.199999999997,2.5,11574.942674255371,10039.182759593761,20292.704727214084,20772.704727214084,3965.40878704813
Edge-IIoTset,Dense_SNN,2,0,0.9958992384299942,0.9992498559968529,0.9988908741013566,24463.199999999997,5.0,11574.942674255371,10039.182759593761,30546.22669483441,31506.22669483441,3965.40878704813
Edge-IIoTset,Dense_SNN,2,0,0.9958992384299942,0.9992498559968529,0.9988908741013566,24463.199999999997,10.0,11574.942674255371,10039.182759593761,51053.27063007506,52973.27063007506,3965.40878704813
Edge-IIoTset,Dense_SNN,2,0,0.9958992384299942,0.9992498559968529,0.9988908741013566,24463.199999999997,20.0,11574.942674255371,10039.182759593761,92067.35850055637,95907.35850055637,3965.40878704813
Edge-IIoTset,Dense_AE,2,0,0.9960159362549801,0.9992030760477107,0.9986656990821853,15032.8,2.5,14425.599999999999,11632.508705701079,18439.52430662558,18439.52430662558,2528.8062403697995
Edge-IIoTset,Dense_AE,2,0,0.9960159362549801,0.9992030760477107,0.9986656990821853,15032.8,5.0,14425.599999999999,11632.508705701079,25246.539907550075,25246.539907550075,2528.8062403697995
Edge-IIoTset,Dense_AE,2,0,0.9960159362549801,0.9992030760477107,0.9986656990821853,15032.8,10.0,14425.599999999999,11632.508705701079,38860.57110939907,38860.57110939907,2528.8062403697995
Edge-IIoTset,Dense_AE,2,0,0.9960159362549801,0.9992030760477107,0.9986656990821853,15032.8,20.0,14425.599999999999,11632.508705701079,66088.63351309707,66088.63351309707,2528.8062403697995
Edge-IIoTset,SNN_AE_T2,2,0,0.9952220430895501,0.9992299027803144,0.9988730330685482,11056.812792968749,2.5,6568.987594604491,6568.987594604491,14112.28646850586,14752.28646850586,2943.319549560547
Edge-IIoTset,SNN_AE_T2,2,0,0.9952220430895501,0.9992299027803144,0.9988730330685482,11056.812792968749,5.0,6568.987594604491,6568.987594604491,21655.585342407227,22935.585342407227,2943.319549560547
Edge-IIoTset,SNN_AE_T2,2,0,0.9952220430895501,0.9992299027803144,0.9988730330685482,11056.812792968749,10.0,6568.987594604491,6568.987594604491,36742.18309020996,39302.18309020996,2943.319549560547
Edge-IIoTset,SNN_AE_T2,2,0,0.9952220430895501,0.9992299027803144,0.9988730330685482,11056.812792968749,20.0,6568.987594604491,6568.987594604491,66915.37858581543,72035.37858581543,2943.319549560547
Edge-IIoTset,SNN_AE_T5,2,0,0.9959575839240729,0.9992744067772797,0.9989127473845056,12104.748800659178,2.5,8992.662701416015,8992.662701416015,23245.05909423828,24845.05909423828,5614.958557128906
Edge-IIoTset,SNN_AE_T5,2,0,0.9959575839240729,0.9992744067772797,0.9989127473845056,12104.748800659178,5.0,8992.662701416015,8992.662701416015,37497.45548706055,40697.45548706055,5614.958557128906
Edge-IIoTset,SNN_AE_T5,2,0,0.9959575839240729,0.9992744067772797,0.9989127473845056,12104.748800659178,10.0,8992.662701416015,8992.662701416015,66002.24827270508,72402.24827270508,5614.958557128906
Edge-IIoTset,SNN_AE_T5,2,0,0.9959575839240729,0.9992744067772797,0.9989127473845056,12104.748800659178,20.0,8992.662701416015,8992.662701416015,123011.83384399414,135811.83384399413,5614.958557128906
Edge-IIoTset,SNN_AE_T7,2,0,0.9958117330053012,0.9991064183256297,0.998409851756409,12834.29426574707,2.5,10673.475592041015,10673.475592041015,29579.241125488283,31819.241125488283,7468.306213378906
Edge-IIoTset,SNN_AE_T7,2,0,0.9958117330053012,0.9991064183256297,0.998409851756409,12834.29426574707,5.0,10673.475592041015,10673.475592041015,48485.00665893555,52965.00665893555,7468.306213378906
Edge-IIoTset,SNN_AE_T7,2,0,0.9958117330053012,0.9991064183256297,0.998409851756409,12834.29426574707,10.0,10673.475592041015,10673.475592041015,86296.53772583007,95256.53772583007,7468.306213378906
Edge-IIoTset,SNN_AE_T7,2,0,0.9958117330053012,0.9991064183256297,0.998409851756409,12834.29426574707,20.0,10673.475592041015,10673.475592041015,161919.59985961913,179839.59985961913,7468.306213378906
Edge-IIoTset,SNN_AE_noBN,2,0,0.9943751098611355,0.9992584048666039,0.9989713090897032,11185.43032836914,2.5,7875.620977020263,7875.620977020263,19040.679246520995,20000.679246520995,4388.023307800293
Edge-IIoTset,SNN_AE_noBN,2,0,0.9943751098611355,0.9992584048666039,0.9989713090897032,11185.43032836914,5.0,7875.620977020263,7875.620977020263,30205.737516021727,32125.737516021727,4388.023307800293
Edge-IIoTset,SNN_AE_noBN,2,0,0.9943751098611355,0.9992584048666039,0.9989713090897032,11185.43032836914,10.0,7875.620977020263,7875.620977020263,52535.85405502319,56375.85405502319,4388.023307800293
Edge-IIoTset,SNN_AE_noBN,2,0,0.9943751098611355,0.9992584048666039,0.9989713090897032,11185.43032836914,20.0,7875.620977020263,7875.620977020263,97196.08713302613,104876.08713302613,4388.023307800293
Edge-IIoTset,IF,2,0,0.877129750982962,0.9903118932550331,0.9761409940367944,,2.5,1800.0,1800.0,11882.5,11882.5,4000.0
Edge-IIoTset,IF,2,0,0.877129750982962,0.9903118932550331,0.9761409940367944,,5.0,1800.0,1800.0,21965.0,21965.0,4000.0
Edge-IIoTset,IF,2,0,0.877129750982962,0.9903118932550331,0.9761409940367944,,10.0,1800.0,1800.0,42130.0,42130.0,4000.0
Edge-IIoTset,IF,2,0,0.877129750982962,0.9903118932550331,0.9761409940367944,,20.0,1800.0,1800.0,82460.0,82460.0,4000.0
Edge-IIoTset,OCSVM,2,0,0.9961618470012599,0.9999648386462299,0.9999609709947725,,2.5,19550.0,19550.0,30257.5,30257.5,4250.0
Edge-IIoTset,OCSVM,2,0,0.9961618470012599,0.9999648386462299,0.9999609709947725,,5.0,19550.0,19550.0,40965.0,40965.0,4250.0
Edge-IIoTset,OCSVM,2,0,0.9961618470012599,0.9999648386462299,0.9999609709947725,,10.0,19550.0,19550.0,62380.0,62380.0,4250.0
Edge-IIoTset,OCSVM,2,0,0.9961618470012599,0.9999648386462299,0.9999609709947725,,20.0,19550.0,19550.0,105210.0,105210.0,4250.0
Edge-IIoTset,LOF,2,0,0.9951699306226398,0.9987152302645443,0.997175490739711,,2.5,3035999.9999999995,3035999.9999999995,4686082.5,4686082.5,660000.0
Edge-IIoTset,LOF,2,0,0.9951699306226398,0.9987152302645443,0.997175490739711,,5.0,3035999.9999999995,3035999.9999999995,6336165.0,6336165.0,660000.0
Edge-IIoTset,LOF,2,0,0.9951699306226398,0.9987152302645443,0.997175490739711,,10.0,3035999.9999999995,3035999.9999999995,9636330.0,9636330.0,660000.0
Edge-IIoTset,LOF,2,0,0.9951699306226398,0.9987152302645443,0.997175490739711,,20.0,3035999.9999999995,3035999.9999999995,16236660.0,16236660.0,660000.0
Edge-IIoTset,SNN_AE,2,1,0.9950782211284935,0.9993320489358938,0.9991766585712054,11354.17918395996,2.5,7278.737701034545,7278.737701034545,16785.78687057495,17745.78687057495,3724.819667816162
Edge-IIoTset,SNN_AE,2,1,0.9950782211284935,0.9993320489358938,0.9991766585712054,11354.17918395996,5.0,7278.737701034545,7278.737701034545,26292.836040115355,28212.836040115355,3724.819667816162
Edge-IIoTset,SNN_AE,2,1,0.9950782211284935,0.9993320489358938,0.9991766585712054,11354.17918395996,10.0,7278.737701034545,7278.737701034545,45306.934379196166,49146.934379196166,3724.819667816162
Edge-IIoTset,SNN_AE,2,1,0.9950782211284935,0.9993320489358938,0.9991766585712054,11354.17918395996,20.0,7278.737701034545,7278.737701034545,83335.1310573578,91015.1310573578,3724.819667816162
Edge-IIoTset,LSTM_AE,2,1,0.995257888882384,0.9999997365638797,0.9999997402392199,331200.0,2.5,331200.0,331200.0,513367.5,513367.5,72801.0
Edge-IIoTset,LSTM_AE,2,1,0.995257888882384,0.9999997365638797,0.9999997402392199,331200.0,5.0,331200.0,331200.0,695535.0,695535.0,72801.0
Edge-IIoTset,LSTM_AE,2,1,0.995257888882384,0.9999997365638797,0.9999997402392199,331200.0,10.0,331200.0,331200.0,1059870.0,1059870.0,72801.0
Edge-IIoTset,LSTM_AE,2,1,0.995257888882384,0.9999997365638797,0.9999997402392199,331200.0,20.0,331200.0,331200.0,1788540.0,1788540.0,72801.0
Edge-IIoTset,CNN_AE,2,1,0.995053996312447,0.9999385983090914,0.9999325167114111,351955.19999999995,2.5,351955.19999999995,351955.19999999995,385922.69999999995,385922.69999999995,13521.0
Edge-IIoTset,CNN_AE,2,1,0.995053996312447,0.9999385983090914,0.9999325167114111,351955.19999999995,5.0,351955.19999999995,351955.19999999995,419890.19999999995,419890.19999999995,13521.0
Edge-IIoTset,CNN_AE,2,1,0.995053996312447,0.9999385983090914,0.9999325167114111,351955.19999999995,10.0,351955.19999999995,351955.19999999995,487825.19999999995,487825.19999999995,13521.0
Edge-IIoTset,CNN_AE,2,1,0.995053996312447,0.9999385983090914,0.9999325167114111,351955.19999999995,20.0,351955.19999999995,351955.19999999995,623695.2,623695.2,13521.0
Edge-IIoTset,SNN_Dense,2,1,0.9948792977322605,0.9993715292291158,0.9992273864773893,16129.196884155273,2.5,10801.98673095703,9872.72171184422,17979.8717391394,18459.8717391394,3106.860010918071
Edge-IIoTset,SNN_Dense,2,1,0.9948792977322605,0.9993715292291158,0.9992273864773893,16129.196884155273,5.0,10801.98673095703,9872.72171184422,26087.021766434576,27047.021766434576,3106.860010918071
Edge-IIoTset,SNN_Dense,2,1,0.9948792977322605,0.9993715292291158,0.9992273864773893,16129.196884155273,10.0,10801.98673095703,9872.72171184422,42301.32182102493,44221.32182102493,3106.860010918071
Edge-IIoTset,SNN_Dense,2,1,0.9948792977322605,0.9993715292291158,0.9992273864773893,16129.196884155273,20.0,10801.98673095703,9872.72171184422,74729.92193020564,78569.92193020564,3106.860010918071
Edge-IIoTset,Dense_SNN,2,1,0.9949957566357438,0.9993206895703884,0.9991699998464015,24463.199999999997,2.5,11122.288679504394,8562.70021238139,17002.421411239793,17482.421411239793,3239.8884795433605
Edge-IIoTset,Dense_SNN,2,1,0.9949957566357438,0.9993206895703884,0.9991699998464015,24463.199999999997,5.0,11122.288679504394,8562.70021238139,25442.142610098195,26402.142610098195,3239.8884795433605
Edge-IIoTset,Dense_SNN,2,1,0.9949957566357438,0.9993206895703884,0.9991699998464015,24463.199999999997,10.0,11122.288679504394,8562.70021238139,42321.585007814996,44241.585007814996,3239.8884795433605
Edge-IIoTset,Dense_SNN,2,1,0.9949957566357438,0.9993206895703884,0.9991699998464015,24463.199999999997,20.0,11122.288679504394,8562.70021238139,76080.4698032486,79920.4698032486,3239.8884795433605
Edge-IIoTset,Dense_AE,2,1,0.9951122428073872,0.999369400665264,0.9992200434953855,15032.8,2.5,14425.599999999999,11569.388751592733,18342.10002963226,18342.10002963226,2515.0845112158117
Edge-IIoTset,Dense_AE,2,1,0.9951122428073872,0.999369400665264,0.9992200434953855,15032.8,5.0,14425.599999999999,11569.388751592733,25114.811307671793,25114.811307671793,2515.0845112158117
Edge-IIoTset,Dense_AE,2,1,0.9951122428073872,0.999369400665264,0.9992200434953855,15032.8,10.0,14425.599999999999,11569.388751592733,38660.23386375085,38660.23386375085,2515.0845112158117
Edge-IIoTset,Dense_AE,2,1,0.9951122428073872,0.999369400665264,0.9992200434953855,15032.8,20.0,14425.599999999999,11569.388751592733,65751.07897590897,65751.07897590897,2515.0845112158117
Edge-IIoTset,SNN_AE_T2,2,1,0.994141769185706,0.9993477216288079,0.9992186818396716,11095.14557495117,2.5,6573.137487792968,6573.137487792968,14127.963842773437,14767.963842773437,2947.9305419921875
Edge-IIoTset,SNN_AE_T2,2,1,0.994141769185706,0.9993477216288079,0.9992186818396716,11095.14557495117,5.0,6573.137487792968,6573.137487792968,21682.790197753908,22962.790197753908,2947.9305419921875
Edge-IIoTset,SNN_AE_T2,2,1,0.994141769185706,0.9993477216288079,0.9992186818396716,11095.14557495117,10.0,6573.137487792968,6573.137487792968,36792.442907714845,39352.442907714845,2947.9305419921875
Edge-IIoTset,SNN_AE_T2,2,1,0.994141769185706,0.9993477216288079,0.9992186818396716,11095.14557495117,20.0,6573.137487792968,6573.137487792968,67011.74832763671,72131.74832763671,2947.9305419921875
Edge-IIoTset,SNN_AE_T5,2,1,0.9954327204590702,0.9993585541220728,0.9992086464833283,12127.41428222656,2.5,8864.162295532225,8864.162295532225,22759.613116455075,24359.613116455075,5472.180328369141
Edge-IIoTset,SNN_AE_T5,2,1,0.9954327204590702,0.9993585541220728,0.9992086464833283,12127.41428222656,5.0,8864.162295532225,8864.162295532225,36655.06393737793,39855.06393737793,5472.180328369141
Edge-IIoTset,SNN_AE_T5,2,1,0.9954327204590702,0.9993585541220728,0.9992086464833283,12127.41428222656,10.0,8864.162295532225,8864.162295532225,64445.96557922363,70845.96557922363,5472.180328369141
Edge-IIoTset,SNN_AE_T5,2,1,0.9954327204590702,0.9993585541220728,0.9992086464833283,12127.41428222656,20.0,8864.162295532225,8864.162295532225,120027.76886291504,132827.76886291505,5472.180328369141
Edge-IIoTset,SNN_AE_T7,2,1,0.9949957566357438,0.9993592531059118,0.9992111315598007,12749.910449218749,2.5,10608.371874999999,10608.371874999999,29333.293749999997,31573.293749999997,7395.96875
Edge-IIoTset,SNN_AE_T7,2,1,0.9949957566357438,0.9993592531059118,0.9992111315598007,12749.910449218749,5.0,10608.371874999999,10608.371874999999,48058.215625,52538.215625,7395.96875
Edge-IIoTset,SNN_AE_T7,2,1,0.9949957566357438,0.9993592531059118,0.9992111315598007,12749.910449218749,10.0,10608.371874999999,10608.371874999999,85508.059375,94468.059375,7395.96875
Edge-IIoTset,SNN_AE_T7,2,1,0.9949957566357438,0.9993592531059118,0.9992111315598007,12749.910449218749,20.0,10608.371874999999,10608.371874999999,160407.746875,178327.746875,7395.96875
Edge-IIoTset,SNN_AE_noBN,2,1,0.9944114462942915,0.9993256456819308,0.9991386404456863,11066.28483581543,2.5,7678.740672683715,7678.740672683715,18296.90920791626,19256.90920791626,4169.267414093018
Edge-IIoTset,SNN_AE_noBN,2,1,0.9944114462942915,0.9993256456819308,0.9991386404456863,11066.28483581543,5.0,7678.740672683715,7678.740672683715,28915.077743148802,30835.077743148802,4169.267414093018
Edge-IIoTset,SNN_AE_noBN,2,1,0.9944114462942915,0.9993256456819308,0.9991386404456863,11066.28483581543,10.0,7678.740672683715,7678.740672683715,50151.41481361389,53991.41481361389,4169.267414093018
Edge-IIoTset,SNN_AE_noBN,2,1,0.9944114462942915,0.9993256456819308,0.9991386404456863,11066.28483581543,20.0,7678.740672683715,7678.740672683715,92624.08895454407,100304.08895454407,4169.267414093018
Edge-IIoTset,IF,2,1,0.8861538461538462,0.989275863280166,0.9663949680153008,,2.5,1800.0,1800.0,11882.5,11882.5,4000.0
Edge-IIoTset,IF,2,1,0.8861538461538462,0.989275863280166,0.9663949680153008,,5.0,1800.0,1800.0,21965.0,21965.0,4000.0
Edge-IIoTset,IF,2,1,0.8861538461538462,0.989275863280166,0.9663949680153008,,10.0,1800.0,1800.0,42130.0,42130.0,4000.0
Edge-IIoTset,IF,2,1,0.8861538461538462,0.989275863280166,0.9663949680153008,,20.0,1800.0,1800.0,82460.0,82460.0,4000.0
Edge-IIoTset,OCSVM,2,1,0.9951122428073872,0.9999406776982006,0.9999328606797377,,2.5,18298.8,18298.8,28326.3,28326.3,3978.0
Edge-IIoTset,OCSVM,2,1,0.9951122428073872,0.9999406776982006,0.9999328606797377,,5.0,18298.8,18298.8,38353.8,38353.8,3978.0
Edge-IIoTset,OCSVM,2,1,0.9951122428073872,0.9999406776982006,0.9999328606797377,,10.0,18298.8,18298.8,58408.8,58408.8,3978.0
Edge-IIoTset,OCSVM,2,1,0.9951122428073872,0.9999406776982006,0.9999328606797377,,20.0,18298.8,18298.8,98518.8,98518.8,3978.0
Edge-IIoTset,LOF,2,1,0.9960451149846199,0.9989323952665798,0.9983739829787884,,2.5,3035999.9999999995,3035999.9999999995,4686082.5,4686082.5,660000.0
Edge-IIoTset,LOF,2,1,0.9960451149846199,0.9989323952665798,0.9983739829787884,,5.0,3035999.9999999995,3035999.9999999995,6336165.0,6336165.0,660000.0
Edge-IIoTset,LOF,2,1,0.9960451149846199,0.9989323952665798,0.9983739829787884,,10.0,3035999.9999999995,3035999.9999999995,9636330.0,9636330.0,660000.0
Edge-IIoTset,LOF,2,1,0.9960451149846199,0.9989323952665798,0.9983739829787884,,20.0,3035999.9999999995,3035999.9999999995,16236660.0,16236660.0,660000.0
Edge-IIoTset,SNN_AE,2,2,0.9485238667150797,0.9985950873428675,0.9985035080891239,11567.299145507812,2.5,7560.613441085815,7560.613441085815,17850.6507774353,18810.6507774353,4038.014934539795
Edge-IIoTset,SNN_AE,2,2,0.9485238667150797,0.9985950873428675,0.9985035080891239,11567.299145507812,5.0,7560.613441085815,7560.613441085815,28140.68811378479,30060.68811378479,4038.014934539795
Edge-IIoTset,SNN_AE,2,2,0.9485238667150797,0.9985950873428675,0.9985035080891239,11567.299145507812,10.0,7560.613441085815,7560.613441085815,48720.76278648376,52560.76278648376,4038.014934539795
Edge-IIoTset,SNN_AE,2,2,0.9485238667150797,0.9985950873428675,0.9985035080891239,11567.299145507812,20.0,7560.613441085815,7560.613441085815,89880.91213188172,97560.91213188172,4038.014934539795
Edge-IIoTset,LSTM_AE,2,2,0.9486077785837844,0.9999416394468551,0.9999279392581566,331200.0,2.5,331200.0,331200.0,513367.5,513367.5,72801.0
Edge-IIoTset,LSTM_AE,2,2,0.9486077785837844,0.9999416394468551,0.9999279392581566,331200.0,5.0,331200.0,331200.0,695535.0,695535.0,72801.0
Edge-IIoTset,LSTM_AE,2,2,0.9486077785837844,0.9999416394468551,0.9999279392581566,331200.0,10.0,331200.0,331200.0,1059870.0,1059870.0,72801.0
Edge-IIoTset,LSTM_AE,2,2,0.9486077785837844,0.9999416394468551,0.9999279392581566,331200.0,20.0,331200.0,331200.0,1788540.0,1788540.0,72801.0
Edge-IIoTset,CNN_AE,2,2,0.948581312948135,0.9999346117864178,0.9999244156073556,351955.19999999995,2.5,351955.19999999995,351955.19999999995,385922.69999999995,385922.69999999995,13521.0
Edge-IIoTset,CNN_AE,2,2,0.948581312948135,0.9999346117864178,0.9999244156073556,351955.19999999995,5.0,351955.19999999995,351955.19999999995,419890.19999999995,419890.19999999995,13521.0
Edge-IIoTset,CNN_AE,2,2,0.948581312948135,0.9999346117864178,0.9999244156073556,351955.19999999995,10.0,351955.19999999995,351955.19999999995,487825.19999999995,487825.19999999995,13521.0
Edge-IIoTset,CNN_AE,2,2,0.948581312948135,0.9999346117864178,0.9999244156073556,351955.19999999995,20.0,351955.19999999995,351955.19999999995,623695.2,623695.2,13521.0
Edge-IIoTset,SNN_Dense,2,2,0.948581312948135,0.9997419354323719,0.9997137021735412,16246.412875366212,2.5,10916.720690917968,9864.769788961612,18223.94815035167,18703.94815035167,3207.671344556023
Edge-IIoTset,SNN_Dense,2,2,0.948581312948135,0.9997419354323719,0.9997137021735412,16246.412875366212,5.0,10916.720690917968,9864.769788961612,26583.126511741728,27543.126511741728,3207.671344556023
Edge-IIoTset,SNN_Dense,2,2,0.948581312948135,0.9997419354323719,0.9997137021735412,16246.412875366212,10.0,10916.720690917968,9864.769788961612,43301.48323452184,45221.48323452184,3207.671344556023
Edge-IIoTset,SNN_Dense,2,2,0.948581312948135,0.9997419354323719,0.9997137021735412,16246.412875366212,20.0,10916.720690917968,9864.769788961612,76738.19668008207,80578.19668008207,3207.671344556023
Edge-IIoTset,Dense_SNN,2,2,0.9486170420609004,0.9976963769712411,0.9974811150444058,24463.199999999997,2.5,11156.269474792482,8641.706349139657,17200.28894029779,17680.28894029779,3287.4330364632533
Edge-IIoTset,Dense_SNN,2,2,0.9486170420609004,0.9976963769712411,0.9974811150444058,24463.199999999997,5.0,11156.269474792482,8641.706349139657,25758.871531455923,26718.871531455923,3287.4330364632533
Edge-IIoTset,Dense_SNN,2,2,0.9486170420609004,0.9976963769712411,0.9974811150444058,24463.199999999997,10.0,11156.269474792482,8641.706349139657,42876.03671377219,44796.03671377219,3287.4330364632533
Edge-IIoTset,Dense_SNN,2,2,0.9486170420609004,0.9976963769712411,0.9974811150444058,24463.199999999997,20.0,11156.269474792482,8641.706349139657,77110.36707840473,80950.36707840473,3287.4330364632533
Edge-IIoTset,Dense_AE,2,2,0.9487930793916562,0.9998126127506858,0.9997863447901865,15032.8,2.5,14425.599999999999,11665.96931936877,18491.170036417017,18491.170036417017,2536.080286819298
Edge-IIoTset,Dense_AE,2,2,0.9487930793916562,0.9998126127506858,0.9997863447901865,15032.8,5.0,14425.599999999999,11665.96931936877,25316.370753465264,25316.370753465264,2536.080286819298
Edge-IIoTset,Dense_AE,2,2,0.9487930793916562,0.9998126127506858,0.9997863447901865,15032.8,10.0,14425.599999999999,11665.96931936877,38966.77218756176,38966.77218756176,2536.080286819298
Edge-IIoTset,Dense_AE,2,2,0.9487930793916562,0.9998126127506858,0.9997863447901865,15032.8,20.0,14425.599999999999,11665.96931936877,66267.57505575474,66267.57505575474,2536.080286819298
Edge-IIoTset,SNN_AE_T2,2,2,0.948606223116027,0.989742048781734,0.988937200731934,11122.073614501951,2.5,6556.847278022766,6556.847278022766,14066.423050308227,14706.423050308227,2929.8303089141846
Edge-IIoTset,SNN_AE_T2,2,2,0.948606223116027,0.989742048781734,0.988937200731934,11122.073614501951,5.0,6556.847278022766,6556.847278022766,21575.99882259369,22855.99882259369,2929.8303089141846
Edge-IIoTset,SNN_AE_T2,2,2,0.948606223116027,0.989742048781734,0.988937200731934,11122.073614501951,10.0,6556.847278022766,6556.847278022766,36595.15036716461,39155.15036716461,2929.8303089141846
Edge-IIoTset,SNN_AE_T2,2,2,0.948606223116027,0.989742048781734,0.988937200731934,11122.073614501951,20.0,6556.847278022766,6556.847278022766,66633.45345630645,71753.45345630645,2929.8303089141846
Edge-IIoTset,SNN_AE_T5,2,2,0.9489519662842948,0.9992718947862486,0.9992308943820378,12361.587179565428,2.5,9315.359503173828,9315.359503173828,24464.135900878908,26064.135900878908,5973.510559082031
Edge-IIoTset,SNN_AE_T5,2,2,0.9489519662842948,0.9992718947862486,0.9992308943820378,12361.587179565428,5.0,9315.359503173828,9315.359503173828,39612.912298583986,42812.912298583986,5973.510559082031
Edge-IIoTset,SNN_AE_T5,2,2,0.9489519662842948,0.9992718947862486,0.9992308943820378,12361.587179565428,10.0,9315.359503173828,9315.359503173828,69910.46509399413,76310.46509399413,5973.510559082031
Edge-IIoTset,SNN_AE_T5,2,2,0.9489519662842948,0.9992718947862486,0.9992308943820378,12361.587179565428,20.0,9315.359503173828,9315.359503173828,130505.57068481445,143305.57068481445,5973.510559082031
Edge-IIoTset,SNN_AE_T7,2,2,0.948925481440134,0.999748979057508,0.9997221459054679,13261.91676330566,2.5,11175.648380279541,11175.648380279541,31476.33832550049,33716.33832550049,8026.275978088379
Edge-IIoTset,SNN_AE_T7,2,2,0.948925481440134,0.999748979057508,0.9997221459054679,13261.91676330566,5.0,11175.648380279541,11175.648380279541,51777.028270721436,56257.028270721436,8026.275978088379
Edge-IIoTset,SNN_AE_T7,2,2,0.948925481440134,0.999748979057508,0.9997221459054679,13261.91676330566,10.0,11175.648380279541,11175.648380279541,92378.40816116333,101338.40816116333,8026.275978088379
Edge-IIoTset,SNN_AE_T7,2,2,0.948925481440134,0.999748979057508,0.9997221459054679,13261.91676330566,20.0,11175.648380279541,11175.648380279541,173581.16794204712,191501.16794204712,8026.275978088379
Edge-IIoTset,SNN_AE_noBN,2,2,0.9489784526068996,0.9963711537049277,0.9962219493727975,11170.51193847656,2.5,7892.966974639891,7892.966974639891,19106.208570861814,20066.208570861814,4407.2966384887695
Edge-IIoTset,SNN_AE_noBN,2,2,0.9489784526068996,0.9963711537049277,0.9962219493727975,11170.51193847656,5.0,7892.966974639891,7892.966974639891,30319.450167083738,32239.450167083738,4407.2966384887695
Edge-IIoTset,SNN_AE_noBN,2,2,0.9489784526068996,0.9963711537049277,0.9962219493727975,11170.51193847656,10.0,7892.966974639891,7892.966974639891,52745.93335952759,56585.93335952759,4407.2966384887695
Edge-IIoTset,SNN_AE_noBN,2,2,0.9489784526068996,0.9963711537049277,0.9962219493727975,11170.51193847656,20.0,7892.966974639891,7892.966974639891,97598.89974441528,105278.89974441528,4407.2966384887695
Edge-IIoTset,IF,2,2,0.8427323767935122,0.9498801210762763,0.915201445425927,,2.5,1800.0,1800.0,11882.5,11882.5,4000.0
Edge-IIoTset,IF,2,2,0.8427323767935122,0.9498801210762763,0.915201445425927,,5.0,1800.0,1800.0,21965.0,21965.0,4000.0
Edge-IIoTset,IF,2,2,0.8427323767935122,0.9498801210762763,0.915201445425927,,10.0,1800.0,1800.0,42130.0,42130.0,4000.0
Edge-IIoTset,IF,2,2,0.8427323767935122,0.9498801210762763,0.915201445425927,,20.0,1800.0,1800.0,82460.0,82460.0,4000.0
Edge-IIoTset,OCSVM,2,2,0.948819556845454,0.9999170123023969,0.9999014296487515,,2.5,19862.8,19862.8,30740.3,30740.3,4318.0
Edge-IIoTset,OCSVM,2,2,0.948819556845454,0.9999170123023969,0.9999014296487515,,5.0,19862.8,19862.8,41617.8,41617.8,4318.0
Edge-IIoTset,OCSVM,2,2,0.948819556845454,0.9999170123023969,0.9999014296487515,,10.0,19862.8,19862.8,63372.8,63372.8,4318.0
Edge-IIoTset,OCSVM,2,2,0.948819556845454,0.9999170123023969,0.9999014296487515,,20.0,19862.8,19862.8,106882.8,106882.8,4318.0
Edge-IIoTset,LOF,2,2,0.8131166202883886,0.9347788378337819,0.905283632723375,,2.5,3035999.9999999995,3035999.9999999995,4686082.5,4686082.5,660000.0
Edge-IIoTset,LOF,2,2,0.8131166202883886,0.9347788378337819,0.905283632723375,,5.0,3035999.9999999995,3035999.9999999995,6336165.0,6336165.0,660000.0
Edge-IIoTset,LOF,2,2,0.8131166202883886,0.9347788378337819,0.905283632723375,,10.0,3035999.9999999995,3035999.9999999995,9636330.0,9636330.0,660000.0
Edge-IIoTset,LOF,2,2,0.8131166202883886,0.9347788378337819,0.905283632723375,,20.0,3035999.9999999995,3035999.9999999995,16236660.0,16236660.0,660000.0
Edge-IIoTset,SNN_AE,2,3,0.9955201592832255,0.9999887424964612,0.9999887590651841,11360.659249877928,2.5,7183.655267715453,7183.655267715453,16426.58656692505,17386.58656692505,3619.172519683838
Edge-IIoTset,SNN_AE,2,3,0.9955201592832255,0.9999887424964612,0.9999887590651841,11360.659249877928,5.0,7183.655267715453,7183.655267715453,25669.517866134644,27589.517866134644,3619.172519683838
Edge-IIoTset,SNN_AE,2,3,0.9955201592832255,0.9999887424964612,0.9999887590651841,11360.659249877928,10.0,7183.655267715453,7183.655267715453,44155.38046455383,47995.38046455383,3619.172519683838
Edge-IIoTset,SNN_AE,2,3,0.9955201592832255,0.9999887424964612,0.9999887590651841,11360.659249877928,20.0,7183.655267715453,7183.655267715453,81127.10566139221,88807.10566139221,3619.172519683838
Edge-IIoTset,LSTM_AE,2,3,0.9988542554129087,0.9999994836652043,0.9999994912596387,331200.0,2.5,331200.0,331200.0,513367.5,513367.5,72801.0
Edge-IIoTset,LSTM_AE,2,3,0.9988542554129087,0.9999994836652043,0.9999994912596387,331200.0,5.0,331200.0,331200.0,695535.0,695535.0,72801.0
Edge-IIoTset,LSTM_AE,2,3,0.9988542554129087,0.9999994836652043,0.9999994912596387,331200.0,10.0,331200.0,331200.0,1059870.0,1059870.0,72801.0
Edge-IIoTset,LSTM_AE,2,3,0.9988542554129087,0.9999994836652043,0.9999994912596387,331200.0,20.0,331200.0,331200.0,1788540.0,1788540.0,72801.0
Edge-IIoTset,CNN_AE,2,3,0.9993827341935864,0.9999989567929638,0.9999989718940299,351955.19999999995,2.5,351955.19999999995,351955.19999999995,385922.69999999995,385922.69999999995,13521.0
Edge-IIoTset,CNN_AE,2,3,0.9993827341935864,0.9999989567929638,0.9999989718940299,351955.19999999995,5.0,351955.19999999995,351955.19999999995,419890.19999999995,419890.19999999995,13521.0
Edge-IIoTset,CNN_AE,2,3,0.9993827341935864,0.9999989567929638,0.9999989718940299,351955.19999999995,10.0,351955.19999999995,351955.19999999995,487825.19999999995,487825.19999999995,13521.0
Edge-IIoTset,CNN_AE,2,3,0.9993827341935864,0.9999989567929638,0.9999989718940299,351955.19999999995,20.0,351955.19999999995,351955.19999999995,623695.2,623695.2,13521.0
Edge-IIoTset,SNN_Dense,2,3,0.9968920424558728,0.9999999543377391,0.9999999550238127,15979.37926635742,2.5,10651.714196777344,9524.970183976206,17107.37096516869,17587.37096516869,2896.9603124769947
Edge-IIoTset,SNN_Dense,2,3,0.9968920424558728,0.9999999543377391,0.9999999550238127,15979.37926635742,5.0,10651.714196777344,9524.970183976206,24689.771746361177,25649.771746361177,2896.9603124769947
Edge-IIoTset,SNN_Dense,2,3,0.9968920424558728,0.9999999543377391,0.9999999550238127,15979.37926635742,10.0,10651.714196777344,9524.970183976206,39854.573308746156,41774.573308746156,2896.9603124769947
Edge-IIoTset,SNN_Dense,2,3,0.9968920424558728,0.9999999543377391,0.9999999550238127,15979.37926635742,20.0,10651.714196777344,9524.970183976206,70184.1764335161,74024.1764335161,2896.9603124769947
Edge-IIoTset,Dense_SNN,2,3,0.9960159362549801,0.9999845556183901,0.9999842454241396,24463.199999999997,2.5,11212.53716621399,9630.82307014619,18852.68797239458,19332.68797239458,3552.7459608993554
Edge-IIoTset,Dense_SNN,2,3,0.9960159362549801,0.9999845556183901,0.9999842454241396,24463.199999999997,5.0,11212.53716621399,9630.82307014619,28074.552874642966,29034.552874642966,3552.7459608993554
Edge-IIoTset,Dense_SNN,2,3,0.9960159362549801,0.9999845556183901,0.9999842454241396,24463.199999999997,10.0,11212.53716621399,9630.82307014619,46518.28267913974,48438.28267913974,3552.7459608993554
Edge-IIoTset,Dense_SNN,2,3,0.9960159362549801,0.9999845556183901,0.9999842454241396,24463.199999999997,20.0,11212.53716621399,9630.82307014619,83405.74228813329,87245.74228813329,3552.7459608993554
Edge-IIoTset,Dense_AE,2,3,0.9955201592832255,0.999977867853417,0.9999772909115545,15032.8,2.5,14425.599999999999,12226.130453077309,19355.766568880194,19355.766568880194,2657.8544463211547
Edge-IIoTset,Dense_AE,2,3,0.9955201592832255,0.999977867853417,0.9999772909115545,15032.8,5.0,14425.599999999999,12226.130453077309,26485.402684683082,26485.402684683082,2657.8544463211547
Edge-IIoTset,Dense_AE,2,3,0.9955201592832255,0.999977867853417,0.9999772909115545,15032.8,10.0,14425.599999999999,12226.130453077309,40744.67491628886,40744.67491628886,2657.8544463211547
Edge-IIoTset,Dense_AE,2,3,0.9955201592832255,0.999977867853417,0.9999772909115545,15032.8,20.0,14425.599999999999,12226.130453077309,69263.2193795004,69263.2193795004,2657.8544463211547
Edge-IIoTset,SNN_AE_T2,2,3,0.9958659512710001,0.9999234876132337,0.9999226031564726,11076.108795166016,2.5,6475.011347198486,6475.011347198486,13757.265089416504,14397.265089416504,2838.901496887207
Edge-IIoTset,SNN_AE_T2,2,3,0.9958659512710001,0.9999234876132337,0.9999226031564726,11076.108795166016,5.0,6475.011347198486,6475.011347198486,21039.518831634523,22319.518831634523,2838.901496887207
Edge-IIoTset,SNN_AE_T2,2,3,0.9958659512710001,0.9999234876132337,0.9999226031564726,11076.108795166016,10.0,6475.011347198486,6475.011347198486,35604.02631607056,38164.02631607056,2838.901496887207
Edge-IIoTset,SNN_AE_T2,2,3,0.9958659512710001,0.9999234876132337,0.9999226031564726,11076.108795166016,20.0,6475.011347198486,6475.011347198486,64733.04128494263,69853.04128494262,2838.901496887207
Edge-IIoTset,SNN_AE_T5,2,3,0.9959865240955031,0.9999636774277395,0.999963487576959,12052.59203186035,2.5,8861.147386169432,8861.147386169432,22748.223458862303,24348.223458862303,5468.830429077148
Edge-IIoTset,SNN_AE_T5,2,3,0.9959865240955031,0.9999636774277395,0.999963487576959,12052.59203186035,5.0,8861.147386169432,8861.147386169432,36635.299531555174,39835.299531555174,5468.830429077148
Edge-IIoTset,SNN_AE_T5,2,3,0.9959865240955031,0.9999636774277395,0.999963487576959,12052.59203186035,10.0,8861.147386169432,8861.147386169432,64409.45167694092,70809.45167694092,5468.830429077148
Edge-IIoTset,SNN_AE_T5,2,3,0.9959865240955031,0.9999636774277395,0.999963487576959,12052.59203186035,20.0,8861.147386169432,8861.147386169432,119957.75596771241,132757.7559677124,5468.830429077148
Edge-IIoTset,SNN_AE_T7,2,3,0.9961910342806914,0.9999845591308716,0.9999843750105136,12748.412738037108,2.5,10623.870837402343,10623.870837402343,29391.845385742185,31631.845385742185,7413.1898193359375
Edge-IIoTset,SNN_AE_T7,2,3,0.9961910342806914,0.9999845591308716,0.9999843750105136,12748.412738037108,5.0,10623.870837402343,10623.870837402343,48159.81993408203,52639.81993408203,7413.1898193359375
Edge-IIoTset,SNN_AE_T7,2,3,0.9961910342806914,0.9999845591308716,0.9999843750105136,12748.412738037108,10.0,10623.870837402343,10623.870837402343,85695.76903076172,94655.76903076172,7413.1898193359375
Edge-IIoTset,SNN_AE_T7,2,3,0.9961910342806914,0.9999845591308716,0.9999843750105136,12748.412738037108,20.0,10623.870837402343,10623.870837402343,160767.6672241211,178687.6672241211,7413.1898193359375
Edge-IIoTset,SNN_AE_noBN,2,3,0.9948459646245754,0.9999551034601457,0.9999549765927584,11079.67681274414,2.5,7706.838522720337,7706.838522720337,18403.05664138794,19363.05664138794,4200.487247467041
Edge-IIoTset,SNN_AE_noBN,2,3,0.9948459646245754,0.9999551034601457,0.9999549765927584,11079.67681274414,5.0,7706.838522720337,7706.838522720337,29099.27476005554,31019.27476005554,4200.487247467041
Edge-IIoTset,SNN_AE_noBN,2,3,0.9948459646245754,0.9999551034601457,0.9999549765927584,11079.67681274414,10.0,7706.838522720337,7706.838522720337,50491.71099739075,54331.71099739075,4200.487247467041
Edge-IIoTset,SNN_AE_noBN,2,3,0.9948459646245754,0.9999551034601457,0.9999549765927584,11079.67681274414,20.0,7706.838522720337,7706.838522720337,93276.58347206116,100956.58347206116,4200.487247467041
Edge-IIoTset,IF,2,3,0.810184702076594,0.9885731913354102,0.9711988091375692,,2.5,1800.0,1800.0,11882.5,11882.5,4000.0
Edge-IIoTset,IF,2,3,0.810184702076594,0.9885731913354102,0.9711988091375692,,5.0,1800.0,1800.0,21965.0,21965.0,4000.0
Edge-IIoTset,IF,2,3,0.810184702076594,0.9885731913354102,0.9711988091375692,,10.0,1800.0,1800.0,42130.0,42130.0,4000.0
Edge-IIoTset,IF,2,3,0.810184702076594,0.9885731913354102,0.9711988091375692,,20.0,1800.0,1800.0,82460.0,82460.0,4000.0
Edge-IIoTset,OCSVM,2,3,0.9970382100231665,0.9999997611512509,0.9999997646246064,,2.5,18768.0,18768.0,29050.5,29050.5,4080.0
Edge-IIoTset,OCSVM,2,3,0.9970382100231665,0.9999997611512509,0.9999997646246064,,5.0,18768.0,18768.0,39333.0,39333.0,4080.0
Edge-IIoTset,OCSVM,2,3,0.9970382100231665,0.9999997611512509,0.9999997646246064,,10.0,18768.0,18768.0,59898.0,59898.0,4080.0
Edge-IIoTset,OCSVM,2,3,0.9970382100231665,0.9999997611512509,0.9999997646246064,,20.0,18768.0,18768.0,101028.0,101028.0,4080.0
Edge-IIoTset,LOF,2,3,0.8960946592525539,0.9972546865285793,0.9966332734648276,,2.5,3035999.9999999995,3035999.9999999995,4686082.5,4686082.5,660000.0
Edge-IIoTset,LOF,2,3,0.8960946592525539,0.9972546865285793,0.9966332734648276,,5.0,3035999.9999999995,3035999.9999999995,6336165.0,6336165.0,660000.0
Edge-IIoTset,LOF,2,3,0.8960946592525539,0.9972546865285793,0.9966332734648276,,10.0,3035999.9999999995,3035999.9999999995,9636330.0,9636330.0,660000.0
Edge-IIoTset,LOF,2,3,0.8960946592525539,0.9972546865285793,0.9966332734648276,,20.0,3035999.9999999995,3035999.9999999995,16236660.0,16236660.0,660000.0
Edge-IIoTset,SNN_AE,2,4,0.9962738021887745,0.9998596706893887,0.9998451179582157,11452.991949462888,2.5,7362.501129913329,7362.501129913329,17102.22649078369,18062.22649078369,3817.8901443481445
Edge-IIoTset,SNN_AE,2,4,0.9962738021887745,0.9998596706893887,0.9998451179582157,11452.991949462888,5.0,7362.501129913329,7362.501129913329,26841.951851654052,28761.951851654052,3817.8901443481445
Edge-IIoTset,SNN_AE,2,4,0.9962738021887745,0.9998596706893887,0.9998451179582157,11452.991949462888,10.0,7362.501129913329,7362.501129913329,46321.40257339478,50161.40257339478,3817.8901443481445
Edge-IIoTset,SNN_AE,2,4,0.9962738021887745,0.9998596706893887,0.9998451179582157,11452.991949462888,20.0,7362.501129913329,7362.501129913329,85280.30401687622,92960.30401687622,3817.8901443481445
Edge-IIoTset,LSTM_AE,2,4,0.9974769700170157,0.9999824983492321,0.9999814434113807,331200.0,2.5,331200.0,331200.0,513367.5,513367.5,72801.0
Edge-IIoTset,LSTM_AE,2,4,0.9974769700170157,0.9999824983492321,0.9999814434113807,331200.0,5.0,331200.0,331200.0,695535.0,695535.0,72801.0
Edge-IIoTset,LSTM_AE,2,4,0.9974769700170157,0.9999824983492321,0.9999814434113807,331200.0,10.0,331200.0,331200.0,1059870.0,1059870.0,72801.0
Edge-IIoTset,LSTM_AE,2,4,0.9974769700170157,0.9999824983492321,0.9999814434113807,331200.0,20.0,331200.0,331200.0,1788540.0,1788540.0,72801.0
Edge-IIoTset,CNN_AE,2,4,0.9975062344139651,0.9999445868865817,0.9999383202909324,351955.19999999995,2.5,351955.19999999995,351955.19999999995,385922.69999999995,385922.69999999995,13521.0
Edge-IIoTset,CNN_AE,2,4,0.9975062344139651,0.9999445868865817,0.9999383202909324,351955.19999999995,5.0,351955.19999999995,351955.19999999995,419890.19999999995,419890.19999999995,13521.0
Edge-IIoTset,CNN_AE,2,4,0.9975062344139651,0.9999445868865817,0.9999383202909324,351955.19999999995,10.0,351955.19999999995,351955.19999999995,487825.19999999995,487825.19999999995,13521.0
Edge-IIoTset,CNN_AE,2,4,0.9975062344139651,0.9999445868865817,0.9999383202909324,351955.19999999995,20.0,351955.19999999995,351955.19999999995,623695.2,623695.2,13521.0
Edge-IIoTset,SNN_Dense,2,4,0.9973887275181176,0.999911487236404,0.9998978907461143,16258.04789123535,2.5,10952.659826660156,9904.120713231212,18364.98424013379,18844.98424013379,3248.3454107610314
Edge-IIoTset,SNN_Dense,2,4,0.9973887275181176,0.999911487236404,0.9998978907461143,16258.04789123535,5.0,10952.659826660156,9904.120713231212,26825.847767036368,27785.847767036368,3248.3454107610314
Edge-IIoTset,SNN_Dense,2,4,0.9973887275181176,0.999911487236404,0.9998978907461143,16258.04789123535,10.0,10952.659826660156,9904.120713231212,43747.574820841524,45667.574820841524,3248.3454107610314
Edge-IIoTset,SNN_Dense,2,4,0.9973887275181176,0.999911487236404,0.9998978907461143,16258.04789123535,20.0,10952.659826660156,9904.120713231212,77591.02892845184,81431.02892845184,3248.3454107610314
Edge-IIoTset,Dense_SNN,2,4,0.9970089730807578,0.9999264951741383,0.999920529059889,24463.199999999997,2.5,11228.283908081055,9600.146702913342,18840.522604194688,19320.522604194688,3560.1503605125386
Edge-IIoTset,Dense_SNN,2,4,0.9970089730807578,0.9999264951741383,0.999920529059889,24463.199999999997,5.0,11228.283908081055,9600.146702913342,28080.898505476034,29040.898505476034,3560.1503605125386
Edge-IIoTset,Dense_SNN,2,4,0.9970089730807578,0.9999264951741383,0.999920529059889,24463.199999999997,10.0,11228.283908081055,9600.146702913342,46561.65030803873,48481.65030803873,3560.1503605125386
Edge-IIoTset,Dense_SNN,2,4,0.9970089730807578,0.9999264951741383,0.999920529059889,24463.199999999997,20.0,11228.283908081055,9600.146702913342,83523.1539131641,87363.1539131641,3560.1503605125386
Edge-IIoTset,Dense_AE,2,4,0.997447707337108,0.9999187365655601,0.9999072150413594,15032.8,2.5,14425.599999999999,11313.940986132511,17947.8219568567,17947.8219568567,2459.5523882896764
Edge-IIoTset,Dense_AE,2,4,0.997447707337108,0.9999187365655601,0.9999072150413594,15032.8,5.0,14425.599999999999,11313.940986132511,24581.702927580893,24581.702927580893,2459.5523882896764
Edge-IIoTset,Dense_AE,2,4,0.997447707337108,0.9999187365655601,0.9999072150413594,15032.8,10.0,14425.599999999999,11313.940986132511,37849.464869029274,37849.464869029274,2459.5523882896764
Edge-IIoTset,Dense_AE,2,4,0.997447707337108,0.9999187365655601,0.9999072150413594,15032.8,20.0,14425.599999999999,11313.940986132511,64384.98875192604,64384.98875192604,2459.5523882896764
Edge-IIoTset,SNN_AE_T2,2,4,0.9962729273661042,0.9997039822138553,0.9996870411085348,11209.395202636719,2.5,6732.603144454955,6732.603144454955,14730.389656829833,15370.389656829833,3125.114604949951
Edge-IIoTset,SNN_AE_T2,2,4,0.9962729273661042,0.9997039822138553,0.9996870411085348,11209.395202636719,5.0,6732.603144454955,6732.603144454955,22728.17616920471,24008.17616920471,3125.114604949951
Edge-IIoTset,SNN_AE_T2,2,4,0.9962729273661042,0.9997039822138553,0.9996870411085348,11209.395202636719,10.0,6732.603144454955,6732.603144454955,38723.74919395447,41283.74919395447,3125.114604949951
Edge-IIoTset,SNN_AE_T2,2,4,0.9962729273661042,0.9997039822138553,0.9996870411085348,11209.395202636719,20.0,6732.603144454955,6732.603144454955,70714.89524345398,75834.89524345398,3125.114604949951
Edge-IIoTset,SNN_AE_T5,2,4,0.9962738021887745,0.9998719109568833,0.9998575936340838,12259.779074096678,2.5,9335.068199920654,9335.068199920654,24538.590977478027,26138.590977478027,5995.409111022949
Edge-IIoTset,SNN_AE_T5,2,4,0.9962738021887745,0.9998719109568833,0.9998575936340838,12259.779074096678,5.0,9335.068199920654,9335.068199920654,39742.1137550354,42942.1137550354,5995.409111022949
Edge-IIoTset,SNN_AE_T5,2,4,0.9962738021887745,0.9998719109568833,0.9998575936340838,12259.779074096678,10.0,9335.068199920654,9335.068199920654,70149.15931015015,76549.15931015015,5995.409111022949
Edge-IIoTset,SNN_AE_T5,2,4,0.9962738021887745,0.9998719109568833,0.9998575936340838,12259.779074096678,20.0,9335.068199920654,9335.068199920654,130963.25042037964,143763.25042037963,5995.409111022949
Edge-IIoTset,SNN_AE_T7,2,4,0.9967145790554415,0.9998945580859523,0.999879702017736,13211.977612304687,2.5,11130.361987304686,11130.361987304686,31305.256396484372,33545.25639648437,7975.957763671875
Edge-IIoTset,SNN_AE_T7,2,4,0.9967145790554415,0.9998945580859523,0.999879702017736,13211.977612304687,5.0,11130.361987304686,11130.361987304686,51480.15080566406,55960.15080566406,7975.957763671875
Edge-IIoTset,SNN_AE_T7,2,4,0.9967145790554415,0.9998945580859523,0.999879702017736,13211.977612304687,10.0,11130.361987304686,11130.361987304686,91829.93962402343,100789.93962402343,7975.957763671875
Edge-IIoTset,SNN_AE_T7,2,4,0.9967145790554415,0.9998945580859523,0.999879702017736,13211.977612304687,20.0,11130.361987304686,11130.361987304686,172529.5172607422,190449.5172607422,7975.957763671875
Edge-IIoTset,SNN_AE_noBN,2,4,0.9962450129077681,0.9998094311524466,0.9997927925719514,11195.36647338867,2.5,7916.748522949219,7916.748522949219,19196.04997558594,20156.04997558594,4433.7205810546875
Edge-IIoTset,SNN_AE_noBN,2,4,0.9962450129077681,0.9998094311524466,0.9997927925719514,11195.36647338867,5.0,7916.748522949219,7916.748522949219,30475.351428222657,32395.351428222657,4433.7205810546875
Edge-IIoTset,SNN_AE_noBN,2,4,0.9962450129077681,0.9998094311524466,0.9997927925719514,11195.36647338867,10.0,7916.748522949219,7916.748522949219,53033.95433349609,56873.95433349609,4433.7205810546875
Edge-IIoTset,SNN_AE_noBN,2,4,0.9962450129077681,0.9998094311524466,0.9997927925719514,11195.36647338867,20.0,7916.748522949219,7916.748522949219,98151.16014404297,105831.16014404297,4433.7205810546875
Edge-IIoTset,IF,2,4,0.871612499588396,0.9902909601146406,0.9707081349448854,,2.5,1800.0,1800.0,11882.5,11882.5,4000.0
Edge-IIoTset,IF,2,4,0.871612499588396,0.9902909601146406,0.9707081349448854,,5.0,1800.0,1800.0,21965.0,21965.0,4000.0
Edge-IIoTset,IF,2,4,0.871612499588396,0.9902909601146406,0.9707081349448854,,10.0,1800.0,1800.0,42130.0,42130.0,4000.0
Edge-IIoTset,IF,2,4,0.871612499588396,0.9902909601146406,0.9707081349448854,,20.0,1800.0,1800.0,82460.0,82460.0,4000.0
Edge-IIoTset,OCSVM,2,4,0.9977695603686095,0.9999217430702876,0.9999118884368319,,2.5,18611.6,18611.6,28809.1,28809.1,4046.0
Edge-IIoTset,OCSVM,2,4,0.9977695603686095,0.9999217430702876,0.9999118884368319,,5.0,18611.6,18611.6,39006.6,39006.6,4046.0
Edge-IIoTset,OCSVM,2,4,0.9977695603686095,0.9999217430702876,0.9999118884368319,,10.0,18611.6,18611.6,59401.6,59401.6,4046.0
Edge-IIoTset,OCSVM,2,4,0.9977695603686095,0.9999217430702876,0.9999118884368319,,20.0,18611.6,18611.6,100191.6,100191.6,4046.0
Edge-IIoTset,LOF,2,4,0.9967685076380729,0.9996726457241603,0.9995629883950042,,2.5,3035999.9999999995,3035999.9999999995,4686082.5,4686082.5,660000.0
Edge-IIoTset,LOF,2,4,0.9967685076380729,0.9996726457241603,0.9995629883950042,,5.0,3035999.9999999995,3035999.9999999995,6336165.0,6336165.0,660000.0
Edge-IIoTset,LOF,2,4,0.9967685076380729,0.9996726457241603,0.9995629883950042,,10.0,3035999.9999999995,3035999.9999999995,9636330.0,9636330.0,660000.0
Edge-IIoTset,LOF,2,4,0.9967685076380729,0.9996726457241603,0.9995629883950042,,20.0,3035999.9999999995,3035999.9999999995,16236660.0,16236660.0,660000.0
Edge-IIoTset,SNN_AE,2,5,0.9956032360182905,0.9991817041858243,0.9987117775513863,11433.37929382324,2.5,7276.419479370116,7276.419479370116,16777.02914428711,17737.02914428711,3722.243865966797
Edge-IIoTset,SNN_AE,2,5,0.9956032360182905,0.9991817041858243,0.9987117775513863,11433.37929382324,5.0,7276.419479370116,7276.419479370116,26277.6388092041,28197.6388092041,3722.243865966797
Edge-IIoTset,SNN_AE,2,5,0.9956032360182905,0.9991817041858243,0.9987117775513863,11433.37929382324,10.0,7276.419479370116,7276.419479370116,45278.858139038086,49118.858139038086,3722.243865966797
Edge-IIoTset,SNN_AE,2,5,0.9956032360182905,0.9991817041858243,0.9987117775513863,11433.37929382324,20.0,7276.419479370116,7276.419479370116,83281.29679870605,90961.29679870605,3722.243865966797
Edge-IIoTset,LSTM_AE,2,5,0.9982677119116826,0.9999633051046894,0.9999603623072137,331200.0,2.5,331200.0,331200.0,513367.5,513367.5,72801.0
Edge-IIoTset,LSTM_AE,2,5,0.9982677119116826,0.9999633051046894,0.9999603623072137,331200.0,5.0,331200.0,331200.0,695535.0,695535.0,72801.0
Edge-IIoTset,LSTM_AE,2,5,0.9982677119116826,0.9999633051046894,0.9999603623072137,331200.0,10.0,331200.0,331200.0,1059870.0,1059870.0,72801.0
Edge-IIoTset,LSTM_AE,2,5,0.9982677119116826,0.9999633051046894,0.9999603623072137,331200.0,20.0,331200.0,331200.0,1788540.0,1788540.0,72801.0
Edge-IIoTset,CNN_AE,2,5,0.9988542554129087,0.9998695464332505,0.9998582581919185,351955.19999999995,2.5,351955.19999999995,351955.19999999995,385922.69999999995,385922.69999999995,13521.0
Edge-IIoTset,CNN_AE,2,5,0.9988542554129087,0.9998695464332505,0.9998582581919185,351955.19999999995,5.0,351955.19999999995,351955.19999999995,419890.19999999995,419890.19999999995,13521.0
Edge-IIoTset,CNN_AE,2,5,0.9988542554129087,0.9998695464332505,0.9998582581919185,351955.19999999995,10.0,351955.19999999995,351955.19999999995,487825.19999999995,487825.19999999995,13521.0
Edge-IIoTset,CNN_AE,2,5,0.9988542554129087,0.9998695464332505,0.9998582581919185,351955.19999999995,20.0,351955.19999999995,351955.19999999995,623695.2,623695.2,13521.0
Edge-IIoTset,SNN_Dense,2,5,0.9970382100231665,0.9994757024085086,0.9993587631424703,16213.062338256834,2.5,10879.906384277343,9437.430786446424,17482.105502405335,17962.105502405335,3081.869886383564
Edge-IIoTset,SNN_Dense,2,5,0.9970382100231665,0.9994757024085086,0.9993587631424703,16213.062338256834,5.0,10879.906384277343,9437.430786446424,25526.78021836424,26486.78021836424,3081.869886383564
Edge-IIoTset,SNN_Dense,2,5,0.9970382100231665,0.9994757024085086,0.9993587631424703,16213.062338256834,10.0,10879.906384277343,9437.430786446424,41616.12965028206,43536.12965028206,3081.869886383564
Edge-IIoTset,SNN_Dense,2,5,0.9970382100231665,0.9994757024085086,0.9993587631424703,16213.062338256834,20.0,10879.906384277343,9437.430786446424,73794.8285141177,77634.8285141177,3081.869886383564
Edge-IIoTset,Dense_SNN,2,5,0.9976499618118795,0.9993290457641227,0.9991080642531293,24463.199999999997,2.5,11181.289989089966,9444.463462287584,18495.23041620769,18975.23041620769,3484.3067815680433
Edge-IIoTset,Dense_SNN,2,5,0.9976499618118795,0.9993290457641227,0.9991080642531293,24463.199999999997,5.0,11181.289989089966,9444.463462287584,27545.9973701278,28505.9973701278,3484.3067815680433
Edge-IIoTset,Dense_SNN,2,5,0.9976499618118795,0.9993290457641227,0.9991080642531293,24463.199999999997,10.0,11181.289989089966,9444.463462287584,45647.53127796802,47567.53127796802,3484.3067815680433
Edge-IIoTset,Dense_SNN,2,5,0.9976499618118795,0.9993290457641227,0.9991080642531293,24463.199999999997,20.0,11181.289989089966,9444.463462287584,81850.59909364846,85690.59909364846,3484.3067815680433
Edge-IIoTset,Dense_AE,2,5,0.9967459177391458,0.999325094222319,0.9991010715611698,15032.8,2.5,14425.599999999999,11968.933517053367,18958.78868936498,18958.78868936498,2601.9420689246454
Edge-IIoTset,Dense_AE,2,5,0.9967459177391458,0.999325094222319,0.9991010715611698,15032.8,5.0,14425.599999999999,11968.933517053367,25948.643861676595,25948.643861676595,2601.9420689246454
Edge-IIoTset,Dense_AE,2,5,0.9967459177391458,0.999325094222319,0.9991010715611698,15032.8,10.0,14425.599999999999,11968.933517053367,39928.35420629982,39928.35420629982,2601.9420689246454
Edge-IIoTset,Dense_AE,2,5,0.9967459177391458,0.999325094222319,0.9991010715611698,15032.8,20.0,14425.599999999999,11968.933517053367,67887.77489554627,67887.77489554627,2601.9420689246454
Edge-IIoTset,SNN_AE_T2,2,5,0.995922916727774,0.9990703233941811,0.9980799977362881,11059.231982421874,2.5,6442.38452758789,6442.38452758789,13634.00821533203,14274.00821533203,2802.6494750976562
Edge-IIoTset,SNN_AE_T2,2,5,0.995922916727774,0.9990703233941811,0.9980799977362881,11059.231982421874,5.0,6442.38452758789,6442.38452758789,20825.631903076173,22105.631903076173,2802.6494750976562
Edge-IIoTset,SNN_AE_T2,2,5,0.995922916727774,0.9990703233941811,0.9980799977362881,11059.231982421874,10.0,6442.38452758789,6442.38452758789,35208.879278564455,37768.879278564455,2802.6494750976562
Edge-IIoTset,SNN_AE_T2,2,5,0.995922916727774,0.9990703233941811,0.9980799977362881,11059.231982421874,20.0,6442.38452758789,6442.38452758789,63975.37402954102,69095.37402954101,2802.6494750976562
Edge-IIoTset,SNN_AE_T5,2,5,0.9953452969934717,0.9992908053769068,0.9989726484891287,12175.769644165037,2.5,9230.13620071411,9230.13620071411,24142.181202697753,25742.181202697753,5878.818000793457
Edge-IIoTset,SNN_AE_T5,2,5,0.9953452969934717,0.9992908053769068,0.9989726484891287,12175.769644165037,5.0,9230.13620071411,9230.13620071411,39054.2262046814,42254.2262046814,5878.818000793457
Edge-IIoTset,SNN_AE_T5,2,5,0.9953452969934717,0.9992908053769068,0.9989726484891287,12175.769644165037,10.0,9230.13620071411,9230.13620071411,68878.31620864868,75278.31620864868,5878.818000793457
Edge-IIoTset,SNN_AE_T5,2,5,0.9953452969934717,0.9992908053769068,0.9989726484891287,12175.769644165037,20.0,9230.13620071411,9230.13620071411,128526.49621658325,141326.49621658324,5878.818000793457
Edge-IIoTset,SNN_AE_T7,2,5,0.9970087976539589,0.9993422878197675,0.9989958495997575,12925.5327545166,2.5,10892.598085021971,10892.598085021971,30407.037210083006,32647.037210083006,7711.775650024414
Edge-IIoTset,SNN_AE_T7,2,5,0.9970087976539589,0.9993422878197675,0.9989958495997575,12925.5327545166,5.0,10892.598085021971,10892.598085021971,49921.47633514404,54401.47633514404,7711.775650024414
Edge-IIoTset,SNN_AE_T7,2,5,0.9970087976539589,0.9993422878197675,0.9989958495997575,12925.5327545166,10.0,10892.598085021971,10892.598085021971,88950.35458526612,97910.35458526612,7711.775650024414
Edge-IIoTset,SNN_AE_T7,2,5,0.9970087976539589,0.9993422878197675,0.9989958495997575,12925.5327545166,20.0,10892.598085021971,10892.598085021971,167008.11108551026,184928.11108551026,7711.775650024414
Edge-IIoTset,SNN_AE_noBN,2,5,0.9946392477370595,0.9992212547286783,0.9990022196069943,11035.123104858398,2.5,7565.37536201477,7565.37536201477,17868.640256500243,18828.640256500243,4043.3059577941895
Edge-IIoTset,SNN_AE_noBN,2,5,0.9946392477370595,0.9992212547286783,0.9990022196069943,11035.123104858398,5.0,7565.37536201477,7565.37536201477,28171.905150985716,30091.905150985716,4043.3059577941895
Edge-IIoTset,SNN_AE_noBN,2,5,0.9946392477370595,0.9992212547286783,0.9990022196069943,11035.123104858398,10.0,7565.37536201477,7565.37536201477,48778.43493995666,52618.43493995666,4043.3059577941895
Edge-IIoTset,SNN_AE_noBN,2,5,0.9946392477370595,0.9992212547286783,0.9990022196069943,11035.123104858398,20.0,7565.37536201477,7565.37536201477,89991.49451789857,97671.49451789857,4043.3059577941895
Edge-IIoTset,IF,2,5,0.8573619120637355,0.9881551217250499,0.968420382769203,,2.5,1800.0,1800.0,11882.5,11882.5,4000.0
Edge-IIoTset,IF,2,5,0.8573619120637355,0.9881551217250499,0.968420382769203,,5.0,1800.0,1800.0,21965.0,21965.0,4000.0
Edge-IIoTset,IF,2,5,0.8573619120637355,0.9881551217250499,0.968420382769203,,10.0,1800.0,1800.0,42130.0,42130.0,4000.0
Edge-IIoTset,IF,2,5,0.8573619120637355,0.9881551217250499,0.968420382769203,,20.0,1800.0,1800.0,82460.0,82460.0,4000.0
Edge-IIoTset,OCSVM,2,5,0.9976818568619972,0.9999635685408097,0.999959684878951,,2.5,19706.399999999998,19706.399999999998,30498.899999999998,30498.899999999998,4284.0
Edge-IIoTset,OCSVM,2,5,0.9976818568619972,0.9999635685408097,0.999959684878951,,5.0,19706.399999999998,19706.399999999998,41291.399999999994,41291.399999999994,4284.0
Edge-IIoTset,OCSVM,2,5,0.9976818568619972,0.9999635685408097,0.999959684878951,,10.0,19706.399999999998,19706.399999999998,62876.399999999994,62876.399999999994,4284.0
Edge-IIoTset,OCSVM,2,5,0.9976818568619972,0.9999635685408097,0.999959684878951,,20.0,19706.399999999998,19706.399999999998,106046.4,106046.4,4284.0
Edge-IIoTset,LOF,2,5,0.8515351467815783,0.9971571062771559,0.9926463826093687,,2.5,3035999.9999999995,3035999.9999999995,4686082.5,4686082.5,660000.0
Edge-IIoTset,LOF,2,5,0.8515351467815783,0.9971571062771559,0.9926463826093687,,5.0,3035999.9999999995,3035999.9999999995,6336165.0,6336165.0,660000.0
Edge-IIoTset,LOF,2,5,0.8515351467815783,0.9971571062771559,0.9926463826093687,,10.0,3035999.9999999995,3035999.9999999995,9636330.0,9636330.0,660000.0
Edge-IIoTset,LOF,2,5,0.8515351467815783,0.9971571062771559,0.9926463826093687,,20.0,3035999.9999999995,3035999.9999999995,16236660.0,16236660.0,660000.0
Edge-IIoTset,SNN_AE,2,6,0.9948447568834212,0.9998403451616978,0.9997995454586759,11687.452770996093,2.5,7686.516909027098,7686.516909027098,18326.28610076904,19286.28610076904,4177.907676696777
Edge-IIoTset,SNN_AE,2,6,0.9948447568834212,0.9998403451616978,0.9997995454586759,11687.452770996093,5.0,7686.516909027098,7686.516909027098,28966.055292510984,30886.055292510984,4177.907676696777
Edge-IIoTset,SNN_AE,2,6,0.9948447568834212,0.9998403451616978,0.9997995454586759,11687.452770996093,10.0,7686.516909027098,7686.516909027098,50245.593675994875,54085.593675994875,4177.907676696777
Edge-IIoTset,SNN_AE,2,6,0.9948447568834212,0.9998403451616978,0.9997995454586759,11687.452770996093,20.0,7686.516909027098,7686.516909027098,92804.67044296264,100484.67044296264,4177.907676696777
Edge-IIoTset,LSTM_AE,2,6,0.9989716468341413,0.9999994453259938,0.9999994532207388,331200.0,2.5,331200.0,331200.0,513367.5,513367.5,72801.0
Edge-IIoTset,LSTM_AE,2,6,0.9989716468341413,0.9999994453259938,0.9999994532207388,331200.0,5.0,331200.0,331200.0,695535.0,695535.0,72801.0
Edge-IIoTset,LSTM_AE,2,6,0.9989716468341413,0.9999994453259938,0.9999994532207388,331200.0,10.0,331200.0,331200.0,1059870.0,1059870.0,72801.0
Edge-IIoTset,LSTM_AE,2,6,0.9989716468341413,0.9999994453259938,0.9999994532207388,331200.0,20.0,331200.0,331200.0,1788540.0,1788540.0,72801.0
Edge-IIoTset,CNN_AE,2,6,0.9986195553205862,0.9999585644475025,0.999956459251597,351955.19999999995,2.5,351955.19999999995,351955.19999999995,385922.69999999995,385922.69999999995,13521.0
Edge-IIoTset,CNN_AE,2,6,0.9986195553205862,0.9999585644475025,0.999956459251597,351955.19999999995,5.0,351955.19999999995,351955.19999999995,419890.19999999995,419890.19999999995,13521.0
Edge-IIoTset,CNN_AE,2,6,0.9986195553205862,0.9999585644475025,0.999956459251597,351955.19999999995,10.0,351955.19999999995,351955.19999999995,487825.19999999995,487825.19999999995,13521.0
Edge-IIoTset,CNN_AE,2,6,0.9986195553205862,0.9999585644475025,0.999956459251597,351955.19999999995,20.0,351955.19999999995,351955.19999999995,623695.2,623695.2,13521.0
Edge-IIoTset,SNN_Dense,2,6,0.9969505043396669,0.999886018002331,0.9998659733159456,16135.388806152343,2.5,10806.473986816405,9826.299102351422,17918.245324173273,18398.245324173273,3100.77848872874
Edge-IIoTset,SNN_Dense,2,6,0.9969505043396669,0.999886018002331,0.9998659733159456,16135.388806152343,5.0,10806.473986816405,9826.299102351422,26010.19154599512,26970.19154599512,3100.77848872874
Edge-IIoTset,SNN_Dense,2,6,0.9969505043396669,0.999886018002331,0.9998659733159456,16135.388806152343,10.0,10806.473986816405,9826.299102351422,42194.08398963882,44114.08398963882,3100.77848872874
Edge-IIoTset,SNN_Dense,2,6,0.9969505043396669,0.999886018002331,0.9998659733159456,16135.388806152343,20.0,10806.473986816405,9826.299102351422,74561.86887692622,78401.86887692622,3100.77848872874
Edge-IIoTset,Dense_SNN,2,6,0.9979454065159965,0.9998786106469325,0.9998485305719867,24463.199999999997,2.5,11178.41826248169,9031.241393184378,17851.014838261788,18331.014838261788,3391.909378030964
Edge-IIoTset,Dense_SNN,2,6,0.9979454065159965,0.9998786106469325,0.9998485305719867,24463.199999999997,5.0,11178.41826248169,9031.241393184378,26670.7882833392,27630.7882833392,3391.909378030964
Edge-IIoTset,Dense_SNN,2,6,0.9979454065159965,0.9998786106469325,0.9998485305719867,24463.199999999997,10.0,11178.41826248169,9031.241393184378,44310.335173494015,46230.335173494015,3391.909378030964
Edge-IIoTset,Dense_SNN,2,6,0.9979454065159965,0.9998786106469325,0.9998485305719867,24463.199999999997,20.0,11178.41826248169,9031.241393184378,79589.42895380365,83429.42895380365,3391.909378030964
Edge-IIoTset,Dense_AE,2,6,0.9980918831645383,0.99986743993372,0.9998398407275966,15032.8,2.5,14425.599999999999,12231.531775091833,19364.10339198957,19364.10339198957,2659.0286467590945
Edge-IIoTset,Dense_AE,2,6,0.9980918831645383,0.99986743993372,0.9998398407275966,15032.8,5.0,14425.599999999999,12231.531775091833,26496.675008887305,26496.675008887305,2659.0286467590945
Edge-IIoTset,Dense_AE,2,6,0.9980918831645383,0.99986743993372,0.9998398407275966,15032.8,10.0,14425.599999999999,12231.531775091833,40761.81824268278,40761.81824268278,2659.0286467590945
Edge-IIoTset,Dense_AE,2,6,0.9980918831645383,0.99986743993372,0.9998398407275966,15032.8,20.0,14425.599999999999,12231.531775091833,69292.10471027372,69292.10471027372,2659.0286467590945
Edge-IIoTset,SNN_AE_T2,2,6,0.9946680728892013,0.999743375507281,0.9997175028859333,11260.25596923828,2.5,6743.221806526184,6743.221806526184,14770.504602432251,15410.504602432251,3136.9131183624268
Edge-IIoTset,SNN_AE_T2,2,6,0.9946680728892013,0.999743375507281,0.9997175028859333,11260.25596923828,5.0,6743.221806526184,6743.221806526184,22797.787398338318,24077.787398338318,3136.9131183624268
Edge-IIoTset,SNN_AE_T2,2,6,0.9946680728892013,0.999743375507281,0.9997175028859333,11260.25596923828,10.0,6743.221806526184,6743.221806526184,38852.35299015045,41412.35299015045,3136.9131183624268
Edge-IIoTset,SNN_AE_T2,2,6,0.9946680728892013,0.999743375507281,0.9997175028859333,11260.25596923828,20.0,6743.221806526184,6743.221806526184,70961.48417377472,76081.48417377472,3136.9131183624268
Edge-IIoTset,SNN_AE_T5,2,6,0.9962461141415919,0.9998678682263069,0.9998420142593428,12561.891149902342,2.5,9649.542559051513,9649.542559051513,25726.605223083498,27326.605223083498,6344.825065612793
Edge-IIoTset,SNN_AE_T5,2,6,0.9962461141415919,0.9998678682263069,0.9998420142593428,12561.891149902342,5.0,9649.542559051513,9649.542559051513,41803.66788711548,45003.66788711548,6344.825065612793
Edge-IIoTset,SNN_AE_T5,2,6,0.9962461141415919,0.9998678682263069,0.9998420142593428,12561.891149902342,10.0,9649.542559051513,9649.542559051513,73957.79321517944,80357.79321517944,6344.825065612793
Edge-IIoTset,SNN_AE_T5,2,6,0.9962461141415919,0.9998678682263069,0.9998420142593428,12561.891149902342,20.0,9649.542559051513,9649.542559051513,138266.04387130737,151066.04387130737,6344.825065612793
Edge-IIoTset,SNN_AE_T7,2,6,0.9959255459475305,0.9998819527333492,0.9998666716521587,13601.727819824217,2.5,12000.727040100097,12000.727040100097,34593.30215148926,36833.30215148926,8943.030044555664
Edge-IIoTset,SNN_AE_T7,2,6,0.9959255459475305,0.9998819527333492,0.9998666716521587,13601.727819824217,5.0,12000.727040100097,12000.727040100097,57185.87726287842,61665.87726287842,8943.030044555664
Edge-IIoTset,SNN_AE_T7,2,6,0.9959255459475305,0.9998819527333492,0.9998666716521587,13601.727819824217,10.0,12000.727040100097,12000.727040100097,102371.02748565674,111331.02748565674,8943.030044555664
Edge-IIoTset,SNN_AE_T7,2,6,0.9959255459475305,0.9998819527333492,0.9998666716521587,13601.727819824217,20.0,12000.727040100097,12000.727040100097,192741.32793121337,210661.32793121337,8943.030044555664
Edge-IIoTset,SNN_AE_noBN,2,6,0.9965998358541447,0.9997836911799811,0.9997421777680201,11155.104107666015,2.5,7847.378272247314,7847.378272247314,18933.98458404541,19893.98458404541,4356.642524719238
Edge-IIoTset,SNN_AE_noBN,2,6,0.9965998358541447,0.9997836911799811,0.9997421777680201,11155.104107666015,5.0,7847.378272247314,7847.378272247314,30020.590895843507,31940.590895843507,4356.642524719238
Edge-IIoTset,SNN_AE_noBN,2,6,0.9965998358541447,0.9997836911799811,0.9997421777680201,11155.104107666015,10.0,7847.378272247314,7847.378272247314,52193.803519439694,56033.803519439694,4356.642524719238
Edge-IIoTset,SNN_AE_noBN,2,6,0.9965998358541447,0.9997836911799811,0.9997421777680201,11155.104107666015,20.0,7847.378272247314,7847.378272247314,96540.22876663208,104220.22876663208,4356.642524719238
Edge-IIoTset,IF,2,6,0.8621365675361355,0.9899920976507098,0.9743112378026373,,2.5,1800.0,1800.0,11882.5,11882.5,4000.0
Edge-IIoTset,IF,2,6,0.8621365675361355,0.9899920976507098,0.9743112378026373,,5.0,1800.0,1800.0,21965.0,21965.0,4000.0
Edge-IIoTset,IF,2,6,0.8621365675361355,0.9899920976507098,0.9743112378026373,,10.0,1800.0,1800.0,42130.0,42130.0,4000.0
Edge-IIoTset,IF,2,6,0.8621365675361355,0.9899920976507098,0.9743112378026373,,20.0,1800.0,1800.0,82460.0,82460.0,4000.0
Edge-IIoTset,OCSVM,2,6,0.9969505043396669,0.999922893291955,0.9999147419567791,,2.5,19550.0,19550.0,30257.5,30257.5,4250.0
Edge-IIoTset,OCSVM,2,6,0.9969505043396669,0.999922893291955,0.9999147419567791,,5.0,19550.0,19550.0,40965.0,40965.0,4250.0
Edge-IIoTset,OCSVM,2,6,0.9969505043396669,0.999922893291955,0.9999147419567791,,10.0,19550.0,19550.0,62380.0,62380.0,4250.0
Edge-IIoTset,OCSVM,2,6,0.9969505043396669,0.999922893291955,0.9999147419567791,,20.0,19550.0,19550.0,105210.0,105210.0,4250.0
Edge-IIoTset,LOF,2,6,0.9957753916563985,0.9987740756603429,0.9979151127487023,,2.5,3035999.9999999995,3035999.9999999995,4686082.5,4686082.5,660000.0
Edge-IIoTset,LOF,2,6,0.9957753916563985,0.9987740756603429,0.9979151127487023,,5.0,3035999.9999999995,3035999.9999999995,6336165.0,6336165.0,660000.0
Edge-IIoTset,LOF,2,6,0.9957753916563985,0.9987740756603429,0.9979151127487023,,10.0,3035999.9999999995,3035999.9999999995,9636330.0,9636330.0,660000.0
Edge-IIoTset,LOF,2,6,0.9957753916563985,0.9987740756603429,0.9979151127487023,,20.0,3035999.9999999995,3035999.9999999995,16236660.0,16236660.0,660000.0
Edge-IIoTset,SNN_AE,2,7,0.9947021805941754,0.9995213958030363,0.9994380876843292,11683.305706787109,2.5,7722.2966640472405,7722.2966640472405,18461.454064178466,19421.454064178466,4217.66296005249
Edge-IIoTset,SNN_AE,2,7,0.9947021805941754,0.9995213958030363,0.9994380876843292,11683.305706787109,5.0,7722.2966640472405,7722.2966640472405,29200.61146430969,31120.61146430969,4217.66296005249
Edge-IIoTset,SNN_AE,2,7,0.9947021805941754,0.9995213958030363,0.9994380876843292,11683.305706787109,10.0,7722.2966640472405,7722.2966640472405,50678.92626457215,54518.92626457215,4217.66296005249
Edge-IIoTset,SNN_AE,2,7,0.9947021805941754,0.9995213958030363,0.9994380876843292,11683.305706787109,20.0,7722.2966640472405,7722.2966640472405,93635.55586509705,101315.55586509705,4217.66296005249
Edge-IIoTset,LSTM_AE,2,7,0.9989129476745894,0.999978727141161,0.9999766137080125,331200.0,2.5,331200.0,331200.0,513367.5,513367.5,72801.0
Edge-IIoTset,LSTM_AE,2,7,0.9989129476745894,0.999978727141161,0.9999766137080125,331200.0,5.0,331200.0,331200.0,695535.0,695535.0,72801.0
Edge-IIoTset,LSTM_AE,2,7,0.9989129476745894,0.999978727141161,0.9999766137080125,331200.0,10.0,331200.0,331200.0,1059870.0,1059870.0,72801.0
Edge-IIoTset,LSTM_AE,2,7,0.9989129476745894,0.999978727141161,0.9999766137080125,331200.0,20.0,331200.0,331200.0,1788540.0,1788540.0,72801.0
Edge-IIoTset,CNN_AE,2,7,0.9983556495184402,0.9998687166733408,0.9998639984505864,351955.19999999995,2.5,351955.19999999995,351955.19999999995,385922.69999999995,385922.69999999995,13521.0
Edge-IIoTset,CNN_AE,2,7,0.9983556495184402,0.9998687166733408,0.9998639984505864,351955.19999999995,5.0,351955.19999999995,351955.19999999995,419890.19999999995,419890.19999999995,13521.0
Edge-IIoTset,CNN_AE,2,7,0.9983556495184402,0.9998687166733408,0.9998639984505864,351955.19999999995,10.0,351955.19999999995,351955.19999999995,487825.19999999995,487825.19999999995,13521.0
Edge-IIoTset,CNN_AE,2,7,0.9983556495184402,0.9998687166733408,0.9998639984505864,351955.19999999995,20.0,351955.19999999995,351955.19999999995,623695.2,623695.2,13521.0
Edge-IIoTset,SNN_Dense,2,7,0.997769691278319,0.9995007201017276,0.9994097347718984,16356.1695892334,2.5,11063.64074707031,10048.317994744111,18835.514226283878,19315.514226283878,3378.8784926159074
Edge-IIoTset,SNN_Dense,2,7,0.997769691278319,0.9995007201017276,0.9994097347718984,16356.1695892334,5.0,11063.64074707031,10048.317994744111,27622.710457823647,28582.710457823647,3378.8784926159074
Edge-IIoTset,SNN_Dense,2,7,0.997769691278319,0.9995007201017276,0.9994097347718984,16356.1695892334,10.0,11063.64074707031,10048.317994744111,45197.102920903184,47117.102920903184,3378.8784926159074
Edge-IIoTset,SNN_Dense,2,7,0.997769691278319,0.9995007201017276,0.9994097347718984,16356.1695892334,20.0,11063.64074707031,10048.317994744111,80345.88784706226,84185.88784706226,3378.8784926159074
Edge-IIoTset,Dense_SNN,2,7,0.9960991347704942,0.9995577855291167,0.9994879936320799,24463.199999999997,2.5,11208.824892807008,9512.975855884113,18662.49902839717,19142.49902839717,3523.8092690052235
Edge-IIoTset,Dense_SNN,2,7,0.9960991347704942,0.9995577855291167,0.9994879936320799,24463.199999999997,5.0,11208.824892807008,9512.975855884113,27812.02220091023,28772.02220091023,3523.8092690052235
Edge-IIoTset,Dense_SNN,2,7,0.9960991347704942,0.9995577855291167,0.9994879936320799,24463.199999999997,10.0,11208.824892807008,9512.975855884113,46111.068545936345,48031.068545936345,3523.8092690052235
Edge-IIoTset,Dense_SNN,2,7,0.9960991347704942,0.9995577855291167,0.9994879936320799,24463.199999999997,20.0,11208.824892807008,9512.975855884113,82709.16123598858,86549.16123598858,3523.8092690052235
Edge-IIoTset,Dense_AE,2,7,0.9972721673070718,0.9994838626959203,0.9993798505587803,15032.8,2.5,14425.599999999999,12135.918988917205,19216.52713506786,19216.52713506786,2638.243258460262
Edge-IIoTset,Dense_AE,2,7,0.9972721673070718,0.9994838626959203,0.9993798505587803,15032.8,5.0,14425.599999999999,12135.918988917205,26297.135281218514,26297.135281218514,2638.243258460262
Edge-IIoTset,Dense_AE,2,7,0.9972721673070718,0.9994838626959203,0.9993798505587803,15032.8,10.0,14425.599999999999,12135.918988917205,40458.35157351982,40458.35157351982,2638.243258460262
Edge-IIoTset,Dense_AE,2,7,0.9972721673070718,0.9994838626959203,0.9993798505587803,15032.8,20.0,14425.599999999999,12135.918988917205,68780.78415812243,68780.78415812243,2638.243258460262
Edge-IIoTset,SNN_AE_T2,2,7,0.9955198969283476,0.9992328984621437,0.9990940704639324,11260.0255859375,2.5,6792.669609451294,6792.669609451294,14957.307413482666,15597.307413482666,3191.855121612549
Edge-IIoTset,SNN_AE_T2,2,7,0.9955198969283476,0.9992328984621437,0.9990940704639324,11260.0255859375,5.0,6792.669609451294,6792.669609451294,23121.94521751404,24401.94521751404,3191.855121612549
Edge-IIoTset,SNN_AE_T2,2,7,0.9955198969283476,0.9992328984621437,0.9990940704639324,11260.0255859375,10.0,6792.669609451294,6792.669609451294,39451.220825576784,42011.220825576784,3191.855121612549
Edge-IIoTset,SNN_AE_T2,2,7,0.9955198969283476,0.9992328984621437,0.9990940704639324,11260.0255859375,20.0,6792.669609451294,6792.669609451294,72109.77204170226,77229.77204170226,3191.855121612549
Edge-IIoTset,SNN_AE_T5,2,7,0.9969790291831647,0.9994116487870677,0.9992686611210526,12492.800054931638,2.5,9658.703872680664,9658.703872680664,25761.214630126953,27361.214630126953,6355.004302978516
Edge-IIoTset,SNN_AE_T5,2,7,0.9969790291831647,0.9994116487870677,0.9992686611210526,12492.800054931638,5.0,9658.703872680664,9658.703872680664,41863.72538757324,45063.72538757324,6355.004302978516
Edge-IIoTset,SNN_AE_T5,2,7,0.9969790291831647,0.9994116487870677,0.9992686611210526,12492.800054931638,10.0,9658.703872680664,9658.703872680664,74068.74690246582,80468.74690246582,6355.004302978516
Edge-IIoTset,SNN_AE_T5,2,7,0.9969790291831647,0.9994116487870677,0.9992686611210526,12492.800054931638,20.0,9658.703872680664,9658.703872680664,138478.78993225098,151278.78993225098,6355.004302978516
Edge-IIoTset,SNN_AE_T7,2,7,0.9962200017581387,0.9994734124391427,0.9993702669423667,13551.731375122068,2.5,12082.099490356444,12082.099490356444,34900.70918579101,37140.70918579101,9033.443878173828
Edge-IIoTset,SNN_AE_T7,2,7,0.9962200017581387,0.9994734124391427,0.9993702669423667,13551.731375122068,5.0,12082.099490356444,12082.099490356444,57719.31888122558,62199.31888122558,9033.443878173828
Edge-IIoTset,SNN_AE_T7,2,7,0.9962200017581387,0.9994734124391427,0.9993702669423667,13551.731375122068,10.0,12082.099490356444,12082.099490356444,103356.53827209472,112316.53827209472,9033.443878173828
Edge-IIoTset,SNN_AE_T7,2,7,0.9962200017581387,0.9994734124391427,0.9993702669423667,13551.731375122068,20.0,12082.099490356444,12082.099490356444,194630.97705383302,212550.97705383302,9033.443878173828
Edge-IIoTset,SNN_AE_noBN,2,7,0.9957489225717553,0.9994375865000246,0.9993234731106279,11085.494485473631,2.5,7604.113680267334,7604.113680267334,18014.985014343263,18974.985014343263,4086.348533630371
Edge-IIoTset,SNN_AE_noBN,2,7,0.9957489225717553,0.9994375865000246,0.9993234731106279,11085.494485473631,5.0,7604.113680267334,7604.113680267334,28425.85634841919,30345.85634841919,4086.348533630371
Edge-IIoTset,SNN_AE_noBN,2,7,0.9957489225717553,0.9994375865000246,0.9993234731106279,11085.494485473631,10.0,7604.113680267334,7604.113680267334,49247.59901657105,53087.59901657105,4086.348533630371
Edge-IIoTset,SNN_AE_noBN,2,7,0.9957489225717553,0.9994375865000246,0.9993234731106279,11085.494485473631,20.0,7604.113680267334,7604.113680267334,90891.08435287475,98571.08435287475,4086.348533630371
Edge-IIoTset,IF,2,7,0.8565229002537055,0.9871174257592682,0.9676542801472157,,2.5,1800.0,1800.0,11882.5,11882.5,4000.0
Edge-IIoTset,IF,2,7,0.8565229002537055,0.9871174257592682,0.9676542801472157,,5.0,1800.0,1800.0,21965.0,21965.0,4000.0
Edge-IIoTset,IF,2,7,0.8565229002537055,0.9871174257592682,0.9676542801472157,,10.0,1800.0,1800.0,42130.0,42130.0,4000.0
Edge-IIoTset,IF,2,7,0.8565229002537055,0.9871174257592682,0.9676542801472157,,20.0,1800.0,1800.0,82460.0,82460.0,4000.0
Edge-IIoTset,OCSVM,2,7,0.9965414150888094,0.9999691796460612,0.9999665005831906,,2.5,19862.8,19862.8,30740.3,30740.3,4318.0
Edge-IIoTset,OCSVM,2,7,0.9965414150888094,0.9999691796460612,0.9999665005831906,,5.0,19862.8,19862.8,41617.8,41617.8,4318.0
Edge-IIoTset,OCSVM,2,7,0.9965414150888094,0.9999691796460612,0.9999665005831906,,10.0,19862.8,19862.8,63372.8,63372.8,4318.0
Edge-IIoTset,OCSVM,2,7,0.9965414150888094,0.9999691796460612,0.9999665005831906,,20.0,19862.8,19862.8,106882.8,106882.8,4318.0
Edge-IIoTset,LOF,2,7,0.8573912461965426,0.9819269974919383,0.9803370118839835,,2.5,3035999.9999999995,3035999.9999999995,4686082.5,4686082.5,660000.0
Edge-IIoTset,LOF,2,7,0.8573912461965426,0.9819269974919383,0.9803370118839835,,5.0,3035999.9999999995,3035999.9999999995,6336165.0,6336165.0,660000.0
Edge-IIoTset,LOF,2,7,0.8573912461965426,0.9819269974919383,0.9803370118839835,,10.0,3035999.9999999995,3035999.9999999995,9636330.0,9636330.0,660000.0
Edge-IIoTset,LOF,2,7,0.8573912461965426,0.9819269974919383,0.9803370118839835,,20.0,3035999.9999999995,3035999.9999999995,16236660.0,16236660.0,660000.0
Edge-IIoTset,SNN_AE,2,8,0.9918513975291334,0.998434585827944,0.998126720416445,11425.516763305663,2.5,7288.251943588256,7288.251943588256,16821.729564666748,17781.729564666748,3735.3910484313965
Edge-IIoTset,SNN_AE,2,8,0.9918513975291334,0.998434585827944,0.998126720416445,11425.516763305663,5.0,7288.251943588256,7288.251943588256,26355.20718574524,28275.20718574524,3735.3910484313965
Edge-IIoTset,SNN_AE,2,8,0.9918513975291334,0.998434585827944,0.998126720416445,11425.516763305663,10.0,7288.251943588256,7288.251943588256,45422.16242790222,49262.16242790222,3735.3910484313965
Edge-IIoTset,SNN_AE,2,8,0.9918513975291334,0.998434585827944,0.998126720416445,11425.516763305663,20.0,7288.251943588256,7288.251943588256,83556.07291221619,91236.07291221619,3735.3910484313965
Edge-IIoTset,LSTM_AE,2,8,0.9945591762709881,0.9987326136794537,0.9985855888487022,331200.0,2.5,331200.0,331200.0,513367.5,513367.5,72801.0
Edge-IIoTset,LSTM_AE,2,8,0.9945591762709881,0.9987326136794537,0.9985855888487022,331200.0,5.0,331200.0,331200.0,695535.0,695535.0,72801.0
Edge-IIoTset,LSTM_AE,2,8,0.9945591762709881,0.9987326136794537,0.9985855888487022,331200.0,10.0,331200.0,331200.0,1059870.0,1059870.0,72801.0
Edge-IIoTset,LSTM_AE,2,8,0.9945591762709881,0.9987326136794537,0.9985855888487022,331200.0,20.0,331200.0,331200.0,1788540.0,1788540.0,72801.0
Edge-IIoTset,CNN_AE,2,8,0.9940357852882704,0.9986554671546306,0.9984891213846238,351955.19999999995,2.5,351955.19999999995,351955.19999999995,385922.69999999995,385922.69999999995,13521.0
Edge-IIoTset,CNN_AE,2,8,0.9940357852882704,0.9986554671546306,0.9984891213846238,351955.19999999995,5.0,351955.19999999995,351955.19999999995,419890.19999999995,419890.19999999995,13521.0
Edge-IIoTset,CNN_AE,2,8,0.9940357852882704,0.9986554671546306,0.9984891213846238,351955.19999999995,10.0,351955.19999999995,351955.19999999995,487825.19999999995,487825.19999999995,13521.0
Edge-IIoTset,CNN_AE,2,8,0.9940357852882704,0.9986554671546306,0.9984891213846238,351955.19999999995,20.0,351955.19999999995,351955.19999999995,623695.2,623695.2,13521.0
Edge-IIoTset,SNN_Dense,2,8,0.9944428195378766,0.9985064236588244,0.9982047772960554,16138.873641967773,2.5,10825.45275878906,9431.559969264157,17351.378314588597,17831.378314588597,3031.927338129776
Edge-IIoTset,SNN_Dense,2,8,0.9944428195378766,0.9985064236588244,0.9982047772960554,16138.873641967773,5.0,10825.45275878906,9431.559969264157,25271.19665991304,26231.19665991304,3031.927338129776
Edge-IIoTset,SNN_Dense,2,8,0.9944428195378766,0.9985064236588244,0.9982047772960554,16138.873641967773,10.0,10825.45275878906,9431.559969264157,41110.833350561916,43030.833350561916,3031.927338129776
Edge-IIoTset,SNN_Dense,2,8,0.9944428195378766,0.9985064236588244,0.9982047772960554,16138.873641967773,20.0,10825.45275878906,9431.559969264157,72790.10673185968,76630.10673185968,3031.927338129776
Edge-IIoTset,Dense_SNN,2,8,0.9919477185202474,0.9984123839375482,0.9980921311380481,24463.199999999997,2.5,11100.076898956298,8721.591611864376,17198.03906163264,17678.03906163264,3254.5789799073054
Edge-IIoTset,Dense_SNN,2,8,0.9919477185202474,0.9984123839375482,0.9980921311380481,24463.199999999997,5.0,11100.076898956298,8721.591611864376,25674.486511400904,26634.486511400904,3254.5789799073054
Edge-IIoTset,Dense_SNN,2,8,0.9919477185202474,0.9984123839375482,0.9980921311380481,24463.199999999997,10.0,11100.076898956298,8721.591611864376,42627.381410937436,44547.381410937436,3254.5789799073054
Edge-IIoTset,Dense_SNN,2,8,0.9919477185202474,0.9984123839375482,0.9980921311380481,24463.199999999997,20.0,11100.076898956298,8721.591611864376,76533.17121001049,80373.17121001049,3254.5789799073054
Edge-IIoTset,Dense_AE,2,8,0.9926137856538113,0.9984150521998378,0.9980924047266754,15032.8,2.5,14425.599999999999,11088.11503140759,17599.26450499867,17599.26450499867,2410.459789436433
Edge-IIoTset,Dense_AE,2,8,0.9926137856538113,0.9984150521998378,0.9980924047266754,15032.8,5.0,14425.599999999999,11088.11503140759,24110.413978589753,24110.413978589753,2410.459789436433
Edge-IIoTset,Dense_AE,2,8,0.9926137856538113,0.9984150521998378,0.9980924047266754,15032.8,10.0,14425.599999999999,11088.11503140759,37132.71292577192,37132.71292577192,2410.459789436433
Edge-IIoTset,Dense_AE,2,8,0.9926137856538113,0.9984150521998378,0.9980924047266754,15032.8,20.0,14425.599999999999,11088.11503140759,63177.31082013625,63177.31082013625,2410.459789436433
Edge-IIoTset,SNN_AE_T2,2,8,0.9900874635568513,0.9978566269964133,0.997494684296129,11064.992004394531,2.5,6534.780024337768,6534.780024337768,13983.057869720458,14623.057869720458,2905.311138153076
Edge-IIoTset,SNN_AE_T2,2,8,0.9900874635568513,0.9978566269964133,0.997494684296129,11064.992004394531,5.0,6534.780024337768,6534.780024337768,21431.33571510315,22711.33571510315,2905.311138153076
Edge-IIoTset,SNN_AE_T2,2,8,0.9900874635568513,0.9978566269964133,0.997494684296129,11064.992004394531,10.0,6534.780024337768,6534.780024337768,36327.89140586853,38887.89140586853,2905.311138153076
Edge-IIoTset,SNN_AE_T2,2,8,0.9900874635568513,0.9978566269964133,0.997494684296129,11064.992004394531,20.0,6534.780024337768,6534.780024337768,66121.0027873993,71241.0027873993,2905.311138153076
Edge-IIoTset,SNN_AE_T5,2,8,0.9922951202428204,0.9983014040556196,0.9979790701974841,12283.078329467771,2.5,9403.042280578613,9403.042280578613,24795.38194885254,26395.38194885254,6070.93586730957
Edge-IIoTset,SNN_AE_T5,2,8,0.9922951202428204,0.9983014040556196,0.9979790701974841,12283.078329467771,5.0,9403.042280578613,9403.042280578613,40187.721617126466,43387.721617126466,6070.93586730957
Edge-IIoTset,SNN_AE_T5,2,8,0.9922951202428204,0.9983014040556196,0.9979790701974841,12283.078329467771,10.0,9403.042280578613,9403.042280578613,70972.40095367431,77372.40095367431,6070.93586730957
Edge-IIoTset,SNN_AE_T5,2,8,0.9922951202428204,0.9983014040556196,0.9979790701974841,12283.078329467771,20.0,9403.042280578613,9403.042280578613,132541.75962677,145341.75962677,6070.93586730957
Edge-IIoTset,SNN_AE_T7,2,8,0.9911958486385634,0.9982494042504338,0.9979245458532712,12830.46404724121,2.5,10942.221894073486,10942.221894073486,30594.504933166503,32834.50493316651,7766.913215637207
Edge-IIoTset,SNN_AE_T7,2,8,0.9911958486385634,0.9982494042504338,0.9979245458532712,12830.46404724121,5.0,10942.221894073486,10942.221894073486,50246.787972259524,54726.787972259524,7766.913215637207
Edge-IIoTset,SNN_AE_T7,2,8,0.9911958486385634,0.9982494042504338,0.9979245458532712,12830.46404724121,10.0,10942.221894073486,10942.221894073486,89551.35405044556,98511.35405044556,7766.913215637207
Edge-IIoTset,SNN_AE_T7,2,8,0.9911958486385634,0.9982494042504338,0.9979245458532712,12830.46404724121,20.0,10942.221894073486,10942.221894073486,168160.48620681762,186080.48620681762,7766.913215637207
Edge-IIoTset,SNN_AE_noBN,2,8,0.9926064467108916,0.9979869056854511,0.9976121075812326,11145.945629882812,2.5,7803.703419113159,7803.703419113159,18768.99069442749,19728.99069442749,4308.114910125732
Edge-IIoTset,SNN_AE_noBN,2,8,0.9926064467108916,0.9979869056854511,0.9976121075812326,11145.945629882812,5.0,7803.703419113159,7803.703419113159,29734.277969741823,31654.277969741823,4308.114910125732
Edge-IIoTset,SNN_AE_noBN,2,8,0.9926064467108916,0.9979869056854511,0.9976121075812326,11145.945629882812,10.0,7803.703419113159,7803.703419113159,51664.852520370485,55504.852520370485,4308.114910125732
Edge-IIoTset,SNN_AE_noBN,2,8,0.9926064467108916,0.9979869056854511,0.9976121075812326,11145.945629882812,20.0,7803.703419113159,7803.703419113159,95526.0016216278,103206.0016216278,4308.114910125732
Edge-IIoTset,IF,2,8,0.8538727708277881,0.986119626512856,0.9668336662370873,,2.5,1800.0,1800.0,11882.5,11882.5,4000.0
Edge-IIoTset,IF,2,8,0.8538727708277881,0.986119626512856,0.9668336662370873,,5.0,1800.0,1800.0,21965.0,21965.0,4000.0
Edge-IIoTset,IF,2,8,0.8538727708277881,0.986119626512856,0.9668336662370873,,10.0,1800.0,1800.0,42130.0,42130.0,4000.0
Edge-IIoTset,IF,2,8,0.8538727708277881,0.986119626512856,0.9668336662370873,,20.0,1800.0,1800.0,82460.0,82460.0,4000.0
Edge-IIoTset,OCSVM,2,8,0.99241097489784,0.9978550650019307,0.9973691996945444,,2.5,17204.0,17204.0,26636.5,26636.5,3740.0
Edge-IIoTset,OCSVM,2,8,0.99241097489784,0.9978550650019307,0.9973691996945444,,5.0,17204.0,17204.0,36069.0,36069.0,3740.0
Edge-IIoTset,OCSVM,2,8,0.99241097489784,0.9978550650019307,0.9973691996945444,,10.0,17204.0,17204.0,54934.0,54934.0,3740.0
Edge-IIoTset,OCSVM,2,8,0.99241097489784,0.9978550650019307,0.9973691996945444,,20.0,17204.0,17204.0,92664.0,92664.0,3740.0
Edge-IIoTset,LOF,2,8,0.6746849062403935,0.9633003238790342,0.9551131011546397,,2.5,3035999.9999999995,3035999.9999999995,4686082.5,4686082.5,660000.0
Edge-IIoTset,LOF,2,8,0.6746849062403935,0.9633003238790342,0.9551131011546397,,5.0,3035999.9999999995,3035999.9999999995,6336165.0,6336165.0,660000.0
Edge-IIoTset,LOF,2,8,0.6746849062403935,0.9633003238790342,0.9551131011546397,,10.0,3035999.9999999995,3035999.9999999995,9636330.0,9636330.0,660000.0
Edge-IIoTset,LOF,2,8,0.6746849062403935,0.9633003238790342,0.9551131011546397,,20.0,3035999.9999999995,3035999.9999999995,16236660.0,16236660.0,660000.0
Edge-IIoTset,SNN_AE,2,9,0.9937430559616397,0.9999394122480546,0.9999222639863944,11666.111993408202,2.5,7577.789514541625,7577.789514541625,17915.538166046143,18875.538166046143,4057.0994606018066
Edge-IIoTset,SNN_AE,2,9,0.9937430559616397,0.9999394122480546,0.9999222639863944,11666.111993408202,5.0,7577.789514541625,7577.789514541625,28253.28681755066,30173.28681755066,4057.0994606018066
Edge-IIoTset,SNN_AE,2,9,0.9937430559616397,0.9999394122480546,0.9999222639863944,11666.111993408202,10.0,7577.789514541625,7577.789514541625,48928.78412055969,52768.78412055969,4057.0994606018066
Edge-IIoTset,SNN_AE,2,9,0.9937430559616397,0.9999394122480546,0.9999222639863944,11666.111993408202,20.0,7577.789514541625,7577.789514541625,90279.77872657776,97959.77872657776,4057.0994606018066
Edge-IIoTset,LSTM_AE,2,9,0.9876256317899262,0.9999997755881317,0.9999997749999342,331200.0,2.5,331200.0,331200.0,513367.5,513367.5,72801.0
Edge-IIoTset,LSTM_AE,2,9,0.9876256317899262,0.9999997755881317,0.9999997749999342,331200.0,5.0,331200.0,331200.0,695535.0,695535.0,72801.0
Edge-IIoTset,LSTM_AE,2,9,0.9876256317899262,0.9999997755881317,0.9999997749999342,331200.0,10.0,331200.0,331200.0,1059870.0,1059870.0,72801.0
Edge-IIoTset,LSTM_AE,2,9,0.9876256317899262,0.9999997755881317,0.9999997749999342,331200.0,20.0,331200.0,331200.0,1788540.0,1788540.0,72801.0
Edge-IIoTset,CNN_AE,2,9,0.9875969442588666,0.9999983117322524,0.9999982925444736,351955.19999999995,2.5,351955.19999999995,351955.19999999995,385922.69999999995,385922.69999999995,13521.0
Edge-IIoTset,CNN_AE,2,9,0.9875969442588666,0.9999983117322524,0.9999982925444736,351955.19999999995,5.0,351955.19999999995,351955.19999999995,419890.19999999995,419890.19999999995,13521.0
Edge-IIoTset,CNN_AE,2,9,0.9875969442588666,0.9999983117322524,0.9999982925444736,351955.19999999995,10.0,351955.19999999995,351955.19999999995,487825.19999999995,487825.19999999995,13521.0
Edge-IIoTset,CNN_AE,2,9,0.9875969442588666,0.9999983117322524,0.9999982925444736,351955.19999999995,20.0,351955.19999999995,351955.19999999995,623695.2,623695.2,13521.0
Edge-IIoTset,SNN_Dense,2,9,0.9882859052989564,0.9999492725602978,0.9999278301476766,16350.899200439453,2.5,11031.323913574217,10054.025006470392,18772.117389349598,19252.117389349598,3351.236953151682
Edge-IIoTset,SNN_Dense,2,9,0.9882859052989564,0.9999492725602978,0.9999278301476766,16350.899200439453,5.0,11031.323913574217,10054.025006470392,27490.2097722288,28450.2097722288,3351.236953151682
Edge-IIoTset,SNN_Dense,2,9,0.9882859052989564,0.9999492725602978,0.9999278301476766,16350.899200439453,10.0,11031.323913574217,10054.025006470392,44926.39453798722,46846.39453798722,3351.236953151682
Edge-IIoTset,SNN_Dense,2,9,0.9882859052989564,0.9999492725602978,0.9999278301476766,16350.899200439453,20.0,11031.323913574217,10054.025006470392,79798.76406950403,83638.76406950403,3351.236953151682
Edge-IIoTset,Dense_SNN,2,9,0.9887745012505089,0.9999423537697741,0.9999252736389799,24463.199999999997,2.5,11357.817392730713,9491.489359356248,18962.228958706648,19442.228958706648,3652.29583974016
Edge-IIoTset,Dense_SNN,2,9,0.9887745012505089,0.9999423537697741,0.9999252736389799,24463.199999999997,5.0,11357.817392730713,9491.489359356248,28432.968558057048,29392.968558057048,3652.29583974016
Edge-IIoTset,Dense_SNN,2,9,0.9887745012505089,0.9999423537697741,0.9999252736389799,24463.199999999997,10.0,11357.817392730713,9491.489359356248,47374.44775675784,49294.44775675784,3652.29583974016
Edge-IIoTset,Dense_SNN,2,9,0.9887745012505089,0.9999423537697741,0.9999252736389799,24463.199999999997,20.0,11357.817392730713,9491.489359356248,85257.40615415944,89097.40615415944,3652.29583974016
Edge-IIoTset,Dense_AE,2,9,0.9904451176881846,0.9999527043356373,0.9999461127775999,15032.8,2.5,14425.599999999999,11972.7425054351,18964.66778012809,18964.66778012809,2602.770109877196
Edge-IIoTset,Dense_AE,2,9,0.9904451176881846,0.9999527043356373,0.9999461127775999,15032.8,5.0,14425.599999999999,11972.7425054351,25956.59305482108,25956.59305482108,2602.770109877196
Edge-IIoTset,Dense_AE,2,9,0.9904451176881846,0.9999527043356373,0.9999461127775999,15032.8,10.0,14425.599999999999,11972.7425054351,39940.44360420706,39940.44360420706,2602.770109877196
Edge-IIoTset,Dense_AE,2,9,0.9904451176881846,0.9999527043356373,0.9999461127775999,15032.8,20.0,14425.599999999999,11972.7425054351,67908.14470297901,67908.14470297901,2602.770109877196
Edge-IIoTset,SNN_AE_T2,2,9,0.989943156974202,0.999745910525262,0.999725306234172,11177.686407470701,2.5,6682.961321258545,6682.961321258545,14542.853880310058,15182.853880310058,3069.9570236206055
Edge-IIoTset,SNN_AE_T2,2,9,0.989943156974202,0.999745910525262,0.999725306234172,11177.686407470701,5.0,6682.961321258545,6682.961321258545,22402.746439361574,23682.746439361574,3069.9570236206055
Edge-IIoTset,SNN_AE_T2,2,9,0.989943156974202,0.999745910525262,0.999725306234172,11177.686407470701,10.0,6682.961321258545,6682.961321258545,38122.5315574646,40682.5315574646,3069.9570236206055
Edge-IIoTset,SNN_AE_T2,2,9,0.989943156974202,0.999745910525262,0.999725306234172,11177.686407470701,20.0,6682.961321258545,6682.961321258545,69562.10179367065,74682.10179367065,3069.9570236206055
Edge-IIoTset,SNN_AE_T5,2,9,0.9878264911821959,0.9998910808366074,0.999848954423452,12271.356878662107,2.5,9219.73956375122,9219.73956375122,24102.905018615722,25702.905018615722,5867.266181945801
Edge-IIoTset,SNN_AE_T5,2,9,0.9878264911821959,0.9998910808366074,0.999848954423452,12271.356878662107,5.0,9219.73956375122,9219.73956375122,38986.07047348023,42186.07047348023,5867.266181945801
Edge-IIoTset,SNN_AE_T5,2,9,0.9878264911821959,0.9998910808366074,0.999848954423452,12271.356878662107,10.0,9219.73956375122,9219.73956375122,68752.40138320923,75152.40138320923,5867.266181945801
Edge-IIoTset,SNN_AE_T5,2,9,0.9878264911821959,0.9998910808366074,0.999848954423452,12271.356878662107,20.0,9219.73956375122,9219.73956375122,128285.06320266724,141085.06320266722,5867.266181945801
Edge-IIoTset,SNN_AE_T7,2,9,0.988314632870182,0.9999536503179743,0.9999212233751706,12729.2606842041,2.5,10646.891925811766,10646.891925811766,29478.813941955566,31718.813941955566,7438.7688064575195
Edge-IIoTset,SNN_AE_T7,2,9,0.988314632870182,0.9999536503179743,0.9999212233751706,12729.2606842041,5.0,10646.891925811766,10646.891925811766,48310.735958099365,52790.735958099365,7438.7688064575195
Edge-IIoTset,SNN_AE_T7,2,9,0.988314632870182,0.9999536503179743,0.9999212233751706,12729.2606842041,10.0,10646.891925811766,10646.891925811766,85974.57999038696,94934.57999038696,7438.7688064575195
Edge-IIoTset,SNN_AE_T7,2,9,0.988314632870182,0.9999536503179743,0.9999212233751706,12729.2606842041,20.0,10646.891925811766,10646.891925811766,161302.26805496216,179222.26805496216,7438.7688064575195
Edge-IIoTset,SNN_AE_noBN,2,9,0.9873388314554536,0.9994013519951939,0.9993703533854891,11224.05133666992,2.5,7900.4871299743645,7900.4871299743645,19134.618046569823,20094.618046569823,4415.652366638184
Edge-IIoTset,SNN_AE_noBN,2,9,0.9873388314554536,0.9994013519951939,0.9993703533854891,11224.05133666992,5.0,7900.4871299743645,7900.4871299743645,30368.748963165282,32288.748963165282,4415.652366638184
Edge-IIoTset,SNN_AE_noBN,2,9,0.9873388314554536,0.9994013519951939,0.9993703533854891,11224.05133666992,10.0,7900.4871299743645,7900.4871299743645,52837.010796356204,56677.010796356204,4415.652366638184
Edge-IIoTset,SNN_AE_noBN,2,9,0.9873388314554536,0.9994013519951939,0.9993703533854891,11224.05133666992,20.0,7900.4871299743645,7900.4871299743645,97773.53446273804,105453.53446273804,4415.652366638184
Edge-IIoTset,IF,2,9,0.8546217654251628,0.9823014127590229,0.9684789535265841,,2.5,1800.0,1800.0,11882.5,11882.5,4000.0
Edge-IIoTset,IF,2,9,0.8546217654251628,0.9823014127590229,0.9684789535265841,,5.0,1800.0,1800.0,21965.0,21965.0,4000.0
Edge-IIoTset,IF,2,9,0.8546217654251628,0.9823014127590229,0.9684789535265841,,10.0,1800.0,1800.0,42130.0,42130.0,4000.0
Edge-IIoTset,IF,2,9,0.8546217654251628,0.9823014127590229,0.9684789535265841,,20.0,1800.0,1800.0,82460.0,82460.0,4000.0
Edge-IIoTset,OCSVM,2,9,0.9876256317899262,0.9999997583256803,0.9999997576717594,,2.5,20644.8,20644.8,31947.3,31947.3,4488.0
Edge-IIoTset,OCSVM,2,9,0.9876256317899262,0.9999997583256803,0.9999997576717594,,5.0,20644.8,20644.8,43249.8,43249.8,4488.0
Edge-IIoTset,OCSVM,2,9,0.9876256317899262,0.9999997583256803,0.9999997576717594,,10.0,20644.8,20644.8,65854.8,65854.8,4488.0
Edge-IIoTset,OCSVM,2,9,0.9876256317899262,0.9999997583256803,0.9999997576717594,,20.0,20644.8,20644.8,111064.8,111064.8,4488.0
Edge-IIoTset,LOF,2,9,0.8530494216614091,0.9854090907521594,0.980483768092169,,2.5,3035999.9999999995,3035999.9999999995,4686082.5,4686082.5,660000.0
Edge-IIoTset,LOF,2,9,0.8530494216614091,0.9854090907521594,0.980483768092169,,5.0,3035999.9999999995,3035999.9999999995,6336165.0,6336165.0,660000.0
Edge-IIoTset,LOF,2,9,0.8530494216614091,0.9854090907521594,0.980483768092169,,10.0,3035999.9999999995,3035999.9999999995,9636330.0,9636330.0,660000.0
Edge-IIoTset,LOF,2,9,0.8530494216614091,0.9854090907521594,0.980483768092169,,20.0,3035999.9999999995,3035999.9999999995,16236660.0,16236660.0,660000.0
CICIoT2023,SNN_AE,0,0,0.8538366117313486,0.9163514872711415,0.9402949616753099,11166.086462402342,2.5,6429.498025131225,6429.498025131225,13577.548094940186,14537.548094940186,2781.220027923584
CICIoT2023,SNN_AE,0,0,0.8538366117313486,0.9163514872711415,0.9402949616753099,11166.086462402342,5.0,6429.498025131225,6429.498025131225,20725.598164749146,22645.598164749146,2781.220027923584
CICIoT2023,SNN_AE,0,0,0.8538366117313486,0.9163514872711415,0.9402949616753099,11166.086462402342,10.0,6429.498025131225,6429.498025131225,35021.69830436706,38861.69830436706,2781.220027923584
CICIoT2023,SNN_AE,0,0,0.8538366117313486,0.9163514872711415,0.9402949616753099,11166.086462402342,20.0,6429.498025131225,6429.498025131225,63613.8985836029,71293.8985836029,2781.220027923584
CICIoT2023,LSTM_AE,0,0,0.8119997545345361,0.8822590005425385,0.9147137548292735,331200.0,2.5,331200.0,331200.0,513367.5,513367.5,72801.0
CICIoT2023,LSTM_AE,0,0,0.8119997545345361,0.8822590005425385,0.9147137548292735,331200.0,5.0,331200.0,331200.0,695535.0,695535.0,72801.0
CICIoT2023,LSTM_AE,0,0,0.8119997545345361,0.8822590005425385,0.9147137548292735,331200.0,10.0,331200.0,331200.0,1059870.0,1059870.0,72801.0
CICIoT2023,LSTM_AE,0,0,0.8119997545345361,0.8822590005425385,0.9147137548292735,331200.0,20.0,331200.0,331200.0,1788540.0,1788540.0,72801.0
CICIoT2023,CNN_AE,0,0,0.8480199306370814,0.9058594096177949,0.9372335557003848,351955.19999999995,2.5,351955.19999999995,351955.19999999995,385922.69999999995,385922.69999999995,13521.0
CICIoT2023,CNN_AE,0,0,0.8480199306370814,0.9058594096177949,0.9372335557003848,351955.19999999995,5.0,351955.19999999995,351955.19999999995,419890.19999999995,419890.19999999995,13521.0
CICIoT2023,CNN_AE,0,0,0.8480199306370814,0.9058594096177949,0.9372335557003848,351955.19999999995,10.0,351955.19999999995,351955.19999999995,487825.19999999995,487825.19999999995,13521.0
CICIoT2023,CNN_AE,0,0,0.8480199306370814,0.9058594096177949,0.9372335557003848,351955.19999999995,20.0,351955.19999999995,351955.19999999995,623695.2,623695.2,13521.0
CICIoT2023,SNN_Dense,0,0,0.8433467887263029,0.9052566062779106,0.9345365448853798,15758.108795166016,2.5,10440.594982910156,8583.671066874367,15182.79268339279,15662.79268339279,2503.6486466073693
CICIoT2023,SNN_Dense,0,0,0.8433467887263029,0.9052566062779106,0.9345365448853798,15758.108795166016,5.0,10440.594982910156,8583.671066874367,21781.914299911215,22741.914299911215,2503.6486466073693
CICIoT2023,SNN_Dense,0,0,0.8433467887263029,0.9052566062779106,0.9345365448853798,15758.108795166016,10.0,10440.594982910156,8583.671066874367,34980.15753294806,36900.15753294806,2503.6486466073693
CICIoT2023,SNN_Dense,0,0,0.8433467887263029,0.9052566062779106,0.9345365448853798,15758.108795166016,20.0,10440.594982910156,8583.671066874367,61376.643999021755,65216.643999021755,2503.6486466073693
CICIoT2023,Dense_SNN,0,0,0.8680243044003572,0.9176911379057036,0.9435848399749815,24463.199999999997,2.5,10327.279259872437,8668.695915068582,15389.734311861903,15869.734311861903,2552.415358717328
CICIoT2023,Dense_SNN,0,0,0.8680243044003572,0.9176911379057036,0.9435848399749815,24463.199999999997,5.0,10327.279259872437,8668.695915068582,22110.772708655222,23070.772708655222,2552.415358717328
CICIoT2023,Dense_SNN,0,0,0.8680243044003572,0.9176911379057036,0.9435848399749815,24463.199999999997,10.0,10327.279259872437,8668.695915068582,35552.849502241865,37472.849502241865,2552.415358717328
CICIoT2023,Dense_SNN,0,0,0.8680243044003572,0.9176911379057036,0.9435848399749815,24463.199999999997,20.0,10327.279259872437,8668.695915068582,62437.00308941514,66277.00308941514,2552.415358717328
CICIoT2023,Dense_AE,0,0,0.8453698649749009,0.8837656228764083,0.9171892206079453,15032.8,2.5,14425.599999999999,10374.41783926672,16497.688404085588,16497.688404085588,2255.308225927548
CICIoT2023,Dense_AE,0,0,0.8453698649749009,0.8837656228764083,0.9171892206079453,15032.8,5.0,14425.599999999999,10374.41783926672,22620.95896890446,22620.95896890446,2255.308225927548
CICIoT2023,Dense_AE,0,0,0.8453698649749009,0.8837656228764083,0.9171892206079453,15032.8,10.0,14425.599999999999,10374.41783926672,34867.500098542194,34867.500098542194,2255.308225927548
CICIoT2023,Dense_AE,0,0,0.8453698649749009,0.8837656228764083,0.9171892206079453,15032.8,20.0,14425.599999999999,10374.41783926672,59360.58235781768,59360.58235781768,2255.308225927548
CICIoT2023,SNN_AE_T2,0,0,0.665472682403657,0.8731309859215234,0.9075577349788052,11755.96162109375,2.5,6924.082078933716,6924.082078933716,15453.75452041626,16093.75452041626,3337.8689765930176
CICIoT2023,SNN_AE_T2,0,0,0.665472682403657,0.8731309859215234,0.9075577349788052,11755.96162109375,5.0,6924.082078933716,6924.082078933716,23983.426961898804,25263.426961898804,3337.8689765930176
CICIoT2023,SNN_AE_T2,0,0,0.665472682403657,0.8731309859215234,0.9075577349788052,11755.96162109375,10.0,6924.082078933716,6924.082078933716,41042.77184486389,43602.77184486389,3337.8689765930176
CICIoT2023,SNN_AE_T2,0,0,0.665472682403657,0.8731309859215234,0.9075577349788052,11755.96162109375,20.0,6924.082078933716,6924.082078933716,75161.46161079407,80281.46161079407,3337.8689765930176
CICIoT2023,SNN_AE_T5,0,0,0.8225777360940769,0.8965481247557201,0.9274904878806601,11493.295988464353,2.5,7087.587594985962,7087.587594985962,16048.10869216919,17648.10869216919,3498.208438873291
CICIoT2023,SNN_AE_T5,0,0,0.8225777360940769,0.8965481247557201,0.9274904878806601,11493.295988464353,5.0,7087.587594985962,7087.587594985962,25008.629789352417,28208.629789352417,3498.208438873291
CICIoT2023,SNN_AE_T5,0,0,0.8225777360940769,0.8965481247557201,0.9274904878806601,11493.295988464353,10.0,7087.587594985962,7087.587594985962,42929.67198371887,49329.67198371887,3498.208438873291
CICIoT2023,SNN_AE_T5,0,0,0.8225777360940769,0.8965481247557201,0.9274904878806601,11493.295988464353,20.0,7087.587594985962,7087.587594985962,78771.75637245178,91571.75637245178,3498.208438873291
CICIoT2023,SNN_AE_T7,0,0,0.8290206265156538,0.8909863211791252,0.9280636680600799,11535.5583404541,2.5,7436.017004394531,7436.017004394531,17348.842016601564,19588.842016601564,3871.1300048828125
CICIoT2023,SNN_AE_T7,0,0,0.8290206265156538,0.8909863211791252,0.9280636680600799,11535.5583404541,5.0,7436.017004394531,7436.017004394531,27261.667028808595,31741.667028808595,3871.1300048828125
CICIoT2023,SNN_AE_T7,0,0,0.8290206265156538,0.8909863211791252,0.9280636680600799,11535.5583404541,10.0,7436.017004394531,7436.017004394531,47087.31705322266,56047.31705322266,3871.1300048828125
CICIoT2023,SNN_AE_T7,0,0,0.8290206265156538,0.8909863211791252,0.9280636680600799,11535.5583404541,20.0,7436.017004394531,7436.017004394531,86738.61710205078,104658.61710205078,3871.1300048828125
CICIoT2023,SNN_AE_noBN,0,0,0.8035000139184011,0.8854563536641533,0.9172891623788206,10555.401626586914,2.5,6391.862655258178,6391.862655258178,13435.37003097534,14395.37003097534,2739.4029502868652
CICIoT2023,SNN_AE_noBN,0,0,0.8035000139184011,0.8854563536641533,0.9172891623788206,10555.401626586914,5.0,6391.862655258178,6391.862655258178,20478.877406692503,22398.877406692503,2739.4029502868652
CICIoT2023,SNN_AE_noBN,0,0,0.8035000139184011,0.8854563536641533,0.9172891623788206,10555.401626586914,10.0,6391.862655258178,6391.862655258178,34565.89215812683,38405.89215812683,2739.4029502868652
CICIoT2023,SNN_AE_noBN,0,0,0.8035000139184011,0.8854563536641533,0.9172891623788206,10555.401626586914,20.0,6391.862655258178,6391.862655258178,62739.92166099548,70419.92166099549,2739.4029502868652
CICIoT2023,IF,0,0,0.1362805623911698,0.7824788053387747,0.7614190626528456,,2.5,1800.0,1800.0,11882.5,11882.5,4000.0
CICIoT2023,IF,0,0,0.1362805623911698,0.7824788053387747,0.7614190626528456,,5.0,1800.0,1800.0,21965.0,21965.0,4000.0
CICIoT2023,IF,0,0,0.1362805623911698,0.7824788053387747,0.7614190626528456,,10.0,1800.0,1800.0,42130.0,42130.0,4000.0
CICIoT2023,IF,0,0,0.1362805623911698,0.7824788053387747,0.7614190626528456,,20.0,1800.0,1800.0,82460.0,82460.0,4000.0
CICIoT2023,OCSVM,0,0,0.6306819988341901,0.8034878089090083,0.8446511766814254,,2.5,33469.6,33469.6,51742.1,51742.1,7276.0
CICIoT2023,OCSVM,0,0,0.6306819988341901,0.8034878089090083,0.8446511766814254,,5.0,33469.6,33469.6,70014.6,70014.6,7276.0
CICIoT2023,OCSVM,0,0,0.6306819988341901,0.8034878089090083,0.8446511766814254,,10.0,33469.6,33469.6,106559.6,106559.6,7276.0
CICIoT2023,OCSVM,0,0,0.6306819988341901,0.8034878089090083,0.8446511766814254,,20.0,33469.6,33469.6,179649.6,179649.6,7276.0
CICIoT2023,LOF,0,0,0.2654976196158726,0.7383326202652505,0.7038538638068846,,2.5,3035999.9999999995,3035999.9999999995,4686082.5,4686082.5,660000.0
CICIoT2023,LOF,0,0,0.2654976196158726,0.7383326202652505,0.7038538638068846,,5.0,3035999.9999999995,3035999.9999999995,6336165.0,6336165.0,660000.0
CICIoT2023,LOF,0,0,0.2654976196158726,0.7383326202652505,0.7038538638068846,,10.0,3035999.9999999995,3035999.9999999995,9636330.0,9636330.0,660000.0
CICIoT2023,LOF,0,0,0.2654976196158726,0.7383326202652505,0.7038538638068846,,20.0,3035999.9999999995,3035999.9999999995,16236660.0,16236660.0,660000.0
CICIoT2023,SNN_AE,0,1,0.8112488782256735,0.9093325572647252,0.9328655688213229,11291.25125427246,2.5,6539.015664482115,6539.015664482115,13991.28139915466,14951.28139915466,2902.9062938690186
CICIoT2023,SNN_AE,0,1,0.8112488782256735,0.9093325572647252,0.9328655688213229,11291.25125427246,5.0,6539.015664482115,6539.015664482115,21443.547133827207,23363.547133827207,2902.9062938690186
CICIoT2023,SNN_AE,0,1,0.8112488782256735,0.9093325572647252,0.9328655688213229,11291.25125427246,10.0,6539.015664482115,6539.015664482115,36348.078603172304,40188.078603172304,2902.9062938690186
CICIoT2023,SNN_AE,0,1,0.8112488782256735,0.9093325572647252,0.9328655688213229,11291.25125427246,20.0,6539.015664482115,6539.015664482115,66157.14154186248,73837.14154186248,2902.9062938690186
CICIoT2023,LSTM_AE,0,1,0.8193503800967519,0.8942657402531153,0.9301973721578425,331200.0,2.5,331200.0,331200.0,513367.5,513367.5,72801.0
CICIoT2023,LSTM_AE,0,1,0.8193503800967519,0.8942657402531153,0.9301973721578425,331200.0,5.0,331200.0,331200.0,695535.0,695535.0,72801.0
CICIoT2023,LSTM_AE,0,1,0.8193503800967519,0.8942657402531153,0.9301973721578425,331200.0,10.0,331200.0,331200.0,1059870.0,1059870.0,72801.0
CICIoT2023,LSTM_AE,0,1,0.8193503800967519,0.8942657402531153,0.9301973721578425,331200.0,20.0,331200.0,331200.0,1788540.0,1788540.0,72801.0
CICIoT2023,CNN_AE,0,1,0.8573427316520261,0.9161113759987571,0.9431252184884191,351955.19999999995,2.5,351955.19999999995,351955.19999999995,385922.69999999995,385922.69999999995,13521.0
CICIoT2023,CNN_AE,0,1,0.8573427316520261,0.9161113759987571,0.9431252184884191,351955.19999999995,5.0,351955.19999999995,351955.19999999995,419890.19999999995,419890.19999999995,13521.0
CICIoT2023,CNN_AE,0,1,0.8573427316520261,0.9161113759987571,0.9431252184884191,351955.19999999995,10.0,351955.19999999995,351955.19999999995,487825.19999999995,487825.19999999995,13521.0
CICIoT2023,CNN_AE,0,1,0.8573427316520261,0.9161113759987571,0.9431252184884191,351955.19999999995,20.0,351955.19999999995,351955.19999999995,623695.2,623695.2,13521.0
CICIoT2023,SNN_Dense,0,1,0.8389497547802054,0.922803934780388,0.9449302697723455,15823.974359130858,2.5,10494.72094116211,8293.04277529838,14855.147835726126,15335.147835726126,2488.8420241710983
CICIoT2023,SNN_Dense,0,1,0.8389497547802054,0.922803934780388,0.9449302697723455,15823.974359130858,5.0,10494.72094116211,8293.04277529838,21417.25289615387,22377.25289615387,2488.8420241710983
CICIoT2023,SNN_Dense,0,1,0.8389497547802054,0.922803934780388,0.9449302697723455,15823.974359130858,10.0,10494.72094116211,8293.04277529838,34541.463017009366,36461.463017009366,2488.8420241710983
CICIoT2023,SNN_Dense,0,1,0.8389497547802054,0.922803934780388,0.9449302697723455,15823.974359130858,20.0,10494.72094116211,8293.04277529838,60789.88325872035,64629.88325872035,2488.8420241710983
CICIoT2023,Dense_SNN,0,1,0.8279986890976623,0.9240455954987042,0.945335094153858,24463.199999999997,2.5,10321.08975830078,8571.839529933139,15226.409386607484,15706.409386607484,2525.827942669738
CICIoT2023,Dense_SNN,0,1,0.8279986890976623,0.9240455954987042,0.945335094153858,24463.199999999997,5.0,10321.08975830078,8571.839529933139,21880.97924328183,22840.97924328183,2525.827942669738
CICIoT2023,Dense_SNN,0,1,0.8279986890976623,0.9240455954987042,0.945335094153858,24463.199999999997,10.0,10321.08975830078,8571.839529933139,35190.11895663052,37110.11895663052,2525.827942669738
CICIoT2023,Dense_SNN,0,1,0.8279986890976623,0.9240455954987042,0.945335094153858,24463.199999999997,20.0,10321.08975830078,8571.839529933139,61808.3983833279,65648.3983833279,2525.827942669738
CICIoT2023,Dense_AE,0,1,0.8380536494073612,0.9285899030342399,0.9491609733292756,15032.8,2.5,14425.599999999999,10349.430828067321,16459.121495495216,16459.121495495216,2249.876266971157
CICIoT2023,Dense_AE,0,1,0.8380536494073612,0.9285899030342399,0.9491609733292756,15032.8,5.0,14425.599999999999,10349.430828067321,22568.812162923106,22568.812162923106,2249.876266971157
CICIoT2023,Dense_AE,0,1,0.8380536494073612,0.9285899030342399,0.9491609733292756,15032.8,10.0,14425.599999999999,10349.430828067321,34788.19349777889,34788.19349777889,2249.876266971157
CICIoT2023,Dense_AE,0,1,0.8380536494073612,0.9285899030342399,0.9491609733292756,15032.8,20.0,14425.599999999999,10349.430828067321,59226.95616749046,59226.95616749046,2249.876266971157
CICIoT2023,SNN_AE_T2,0,1,0.7947554872448501,0.8969224661708586,0.9251941735405406,11853.132836914061,2.5,7065.745539283752,7065.745539283752,15988.92759284973,16628.92759284973,3495.2728214263916
CICIoT2023,SNN_AE_T2,0,1,0.7947554872448501,0.8969224661708586,0.9251941735405406,11853.132836914061,5.0,7065.745539283752,7065.745539283752,24912.10964641571,26192.10964641571,3495.2728214263916
CICIoT2023,SNN_AE_T2,0,1,0.7947554872448501,0.8969224661708586,0.9251941735405406,11853.132836914061,10.0,7065.745539283752,7065.745539283752,42758.47375354767,45318.47375354767,3495.2728214263916
CICIoT2023,SNN_AE_T2,0,1,0.7947554872448501,0.8969224661708586,0.9251941735405406,11853.132836914061,20.0,7065.745539283752,7065.745539283752,78451.20196781159,83571.20196781159,3495.2728214263916
CICIoT2023,SNN_AE_T5,0,1,0.8271960857426085,0.9262626836878183,0.945041169168811,11825.215963745115,2.5,7596.407987213134,7596.407987213134,17970.319062805174,19570.319062805174,4063.5644302368164
CICIoT2023,SNN_AE_T5,0,1,0.8271960857426085,0.9262626836878183,0.945041169168811,11825.215963745115,5.0,7596.407987213134,7596.407987213134,28344.230138397215,31544.230138397215,4063.5644302368164
CICIoT2023,SNN_AE_T5,0,1,0.8271960857426085,0.9262626836878183,0.945041169168811,11825.215963745115,10.0,7596.407987213134,7596.407987213134,49092.0522895813,55492.0522895813,4063.5644302368164
CICIoT2023,SNN_AE_T5,0,1,0.8271960857426085,0.9262626836878183,0.945041169168811,11825.215963745115,20.0,7596.407987213134,7596.407987213134,90587.69659194947,103387.69659194947,4063.5644302368164
CICIoT2023,SNN_AE_T7,0,1,0.832676291201073,0.9202978359013693,0.9423844904234526,11636.2432723999,2.5,7555.9446823120115,7555.9446823120115,17801.90213317871,20041.90213317871,4004.3829803466797
CICIoT2023,SNN_AE_T7,0,1,0.832676291201073,0.9202978359013693,0.9423844904234526,11636.2432723999,5.0,7555.9446823120115,7555.9446823120115,28047.85958404541,32527.85958404541,4004.3829803466797
CICIoT2023,SNN_AE_T7,0,1,0.832676291201073,0.9202978359013693,0.9423844904234526,11636.2432723999,10.0,7555.9446823120115,7555.9446823120115,48539.774485778806,57499.774485778806,4004.3829803466797
CICIoT2023,SNN_AE_T7,0,1,0.832676291201073,0.9202978359013693,0.9423844904234526,11636.2432723999,20.0,7555.9446823120115,7555.9446823120115,89523.6042892456,107443.6042892456,4004.3829803466797
CICIoT2023,SNN_AE_noBN,0,1,0.7917806930925848,0.905964503546685,0.9305320474845686,10620.489523315428,2.5,6389.0748126983635,6389.0748126983635,13424.838181304931,14384.838181304931,2736.305347442627
CICIoT2023,SNN_AE_noBN,0,1,0.7917806930925848,0.905964503546685,0.9305320474845686,10620.489523315428,5.0,6389.0748126983635,6389.0748126983635,20460.6015499115,22380.6015499115,2736.305347442627
CICIoT2023,SNN_AE_noBN,0,1,0.7917806930925848,0.905964503546685,0.9305320474845686,10620.489523315428,10.0,6389.0748126983635,6389.0748126983635,34532.12828712464,38372.12828712464,2736.305347442627
CICIoT2023,SNN_AE_noBN,0,1,0.7917806930925848,0.905964503546685,0.9305320474845686,10620.489523315428,20.0,6389.0748126983635,6389.0748126983635,62675.181761550906,70355.1817615509,2736.305347442627
CICIoT2023,IF,0,1,0.301869245791872,0.8951728028566762,0.9178929854292601,,2.5,1800.0,1800.0,11882.5,11882.5,4000.0
CICIoT2023,IF,0,1,0.301869245791872,0.8951728028566762,0.9178929854292601,,5.0,1800.0,1800.0,21965.0,21965.0,4000.0
CICIoT2023,IF,0,1,0.301869245791872,0.8951728028566762,0.9178929854292601,,10.0,1800.0,1800.0,42130.0,42130.0,4000.0
CICIoT2023,IF,0,1,0.301869245791872,0.8951728028566762,0.9178929854292601,,20.0,1800.0,1800.0,82460.0,82460.0,4000.0
CICIoT2023,OCSVM,0,1,0.6535535234220115,0.8504248570713809,0.8796176855348885,,2.5,33469.6,33469.6,51742.1,51742.1,7276.0
CICIoT2023,OCSVM,0,1,0.6535535234220115,0.8504248570713809,0.8796176855348885,,5.0,33469.6,33469.6,70014.6,70014.6,7276.0
CICIoT2023,OCSVM,0,1,0.6535535234220115,0.8504248570713809,0.8796176855348885,,10.0,33469.6,33469.6,106559.6,106559.6,7276.0
CICIoT2023,OCSVM,0,1,0.6535535234220115,0.8504248570713809,0.8796176855348885,,20.0,33469.6,33469.6,179649.6,179649.6,7276.0
CICIoT2023,LOF,0,1,0.23266653195931838,0.7920230903653848,0.7818714573448114,,2.5,3035999.9999999995,3035999.9999999995,4686082.5,4686082.5,660000.0
CICIoT2023,LOF,0,1,0.23266653195931838,0.7920230903653848,0.7818714573448114,,5.0,3035999.9999999995,3035999.9999999995,6336165.0,6336165.0,660000.0
CICIoT2023,LOF,0,1,0.23266653195931838,0.7920230903653848,0.7818714573448114,,10.0,3035999.9999999995,3035999.9999999995,9636330.0,9636330.0,660000.0
CICIoT2023,LOF,0,1,0.23266653195931838,0.7920230903653848,0.7818714573448114,,20.0,3035999.9999999995,3035999.9999999995,16236660.0,16236660.0,660000.0
CICIoT2023,SNN_AE,0,2,0.8169014084507042,0.9437979979296443,0.9617159661051466,11220.86396484375,2.5,6478.13989162445,6478.13989162445,13761.306257247925,14721.306257247925,2835.2665462493896
CICIoT2023,SNN_AE,0,2,0.8169014084507042,0.9437979979296443,0.9617159661051466,11220.86396484375,5.0,6478.13989162445,6478.13989162445,21044.4726228714,22964.4726228714,2835.2665462493896
CICIoT2023,SNN_AE,0,2,0.8169014084507042,0.9437979979296443,0.9617159661051466,11220.86396484375,10.0,6478.13989162445,6478.13989162445,35610.80535411835,39450.80535411835,2835.2665462493896
CICIoT2023,SNN_AE,0,2,0.8169014084507042,0.9437979979296443,0.9617159661051466,11220.86396484375,20.0,6478.13989162445,6478.13989162445,64743.470816612244,72423.47081661224,2835.2665462493896
CICIoT2023,LSTM_AE,0,2,0.8461802979023764,0.9163217501165333,0.9489570417494192,331200.0,2.5,331200.0,331200.0,513367.5,513367.5,72801.0
CICIoT2023,LSTM_AE,0,2,0.8461802979023764,0.9163217501165333,0.9489570417494192,331200.0,5.0,331200.0,331200.0,695535.0,695535.0,72801.0
CICIoT2023,LSTM_AE,0,2,0.8461802979023764,0.9163217501165333,0.9489570417494192,331200.0,10.0,331200.0,331200.0,1059870.0,1059870.0,72801.0
CICIoT2023,LSTM_AE,0,2,0.8461802979023764,0.9163217501165333,0.9489570417494192,331200.0,20.0,331200.0,331200.0,1788540.0,1788540.0,72801.0
CICIoT2023,CNN_AE,0,2,0.847909363593654,0.958746228259751,0.9738352831237389,351955.19999999995,2.5,351955.19999999995,351955.19999999995,385922.69999999995,385922.69999999995,13521.0
CICIoT2023,CNN_AE,0,2,0.847909363593654,0.958746228259751,0.9738352831237389,351955.19999999995,5.0,351955.19999999995,351955.19999999995,419890.19999999995,419890.19999999995,13521.0
CICIoT2023,CNN_AE,0,2,0.847909363593654,0.958746228259751,0.9738352831237389,351955.19999999995,10.0,351955.19999999995,351955.19999999995,487825.19999999995,487825.19999999995,13521.0
CICIoT2023,CNN_AE,0,2,0.847909363593654,0.958746228259751,0.9738352831237389,351955.19999999995,20.0,351955.19999999995,351955.19999999995,623695.2,623695.2,13521.0
CICIoT2023,SNN_Dense,0,2,0.8352073951606274,0.9525614442850311,0.9665194030945199,15986.752026367187,2.5,10677.11964111328,8995.796163325993,16347.36574008477,16827.36574008477,2804.627830703511
CICIoT2023,SNN_Dense,0,2,0.8352073951606274,0.9525614442850311,0.9665194030945199,15986.752026367187,5.0,10677.11964111328,8995.796163325993,23698.93531684355,24658.93531684355,2804.627830703511
CICIoT2023,SNN_Dense,0,2,0.8352073951606274,0.9525614442850311,0.9665194030945199,15986.752026367187,10.0,10677.11964111328,8995.796163325993,38402.0744703611,40322.0744703611,2804.627830703511
CICIoT2023,SNN_Dense,0,2,0.8352073951606274,0.9525614442850311,0.9665194030945199,15986.752026367187,20.0,10677.11964111328,8995.796163325993,67808.35277739621,71648.35277739621,2804.627830703511
CICIoT2023,Dense_SNN,0,2,0.8560027260662147,0.9069282253660957,0.9431469038111235,24463.199999999997,2.5,10353.10412273407,8848.236365790166,15724.55157311336,16204.55157311336,2614.5260829292774
CICIoT2023,Dense_SNN,0,2,0.8560027260662147,0.9069282253660957,0.9431469038111235,24463.199999999997,5.0,10353.10412273407,8848.236365790166,22600.866780436554,23560.866780436554,2614.5260829292774
CICIoT2023,Dense_SNN,0,2,0.8560027260662147,0.9069282253660957,0.9431469038111235,24463.199999999997,10.0,10353.10412273407,8848.236365790166,36353.49719508294,38273.49719508294,2614.5260829292774
CICIoT2023,Dense_SNN,0,2,0.8560027260662147,0.9069282253660957,0.9431469038111235,24463.199999999997,20.0,10353.10412273407,8848.236365790166,63858.75802437572,67698.75802437571,2614.5260829292774
CICIoT2023,Dense_AE,0,2,0.8488104374520338,0.8969591315402357,0.9386941600066153,15032.8,2.5,14425.599999999999,10050.912351980081,15998.364717186647,15998.364717186647,2184.9809460826264
CICIoT2023,Dense_AE,0,2,0.8488104374520338,0.8969591315402357,0.9386941600066153,15032.8,5.0,14425.599999999999,10050.912351980081,21945.817082393212,21945.817082393212,2184.9809460826264
CICIoT2023,Dense_AE,0,2,0.8488104374520338,0.8969591315402357,0.9386941600066153,15032.8,10.0,14425.599999999999,10050.912351980081,33840.72181280634,33840.72181280634,2184.9809460826264
CICIoT2023,Dense_AE,0,2,0.8488104374520338,0.8969591315402357,0.9386941600066153,15032.8,20.0,14425.599999999999,10050.912351980081,57630.5312736326,57630.5312736326,2184.9809460826264
CICIoT2023,SNN_AE_T2,0,2,0.7478394091766185,0.9247678792171392,0.945268932010459,11733.871960449218,2.5,6787.02170124054,6787.02170124054,14935.97087135315,15575.97087135315,3185.579668045044
CICIoT2023,SNN_AE_T2,0,2,0.7478394091766185,0.9247678792171392,0.945268932010459,11733.871960449218,5.0,6787.02170124054,6787.02170124054,23084.92004146576,24364.92004146576,3185.579668045044
CICIoT2023,SNN_AE_T2,0,2,0.7478394091766185,0.9247678792171392,0.945268932010459,11733.871960449218,10.0,6787.02170124054,6787.02170124054,39382.81838169098,41942.81838169098,3185.579668045044
CICIoT2023,SNN_AE_T2,0,2,0.7478394091766185,0.9247678792171392,0.945268932010459,11733.871960449218,20.0,6787.02170124054,6787.02170124054,71978.61506214141,77098.61506214141,3185.579668045044
CICIoT2023,SNN_AE_T5,0,2,0.7977956761339551,0.9407261476248417,0.9589204669785149,11787.171270751951,2.5,7513.156861114501,7513.156861114501,17655.814808654784,19255.814808654784,3971.0631790161133
CICIoT2023,SNN_AE_T5,0,2,0.7977956761339551,0.9407261476248417,0.9589204669785149,11787.171270751951,5.0,7513.156861114501,7513.156861114501,27798.472756195068,30998.472756195068,3971.0631790161133
CICIoT2023,SNN_AE_T5,0,2,0.7977956761339551,0.9407261476248417,0.9589204669785149,11787.171270751951,10.0,7513.156861114501,7513.156861114501,48083.78865127564,54483.78865127564,3971.0631790161133
CICIoT2023,SNN_AE_T5,0,2,0.7977956761339551,0.9407261476248417,0.9589204669785149,11787.171270751951,20.0,7513.156861114501,7513.156861114501,88654.42044143677,101454.42044143677,3971.0631790161133
CICIoT2023,SNN_AE_T7,0,2,0.8395189753665903,0.9387094707274698,0.9583577772657184,11517.097560119628,2.5,7664.665962219237,7664.665962219237,18212.62696838379,20452.62696838379,4125.18440246582
CICIoT2023,SNN_AE_T7,0,2,0.8395189753665903,0.9387094707274698,0.9583577772657184,11517.097560119628,5.0,7664.665962219237,7664.665962219237,28760.58797454834,33240.58797454834,4125.18440246582
CICIoT2023,SNN_AE_T7,0,2,0.8395189753665903,0.9387094707274698,0.9583577772657184,11517.097560119628,10.0,7664.665962219237,7664.665962219237,49856.50998687744,58816.50998687744,4125.18440246582
CICIoT2023,SNN_AE_T7,0,2,0.8395189753665903,0.9387094707274698,0.9583577772657184,11517.097560119628,20.0,7664.665962219237,7664.665962219237,92048.35401153564,109968.35401153564,4125.18440246582
CICIoT2023,SNN_AE_noBN,0,2,0.759916370885399,0.9451729817360721,0.9625992988435867,10640.678466796875,2.5,6449.999984550475,6449.999984550475,13654.999941635131,14614.999941635131,2803.9999828338623
CICIoT2023,SNN_AE_noBN,0,2,0.759916370885399,0.9451729817360721,0.9625992988435867,10640.678466796875,5.0,6449.999984550475,6449.999984550475,20859.999898719787,22779.999898719787,2803.9999828338623
CICIoT2023,SNN_AE_noBN,0,2,0.759916370885399,0.9451729817360721,0.9625992988435867,10640.678466796875,10.0,6449.999984550475,6449.999984550475,35269.9998128891,39109.9998128891,2803.9999828338623
CICIoT2023,SNN_AE_noBN,0,2,0.759916370885399,0.9451729817360721,0.9625992988435867,10640.678466796875,20.0,6449.999984550475,6449.999984550475,64089.999641227725,71769.99964122773,2803.9999828338623
CICIoT2023,IF,0,2,0.6694558050246223,0.8411953735418218,0.8956452132958101,,2.5,1800.0,1800.0,11882.5,11882.5,4000.0
CICIoT2023,IF,0,2,0.6694558050246223,0.8411953735418218,0.8956452132958101,,5.0,1800.0,1800.0,21965.0,21965.0,4000.0
CICIoT2023,IF,0,2,0.6694558050246223,0.8411953735418218,0.8956452132958101,,10.0,1800.0,1800.0,42130.0,42130.0,4000.0
CICIoT2023,IF,0,2,0.6694558050246223,0.8411953735418218,0.8956452132958101,,20.0,1800.0,1800.0,82460.0,82460.0,4000.0
CICIoT2023,OCSVM,0,2,0.6435106382978724,0.8970363602903341,0.9218480573700711,,2.5,32687.6,32687.6,50535.1,50535.1,7106.0
CICIoT2023,OCSVM,0,2,0.6435106382978724,0.8970363602903341,0.9218480573700711,,5.0,32687.6,32687.6,68382.6,68382.6,7106.0
CICIoT2023,OCSVM,0,2,0.6435106382978724,0.8970363602903341,0.9218480573700711,,10.0,32687.6,32687.6,104077.6,104077.6,7106.0
CICIoT2023,OCSVM,0,2,0.6435106382978724,0.8970363602903341,0.9218480573700711,,20.0,32687.6,32687.6,175467.6,175467.6,7106.0
CICIoT2023,LOF,0,2,0.3194938710952946,0.9322829575819213,0.956935148747483,,2.5,3035999.9999999995,3035999.9999999995,4686082.5,4686082.5,660000.0
CICIoT2023,LOF,0,2,0.3194938710952946,0.9322829575819213,0.956935148747483,,5.0,3035999.9999999995,3035999.9999999995,6336165.0,6336165.0,660000.0
CICIoT2023,LOF,0,2,0.3194938710952946,0.9322829575819213,0.956935148747483,,10.0,3035999.9999999995,3035999.9999999995,9636330.0,9636330.0,660000.0
CICIoT2023,LOF,0,2,0.3194938710952946,0.9322829575819213,0.956935148747483,,20.0,3035999.9999999995,3035999.9999999995,16236660.0,16236660.0,660000.0
CICIoT2023,SNN_AE,0,3,0.6650008364001339,0.8739999195061249,0.9151935869831042,11315.529666137694,2.5,6755.751921844481,6755.751921844481,14810.062815856933,15770.062815856933,3143.7243576049805
CICIoT2023,SNN_AE,0,3,0.6650008364001339,0.8739999195061249,0.9151935869831042,11315.529666137694,5.0,6755.751921844481,6755.751921844481,22864.373709869382,24784.373709869382,3143.7243576049805
CICIoT2023,SNN_AE,0,3,0.6650008364001339,0.8739999195061249,0.9151935869831042,11315.529666137694,10.0,6755.751921844481,6755.751921844481,38972.995497894284,42812.995497894284,3143.7243576049805
CICIoT2023,SNN_AE,0,3,0.6650008364001339,0.8739999195061249,0.9151935869831042,11315.529666137694,20.0,6755.751921844481,6755.751921844481,71190.23907394409,78870.23907394409,3143.7243576049805
CICIoT2023,LSTM_AE,0,3,0.8477059920874526,0.8713110274774041,0.9132831388257984,331200.0,2.5,331200.0,331200.0,513367.5,513367.5,72801.0
CICIoT2023,LSTM_AE,0,3,0.8477059920874526,0.8713110274774041,0.9132831388257984,331200.0,5.0,331200.0,331200.0,695535.0,695535.0,72801.0
CICIoT2023,LSTM_AE,0,3,0.8477059920874526,0.8713110274774041,0.9132831388257984,331200.0,10.0,331200.0,331200.0,1059870.0,1059870.0,72801.0
CICIoT2023,LSTM_AE,0,3,0.8477059920874526,0.8713110274774041,0.9132831388257984,331200.0,20.0,331200.0,331200.0,1788540.0,1788540.0,72801.0
CICIoT2023,CNN_AE,0,3,0.843635512588552,0.8745773028068264,0.9165048755846108,351955.19999999995,2.5,351955.19999999995,351955.19999999995,385922.69999999995,385922.69999999995,13521.0
CICIoT2023,CNN_AE,0,3,0.843635512588552,0.8745773028068264,0.9165048755846108,351955.19999999995,5.0,351955.19999999995,351955.19999999995,419890.19999999995,419890.19999999995,13521.0
CICIoT2023,CNN_AE,0,3,0.843635512588552,0.8745773028068264,0.9165048755846108,351955.19999999995,10.0,351955.19999999995,351955.19999999995,487825.19999999995,487825.19999999995,13521.0
CICIoT2023,CNN_AE,0,3,0.843635512588552,0.8745773028068264,0.9165048755846108,351955.19999999995,20.0,351955.19999999995,351955.19999999995,623695.2,623695.2,13521.0
CICIoT2023,SNN_Dense,0,3,0.8344280657735562,0.8440944552809425,0.8944158164170319,15785.411193847656,2.5,10471.655529785156,8951.734641966848,15820.289375043685,16300.289375043685,2611.421893230735
CICIoT2023,SNN_Dense,0,3,0.8344280657735562,0.8440944552809425,0.8944158164170319,15785.411193847656,5.0,10471.655529785156,8951.734641966848,22688.844108120524,23648.844108120524,2611.421893230735
CICIoT2023,SNN_Dense,0,3,0.8344280657735562,0.8440944552809425,0.8944158164170319,15785.411193847656,10.0,10471.655529785156,8951.734641966848,36425.953574274194,38345.953574274194,2611.421893230735
CICIoT2023,SNN_Dense,0,3,0.8344280657735562,0.8440944552809425,0.8944158164170319,15785.411193847656,20.0,10471.655529785156,8951.734641966848,63900.17250658154,67740.17250658154,2611.421893230735
CICIoT2023,Dense_SNN,0,3,0.8101938128960119,0.8443669635031228,0.8926474664748293,24463.199999999997,2.5,10454.023384475708,8768.183679789478,15826.475850303155,16306.475850303155,2687.316868205471
CICIoT2023,Dense_SNN,0,3,0.8101938128960119,0.8443669635031228,0.8926474664748293,24463.199999999997,5.0,10454.023384475708,8768.183679789478,22884.76802081683,23844.76802081683,2687.316868205471
CICIoT2023,Dense_SNN,0,3,0.8101938128960119,0.8443669635031228,0.8926474664748293,24463.199999999997,10.0,10454.023384475708,8768.183679789478,37001.35236184419,38921.35236184419,2687.316868205471
CICIoT2023,Dense_SNN,0,3,0.8101938128960119,0.8443669635031228,0.8926474664748293,24463.199999999997,20.0,10454.023384475708,8768.183679789478,65234.5210438989,69074.5210438989,2687.316868205471
CICIoT2023,Dense_AE,0,3,0.8466627555395099,0.8386261175712135,0.8946224441045268,15032.8,2.5,14425.599999999999,9417.307152912468,15020.408866451853,15020.408866451853,2047.2406854157543
CICIoT2023,Dense_AE,0,3,0.8466627555395099,0.8386261175712135,0.8946224441045268,15032.8,5.0,14425.599999999999,9417.307152912468,20623.51057999124,20623.51057999124,2047.2406854157543
CICIoT2023,Dense_AE,0,3,0.8466627555395099,0.8386261175712135,0.8946224441045268,15032.8,10.0,14425.599999999999,9417.307152912468,31829.71400707001,31829.71400707001,2047.2406854157543
CICIoT2023,Dense_AE,0,3,0.8466627555395099,0.8386261175712135,0.8946224441045268,15032.8,20.0,14425.599999999999,9417.307152912468,54242.12086122755,54242.12086122755,2047.2406854157543
CICIoT2023,SNN_AE_T2,0,3,0.7758665382906236,0.8376786282033168,0.8863332270633151,11832.079956054688,2.5,7052.363400268554,7052.363400268554,15938.372845458984,16578.372845458984,3480.403778076172
CICIoT2023,SNN_AE_T2,0,3,0.7758665382906236,0.8376786282033168,0.8863332270633151,11832.079956054688,5.0,7052.363400268554,7052.363400268554,24824.382290649413,26104.382290649413,3480.403778076172
CICIoT2023,SNN_AE_T2,0,3,0.7758665382906236,0.8376786282033168,0.8863332270633151,11832.079956054688,10.0,7052.363400268554,7052.363400268554,42596.401181030276,45156.401181030276,3480.403778076172
CICIoT2023,SNN_AE_T2,0,3,0.7758665382906236,0.8376786282033168,0.8863332270633151,11832.079956054688,20.0,7052.363400268554,7052.363400268554,78140.438961792,83260.438961792,3480.403778076172
CICIoT2023,SNN_AE_T5,0,3,0.7917458696248381,0.8543399011686903,0.8990333668901178,12025.923132324217,2.5,8003.282580947876,8003.282580947876,19507.40086135864,21107.40086135864,4515.647312164307
CICIoT2023,SNN_AE_T5,0,3,0.7917458696248381,0.8543399011686903,0.8990333668901178,12025.923132324217,5.0,8003.282580947876,8003.282580947876,31011.519141769408,34211.51914176941,4515.647312164307
CICIoT2023,SNN_AE_T5,0,3,0.7917458696248381,0.8543399011686903,0.8990333668901178,12025.923132324217,10.0,8003.282580947876,8003.282580947876,54019.75570259094,60419.75570259094,4515.647312164307
CICIoT2023,SNN_AE_T5,0,3,0.7917458696248381,0.8543399011686903,0.8990333668901178,12025.923132324217,20.0,8003.282580947876,8003.282580947876,100036.22882423401,112836.22882423401,4515.647312164307
CICIoT2023,SNN_AE_T7,0,3,0.8235402383472139,0.8580310367501027,0.9025461865873381,11465.862283325194,2.5,7342.424069976806,7342.424069976806,16995.268708801268,19235.268708801268,3767.137855529785
CICIoT2023,SNN_AE_T7,0,3,0.8235402383472139,0.8580310367501027,0.9025461865873381,11465.862283325194,5.0,7342.424069976806,7342.424069976806,26648.11334762573,31128.11334762573,3767.137855529785
CICIoT2023,SNN_AE_T7,0,3,0.8235402383472139,0.8580310367501027,0.9025461865873381,11465.862283325194,10.0,7342.424069976806,7342.424069976806,45953.80262527466,54913.80262527466,3767.137855529785
CICIoT2023,SNN_AE_T7,0,3,0.8235402383472139,0.8580310367501027,0.9025461865873381,11465.862283325194,20.0,7342.424069976806,7342.424069976806,84565.18118057252,102485.18118057252,3767.137855529785
CICIoT2023,SNN_AE_noBN,0,3,0.6524896046604892,0.823234751701473,0.8718046642205461,10690.099227905273,2.5,6564.241387939453,6564.241387939453,14086.578576660155,15046.578576660155,2930.9348754882812
CICIoT2023,SNN_AE_noBN,0,3,0.6524896046604892,0.823234751701473,0.8718046642205461,10690.099227905273,5.0,6564.241387939453,6564.241387939453,21608.915765380858,23528.915765380858,2930.9348754882812
CICIoT2023,SNN_AE_noBN,0,3,0.6524896046604892,0.823234751701473,0.8718046642205461,10690.099227905273,10.0,6564.241387939453,6564.241387939453,36653.590142822264,40493.590142822264,2930.9348754882812
CICIoT2023,SNN_AE_noBN,0,3,0.6524896046604892,0.823234751701473,0.8718046642205461,10690.099227905273,20.0,6564.241387939453,6564.241387939453,66742.93889770508,74422.93889770508,2930.9348754882812
CICIoT2023,IF,0,3,0.42264924037666457,0.8118001537702144,0.8694720171753825,,2.5,1800.0,1800.0,11882.5,11882.5,4000.0
CICIoT2023,IF,0,3,0.42264924037666457,0.8118001537702144,0.8694720171753825,,5.0,1800.0,1800.0,21965.0,21965.0,4000.0
CICIoT2023,IF,0,3,0.42264924037666457,0.8118001537702144,0.8694720171753825,,10.0,1800.0,1800.0,42130.0,42130.0,4000.0
CICIoT2023,IF,0,3,0.42264924037666457,0.8118001537702144,0.8694720171753825,,20.0,1800.0,1800.0,82460.0,82460.0,4000.0
CICIoT2023,OCSVM,0,3,0.6474320553890669,0.7178445068740913,0.79929159136461,,2.5,33156.799999999996,33156.799999999996,51259.299999999996,51259.299999999996,7208.0
CICIoT2023,OCSVM,0,3,0.6474320553890669,0.7178445068740913,0.79929159136461,,5.0,33156.799999999996,33156.799999999996,69361.79999999999,69361.79999999999,7208.0
CICIoT2023,OCSVM,0,3,0.6474320553890669,0.7178445068740913,0.79929159136461,,10.0,33156.799999999996,33156.799999999996,105566.79999999999,105566.79999999999,7208.0
CICIoT2023,OCSVM,0,3,0.6474320553890669,0.7178445068740913,0.79929159136461,,20.0,33156.799999999996,33156.799999999996,177976.8,177976.8,7208.0
CICIoT2023,LOF,0,3,0.2610533204269997,0.905015962865166,0.9120899716659739,,2.5,3035999.9999999995,3035999.9999999995,4686082.5,4686082.5,660000.0
CICIoT2023,LOF,0,3,0.2610533204269997,0.905015962865166,0.9120899716659739,,5.0,3035999.9999999995,3035999.9999999995,6336165.0,6336165.0,660000.0
CICIoT2023,LOF,0,3,0.2610533204269997,0.905015962865166,0.9120899716659739,,10.0,3035999.9999999995,3035999.9999999995,9636330.0,9636330.0,660000.0
CICIoT2023,LOF,0,3,0.2610533204269997,0.905015962865166,0.9120899716659739,,20.0,3035999.9999999995,3035999.9999999995,16236660.0,16236660.0,660000.0
CICIoT2023,SNN_AE,0,4,0.684472574709563,0.9121526897287808,0.9374072049542113,11369.587179565428,2.5,6757.009683036804,6757.009683036804,14814.814358139038,15774.814358139038,3145.1218700408936
CICIoT2023,SNN_AE,0,4,0.684472574709563,0.9121526897287808,0.9374072049542113,11369.587179565428,5.0,6757.009683036804,6757.009683036804,22872.619033241273,24792.619033241273,3145.1218700408936
CICIoT2023,SNN_AE,0,4,0.684472574709563,0.9121526897287808,0.9374072049542113,11369.587179565428,10.0,6757.009683036804,6757.009683036804,38988.22838344574,42828.22838344574,3145.1218700408936
CICIoT2023,SNN_AE,0,4,0.684472574709563,0.9121526897287808,0.9374072049542113,11369.587179565428,20.0,6757.009683036804,6757.009683036804,71219.44708385467,78899.44708385467,3145.1218700408936
CICIoT2023,LSTM_AE,0,4,0.7785355760757117,0.9068747141548656,0.9358270970344229,331200.0,2.5,331200.0,331200.0,513367.5,513367.5,72801.0
CICIoT2023,LSTM_AE,0,4,0.7785355760757117,0.9068747141548656,0.9358270970344229,331200.0,5.0,331200.0,331200.0,695535.0,695535.0,72801.0
CICIoT2023,LSTM_AE,0,4,0.7785355760757117,0.9068747141548656,0.9358270970344229,331200.0,10.0,331200.0,331200.0,1059870.0,1059870.0,72801.0
CICIoT2023,LSTM_AE,0,4,0.7785355760757117,0.9068747141548656,0.9358270970344229,331200.0,20.0,331200.0,331200.0,1788540.0,1788540.0,72801.0
CICIoT2023,CNN_AE,0,4,0.7614691372411918,0.922482019288258,0.9448964217791369,351955.19999999995,2.5,351955.19999999995,351955.19999999995,385922.69999999995,385922.69999999995,13521.0
CICIoT2023,CNN_AE,0,4,0.7614691372411918,0.922482019288258,0.9448964217791369,351955.19999999995,5.0,351955.19999999995,351955.19999999995,419890.19999999995,419890.19999999995,13521.0
CICIoT2023,CNN_AE,0,4,0.7614691372411918,0.922482019288258,0.9448964217791369,351955.19999999995,10.0,351955.19999999995,351955.19999999995,487825.19999999995,487825.19999999995,13521.0
CICIoT2023,CNN_AE,0,4,0.7614691372411918,0.922482019288258,0.9448964217791369,351955.19999999995,20.0,351955.19999999995,351955.19999999995,623695.2,623695.2,13521.0
CICIoT2023,SNN_Dense,0,4,0.7464640813482132,0.9129843602717544,0.9384769511973109,15865.964764404296,2.5,10560.474554443359,8994.842132748603,16085.27315383204,16565.27315383204,2700.172408433375
CICIoT2023,SNN_Dense,0,4,0.7464640813482132,0.9129843602717544,0.9384769511973109,15865.964764404296,5.0,10560.474554443359,8994.842132748603,23175.704174915478,24135.704174915478,2700.172408433375
CICIoT2023,SNN_Dense,0,4,0.7464640813482132,0.9129843602717544,0.9384769511973109,15865.964764404296,10.0,10560.474554443359,8994.842132748603,37356.56621708235,39276.56621708235,2700.172408433375
CICIoT2023,SNN_Dense,0,4,0.7464640813482132,0.9129843602717544,0.9384769511973109,15865.964764404296,20.0,10560.474554443359,8994.842132748603,65718.2903014161,69558.2903014161,2700.172408433375
CICIoT2023,Dense_SNN,0,4,0.6490973582508338,0.9169301916745798,0.9423789692538422,24463.199999999997,2.5,10344.880835533142,8793.716441836665,15622.027969086437,16102.027969086437,2595.324610899909
CICIoT2023,Dense_SNN,0,4,0.6490973582508338,0.9169301916745798,0.9423789692538422,24463.199999999997,5.0,10344.880835533142,8793.716441836665,22450.339496336208,23410.339496336208,2595.324610899909
CICIoT2023,Dense_SNN,0,4,0.6490973582508338,0.9169301916745798,0.9423789692538422,24463.199999999997,10.0,10344.880835533142,8793.716441836665,36106.96255083576,38026.96255083576,2595.324610899909
CICIoT2023,Dense_SNN,0,4,0.6490973582508338,0.9169301916745798,0.9423789692538422,24463.199999999997,20.0,10344.880835533142,8793.716441836665,63420.20865983485,67260.20865983484,2595.324610899909
CICIoT2023,Dense_AE,0,4,0.8222577101660651,0.88885764103411,0.9216068854184719,15032.8,2.5,14425.599999999999,10122.081934853164,16108.213421186407,16108.213421186407,2200.452594533297
CICIoT2023,Dense_AE,0,4,0.8222577101660651,0.88885764103411,0.9216068854184719,15032.8,5.0,14425.599999999999,10122.081934853164,22094.344907519648,22094.344907519648,2200.452594533297
CICIoT2023,Dense_AE,0,4,0.8222577101660651,0.88885764103411,0.9216068854184719,15032.8,10.0,14425.599999999999,10122.081934853164,34066.60788018614,34066.60788018614,2200.452594533297
CICIoT2023,Dense_AE,0,4,0.8222577101660651,0.88885764103411,0.9216068854184719,15032.8,20.0,14425.599999999999,10122.081934853164,58011.13382551911,58011.13382551911,2200.452594533297
CICIoT2023,SNN_AE_T2,0,4,0.7705072491635581,0.8794663298943535,0.9169477929358741,11793.920043945312,2.5,6877.057648849487,6877.057648849487,15276.106673431397,15916.106673431397,3285.6196098327637
CICIoT2023,SNN_AE_T2,0,4,0.7705072491635581,0.8794663298943535,0.9169477929358741,11793.920043945312,5.0,6877.057648849487,6877.057648849487,23675.155698013306,24955.155698013306,3285.6196098327637
CICIoT2023,SNN_AE_T2,0,4,0.7705072491635581,0.8794663298943535,0.9169477929358741,11793.920043945312,10.0,6877.057648849487,6877.057648849487,40473.25374717712,43033.25374717712,3285.6196098327637
CICIoT2023,SNN_AE_T2,0,4,0.7705072491635581,0.8794663298943535,0.9169477929358741,11793.920043945312,20.0,6877.057648849487,6877.057648849487,74069.44984550476,79189.44984550476,3285.6196098327637
CICIoT2023,SNN_AE_T5,0,4,0.780088939893846,0.9163964213813108,0.9402993018805285,11927.715246582029,2.5,7752.890344238281,7752.890344238281,18561.47463378906,20161.47463378906,4237.4337158203125
CICIoT2023,SNN_AE_T5,0,4,0.780088939893846,0.9163964213813108,0.9402993018805285,11927.715246582029,5.0,7752.890344238281,7752.890344238281,29370.058923339842,32570.058923339842,4237.4337158203125
CICIoT2023,SNN_AE_T5,0,4,0.780088939893846,0.9163964213813108,0.9402993018805285,11927.715246582029,10.0,7752.890344238281,7752.890344238281,50987.227502441405,57387.227502441405,4237.4337158203125
CICIoT2023,SNN_AE_T5,0,4,0.780088939893846,0.9163964213813108,0.9402993018805285,11927.715246582029,20.0,7752.890344238281,7752.890344238281,94221.56466064454,107021.56466064454,4237.4337158203125
CICIoT2023,SNN_AE_T7,0,4,0.8178309282930848,0.9083261525475822,0.9380814495655716,11718.208064270018,2.5,7832.165127563477,7832.165127563477,18845.401593017577,21085.401593017577,4311.294586181641
CICIoT2023,SNN_AE_T7,0,4,0.8178309282930848,0.9083261525475822,0.9380814495655716,11718.208064270018,5.0,7832.165127563477,7832.165127563477,29858.63805847168,34338.63805847168,4311.294586181641
CICIoT2023,SNN_AE_T7,0,4,0.8178309282930848,0.9083261525475822,0.9380814495655716,11718.208064270018,10.0,7832.165127563477,7832.165127563477,51885.110989379886,60845.110989379886,4311.294586181641
CICIoT2023,SNN_AE_T7,0,4,0.8178309282930848,0.9083261525475822,0.9380814495655716,11718.208064270018,20.0,7832.165127563477,7832.165127563477,95938.05685119629,113858.05685119629,4311.294586181641
CICIoT2023,SNN_AE_noBN,0,4,0.7127809554499315,0.8987155468497935,0.928120870853318,10619.913565063474,2.5,6458.608045578002,6458.608045578002,13687.519283294678,14647.519283294678,2813.56449508667
CICIoT2023,SNN_AE_noBN,0,4,0.7127809554499315,0.8987155468497935,0.928120870853318,10619.913565063474,5.0,6458.608045578002,6458.608045578002,20916.430521011353,22836.430521011353,2813.56449508667
CICIoT2023,SNN_AE_noBN,0,4,0.7127809554499315,0.8987155468497935,0.928120870853318,10619.913565063474,10.0,6458.608045578002,6458.608045578002,35374.2529964447,39214.2529964447,2813.56449508667
CICIoT2023,SNN_AE_noBN,0,4,0.7127809554499315,0.8987155468497935,0.928120870853318,10619.913565063474,20.0,6458.608045578002,6458.608045578002,64289.8979473114,71969.8979473114,2813.56449508667
CICIoT2023,IF,0,4,0.19543394468211275,0.8598652827563218,0.8851892671033061,,2.5,1800.0,1800.0,11882.5,11882.5,4000.0
CICIoT2023,IF,0,4,0.19543394468211275,0.8598652827563218,0.8851892671033061,,5.0,1800.0,1800.0,21965.0,21965.0,4000.0
CICIoT2023,IF,0,4,0.19543394468211275,0.8598652827563218,0.8851892671033061,,10.0,1800.0,1800.0,42130.0,42130.0,4000.0
CICIoT2023,IF,0,4,0.19543394468211275,0.8598652827563218,0.8851892671033061,,20.0,1800.0,1800.0,82460.0,82460.0,4000.0
CICIoT2023,OCSVM,0,4,0.41829076157749134,0.8452517693543924,0.8839668498382789,,2.5,33000.399999999994,33000.399999999994,51017.899999999994,51017.899999999994,7174.0
CICIoT2023,OCSVM,0,4,0.41829076157749134,0.8452517693543924,0.8839668498382789,,5.0,33000.399999999994,33000.399999999994,69035.4,69035.4,7174.0
CICIoT2023,OCSVM,0,4,0.41829076157749134,0.8452517693543924,0.8839668498382789,,10.0,33000.399999999994,33000.399999999994,105070.4,105070.4,7174.0
CICIoT2023,OCSVM,0,4,0.41829076157749134,0.8452517693543924,0.8839668498382789,,20.0,33000.399999999994,33000.399999999994,177140.4,177140.4,7174.0
CICIoT2023,LOF,0,4,0.20427593588912987,0.7167578248031646,0.7110369077782934,,2.5,3035999.9999999995,3035999.9999999995,4686082.5,4686082.5,660000.0
CICIoT2023,LOF,0,4,0.20427593588912987,0.7167578248031646,0.7110369077782934,,5.0,3035999.9999999995,3035999.9999999995,6336165.0,6336165.0,660000.0
CICIoT2023,LOF,0,4,0.20427593588912987,0.7167578248031646,0.7110369077782934,,10.0,3035999.9999999995,3035999.9999999995,9636330.0,9636330.0,660000.0
CICIoT2023,LOF,0,4,0.20427593588912987,0.7167578248031646,0.7110369077782934,,20.0,3035999.9999999995,3035999.9999999995,16236660.0,16236660.0,660000.0
CICIoT2023,SNN_AE,0,5,0.83560312167822,0.9377033704057784,0.9562345434721886,11283.475158691404,2.5,6483.877647399901,6483.877647399901,13782.982223510742,14742.982223510742,2841.641830444336
CICIoT2023,SNN_AE,0,5,0.83560312167822,0.9377033704057784,0.9562345434721886,11283.475158691404,5.0,6483.877647399901,6483.877647399901,21082.086799621582,23002.086799621582,2841.641830444336
CICIoT2023,SNN_AE,0,5,0.83560312167822,0.9377033704057784,0.9562345434721886,11283.475158691404,10.0,6483.877647399901,6483.877647399901,35680.29595184326,39520.29595184326,2841.641830444336
CICIoT2023,SNN_AE,0,5,0.83560312167822,0.9377033704057784,0.9562345434721886,11283.475158691404,20.0,6483.877647399901,6483.877647399901,64876.71425628662,72556.71425628662,2841.641830444336
CICIoT2023,LSTM_AE,0,5,0.8394796430315677,0.9355271858276956,0.953113793078843,331200.0,2.5,331200.0,331200.0,513367.5,513367.5,72801.0
CICIoT2023,LSTM_AE,0,5,0.8394796430315677,0.9355271858276956,0.953113793078843,331200.0,5.0,331200.0,331200.0,695535.0,695535.0,72801.0
CICIoT2023,LSTM_AE,0,5,0.8394796430315677,0.9355271858276956,0.953113793078843,331200.0,10.0,331200.0,331200.0,1059870.0,1059870.0,72801.0
CICIoT2023,LSTM_AE,0,5,0.8394796430315677,0.9355271858276956,0.953113793078843,331200.0,20.0,331200.0,331200.0,1788540.0,1788540.0,72801.0
CICIoT2023,CNN_AE,0,5,0.8464595668748479,0.9323449171114933,0.9523275346977559,351955.19999999995,2.5,351955.19999999995,351955.19999999995,385922.69999999995,385922.69999999995,13521.0
CICIoT2023,CNN_AE,0,5,0.8464595668748479,0.9323449171114933,0.9523275346977559,351955.19999999995,5.0,351955.19999999995,351955.19999999995,419890.19999999995,419890.19999999995,13521.0
CICIoT2023,CNN_AE,0,5,0.8464595668748479,0.9323449171114933,0.9523275346977559,351955.19999999995,10.0,351955.19999999995,351955.19999999995,487825.19999999995,487825.19999999995,13521.0
CICIoT2023,CNN_AE,0,5,0.8464595668748479,0.9323449171114933,0.9523275346977559,351955.19999999995,20.0,351955.19999999995,351955.19999999995,623695.2,623695.2,13521.0
CICIoT2023,SNN_Dense,0,5,0.8412036535615004,0.9322005107324148,0.9501104262779596,15909.136007690428,2.5,10589.979107666015,8600.942510969526,15543.219659663264,16023.219659663264,2640.9108594774953
CICIoT2023,SNN_Dense,0,5,0.8412036535615004,0.9322005107324148,0.9501104262779596,15909.136007690428,5.0,10589.979107666015,8600.942510969526,22485.496808357002,23445.496808357002,2640.9108594774953
CICIoT2023,SNN_Dense,0,5,0.8412036535615004,0.9322005107324148,0.9501104262779596,15909.136007690428,10.0,10589.979107666015,8600.942510969526,36370.05110574448,38290.05110574448,2640.9108594774953
CICIoT2023,SNN_Dense,0,5,0.8412036535615004,0.9322005107324148,0.9501104262779596,15909.136007690428,20.0,10589.979107666015,8600.942510969526,64139.159700519434,67979.15970051943,2640.9108594774953
CICIoT2023,Dense_SNN,0,5,0.8315896912477673,0.9302498851616636,0.9507692292452422,24463.199999999997,2.5,10312.832708740234,8511.586334467569,15114.961167414236,15594.961167414236,2505.3499331786666
CICIoT2023,Dense_SNN,0,5,0.8315896912477673,0.9302498851616636,0.9507692292452422,24463.199999999997,5.0,10312.832708740234,8511.586334467569,21718.3360003609,22678.3360003609,2505.3499331786666
CICIoT2023,Dense_SNN,0,5,0.8315896912477673,0.9302498851616636,0.9507692292452422,24463.199999999997,10.0,10312.832708740234,8511.586334467569,34925.085666254236,36845.085666254236,2505.3499331786666
CICIoT2023,Dense_SNN,0,5,0.8315896912477673,0.9302498851616636,0.9507692292452422,24463.199999999997,20.0,10312.832708740234,8511.586334467569,61338.5849980409,65178.5849980409,2505.3499331786666
CICIoT2023,Dense_AE,0,5,0.8466625930052838,0.9207282008089757,0.9444840728603381,15032.8,2.5,14425.599999999999,10411.729521992116,16555.2781752487,16555.2781752487,2263.419461302634
CICIoT2023,Dense_AE,0,5,0.8466625930052838,0.9207282008089757,0.9444840728603381,15032.8,5.0,14425.599999999999,10411.729521992116,22698.826828505284,22698.826828505284,2263.419461302634
CICIoT2023,Dense_AE,0,5,0.8466625930052838,0.9207282008089757,0.9444840728603381,15032.8,10.0,14425.599999999999,10411.729521992116,34985.92413501845,34985.92413501845,2263.419461302634
CICIoT2023,Dense_AE,0,5,0.8466625930052838,0.9207282008089757,0.9444840728603381,15032.8,20.0,14425.599999999999,10411.729521992116,59560.11874804479,59560.11874804479,2263.419461302634
CICIoT2023,SNN_AE_T2,0,5,0.8020137043770103,0.9040877282928019,0.9316124358942146,11708.960021972656,2.5,6774.061974525451,6774.061974525451,14887.011903762817,15527.011903762817,3171.1799716949463
CICIoT2023,SNN_AE_T2,0,5,0.8020137043770103,0.9040877282928019,0.9316124358942146,11708.960021972656,5.0,6774.061974525451,6774.061974525451,22999.961833000183,24279.961833000183,3171.1799716949463
CICIoT2023,SNN_AE_T2,0,5,0.8020137043770103,0.9040877282928019,0.9316124358942146,11708.960021972656,10.0,6774.061974525451,6774.061974525451,39225.861691474915,41785.861691474915,3171.1799716949463
CICIoT2023,SNN_AE_T2,0,5,0.8020137043770103,0.9040877282928019,0.9316124358942146,11708.960021972656,20.0,6774.061974525451,6774.061974525451,71677.66140842438,76797.66140842438,3171.1799716949463
CICIoT2023,SNN_AE_T5,0,5,0.8296551030300813,0.9373289898446823,0.9559288589043273,11738.787207031248,2.5,7499.805708694457,7499.805708694457,17605.37712173462,19205.37712173462,3956.2285652160645
CICIoT2023,SNN_AE_T5,0,5,0.8296551030300813,0.9373289898446823,0.9559288589043273,11738.787207031248,5.0,7499.805708694457,7499.805708694457,27710.94853477478,30910.94853477478,3956.2285652160645
CICIoT2023,SNN_AE_T5,0,5,0.8296551030300813,0.9373289898446823,0.9559288589043273,11738.787207031248,10.0,7499.805708694457,7499.805708694457,47922.091360855105,54322.091360855105,3956.2285652160645
CICIoT2023,SNN_AE_T5,0,5,0.8296551030300813,0.9373289898446823,0.9559288589043273,11738.787207031248,20.0,7499.805708694457,7499.805708694457,88344.37701301575,101144.37701301575,3956.2285652160645
CICIoT2023,SNN_AE_T7,0,5,0.8431943330419344,0.914561214429934,0.9409606259656912,11619.078329467771,2.5,7690.7229850769045,7690.7229850769045,18311.064610290527,20551.064610290527,4154.136650085449
CICIoT2023,SNN_AE_T7,0,5,0.8431943330419344,0.914561214429934,0.9409606259656912,11619.078329467771,5.0,7690.7229850769045,7690.7229850769045,28931.40623550415,33411.40623550415,4154.136650085449
CICIoT2023,SNN_AE_T7,0,5,0.8431943330419344,0.914561214429934,0.9409606259656912,11619.078329467771,10.0,7690.7229850769045,7690.7229850769045,50172.0894859314,59132.0894859314,4154.136650085449
CICIoT2023,SNN_AE_T7,0,5,0.8431943330419344,0.914561214429934,0.9409606259656912,11619.078329467771,20.0,7690.7229850769045,7690.7229850769045,92653.45598678589,110573.45598678589,4154.136650085449
CICIoT2023,SNN_AE_noBN,0,5,0.812456542095065,0.9306355811064483,0.9515778048972054,10682.265618896483,2.5,6494.776084899901,6494.776084899901,13824.154098510742,14784.154098510742,2853.751205444336
CICIoT2023,SNN_AE_noBN,0,5,0.812456542095065,0.9306355811064483,0.9515778048972054,10682.265618896483,5.0,6494.776084899901,6494.776084899901,21153.532112121582,23073.532112121582,2853.751205444336
CICIoT2023,SNN_AE_noBN,0,5,0.812456542095065,0.9306355811064483,0.9515778048972054,10682.265618896483,10.0,6494.776084899901,6494.776084899901,35812.28813934326,39652.28813934326,2853.751205444336
CICIoT2023,SNN_AE_noBN,0,5,0.812456542095065,0.9306355811064483,0.9515778048972054,10682.265618896483,20.0,6494.776084899901,6494.776084899901,65129.80019378662,72809.80019378662,2853.751205444336
CICIoT2023,IF,0,5,0.6730481294466301,0.9008736307325125,0.9176277822313755,,2.5,1800.0,1800.0,11882.5,11882.5,4000.0
CICIoT2023,IF,0,5,0.6730481294466301,0.9008736307325125,0.9176277822313755,,5.0,1800.0,1800.0,21965.0,21965.0,4000.0
CICIoT2023,IF,0,5,0.6730481294466301,0.9008736307325125,0.9176277822313755,,10.0,1800.0,1800.0,42130.0,42130.0,4000.0
CICIoT2023,IF,0,5,0.6730481294466301,0.9008736307325125,0.9176277822313755,,20.0,1800.0,1800.0,82460.0,82460.0,4000.0
CICIoT2023,OCSVM,0,5,0.712709341832286,0.8329367603172534,0.8785991648780846,,2.5,33313.2,33313.2,51500.7,51500.7,7242.0
CICIoT2023,OCSVM,0,5,0.712709341832286,0.8329367603172534,0.8785991648780846,,5.0,33313.2,33313.2,69688.2,69688.2,7242.0
CICIoT2023,OCSVM,0,5,0.712709341832286,0.8329367603172534,0.8785991648780846,,10.0,33313.2,33313.2,106063.2,106063.2,7242.0
CICIoT2023,OCSVM,0,5,0.712709341832286,0.8329367603172534,0.8785991648780846,,20.0,33313.2,33313.2,178813.2,178813.2,7242.0
CICIoT2023,LOF,0,5,0.6071926457217901,0.799464586548348,0.8080198982504567,,2.5,3035999.9999999995,3035999.9999999995,4686082.5,4686082.5,660000.0
CICIoT2023,LOF,0,5,0.6071926457217901,0.799464586548348,0.8080198982504567,,5.0,3035999.9999999995,3035999.9999999995,6336165.0,6336165.0,660000.0
CICIoT2023,LOF,0,5,0.6071926457217901,0.799464586548348,0.8080198982504567,,10.0,3035999.9999999995,3035999.9999999995,9636330.0,9636330.0,660000.0
CICIoT2023,LOF,0,5,0.6071926457217901,0.799464586548348,0.8080198982504567,,20.0,3035999.9999999995,3035999.9999999995,16236660.0,16236660.0,660000.0
CICIoT2023,SNN_AE,0,6,0.700764088841861,0.8965647609313557,0.9304008730401865,11172.134436035154,2.5,6386.920053863524,6386.920053863524,13416.697981262205,14376.697981262205,2733.9111709594727
CICIoT2023,SNN_AE,0,6,0.700764088841861,0.8965647609313557,0.9304008730401865,11172.134436035154,5.0,6386.920053863524,6386.920053863524,20446.475908660886,22366.475908660886,2733.9111709594727
CICIoT2023,SNN_AE,0,6,0.700764088841861,0.8965647609313557,0.9304008730401865,11172.134436035154,10.0,6386.920053863524,6386.920053863524,34506.03176345825,38346.03176345825,2733.9111709594727
CICIoT2023,SNN_AE,0,6,0.700764088841861,0.8965647609313557,0.9304008730401865,11172.134436035154,20.0,6386.920053863524,6386.920053863524,62625.14347305298,70305.14347305297,2733.9111709594727
CICIoT2023,LSTM_AE,0,6,0.678251504199331,0.8601844833987499,0.9081745263239602,331200.0,2.5,331200.0,331200.0,513367.5,513367.5,72801.0
CICIoT2023,LSTM_AE,0,6,0.678251504199331,0.8601844833987499,0.9081745263239602,331200.0,5.0,331200.0,331200.0,695535.0,695535.0,72801.0
CICIoT2023,LSTM_AE,0,6,0.678251504199331,0.8601844833987499,0.9081745263239602,331200.0,10.0,331200.0,331200.0,1059870.0,1059870.0,72801.0
CICIoT2023,LSTM_AE,0,6,0.678251504199331,0.8601844833987499,0.9081745263239602,331200.0,20.0,331200.0,331200.0,1788540.0,1788540.0,72801.0
CICIoT2023,CNN_AE,0,6,0.6308687397427784,0.9124902333894221,0.9377002553726956,351955.19999999995,2.5,351955.19999999995,351955.19999999995,385922.69999999995,385922.69999999995,13521.0
CICIoT2023,CNN_AE,0,6,0.6308687397427784,0.9124902333894221,0.9377002553726956,351955.19999999995,5.0,351955.19999999995,351955.19999999995,419890.19999999995,419890.19999999995,13521.0
CICIoT2023,CNN_AE,0,6,0.6308687397427784,0.9124902333894221,0.9377002553726956,351955.19999999995,10.0,351955.19999999995,351955.19999999995,487825.19999999995,487825.19999999995,13521.0
CICIoT2023,CNN_AE,0,6,0.6308687397427784,0.9124902333894221,0.9377002553726956,351955.19999999995,20.0,351955.19999999995,351955.19999999995,623695.2,623695.2,13521.0
CICIoT2023,SNN_Dense,0,6,0.7548814130996364,0.9062655786537093,0.9318198193095001,15778.700827026365,2.5,10452.200665283202,9188.631635689258,16142.46674056135,16622.46674056135,2645.534041948837
CICIoT2023,SNN_Dense,0,6,0.7548814130996364,0.9062655786537093,0.9318198193095001,15778.700827026365,5.0,10452.200665283202,9188.631635689258,23096.301845433445,24056.301845433445,2645.534041948837
CICIoT2023,SNN_Dense,0,6,0.7548814130996364,0.9062655786537093,0.9318198193095001,15778.700827026365,10.0,10452.200665283202,9188.631635689258,37003.972055177626,38923.972055177626,2645.534041948837
CICIoT2023,SNN_Dense,0,6,0.7548814130996364,0.9062655786537093,0.9318198193095001,15778.700827026365,20.0,10452.200665283202,9188.631635689258,64819.312474665996,68659.31247466599,2645.534041948837
CICIoT2023,Dense_SNN,0,6,0.6429459588713534,0.9116621894701045,0.9397942447820753,24463.199999999997,2.5,10462.371014595032,8808.336152554113,15907.101425078461,16387.10142507846,2703.506109009739
CICIoT2023,Dense_SNN,0,6,0.6429459588713534,0.9116621894701045,0.9397942447820753,24463.199999999997,5.0,10462.371014595032,8808.336152554113,23005.866697602807,23965.866697602807,2703.506109009739
CICIoT2023,Dense_SNN,0,6,0.6429459588713534,0.9116621894701045,0.9397942447820753,24463.199999999997,10.0,10462.371014595032,8808.336152554113,37203.3972426515,39123.3972426515,2703.506109009739
CICIoT2023,Dense_SNN,0,6,0.6429459588713534,0.9116621894701045,0.9397942447820753,24463.199999999997,20.0,10462.371014595032,8808.336152554113,65598.4583327489,69438.4583327489,2703.506109009739
CICIoT2023,Dense_AE,0,6,0.7635300042614187,0.9189143506022055,0.9404982202592194,15032.8,2.5,14425.599999999999,10277.147863354814,16347.554310830257,16347.554310830257,2234.1625789901773
CICIoT2023,Dense_AE,0,6,0.7635300042614187,0.9189143506022055,0.9404982202592194,15032.8,5.0,14425.599999999999,10277.147863354814,22417.9607583057,22417.9607583057,2234.1625789901773
CICIoT2023,Dense_AE,0,6,0.7635300042614187,0.9189143506022055,0.9404982202592194,15032.8,10.0,14425.599999999999,10277.147863354814,34558.77365325659,34558.77365325659,2234.1625789901773
CICIoT2023,Dense_AE,0,6,0.7635300042614187,0.9189143506022055,0.9404982202592194,15032.8,20.0,14425.599999999999,10277.147863354814,58840.399443158356,58840.399443158356,2234.1625789901773
CICIoT2023,SNN_AE_T2,0,6,0.6969341427332552,0.8774894485129736,0.9138893010003084,11863.068762207029,2.5,6937.820841026306,6937.820841026306,15505.656510543824,16145.656510543824,3353.134267807007
CICIoT2023,SNN_AE_T2,0,6,0.6969341427332552,0.8774894485129736,0.9138893010003084,11863.068762207029,5.0,6937.820841026306,6937.820841026306,24073.49218006134,25353.49218006134,3353.134267807007
CICIoT2023,SNN_AE_T2,0,6,0.6969341427332552,0.8774894485129736,0.9138893010003084,11863.068762207029,10.0,6937.820841026306,6937.820841026306,41209.16351909637,43769.16351909637,3353.134267807007
CICIoT2023,SNN_AE_T2,0,6,0.6969341427332552,0.8774894485129736,0.9138893010003084,11863.068762207029,20.0,6937.820841026306,6937.820841026306,75480.50619716644,80600.50619716644,3353.134267807007
CICIoT2023,SNN_AE_T5,0,6,0.749463955275757,0.9043269657540153,0.9311583548050929,11495.024000549314,2.5,7080.556042861938,7080.556042861938,16021.545050811768,17621.54505081177,3490.3956031799316
CICIoT2023,SNN_AE_T5,0,6,0.749463955275757,0.9043269657540153,0.9311583548050929,11495.024000549314,5.0,7080.556042861938,7080.556042861938,24962.534058761597,28162.534058761597,3490.3956031799316
CICIoT2023,SNN_AE_T5,0,6,0.749463955275757,0.9043269657540153,0.9311583548050929,11495.024000549314,10.0,7080.556042861938,7080.556042861938,42844.51207466125,49244.51207466125,3490.3956031799316
CICIoT2023,SNN_AE_T5,0,6,0.749463955275757,0.9043269657540153,0.9311583548050929,11495.024000549314,20.0,7080.556042861938,7080.556042861938,78608.46810646057,91408.46810646057,3490.3956031799316
CICIoT2023,SNN_AE_T7,0,6,0.7212540064102564,0.884263279807353,0.9241779586835626,11518.07674407959,2.5,7607.576091766357,7607.576091766357,17996.954124450684,20236.954124450684,4061.7512130737305
CICIoT2023,SNN_AE_T7,0,6,0.7212540064102564,0.884263279807353,0.9241779586835626,11518.07674407959,5.0,7607.576091766357,7607.576091766357,28386.33215713501,32866.33215713501,4061.7512130737305
CICIoT2023,SNN_AE_T7,0,6,0.7212540064102564,0.884263279807353,0.9241779586835626,11518.07674407959,10.0,7607.576091766357,7607.576091766357,49165.08822250366,58125.08822250366,4061.7512130737305
CICIoT2023,SNN_AE_T7,0,6,0.7212540064102564,0.884263279807353,0.9241779586835626,11518.07674407959,20.0,7607.576091766357,7607.576091766357,90722.60035324097,108642.60035324097,4061.7512130737305
CICIoT2023,SNN_AE_noBN,0,6,0.6390533802532399,0.8944909657858215,0.9256510657854043,10497.888034057616,2.5,6239.635188102721,6239.635188102721,12860.288488388062,13820.288488388062,2570.2613201141357
CICIoT2023,SNN_AE_noBN,0,6,0.6390533802532399,0.8944909657858215,0.9256510657854043,10497.888034057616,5.0,6239.635188102721,6239.635188102721,19480.9417886734,21400.9417886734,2570.2613201141357
CICIoT2023,SNN_AE_noBN,0,6,0.6390533802532399,0.8944909657858215,0.9256510657854043,10497.888034057616,10.0,6239.635188102721,6239.635188102721,32722.24838924408,36562.24838924408,2570.2613201141357
CICIoT2023,SNN_AE_noBN,0,6,0.6390533802532399,0.8944909657858215,0.9256510657854043,10497.888034057616,20.0,6239.635188102721,6239.635188102721,59204.86159038544,66884.86159038544,2570.2613201141357
CICIoT2023,IF,0,6,0.15263706362531118,0.8491257916199515,0.8836008668504338,,2.5,1800.0,1800.0,11882.5,11882.5,4000.0
CICIoT2023,IF,0,6,0.15263706362531118,0.8491257916199515,0.8836008668504338,,5.0,1800.0,1800.0,21965.0,21965.0,4000.0
CICIoT2023,IF,0,6,0.15263706362531118,0.8491257916199515,0.8836008668504338,,10.0,1800.0,1800.0,42130.0,42130.0,4000.0
CICIoT2023,IF,0,6,0.15263706362531118,0.8491257916199515,0.8836008668504338,,20.0,1800.0,1800.0,82460.0,82460.0,4000.0
CICIoT2023,OCSVM,0,6,0.4154601379481762,0.8009805235404828,0.851658491846984,,2.5,33156.799999999996,33156.799999999996,51259.299999999996,51259.299999999996,7208.0
CICIoT2023,OCSVM,0,6,0.4154601379481762,0.8009805235404828,0.851658491846984,,5.0,33156.799999999996,33156.799999999996,69361.79999999999,69361.79999999999,7208.0
CICIoT2023,OCSVM,0,6,0.4154601379481762,0.8009805235404828,0.851658491846984,,10.0,33156.799999999996,33156.799999999996,105566.79999999999,105566.79999999999,7208.0
CICIoT2023,OCSVM,0,6,0.4154601379481762,0.8009805235404828,0.851658491846984,,20.0,33156.799999999996,33156.799999999996,177976.8,177976.8,7208.0
CICIoT2023,LOF,0,6,0.19486918110771323,0.827991512300088,0.8394823577164706,,2.5,3035999.9999999995,3035999.9999999995,4686082.5,4686082.5,660000.0
CICIoT2023,LOF,0,6,0.19486918110771323,0.827991512300088,0.8394823577164706,,5.0,3035999.9999999995,3035999.9999999995,6336165.0,6336165.0,660000.0
CICIoT2023,LOF,0,6,0.19486918110771323,0.827991512300088,0.8394823577164706,,10.0,3035999.9999999995,3035999.9999999995,9636330.0,9636330.0,660000.0
CICIoT2023,LOF,0,6,0.19486918110771323,0.827991512300088,0.8394823577164706,,20.0,3035999.9999999995,3035999.9999999995,16236660.0,16236660.0,660000.0
CICIoT2023,SNN_AE,0,7,0.7005596476719811,0.8765894330194061,0.8934269232638898,11184.057513427733,2.5,6452.367747688293,6452.367747688293,13663.94482460022,14623.94482460022,2806.6308307647705
CICIoT2023,SNN_AE,0,7,0.7005596476719811,0.8765894330194061,0.8934269232638898,11184.057513427733,5.0,6452.367747688293,6452.367747688293,20875.521901512147,22795.521901512147,2806.6308307647705
CICIoT2023,SNN_AE,0,7,0.7005596476719811,0.8765894330194061,0.8934269232638898,11184.057513427733,10.0,6452.367747688293,6452.367747688293,35298.676055336,39138.676055336,2806.6308307647705
CICIoT2023,SNN_AE,0,7,0.7005596476719811,0.8765894330194061,0.8934269232638898,11184.057513427733,20.0,6452.367747688293,6452.367747688293,64144.984362983705,71824.9843629837,2806.6308307647705
CICIoT2023,LSTM_AE,0,7,0.7936719667057944,0.890407234182451,0.9085899785725496,331200.0,2.5,331200.0,331200.0,513367.5,513367.5,72801.0
CICIoT2023,LSTM_AE,0,7,0.7936719667057944,0.890407234182451,0.9085899785725496,331200.0,5.0,331200.0,331200.0,695535.0,695535.0,72801.0
CICIoT2023,LSTM_AE,0,7,0.7936719667057944,0.890407234182451,0.9085899785725496,331200.0,10.0,331200.0,331200.0,1059870.0,1059870.0,72801.0
CICIoT2023,LSTM_AE,0,7,0.7936719667057944,0.890407234182451,0.9085899785725496,331200.0,20.0,331200.0,331200.0,1788540.0,1788540.0,72801.0
CICIoT2023,CNN_AE,0,7,0.8036613433743971,0.8940457387690317,0.9128165622712047,351955.19999999995,2.5,351955.19999999995,351955.19999999995,385922.69999999995,385922.69999999995,13521.0
CICIoT2023,CNN_AE,0,7,0.8036613433743971,0.8940457387690317,0.9128165622712047,351955.19999999995,5.0,351955.19999999995,351955.19999999995,419890.19999999995,419890.19999999995,13521.0
CICIoT2023,CNN_AE,0,7,0.8036613433743971,0.8940457387690317,0.9128165622712047,351955.19999999995,10.0,351955.19999999995,351955.19999999995,487825.19999999995,487825.19999999995,13521.0
CICIoT2023,CNN_AE,0,7,0.8036613433743971,0.8940457387690317,0.9128165622712047,351955.19999999995,20.0,351955.19999999995,351955.19999999995,623695.2,623695.2,13521.0
CICIoT2023,SNN_Dense,0,7,0.7806226774061628,0.8993177827219168,0.9238337645548164,15995.622442626951,2.5,10643.252307128905,8687.019068948011,15795.105239497627,16275.105239497627,2707.2344682198463
CICIoT2023,SNN_Dense,0,7,0.7806226774061628,0.8993177827219168,0.9238337645548164,15995.622442626951,5.0,10643.252307128905,8687.019068948011,22903.191410047242,23863.191410047242,2707.2344682198463
CICIoT2023,SNN_Dense,0,7,0.7806226774061628,0.8993177827219168,0.9238337645548164,15995.622442626951,10.0,10643.252307128905,8687.019068948011,37119.36375114648,39039.36375114648,2707.2344682198463
CICIoT2023,SNN_Dense,0,7,0.7806226774061628,0.8993177827219168,0.9238337645548164,15995.622442626951,20.0,10643.252307128905,8687.019068948011,65551.70843334493,69391.70843334493,2707.2344682198463
CICIoT2023,Dense_SNN,0,7,0.696148938638209,0.8851054238630647,0.8974771357904332,24463.199999999997,2.5,10454.198427581787,8941.59855740621,16094.529042743288,16574.52904274329,2725.1721941348314
CICIoT2023,Dense_SNN,0,7,0.696148938638209,0.8851054238630647,0.8974771357904332,24463.199999999997,5.0,10454.198427581787,8941.59855740621,23247.45952808037,24207.45952808037,2725.1721941348314
CICIoT2023,Dense_SNN,0,7,0.696148938638209,0.8851054238630647,0.8974771357904332,24463.199999999997,10.0,10454.198427581787,8941.59855740621,37553.320498754525,39473.320498754525,2725.1721941348314
CICIoT2023,Dense_SNN,0,7,0.696148938638209,0.8851054238630647,0.8974771357904332,24463.199999999997,20.0,10454.198427581787,8941.59855740621,66165.04244010284,70005.04244010284,2725.1721941348314
CICIoT2023,Dense_AE,0,7,0.8043851538766346,0.8794490872253136,0.9050807849877659,15032.8,2.5,14425.599999999999,10168.70017283854,16180.167658076876,16180.167658076876,2210.586994095335
CICIoT2023,Dense_AE,0,7,0.8043851538766346,0.8794490872253136,0.9050807849877659,15032.8,5.0,14425.599999999999,10168.70017283854,22191.635143315216,22191.635143315216,2210.586994095335
CICIoT2023,Dense_AE,0,7,0.8043851538766346,0.8794490872253136,0.9050807849877659,15032.8,10.0,14425.599999999999,10168.70017283854,34214.57011379189,34214.57011379189,2210.586994095335
CICIoT2023,Dense_AE,0,7,0.8043851538766346,0.8794490872253136,0.9050807849877659,15032.8,20.0,14425.599999999999,10168.70017283854,58260.44005474524,58260.44005474524,2210.586994095335
CICIoT2023,SNN_AE_T2,0,7,0.7639541253917932,0.8715677608708617,0.9041904657654022,11551.395202636719,2.5,6620.285606765748,6620.285606765748,14306.078958892824,14946.078958892824,3000.31734085083
CICIoT2023,SNN_AE_T2,0,7,0.7639541253917932,0.8715677608708617,0.9041904657654022,11551.395202636719,5.0,6620.285606765748,6620.285606765748,21991.8723110199,23271.8723110199,3000.31734085083
CICIoT2023,SNN_AE_T2,0,7,0.7639541253917932,0.8715677608708617,0.9041904657654022,11551.395202636719,10.0,6620.285606765748,6620.285606765748,37363.45901527405,39923.45901527405,3000.31734085083
CICIoT2023,SNN_AE_T2,0,7,0.7639541253917932,0.8715677608708617,0.9041904657654022,11551.395202636719,20.0,6620.285606765748,6620.285606765748,68106.63242378234,73226.63242378234,3000.31734085083
CICIoT2023,SNN_AE_T5,0,7,0.7411642218379906,0.880858428344901,0.9057623986692445,11779.48166503906,2.5,7534.425798416138,7534.425798416138,17736.164127349854,19336.164127349854,3994.6953315734863
CICIoT2023,SNN_AE_T5,0,7,0.7411642218379906,0.880858428344901,0.9057623986692445,11779.48166503906,5.0,7534.425798416138,7534.425798416138,27937.90245628357,31137.90245628357,3994.6953315734863
CICIoT2023,SNN_AE_T5,0,7,0.7411642218379906,0.880858428344901,0.9057623986692445,11779.48166503906,10.0,7534.425798416138,7534.425798416138,48341.379114151,54741.379114151,3994.6953315734863
CICIoT2023,SNN_AE_T5,0,7,0.7411642218379906,0.880858428344901,0.9057623986692445,11779.48166503906,20.0,7534.425798416138,7534.425798416138,89148.33242988586,101948.33242988586,3994.6953315734863
CICIoT2023,SNN_AE_T7,0,7,0.7151286377458129,0.8897369793554168,0.9095430825473088,11646.207954406738,2.5,7750.688585281372,7750.688585281372,18537.601322174072,20777.601322174072,4220.76509475708
CICIoT2023,SNN_AE_T7,0,7,0.7151286377458129,0.8897369793554168,0.9095430825473088,11646.207954406738,5.0,7750.688585281372,7750.688585281372,29324.514059066772,33804.51405906677,4220.76509475708
CICIoT2023,SNN_AE_T7,0,7,0.7151286377458129,0.8897369793554168,0.9095430825473088,11646.207954406738,10.0,7750.688585281372,7750.688585281372,50898.33953285217,59858.33953285217,4220.76509475708
CICIoT2023,SNN_AE_T7,0,7,0.7151286377458129,0.8897369793554168,0.9095430825473088,11646.207954406738,20.0,7750.688585281372,7750.688585281372,94045.99048042297,111965.99048042297,4220.76509475708
CICIoT2023,SNN_AE_noBN,0,7,0.7572394484752555,0.8874164379263364,0.9030520911550048,10628.81282043457,2.5,6451.071304321288,6451.071304321288,13659.047149658203,14619.047149658203,2805.1903381347656
CICIoT2023,SNN_AE_noBN,0,7,0.7572394484752555,0.8874164379263364,0.9030520911550048,10628.81282043457,5.0,6451.071304321288,6451.071304321288,20867.022994995117,22787.022994995117,2805.1903381347656
CICIoT2023,SNN_AE_noBN,0,7,0.7572394484752555,0.8874164379263364,0.9030520911550048,10628.81282043457,10.0,6451.071304321288,6451.071304321288,35282.974685668945,39122.974685668945,2805.1903381347656
CICIoT2023,SNN_AE_noBN,0,7,0.7572394484752555,0.8874164379263364,0.9030520911550048,10628.81282043457,20.0,6451.071304321288,6451.071304321288,64114.8780670166,71794.8780670166,2805.1903381347656
CICIoT2023,IF,0,7,0.6625225349476401,0.8348748923885236,0.8369313066568762,,2.5,1800.0,1800.0,11882.5,11882.5,4000.0
CICIoT2023,IF,0,7,0.6625225349476401,0.8348748923885236,0.8369313066568762,,5.0,1800.0,1800.0,21965.0,21965.0,4000.0
CICIoT2023,IF,0,7,0.6625225349476401,0.8348748923885236,0.8369313066568762,,10.0,1800.0,1800.0,42130.0,42130.0,4000.0
CICIoT2023,IF,0,7,0.6625225349476401,0.8348748923885236,0.8369313066568762,,20.0,1800.0,1800.0,82460.0,82460.0,4000.0
CICIoT2023,OCSVM,0,7,0.5358302914881236,0.7291694628371508,0.7677994210356832,,2.5,32844.0,32844.0,50776.5,50776.5,7140.0
CICIoT2023,OCSVM,0,7,0.5358302914881236,0.7291694628371508,0.7677994210356832,,5.0,32844.0,32844.0,68709.0,68709.0,7140.0
CICIoT2023,OCSVM,0,7,0.5358302914881236,0.7291694628371508,0.7677994210356832,,10.0,32844.0,32844.0,104574.0,104574.0,7140.0
CICIoT2023,OCSVM,0,7,0.5358302914881236,0.7291694628371508,0.7677994210356832,,20.0,32844.0,32844.0,176304.0,176304.0,7140.0
CICIoT2023,LOF,0,7,0.18421124120507457,0.7586381172311396,0.716892229641255,,2.5,3035999.9999999995,3035999.9999999995,4686082.5,4686082.5,660000.0
CICIoT2023,LOF,0,7,0.18421124120507457,0.7586381172311396,0.716892229641255,,5.0,3035999.9999999995,3035999.9999999995,6336165.0,6336165.0,660000.0
CICIoT2023,LOF,0,7,0.18421124120507457,0.7586381172311396,0.716892229641255,,10.0,3035999.9999999995,3035999.9999999995,9636330.0,9636330.0,660000.0
CICIoT2023,LOF,0,7,0.18421124120507457,0.7586381172311396,0.716892229641255,,20.0,3035999.9999999995,3035999.9999999995,16236660.0,16236660.0,660000.0
CICIoT2023,SNN_AE,0,8,0.7058751951976313,0.9183378053919888,0.9411501836515225,11303.721697998046,2.5,6516.515515136718,6516.515515136718,13906.280834960937,14866.280834960937,2877.9061279296875
CICIoT2023,SNN_AE,0,8,0.7058751951976313,0.9183378053919888,0.9411501836515225,11303.721697998046,5.0,6516.515515136718,6516.515515136718,21296.046154785156,23216.046154785156,2877.9061279296875
CICIoT2023,SNN_AE,0,8,0.7058751951976313,0.9183378053919888,0.9411501836515225,11303.721697998046,10.0,6516.515515136718,6516.515515136718,36075.5767944336,39915.5767944336,2877.9061279296875
CICIoT2023,SNN_AE,0,8,0.7058751951976313,0.9183378053919888,0.9411501836515225,11303.721697998046,20.0,6516.515515136718,6516.515515136718,65634.63807373047,73314.63807373047,2877.9061279296875
CICIoT2023,LSTM_AE,0,8,0.8226383840242949,0.90424254908689,0.9266464645268686,331200.0,2.5,331200.0,331200.0,513367.5,513367.5,72801.0
CICIoT2023,LSTM_AE,0,8,0.8226383840242949,0.90424254908689,0.9266464645268686,331200.0,5.0,331200.0,331200.0,695535.0,695535.0,72801.0
CICIoT2023,LSTM_AE,0,8,0.8226383840242949,0.90424254908689,0.9266464645268686,331200.0,10.0,331200.0,331200.0,1059870.0,1059870.0,72801.0
CICIoT2023,LSTM_AE,0,8,0.8226383840242949,0.90424254908689,0.9266464645268686,331200.0,20.0,331200.0,331200.0,1788540.0,1788540.0,72801.0
CICIoT2023,CNN_AE,0,8,0.7876488986490983,0.9144903681983134,0.9377624321603423,351955.19999999995,2.5,351955.19999999995,351955.19999999995,385922.69999999995,385922.69999999995,13521.0
CICIoT2023,CNN_AE,0,8,0.7876488986490983,0.9144903681983134,0.9377624321603423,351955.19999999995,5.0,351955.19999999995,351955.19999999995,419890.19999999995,419890.19999999995,13521.0
CICIoT2023,CNN_AE,0,8,0.7876488986490983,0.9144903681983134,0.9377624321603423,351955.19999999995,10.0,351955.19999999995,351955.19999999995,487825.19999999995,487825.19999999995,13521.0
CICIoT2023,CNN_AE,0,8,0.7876488986490983,0.9144903681983134,0.9377624321603423,351955.19999999995,20.0,351955.19999999995,351955.19999999995,623695.2,623695.2,13521.0
CICIoT2023,SNN_Dense,0,8,0.7488972966615044,0.9089804825595584,0.9348381872535381,15606.793603515624,2.5,10295.570837402343,8193.747970919205,14256.927483126907,14736.927483126907,2289.271804883081
CICIoT2023,SNN_Dense,0,8,0.7488972966615044,0.9089804825595584,0.9348381872535381,15606.793603515624,5.0,10295.570837402343,8193.747970919205,20320.10699533461,21280.10699533461,2289.271804883081
CICIoT2023,SNN_Dense,0,8,0.7488972966615044,0.9089804825595584,0.9348381872535381,15606.793603515624,10.0,10295.570837402343,8193.747970919205,32446.466019750016,34366.46601975002,2289.271804883081
CICIoT2023,SNN_Dense,0,8,0.7488972966615044,0.9089804825595584,0.9348381872535381,15606.793603515624,20.0,10295.570837402343,8193.747970919205,56699.18406858083,60539.18406858083,2289.271804883081
CICIoT2023,Dense_SNN,0,8,0.7614147160762308,0.9301075897283453,0.9515783296972866,24463.199999999997,2.5,10286.328406715393,8495.0907667229,15030.282067989545,15510.282067989545,2478.076520506658
CICIoT2023,Dense_SNN,0,8,0.7614147160762308,0.9301075897283453,0.9515783296972866,24463.199999999997,5.0,10286.328406715393,8495.0907667229,21565.473369256193,22525.473369256193,2478.076520506658
CICIoT2023,Dense_SNN,0,8,0.7614147160762308,0.9301075897283453,0.9515783296972866,24463.199999999997,10.0,10286.328406715393,8495.0907667229,34635.85597178948,36555.85597178948,2478.076520506658
CICIoT2023,Dense_SNN,0,8,0.7614147160762308,0.9301075897283453,0.9515783296972866,24463.199999999997,20.0,10286.328406715393,8495.0907667229,60776.62117685606,64616.62117685606,2478.076520506658
CICIoT2023,Dense_AE,0,8,0.7950294162015387,0.8918036046087026,0.9258792301932123,15032.8,2.5,14425.599999999999,9646.337787023711,15373.912671275728,15373.912671275728,2097.029953700807
CICIoT2023,Dense_AE,0,8,0.7950294162015387,0.8918036046087026,0.9258792301932123,15032.8,5.0,14425.599999999999,9646.337787023711,21101.487555527747,21101.487555527747,2097.029953700807
CICIoT2023,Dense_AE,0,8,0.7950294162015387,0.8918036046087026,0.9258792301932123,15032.8,10.0,14425.599999999999,9646.337787023711,32556.637324031777,32556.637324031777,2097.029953700807
CICIoT2023,Dense_AE,0,8,0.7950294162015387,0.8918036046087026,0.9258792301932123,15032.8,20.0,14425.599999999999,9646.337787023711,55466.936861039845,55466.936861039845,2097.029953700807
CICIoT2023,SNN_AE_T2,0,8,0.7336128498877997,0.8974722343228085,0.9261927901616662,11792.105651855469,2.5,6881.244663810729,6881.244663810729,15291.9242855072,15931.9242855072,3290.271848678589
CICIoT2023,SNN_AE_T2,0,8,0.7336128498877997,0.8974722343228085,0.9261927901616662,11792.105651855469,5.0,6881.244663810729,6881.244663810729,23702.603907203673,24982.603907203673,3290.271848678589
CICIoT2023,SNN_AE_T2,0,8,0.7336128498877997,0.8974722343228085,0.9261927901616662,11792.105651855469,10.0,6881.244663810729,6881.244663810729,40523.96315059662,43083.96315059662,3290.271848678589
CICIoT2023,SNN_AE_T2,0,8,0.7336128498877997,0.8974722343228085,0.9261927901616662,11792.105651855469,20.0,6881.244663810729,6881.244663810729,74166.68163738251,79286.68163738251,3290.271848678589
CICIoT2023,SNN_AE_T5,0,8,0.737686593002206,0.9131098796445303,0.9369863357318603,11950.380865478513,2.5,7588.03161239624,7588.03161239624,17938.674980163574,19538.674980163574,4054.2573471069336
CICIoT2023,SNN_AE_T5,0,8,0.737686593002206,0.9131098796445303,0.9369863357318603,11950.380865478513,5.0,7588.03161239624,7588.03161239624,28289.31834793091,31489.31834793091,4054.2573471069336
CICIoT2023,SNN_AE_T5,0,8,0.737686593002206,0.9131098796445303,0.9369863357318603,11950.380865478513,10.0,7588.03161239624,7588.03161239624,48990.605083465576,55390.605083465576,4054.2573471069336
CICIoT2023,SNN_AE_T5,0,8,0.737686593002206,0.9131098796445303,0.9369863357318603,11950.380865478513,20.0,7588.03161239624,7588.03161239624,90393.17855453491,103193.17855453491,4054.2573471069336
CICIoT2023,SNN_AE_T7,0,8,0.7684861107093615,0.8989554854190482,0.9309105999043024,11714.69440307617,2.5,7793.4552947998045,7793.4552947998045,18699.164447021485,20939.164447021485,4268.283660888672
CICIoT2023,SNN_AE_T7,0,8,0.7684861107093615,0.8989554854190482,0.9309105999043024,11714.69440307617,5.0,7793.4552947998045,7793.4552947998045,29604.873599243165,34084.87359924316,4268.283660888672
CICIoT2023,SNN_AE_T7,0,8,0.7684861107093615,0.8989554854190482,0.9309105999043024,11714.69440307617,10.0,7793.4552947998045,7793.4552947998045,51416.29190368652,60376.29190368652,4268.283660888672
CICIoT2023,SNN_AE_T7,0,8,0.7684861107093615,0.8989554854190482,0.9309105999043024,11714.69440307617,20.0,7793.4552947998045,7793.4552947998045,95039.12851257324,112959.12851257324,4268.283660888672
CICIoT2023,SNN_AE_noBN,0,8,0.7229692631747078,0.9063900459169849,0.9304920942738679,10646.5536529541,2.5,6388.783889579772,6388.783889579772,13423.739138412475,14383.739138412475,2735.982099533081
CICIoT2023,SNN_AE_noBN,0,8,0.7229692631747078,0.9063900459169849,0.9304920942738679,10646.5536529541,5.0,6388.783889579772,6388.783889579772,20458.694387245177,22378.694387245177,2735.982099533081
CICIoT2023,SNN_AE_noBN,0,8,0.7229692631747078,0.9063900459169849,0.9304920942738679,10646.5536529541,10.0,6388.783889579772,6388.783889579772,34528.60488491059,38368.60488491059,2735.982099533081
CICIoT2023,SNN_AE_noBN,0,8,0.7229692631747078,0.9063900459169849,0.9304920942738679,10646.5536529541,20.0,6388.783889579772,6388.783889579772,62668.4258802414,70348.4258802414,2735.982099533081
CICIoT2023,IF,0,8,0.19195809146255133,0.8826782193727227,0.908083807199602,,2.5,1800.0,1800.0,11882.5,11882.5,4000.0
CICIoT2023,IF,0,8,0.19195809146255133,0.8826782193727227,0.908083807199602,,5.0,1800.0,1800.0,21965.0,21965.0,4000.0
CICIoT2023,IF,0,8,0.19195809146255133,0.8826782193727227,0.908083807199602,,10.0,1800.0,1800.0,42130.0,42130.0,4000.0
CICIoT2023,IF,0,8,0.19195809146255133,0.8826782193727227,0.908083807199602,,20.0,1800.0,1800.0,82460.0,82460.0,4000.0
CICIoT2023,OCSVM,0,8,0.41389776953985097,0.8016506619642585,0.8425318794935244,,2.5,33000.399999999994,33000.399999999994,51017.899999999994,51017.899999999994,7174.0
CICIoT2023,OCSVM,0,8,0.41389776953985097,0.8016506619642585,0.8425318794935244,,5.0,33000.399999999994,33000.399999999994,69035.4,69035.4,7174.0
CICIoT2023,OCSVM,0,8,0.41389776953985097,0.8016506619642585,0.8425318794935244,,10.0,33000.399999999994,33000.399999999994,105070.4,105070.4,7174.0
CICIoT2023,OCSVM,0,8,0.41389776953985097,0.8016506619642585,0.8425318794935244,,20.0,33000.399999999994,33000.399999999994,177140.4,177140.4,7174.0
CICIoT2023,LOF,0,8,0.19777796624544144,0.8257595291964619,0.8349275501798258,,2.5,3035999.9999999995,3035999.9999999995,4686082.5,4686082.5,660000.0
CICIoT2023,LOF,0,8,0.19777796624544144,0.8257595291964619,0.8349275501798258,,5.0,3035999.9999999995,3035999.9999999995,6336165.0,6336165.0,660000.0
CICIoT2023,LOF,0,8,0.19777796624544144,0.8257595291964619,0.8349275501798258,,10.0,3035999.9999999995,3035999.9999999995,9636330.0,9636330.0,660000.0
CICIoT2023,LOF,0,8,0.19777796624544144,0.8257595291964619,0.8349275501798258,,20.0,3035999.9999999995,3035999.9999999995,16236660.0,16236660.0,660000.0
CICIoT2023,SNN_AE,0,9,0.7823771214356633,0.9076086926045335,0.9296523900142424,11210.640087890624,2.5,6337.1898147583,6337.1898147583,13228.828189086913,14188.828189086913,2678.6553497314453
CICIoT2023,SNN_AE,0,9,0.7823771214356633,0.9076086926045335,0.9296523900142424,11210.640087890624,5.0,6337.1898147583,6337.1898147583,20120.466563415524,22040.466563415524,2678.6553497314453
CICIoT2023,SNN_AE,0,9,0.7823771214356633,0.9076086926045335,0.9296523900142424,11210.640087890624,10.0,6337.1898147583,6337.1898147583,33903.74331207275,37743.74331207275,2678.6553497314453
CICIoT2023,SNN_AE,0,9,0.7823771214356633,0.9076086926045335,0.9296523900142424,11210.640087890624,20.0,6337.1898147583,6337.1898147583,61470.296809387204,69150.2968093872,2678.6553497314453
CICIoT2023,LSTM_AE,0,9,0.8359039818459029,0.9025074434203291,0.923864313156898,331200.0,2.5,331200.0,331200.0,513367.5,513367.5,72801.0
CICIoT2023,LSTM_AE,0,9,0.8359039818459029,0.9025074434203291,0.923864313156898,331200.0,5.0,331200.0,331200.0,695535.0,695535.0,72801.0
CICIoT2023,LSTM_AE,0,9,0.8359039818459029,0.9025074434203291,0.923864313156898,331200.0,10.0,331200.0,331200.0,1059870.0,1059870.0,72801.0
CICIoT2023,LSTM_AE,0,9,0.8359039818459029,0.9025074434203291,0.923864313156898,331200.0,20.0,331200.0,331200.0,1788540.0,1788540.0,72801.0
CICIoT2023,CNN_AE,0,9,0.8357230348007781,0.9097061639591733,0.9321169023896185,351955.19999999995,2.5,351955.19999999995,351955.19999999995,385922.69999999995,385922.69999999995,13521.0
CICIoT2023,CNN_AE,0,9,0.8357230348007781,0.9097061639591733,0.9321169023896185,351955.19999999995,5.0,351955.19999999995,351955.19999999995,419890.19999999995,419890.19999999995,13521.0
CICIoT2023,CNN_AE,0,9,0.8357230348007781,0.9097061639591733,0.9321169023896185,351955.19999999995,10.0,351955.19999999995,351955.19999999995,487825.19999999995,487825.19999999995,13521.0
CICIoT2023,CNN_AE,0,9,0.8357230348007781,0.9097061639591733,0.9321169023896185,351955.19999999995,20.0,351955.19999999995,351955.19999999995,623695.2,623695.2,13521.0
CICIoT2023,SNN_Dense,0,9,0.844721049913635,0.9150146801010701,0.9360997625074065,15913.600054931641,2.5,10583.616540527344,8554.60458250945,15457.482193747177,15937.482193747177,2625.151044495091
CICIoT2023,SNN_Dense,0,9,0.844721049913635,0.9150146801010701,0.9360997625074065,15913.600054931641,5.0,10583.616540527344,8554.60458250945,22360.359804984902,23320.359804984902,2625.151044495091
CICIoT2023,SNN_Dense,0,9,0.844721049913635,0.9150146801010701,0.9360997625074065,15913.600054931641,10.0,10583.616540527344,8554.60458250945,36166.11502746036,38086.11502746036,2625.151044495091
CICIoT2023,SNN_Dense,0,9,0.844721049913635,0.9150146801010701,0.9360997625074065,15913.600054931641,20.0,10583.616540527344,8554.60458250945,63777.625472411266,67617.62547241127,2625.151044495091
CICIoT2023,Dense_SNN,0,9,0.8861744897697882,0.9192032609805939,0.9422864033054206,24463.199999999997,2.5,10360.574667930603,8808.056967874292,15679.226981419035,16159.226981419035,2612.468005417897
CICIoT2023,Dense_SNN,0,9,0.8861744897697882,0.9192032609805939,0.9422864033054206,24463.199999999997,5.0,10360.574667930603,8808.056967874292,22550.396994963776,23510.396994963776,2612.468005417897
CICIoT2023,Dense_SNN,0,9,0.8861744897697882,0.9192032609805939,0.9422864033054206,24463.199999999997,10.0,10360.574667930603,8808.056967874292,36292.73702205326,38212.73702205326,2612.468005417897
CICIoT2023,Dense_SNN,0,9,0.8861744897697882,0.9192032609805939,0.9422864033054206,24463.199999999997,20.0,10360.574667930603,8808.056967874292,63777.41707623223,67617.41707623223,2612.468005417897
CICIoT2023,Dense_AE,0,9,0.8398402244721063,0.9178451915613548,0.9381423623404859,15032.8,2.5,14425.599999999999,10135.585870925357,16129.056452950008,16129.056452950008,2203.3882328098607
CICIoT2023,Dense_AE,0,9,0.8398402244721063,0.9178451915613548,0.9381423623404859,15032.8,5.0,14425.599999999999,10135.585870925357,22122.52703497466,22122.52703497466,2203.3882328098607
CICIoT2023,Dense_AE,0,9,0.8398402244721063,0.9178451915613548,0.9381423623404859,15032.8,10.0,14425.599999999999,10135.585870925357,34109.46819902396,34109.46819902396,2203.3882328098607
CICIoT2023,Dense_AE,0,9,0.8398402244721063,0.9178451915613548,0.9381423623404859,15032.8,20.0,14425.599999999999,10135.585870925357,58083.35052712257,58083.35052712257,2203.3882328098607
CICIoT2023,SNN_AE_T2,0,9,0.8153804050355774,0.9004357917606322,0.9277039568642107,11732.431982421873,2.5,6870.764604568481,6870.764604568481,15252.332950592041,15892.332950592041,3278.627338409424
CICIoT2023,SNN_AE_T2,0,9,0.8153804050355774,0.9004357917606322,0.9277039568642107,11732.431982421873,5.0,6870.764604568481,6870.764604568481,23633.9012966156,24913.9012966156,3278.627338409424
CICIoT2023,SNN_AE_T2,0,9,0.8153804050355774,0.9004357917606322,0.9277039568642107,11732.431982421873,10.0,6870.764604568481,6870.764604568481,40397.03798866272,42957.03798866272,3278.627338409424
CICIoT2023,SNN_AE_T2,0,9,0.8153804050355774,0.9004357917606322,0.9277039568642107,11732.431982421873,20.0,6870.764604568481,6870.764604568481,73923.31137275696,79043.31137275696,3278.627338409424
CICIoT2023,SNN_AE_T5,0,9,0.8315902078489271,0.909053146509251,0.9334106174144777,11858.249655151365,2.5,7514.3668575286865,7514.3668575286865,17660.385906219482,19260.385906219482,3972.4076194763184
CICIoT2023,SNN_AE_T5,0,9,0.8315902078489271,0.909053146509251,0.9334106174144777,11858.249655151365,5.0,7514.3668575286865,7514.3668575286865,27806.40495491028,31006.40495491028,3972.4076194763184
CICIoT2023,SNN_AE_T5,0,9,0.8315902078489271,0.909053146509251,0.9334106174144777,11858.249655151365,10.0,7514.3668575286865,7514.3668575286865,48098.44305229187,54498.44305229187,3972.4076194763184
CICIoT2023,SNN_AE_T5,0,9,0.8315902078489271,0.909053146509251,0.9334106174144777,11858.249655151365,20.0,7514.3668575286865,7514.3668575286865,88682.51924705505,101482.51924705505,3972.4076194763184
CICIoT2023,SNN_AE_T7,0,9,0.8411798172314475,0.9043695142292497,0.9320159994267483,11742.889633178711,2.5,7859.2927543640135,7859.2927543640135,18947.883738708497,21187.883738708497,4341.436393737793
CICIoT2023,SNN_AE_T7,0,9,0.8411798172314475,0.9043695142292497,0.9320159994267483,11742.889633178711,5.0,7859.2927543640135,7859.2927543640135,30036.47472305298,34516.474723052976,4341.436393737793
CICIoT2023,SNN_AE_T7,0,9,0.8411798172314475,0.9043695142292497,0.9320159994267483,11742.889633178711,10.0,7859.2927543640135,7859.2927543640135,52213.65669174194,61173.65669174194,4341.436393737793
CICIoT2023,SNN_AE_T7,0,9,0.8411798172314475,0.9043695142292497,0.9320159994267483,11742.889633178711,20.0,7859.2927543640135,7859.2927543640135,96568.02062911987,114488.02062911987,4341.436393737793
CICIoT2023,SNN_AE_noBN,0,9,0.8146446105930187,0.9163532439459858,0.9312008289234225,10601.62569580078,2.5,6306.566652488707,6306.566652488707,13113.140687179564,14073.140687179564,2644.629613876343
CICIoT2023,SNN_AE_noBN,0,9,0.8146446105930187,0.9163532439459858,0.9312008289234225,10601.62569580078,5.0,6306.566652488707,6306.566652488707,19919.71472187042,21839.71472187042,2644.629613876343
CICIoT2023,SNN_AE_noBN,0,9,0.8146446105930187,0.9163532439459858,0.9312008289234225,10601.62569580078,10.0,6306.566652488707,6306.566652488707,33532.86279125213,37372.86279125213,2644.629613876343
CICIoT2023,SNN_AE_noBN,0,9,0.8146446105930187,0.9163532439459858,0.9312008289234225,10601.62569580078,20.0,6306.566652488707,6306.566652488707,60759.15893001556,68439.15893001556,2644.629613876343
CICIoT2023,IF,0,9,0.11425941374449847,0.8070628111568425,0.7718903375881745,,2.5,1800.0,1800.0,11882.5,11882.5,4000.0
CICIoT2023,IF,0,9,0.11425941374449847,0.8070628111568425,0.7718903375881745,,5.0,1800.0,1800.0,21965.0,21965.0,4000.0
CICIoT2023,IF,0,9,0.11425941374449847,0.8070628111568425,0.7718903375881745,,10.0,1800.0,1800.0,42130.0,42130.0,4000.0
CICIoT2023,IF,0,9,0.11425941374449847,0.8070628111568425,0.7718903375881745,,20.0,1800.0,1800.0,82460.0,82460.0,4000.0
CICIoT2023,OCSVM,0,9,0.6453512743125419,0.8245964564345252,0.8612759855001724,,2.5,33313.2,33313.2,51500.7,51500.7,7242.0
CICIoT2023,OCSVM,0,9,0.6453512743125419,0.8245964564345252,0.8612759855001724,,5.0,33313.2,33313.2,69688.2,69688.2,7242.0
CICIoT2023,OCSVM,0,9,0.6453512743125419,0.8245964564345252,0.8612759855001724,,10.0,33313.2,33313.2,106063.2,106063.2,7242.0
CICIoT2023,OCSVM,0,9,0.6453512743125419,0.8245964564345252,0.8612759855001724,,20.0,33313.2,33313.2,178813.2,178813.2,7242.0
CICIoT2023,LOF,0,9,0.23073293925013183,0.7635818975635923,0.7683730885254232,,2.5,3035999.9999999995,3035999.9999999995,4686082.5,4686082.5,660000.0
CICIoT2023,LOF,0,9,0.23073293925013183,0.7635818975635923,0.7683730885254232,,5.0,3035999.9999999995,3035999.9999999995,6336165.0,6336165.0,660000.0
CICIoT2023,LOF,0,9,0.23073293925013183,0.7635818975635923,0.7683730885254232,,10.0,3035999.9999999995,3035999.9999999995,9636330.0,9636330.0,660000.0
CICIoT2023,LOF,0,9,0.23073293925013183,0.7635818975635923,0.7683730885254232,,20.0,3035999.9999999995,3035999.9999999995,16236660.0,16236660.0,660000.0
CICIoT2023,SNN_AE,1,0,0.6758337481333997,0.9043336340232198,0.9346637379124894,11250.614392089843,2.5,6600.8743206024155,6600.8743206024155,14224.96965560913,15184.96965560913,2971.6381340026855
CICIoT2023,SNN_AE,1,0,0.6758337481333997,0.9043336340232198,0.9346637379124894,11250.614392089843,5.0,6600.8743206024155,6600.8743206024155,21849.064990615843,23769.064990615843,2971.6381340026855
CICIoT2023,SNN_AE,1,0,0.6758337481333997,0.9043336340232198,0.9346637379124894,11250.614392089843,10.0,6600.8743206024155,6600.8743206024155,37097.25566062927,40937.25566062927,2971.6381340026855
CICIoT2023,SNN_AE,1,0,0.6758337481333997,0.9043336340232198,0.9346637379124894,11250.614392089843,20.0,6600.8743206024155,6600.8743206024155,67593.63700065613,75273.63700065613,2971.6381340026855
CICIoT2023,LSTM_AE,1,0,0.6468996976608498,0.9112741940673078,0.9374549131448019,331200.0,2.5,331200.0,331200.0,513367.5,513367.5,72801.0
CICIoT2023,LSTM_AE,1,0,0.6468996976608498,0.9112741940673078,0.9374549131448019,331200.0,5.0,331200.0,331200.0,695535.0,695535.0,72801.0
CICIoT2023,LSTM_AE,1,0,0.6468996976608498,0.9112741940673078,0.9374549131448019,331200.0,10.0,331200.0,331200.0,1059870.0,1059870.0,72801.0
CICIoT2023,LSTM_AE,1,0,0.6468996976608498,0.9112741940673078,0.9374549131448019,331200.0,20.0,331200.0,331200.0,1788540.0,1788540.0,72801.0
CICIoT2023,CNN_AE,1,0,0.6558586667791036,0.9221361780211352,0.9443370492643883,351955.19999999995,2.5,351955.19999999995,351955.19999999995,385922.69999999995,385922.69999999995,13521.0
CICIoT2023,CNN_AE,1,0,0.6558586667791036,0.9221361780211352,0.9443370492643883,351955.19999999995,5.0,351955.19999999995,351955.19999999995,419890.19999999995,419890.19999999995,13521.0
CICIoT2023,CNN_AE,1,0,0.6558586667791036,0.9221361780211352,0.9443370492643883,351955.19999999995,10.0,351955.19999999995,351955.19999999995,487825.19999999995,487825.19999999995,13521.0
CICIoT2023,CNN_AE,1,0,0.6558586667791036,0.9221361780211352,0.9443370492643883,351955.19999999995,20.0,351955.19999999995,351955.19999999995,623695.2,623695.2,13521.0
CICIoT2023,SNN_Dense,1,0,0.7694038677911662,0.9295610792540493,0.9512771778829012,15864.639978027342,2.5,10558.76524658203,8692.632228688019,15614.999630966238,16094.999630966238,2632.946960911288
CICIoT2023,SNN_Dense,1,0,0.7694038677911662,0.9295610792540493,0.9512771778829012,15864.639978027342,5.0,10558.76524658203,8692.632228688019,22537.36703324446,23497.36703324446,2632.946960911288
CICIoT2023,SNN_Dense,1,0,0.7694038677911662,0.9295610792540493,0.9512771778829012,15864.639978027342,10.0,10558.76524658203,8692.632228688019,36382.101837800896,38302.101837800896,2632.946960911288
CICIoT2023,SNN_Dense,1,0,0.7694038677911662,0.9295610792540493,0.9512771778829012,15864.639978027342,20.0,10558.76524658203,8692.632228688019,64071.571446913775,67911.57144691377,2632.946960911288
CICIoT2023,Dense_SNN,1,0,0.6253974070202287,0.9208078902347351,0.9449281301298655,24463.199999999997,2.5,10356.619939994813,8885.245054178631,15789.529067911464,16269.529067911464,2625.7136054931334
CICIoT2023,Dense_SNN,1,0,0.6253974070202287,0.9208078902347351,0.9449281301298655,24463.199999999997,5.0,10356.619939994813,8885.245054178631,22693.813081644297,23653.813081644297,2625.7136054931334
CICIoT2023,Dense_SNN,1,0,0.6253974070202287,0.9208078902347351,0.9449281301298655,24463.199999999997,10.0,10356.619939994813,8885.245054178631,36502.38110910996,38422.38110910996,2625.7136054931334
CICIoT2023,Dense_SNN,1,0,0.6253974070202287,0.9208078902347351,0.9449281301298655,24463.199999999997,20.0,10356.619939994813,8885.245054178631,64119.517164041295,67959.51716404129,2625.7136054931334
CICIoT2023,Dense_AE,1,0,0.8338716446780168,0.9025069769717788,0.9285178792678055,15032.8,2.5,14425.599999999999,10155.121768441468,16159.2096860727,16159.2096860727,2207.635167052493
CICIoT2023,Dense_AE,1,0,0.8338716446780168,0.9025069769717788,0.9285178792678055,15032.8,5.0,14425.599999999999,10155.121768441468,22163.297603703933,22163.297603703933,2207.635167052493
CICIoT2023,Dense_AE,1,0,0.8338716446780168,0.9025069769717788,0.9285178792678055,15032.8,10.0,14425.599999999999,10155.121768441468,34171.4734389664,34171.4734389664,2207.635167052493
CICIoT2023,Dense_AE,1,0,0.8338716446780168,0.9025069769717788,0.9285178792678055,15032.8,20.0,14425.599999999999,10155.121768441468,58187.82510949133,58187.82510949133,2207.635167052493
CICIoT2023,SNN_AE_T2,1,0,0.635288087814462,0.8896249682703664,0.9199764384684266,11736.031982421875,2.5,6761.184453010559,6761.184453010559,14838.363489151001,15478.363489151001,3156.8716144561768
CICIoT2023,SNN_AE_T2,1,0,0.635288087814462,0.8896249682703664,0.9199764384684266,11736.031982421875,5.0,6761.184453010559,6761.184453010559,22915.542525291443,24195.542525291443,3156.8716144561768
CICIoT2023,SNN_AE_T2,1,0,0.635288087814462,0.8896249682703664,0.9199764384684266,11736.031982421875,10.0,6761.184453010559,6761.184453010559,39069.90059757233,41629.90059757233,3156.8716144561768
CICIoT2023,SNN_AE_T2,1,0,0.635288087814462,0.8896249682703664,0.9199764384684266,11736.031982421875,20.0,6761.184453010559,6761.184453010559,71378.6167421341,76498.6167421341,3156.8716144561768
CICIoT2023,SNN_AE_T5,1,0,0.7725207266578925,0.91730195381144,0.9432228401501916,11772.742376708982,2.5,7637.8456394195555,7637.8456394195555,18126.861304473878,19726.861304473878,4109.6062660217285
CICIoT2023,SNN_AE_T5,1,0,0.7725207266578925,0.91730195381144,0.9432228401501916,11772.742376708982,5.0,7637.8456394195555,7637.8456394195555,28615.8769695282,31815.8769695282,4109.6062660217285
CICIoT2023,SNN_AE_T5,1,0,0.7725207266578925,0.91730195381144,0.9432228401501916,11772.742376708982,10.0,7637.8456394195555,7637.8456394195555,49593.90829963684,55993.90829963684,4109.6062660217285
CICIoT2023,SNN_AE_T5,1,0,0.7725207266578925,0.91730195381144,0.9432228401501916,11772.742376708982,20.0,7637.8456394195555,7637.8456394195555,91549.97095985412,104349.97095985412,4109.6062660217285
CICIoT2023,SNN_AE_T7,1,0,0.7745997619687488,0.8923380219180662,0.9299861079082306,11514.073683166502,2.5,7598.406764984131,7598.406764984131,17962.314445495605,20202.314445495605,4051.56307220459
CICIoT2023,SNN_AE_T7,1,0,0.7745997619687488,0.8923380219180662,0.9299861079082306,11514.073683166502,5.0,7598.406764984131,7598.406764984131,28326.22212600708,32806.22212600708,4051.56307220459
CICIoT2023,SNN_AE_T7,1,0,0.7745997619687488,0.8923380219180662,0.9299861079082306,11514.073683166502,10.0,7598.406764984131,7598.406764984131,49054.03748703003,58014.03748703003,4051.56307220459
CICIoT2023,SNN_AE_T7,1,0,0.7745997619687488,0.8923380219180662,0.9299861079082306,11514.073683166502,20.0,7598.406764984131,7598.406764984131,90509.66820907593,108429.66820907593,4051.56307220459
CICIoT2023,SNN_AE_noBN,1,0,0.6278772241036392,0.9222395755844215,0.9450280875157627,10659.83043823242,2.5,6516.077284240722,6516.077284240722,13904.625296020507,14864.625296020507,2877.419204711914
CICIoT2023,SNN_AE_noBN,1,0,0.6278772241036392,0.9222395755844215,0.9450280875157627,10659.83043823242,5.0,6516.077284240722,6516.077284240722,21293.173307800294,23213.173307800294,2877.419204711914
CICIoT2023,SNN_AE_noBN,1,0,0.6278772241036392,0.9222395755844215,0.9450280875157627,10659.83043823242,10.0,6516.077284240722,6516.077284240722,36070.269331359865,39910.269331359865,2877.419204711914
CICIoT2023,SNN_AE_noBN,1,0,0.6278772241036392,0.9222395755844215,0.9450280875157627,10659.83043823242,20.0,6516.077284240722,6516.077284240722,65624.461378479,73304.461378479,2877.419204711914
CICIoT2023,IF,1,0,0.4958205480901492,0.8803176331130761,0.9063785460605099,,2.5,1800.0,1800.0,11882.5,11882.5,4000.0
CICIoT2023,IF,1,0,0.4958205480901492,0.8803176331130761,0.9063785460605099,,5.0,1800.0,1800.0,21965.0,21965.0,4000.0
CICIoT2023,IF,1,0,0.4958205480901492,0.8803176331130761,0.9063785460605099,,10.0,1800.0,1800.0,42130.0,42130.0,4000.0
CICIoT2023,IF,1,0,0.4958205480901492,0.8803176331130761,0.9063785460605099,,20.0,1800.0,1800.0,82460.0,82460.0,4000.0
CICIoT2023,OCSVM,1,0,0.41326613154128555,0.8393896099288829,0.870176272368576,,2.5,32374.8,32374.8,50052.3,50052.3,7038.0
CICIoT2023,OCSVM,1,0,0.41326613154128555,0.8393896099288829,0.870176272368576,,5.0,32374.8,32374.8,67729.8,67729.8,7038.0
CICIoT2023,OCSVM,1,0,0.41326613154128555,0.8393896099288829,0.870176272368576,,10.0,32374.8,32374.8,103084.8,103084.8,7038.0
CICIoT2023,OCSVM,1,0,0.41326613154128555,0.8393896099288829,0.870176272368576,,20.0,32374.8,32374.8,173794.8,173794.8,7038.0
CICIoT2023,LOF,1,0,0.19389749837096637,0.8043353976709378,0.7893327191877921,,2.5,3035999.9999999995,3035999.9999999995,4686082.5,4686082.5,660000.0
CICIoT2023,LOF,1,0,0.19389749837096637,0.8043353976709378,0.7893327191877921,,5.0,3035999.9999999995,3035999.9999999995,6336165.0,6336165.0,660000.0
CICIoT2023,LOF,1,0,0.19389749837096637,0.8043353976709378,0.7893327191877921,,10.0,3035999.9999999995,3035999.9999999995,9636330.0,9636330.0,660000.0
CICIoT2023,LOF,1,0,0.19389749837096637,0.8043353976709378,0.7893327191877921,,20.0,3035999.9999999995,3035999.9999999995,16236660.0,16236660.0,660000.0
CICIoT2023,SNN_AE,1,1,0.8296115798661623,0.915924599258551,0.9401465263084517,11224.579266357421,2.5,6525.94879360199,6525.94879360199,13941.917664718629,14901.917664718629,2888.3875484466553
CICIoT2023,SNN_AE,1,1,0.8296115798661623,0.915924599258551,0.9401465263084517,11224.579266357421,5.0,6525.94879360199,6525.94879360199,21357.886535835267,23277.886535835267,2888.3875484466553
CICIoT2023,SNN_AE,1,1,0.8296115798661623,0.915924599258551,0.9401465263084517,11224.579266357421,10.0,6525.94879360199,6525.94879360199,36189.82427806854,40029.82427806854,2888.3875484466553
CICIoT2023,SNN_AE,1,1,0.8296115798661623,0.915924599258551,0.9401465263084517,11224.579266357421,20.0,6525.94879360199,6525.94879360199,65853.69976253509,73533.69976253509,2888.3875484466553
CICIoT2023,LSTM_AE,1,1,0.8469392344712814,0.8912423921360666,0.9263659538493942,331200.0,2.5,331200.0,331200.0,513367.5,513367.5,72801.0
CICIoT2023,LSTM_AE,1,1,0.8469392344712814,0.8912423921360666,0.9263659538493942,331200.0,5.0,331200.0,331200.0,695535.0,695535.0,72801.0
CICIoT2023,LSTM_AE,1,1,0.8469392344712814,0.8912423921360666,0.9263659538493942,331200.0,10.0,331200.0,331200.0,1059870.0,1059870.0,72801.0
CICIoT2023,LSTM_AE,1,1,0.8469392344712814,0.8912423921360666,0.9263659538493942,331200.0,20.0,331200.0,331200.0,1788540.0,1788540.0,72801.0
CICIoT2023,CNN_AE,1,1,0.8557264590814084,0.909426712589768,0.9390711890490329,351955.19999999995,2.5,351955.19999999995,351955.19999999995,385922.69999999995,385922.69999999995,13521.0
CICIoT2023,CNN_AE,1,1,0.8557264590814084,0.909426712589768,0.9390711890490329,351955.19999999995,5.0,351955.19999999995,351955.19999999995,419890.19999999995,419890.19999999995,13521.0
CICIoT2023,CNN_AE,1,1,0.8557264590814084,0.909426712589768,0.9390711890490329,351955.19999999995,10.0,351955.19999999995,351955.19999999995,487825.19999999995,487825.19999999995,13521.0
CICIoT2023,CNN_AE,1,1,0.8557264590814084,0.909426712589768,0.9390711890490329,351955.19999999995,20.0,351955.19999999995,351955.19999999995,623695.2,623695.2,13521.0
CICIoT2023,SNN_Dense,1,1,0.867126372326537,0.9235916610547268,0.9465745867302282,15926.27196044922,2.5,10616.042687988282,9146.492275049533,16443.497705666214,16923.497705666214,2782.802172246672
CICIoT2023,SNN_Dense,1,1,0.867126372326537,0.9235916610547268,0.9465745867302282,15926.27196044922,5.0,10616.042687988282,9146.492275049533,23740.503136282896,24700.503136282896,2782.802172246672
CICIoT2023,SNN_Dense,1,1,0.867126372326537,0.9235916610547268,0.9465745867302282,15926.27196044922,10.0,10616.042687988282,9146.492275049533,38334.51399751625,40254.51399751625,2782.802172246672
CICIoT2023,SNN_Dense,1,1,0.867126372326537,0.9235916610547268,0.9465745867302282,15926.27196044922,20.0,10616.042687988282,9146.492275049533,67522.53571998297,71362.53571998297,2782.802172246672
CICIoT2023,Dense_SNN,1,1,0.8311796657507912,0.9091371161784737,0.9388386689655964,24463.199999999997,2.5,10393.346306228637,9087.710718416585,16184.088121569295,16664.088121569293,2702.550961261084
CICIoT2023,Dense_SNN,1,1,0.8311796657507912,0.9091371161784737,0.9388386689655964,24463.199999999997,5.0,10393.346306228637,9087.710718416585,23280.465524722007,24240.465524722007,2702.550961261084
CICIoT2023,Dense_SNN,1,1,0.8311796657507912,0.9091371161784737,0.9388386689655964,24463.199999999997,10.0,10393.346306228637,9087.710718416585,37473.22033102743,39393.22033102743,2702.550961261084
CICIoT2023,Dense_SNN,1,1,0.8311796657507912,0.9091371161784737,0.9388386689655964,24463.199999999997,20.0,10393.346306228637,9087.710718416585,65858.72994363826,69698.72994363826,2702.550961261084
CICIoT2023,Dense_AE,1,1,0.8467323604903703,0.8894310284315866,0.9292014936078131,15032.8,2.5,14425.599999999999,10518.00022836764,16719.304700306577,16719.304700306577,2286.5217887755744
CICIoT2023,Dense_AE,1,1,0.8467323604903703,0.8894310284315866,0.9292014936078131,15032.8,5.0,14425.599999999999,10518.00022836764,22920.609172245513,22920.609172245513,2286.5217887755744
CICIoT2023,Dense_AE,1,1,0.8467323604903703,0.8894310284315866,0.9292014936078131,15032.8,10.0,14425.599999999999,10518.00022836764,35323.21811612339,35323.21811612339,2286.5217887755744
CICIoT2023,Dense_AE,1,1,0.8467323604903703,0.8894310284315866,0.9292014936078131,15032.8,20.0,14425.599999999999,10518.00022836764,60128.436003879135,60128.436003879135,2286.5217887755744
CICIoT2023,SNN_AE_T2,1,1,0.8390257859160974,0.8870061668339544,0.9232223021071571,11741.446374511717,2.5,6823.3143650054935,6823.3143650054935,15073.076490020752,15713.076490020752,3225.9048500061035
CICIoT2023,SNN_AE_T2,1,1,0.8390257859160974,0.8870061668339544,0.9232223021071571,11741.446374511717,5.0,6823.3143650054935,6823.3143650054935,23322.83861503601,24602.83861503601,3225.9048500061035
CICIoT2023,SNN_AE_T2,1,1,0.8390257859160974,0.8870061668339544,0.9232223021071571,11741.446374511717,10.0,6823.3143650054935,6823.3143650054935,39822.36286506653,42382.36286506653,3225.9048500061035
CICIoT2023,SNN_AE_T2,1,1,0.8390257859160974,0.8870061668339544,0.9232223021071571,11741.446374511717,20.0,6823.3143650054935,6823.3143650054935,72821.41136512757,77941.41136512757,3225.9048500061035
CICIoT2023,SNN_AE_T5,1,1,0.8246947954594132,0.9050785859990814,0.9305103039514044,11882.15370788574,2.5,7599.248540115356,7599.248540115356,17981.05004043579,19581.05004043579,4066.720600128174
CICIoT2023,SNN_AE_T5,1,1,0.8246947954594132,0.9050785859990814,0.9305103039514044,11882.15370788574,5.0,7599.248540115356,7599.248540115356,28362.851540756226,31562.851540756226,4066.720600128174
CICIoT2023,SNN_AE_T5,1,1,0.8246947954594132,0.9050785859990814,0.9305103039514044,11882.15370788574,10.0,7599.248540115356,7599.248540115356,49126.45454139709,55526.45454139709,4066.720600128174
CICIoT2023,SNN_AE_T5,1,1,0.8246947954594132,0.9050785859990814,0.9305103039514044,11882.15370788574,20.0,7599.248540115356,7599.248540115356,90653.66054267883,103453.66054267883,4066.720600128174
CICIoT2023,SNN_AE_T7,1,1,0.8374826544771855,0.8957601139392027,0.9263784552126709,11681.142404174803,2.5,7864.065692520141,7864.065692520141,18965.914838409422,21205.914838409422,4346.739658355713
CICIoT2023,SNN_AE_T7,1,1,0.8374826544771855,0.8957601139392027,0.9263784552126709,11681.142404174803,5.0,7864.065692520141,7864.065692520141,30067.763984298705,34547.763984298705,4346.739658355713
CICIoT2023,SNN_AE_T7,1,1,0.8374826544771855,0.8957601139392027,0.9263784552126709,11681.142404174803,10.0,7864.065692520141,7864.065692520141,52271.46227607727,61231.46227607727,4346.739658355713
CICIoT2023,SNN_AE_T7,1,1,0.8374826544771855,0.8957601139392027,0.9263784552126709,11681.142404174803,20.0,7864.065692520141,7864.065692520141,96678.8588596344,114598.8588596344,4346.739658355713
CICIoT2023,SNN_AE_noBN,1,1,0.7856521075822707,0.8944959902918026,0.9220835720057602,10652.716735839844,2.5,6460.801175880431,6460.801175880431,13695.804442214965,14655.804442214965,2816.0013065338135
CICIoT2023,SNN_AE_noBN,1,1,0.7856521075822707,0.8944959902918026,0.9220835720057602,10652.716735839844,5.0,6460.801175880431,6460.801175880431,20930.8077085495,22850.8077085495,2816.0013065338135
CICIoT2023,SNN_AE_noBN,1,1,0.7856521075822707,0.8944959902918026,0.9220835720057602,10652.716735839844,10.0,6460.801175880431,6460.801175880431,35400.81424121857,39240.81424121857,2816.0013065338135
CICIoT2023,SNN_AE_noBN,1,1,0.7856521075822707,0.8944959902918026,0.9220835720057602,10652.716735839844,20.0,6460.801175880431,6460.801175880431,64340.827306556705,72020.8273065567,2816.0013065338135
CICIoT2023,IF,1,1,0.1704246390212675,0.8305568054941351,0.8428668388621332,,2.5,1800.0,1800.0,11882.5,11882.5,4000.0
CICIoT2023,IF,1,1,0.1704246390212675,0.8305568054941351,0.8428668388621332,,5.0,1800.0,1800.0,21965.0,21965.0,4000.0
CICIoT2023,IF,1,1,0.1704246390212675,0.8305568054941351,0.8428668388621332,,10.0,1800.0,1800.0,42130.0,42130.0,4000.0
CICIoT2023,IF,1,1,0.1704246390212675,0.8305568054941351,0.8428668388621332,,20.0,1800.0,1800.0,82460.0,82460.0,4000.0
CICIoT2023,OCSVM,1,1,0.6378571504524526,0.7796772489199691,0.8361668549707548,,2.5,33156.799999999996,33156.799999999996,51259.299999999996,51259.299999999996,7208.0
CICIoT2023,OCSVM,1,1,0.6378571504524526,0.7796772489199691,0.8361668549707548,,5.0,33156.799999999996,33156.799999999996,69361.79999999999,69361.79999999999,7208.0
CICIoT2023,OCSVM,1,1,0.6378571504524526,0.7796772489199691,0.8361668549707548,,10.0,33156.799999999996,33156.799999999996,105566.79999999999,105566.79999999999,7208.0
CICIoT2023,OCSVM,1,1,0.6378571504524526,0.7796772489199691,0.8361668549707548,,20.0,33156.799999999996,33156.799999999996,177976.8,177976.8,7208.0
CICIoT2023,LOF,1,1,0.23396957123098203,0.818643688968241,0.8273362481813309,,2.5,3035999.9999999995,3035999.9999999995,4686082.5,4686082.5,660000.0
CICIoT2023,LOF,1,1,0.23396957123098203,0.818643688968241,0.8273362481813309,,5.0,3035999.9999999995,3035999.9999999995,6336165.0,6336165.0,660000.0
CICIoT2023,LOF,1,1,0.23396957123098203,0.818643688968241,0.8273362481813309,,10.0,3035999.9999999995,3035999.9999999995,9636330.0,9636330.0,660000.0
CICIoT2023,LOF,1,1,0.23396957123098203,0.818643688968241,0.8273362481813309,,20.0,3035999.9999999995,3035999.9999999995,16236660.0,16236660.0,660000.0
CICIoT2023,SNN_AE,1,2,0.809870148952192,0.8942754871072177,0.9243208176846033,11425.94885559082,2.5,6663.2728277206415,6663.2728277206415,14460.697349166869,15420.697349166869,3040.969808578491
CICIoT2023,SNN_AE,1,2,0.809870148952192,0.8942754871072177,0.9243208176846033,11425.94885559082,5.0,6663.2728277206415,6663.2728277206415,22258.121870613097,24178.121870613097,3040.969808578491
CICIoT2023,SNN_AE,1,2,0.809870148952192,0.8942754871072177,0.9243208176846033,11425.94885559082,10.0,6663.2728277206415,6663.2728277206415,37852.97091350555,41692.97091350555,3040.969808578491
CICIoT2023,SNN_AE,1,2,0.809870148952192,0.8942754871072177,0.9243208176846033,11425.94885559082,20.0,6663.2728277206415,6663.2728277206415,69042.66899929047,76722.66899929047,3040.969808578491
CICIoT2023,LSTM_AE,1,2,0.8076254254846825,0.9001983375201158,0.9199524371920579,331200.0,2.5,331200.0,331200.0,513367.5,513367.5,72801.0
CICIoT2023,LSTM_AE,1,2,0.8076254254846825,0.9001983375201158,0.9199524371920579,331200.0,5.0,331200.0,331200.0,695535.0,695535.0,72801.0
CICIoT2023,LSTM_AE,1,2,0.8076254254846825,0.9001983375201158,0.9199524371920579,331200.0,10.0,331200.0,331200.0,1059870.0,1059870.0,72801.0
CICIoT2023,LSTM_AE,1,2,0.8076254254846825,0.9001983375201158,0.9199524371920579,331200.0,20.0,331200.0,331200.0,1788540.0,1788540.0,72801.0
CICIoT2023,CNN_AE,1,2,0.7415631333157107,0.9201857015720161,0.9367168398050117,351955.19999999995,2.5,351955.19999999995,351955.19999999995,385922.69999999995,385922.69999999995,13521.0
CICIoT2023,CNN_AE,1,2,0.7415631333157107,0.9201857015720161,0.9367168398050117,351955.19999999995,5.0,351955.19999999995,351955.19999999995,419890.19999999995,419890.19999999995,13521.0
CICIoT2023,CNN_AE,1,2,0.7415631333157107,0.9201857015720161,0.9367168398050117,351955.19999999995,10.0,351955.19999999995,351955.19999999995,487825.19999999995,487825.19999999995,13521.0
CICIoT2023,CNN_AE,1,2,0.7415631333157107,0.9201857015720161,0.9367168398050117,351955.19999999995,20.0,351955.19999999995,351955.19999999995,623695.2,623695.2,13521.0
CICIoT2023,SNN_Dense,1,2,0.7035606603003015,0.917476509306034,0.9367384479727285,15831.635263061522,2.5,10511.135229492187,8753.031375397211,15601.804676712782,16081.804676712782,2603.5093205262283
CICIoT2023,SNN_Dense,1,2,0.7035606603003015,0.917476509306034,0.9367384479727285,15831.635263061522,5.0,10511.135229492187,8753.031375397211,22450.577978028352,23410.577978028352,2603.5093205262283
CICIoT2023,SNN_Dense,1,2,0.7035606603003015,0.917476509306034,0.9367384479727285,15831.635263061522,10.0,10511.135229492187,8753.031375397211,36148.124580659496,38068.124580659496,2603.5093205262283
CICIoT2023,SNN_Dense,1,2,0.7035606603003015,0.917476509306034,0.9367384479727285,15831.635263061522,20.0,10511.135229492187,8753.031375397211,63543.21778592178,67383.21778592178,2603.5093205262283
CICIoT2023,Dense_SNN,1,2,0.8224099745714052,0.9272801425402178,0.9455723328635199,24463.199999999997,2.5,10397.226088523865,8693.725469115743,15584.649049878102,16064.649049878102,2620.369432304944
CICIoT2023,Dense_SNN,1,2,0.8224099745714052,0.9272801425402178,0.9455723328635199,24463.199999999997,5.0,10397.226088523865,8693.725469115743,22475.57263064046,23435.57263064046,2620.369432304944
CICIoT2023,Dense_SNN,1,2,0.8224099745714052,0.9272801425402178,0.9455723328635199,24463.199999999997,10.0,10397.226088523865,8693.725469115743,36257.41979216518,38177.41979216518,2620.369432304944
CICIoT2023,Dense_SNN,1,2,0.8224099745714052,0.9272801425402178,0.9455723328635199,24463.199999999997,20.0,10397.226088523865,8693.725469115743,63821.11411521462,67661.11411521462,2620.369432304944
CICIoT2023,Dense_AE,1,2,0.8154424400599171,0.894324197767824,0.9274586612401308,15032.8,2.5,14425.599999999999,10017.194691234436,15946.322240818368,15946.322240818368,2177.651019833573
CICIoT2023,Dense_AE,1,2,0.8154424400599171,0.894324197767824,0.9274586612401308,15032.8,5.0,14425.599999999999,10017.194691234436,21875.4497904023,21875.4497904023,2177.651019833573
CICIoT2023,Dense_AE,1,2,0.8154424400599171,0.894324197767824,0.9274586612401308,15032.8,10.0,14425.599999999999,10017.194691234436,33733.70488957017,33733.70488957017,2177.651019833573
CICIoT2023,Dense_AE,1,2,0.8154424400599171,0.894324197767824,0.9274586612401308,15032.8,20.0,14425.599999999999,10017.194691234436,57450.2150879059,57450.2150879059,2177.651019833573
CICIoT2023,SNN_AE_T2,1,2,0.7787731832821234,0.8844477110930469,0.9097856870506621,11890.860766601561,2.5,7017.646958732605,7017.646958732605,15807.221844100952,16447.221844100954,3441.829954147339
CICIoT2023,SNN_AE_T2,1,2,0.7787731832821234,0.8844477110930469,0.9097856870506621,11890.860766601561,5.0,7017.646958732605,7017.646958732605,24596.7967294693,25876.7967294693,3441.829954147339
CICIoT2023,SNN_AE_T2,1,2,0.7787731832821234,0.8844477110930469,0.9097856870506621,11890.860766601561,10.0,7017.646958732605,7017.646958732605,42175.946500205995,44735.946500205995,3441.829954147339
CICIoT2023,SNN_AE_T2,1,2,0.7787731832821234,0.8844477110930469,0.9097856870506621,11890.860766601561,20.0,7017.646958732605,7017.646958732605,77334.24604167938,82454.24604167938,3441.829954147339
CICIoT2023,SNN_AE_T5,1,2,0.8079532639440942,0.9000501158781509,0.9291981508535837,12195.526358032224,2.5,7925.778622817993,7925.778622817993,19214.608130645753,20814.608130645753,4429.5318031311035
CICIoT2023,SNN_AE_T5,1,2,0.8079532639440942,0.9000501158781509,0.9291981508535837,12195.526358032224,5.0,7925.778622817993,7925.778622817993,30503.43763847351,33703.43763847351,4429.5318031311035
CICIoT2023,SNN_AE_T5,1,2,0.8079532639440942,0.9000501158781509,0.9291981508535837,12195.526358032224,10.0,7925.778622817993,7925.778622817993,53081.096654129025,59481.096654129025,4429.5318031311035
CICIoT2023,SNN_AE_T5,1,2,0.8079532639440942,0.9000501158781509,0.9291981508535837,12195.526358032224,20.0,7925.778622817993,7925.778622817993,98236.41468544006,111036.41468544006,4429.5318031311035
CICIoT2023,SNN_AE_T7,1,2,0.7589989319631671,0.9004792739892851,0.9283620880843596,11640.966253662107,2.5,7886.608223342896,7886.608223342896,19051.075510406496,21291.075510406496,4371.786914825439
CICIoT2023,SNN_AE_T7,1,2,0.7589989319631671,0.9004792739892851,0.9283620880843596,11640.966253662107,5.0,7886.608223342896,7886.608223342896,30215.542797470094,34695.542797470094,4371.786914825439
CICIoT2023,SNN_AE_T7,1,2,0.7589989319631671,0.9004792739892851,0.9283620880843596,11640.966253662107,10.0,7886.608223342896,7886.608223342896,52544.47737159729,61504.47737159729,4371.786914825439
CICIoT2023,SNN_AE_T7,1,2,0.7589989319631671,0.9004792739892851,0.9283620880843596,11640.966253662107,20.0,7886.608223342896,7886.608223342896,97202.34651985168,115122.34651985168,4371.786914825439
CICIoT2023,SNN_AE_noBN,1,2,0.7673112688008956,0.8806458662174668,0.901926697553215,10611.331127929687,2.5,6359.038979530334,6359.038979530334,13311.369478225708,14271.369478225708,2702.9321994781494
CICIoT2023,SNN_AE_noBN,1,2,0.7673112688008956,0.8806458662174668,0.901926697553215,10611.331127929687,5.0,6359.038979530334,6359.038979530334,20263.69997692108,22183.69997692108,2702.9321994781494
CICIoT2023,SNN_AE_noBN,1,2,0.7673112688008956,0.8806458662174668,0.901926697553215,10611.331127929687,10.0,6359.038979530334,6359.038979530334,34168.36097431183,38008.36097431183,2702.9321994781494
CICIoT2023,SNN_AE_noBN,1,2,0.7673112688008956,0.8806458662174668,0.901926697553215,10611.331127929687,20.0,6359.038979530334,6359.038979530334,61977.68296909332,69657.68296909332,2702.9321994781494
CICIoT2023,IF,1,2,0.18269488347173854,0.8417599687321664,0.8478348035291075,,2.5,1800.0,1800.0,11882.5,11882.5,4000.0
CICIoT2023,IF,1,2,0.18269488347173854,0.8417599687321664,0.8478348035291075,,5.0,1800.0,1800.0,21965.0,21965.0,4000.0
CICIoT2023,IF,1,2,0.18269488347173854,0.8417599687321664,0.8478348035291075,,10.0,1800.0,1800.0,42130.0,42130.0,4000.0
CICIoT2023,IF,1,2,0.18269488347173854,0.8417599687321664,0.8478348035291075,,20.0,1800.0,1800.0,82460.0,82460.0,4000.0
CICIoT2023,OCSVM,1,2,0.4130110785433951,0.8438718429855644,0.8793603721872252,,2.5,33313.2,33313.2,51500.7,51500.7,7242.0
CICIoT2023,OCSVM,1,2,0.4130110785433951,0.8438718429855644,0.8793603721872252,,5.0,33313.2,33313.2,69688.2,69688.2,7242.0
CICIoT2023,OCSVM,1,2,0.4130110785433951,0.8438718429855644,0.8793603721872252,,10.0,33313.2,33313.2,106063.2,106063.2,7242.0
CICIoT2023,OCSVM,1,2,0.4130110785433951,0.8438718429855644,0.8793603721872252,,20.0,33313.2,33313.2,178813.2,178813.2,7242.0
CICIoT2023,LOF,1,2,0.20235712070375278,0.7496470474467355,0.7490335633821292,,2.5,3035999.9999999995,3035999.9999999995,4686082.5,4686082.5,660000.0
CICIoT2023,LOF,1,2,0.20235712070375278,0.7496470474467355,0.7490335633821292,,5.0,3035999.9999999995,3035999.9999999995,6336165.0,6336165.0,660000.0
CICIoT2023,LOF,1,2,0.20235712070375278,0.7496470474467355,0.7490335633821292,,10.0,3035999.9999999995,3035999.9999999995,9636330.0,9636330.0,660000.0
CICIoT2023,LOF,1,2,0.20235712070375278,0.7496470474467355,0.7490335633821292,,20.0,3035999.9999999995,3035999.9999999995,16236660.0,16236660.0,660000.0
CICIoT2023,SNN_AE,1,3,0.7803756519756406,0.9248907490676221,0.949685385315091,11171.414447021483,2.5,6490.079730033874,6490.079730033874,13806.412313461304,14766.412313461304,2848.5330333709717
CICIoT2023,SNN_AE,1,3,0.7803756519756406,0.9248907490676221,0.949685385315091,11171.414447021483,5.0,6490.079730033874,6490.079730033874,21122.744896888733,23042.744896888733,2848.5330333709717
CICIoT2023,SNN_AE,1,3,0.7803756519756406,0.9248907490676221,0.949685385315091,11171.414447021483,10.0,6490.079730033874,6490.079730033874,35755.41006374359,39595.41006374359,2848.5330333709717
CICIoT2023,SNN_AE,1,3,0.7803756519756406,0.9248907490676221,0.949685385315091,11171.414447021483,20.0,6490.079730033874,6490.079730033874,65020.74039745331,72700.74039745331,2848.5330333709717
CICIoT2023,LSTM_AE,1,3,0.8444348366525252,0.8903842979450223,0.9230568845035022,331200.0,2.5,331200.0,331200.0,513367.5,513367.5,72801.0
CICIoT2023,LSTM_AE,1,3,0.8444348366525252,0.8903842979450223,0.9230568845035022,331200.0,5.0,331200.0,331200.0,695535.0,695535.0,72801.0
CICIoT2023,LSTM_AE,1,3,0.8444348366525252,0.8903842979450223,0.9230568845035022,331200.0,10.0,331200.0,331200.0,1059870.0,1059870.0,72801.0
CICIoT2023,LSTM_AE,1,3,0.8444348366525252,0.8903842979450223,0.9230568845035022,331200.0,20.0,331200.0,331200.0,1788540.0,1788540.0,72801.0
CICIoT2023,CNN_AE,1,3,0.8432736314822156,0.9182740100891015,0.9470673385670869,351955.19999999995,2.5,351955.19999999995,351955.19999999995,385922.69999999995,385922.69999999995,13521.0
CICIoT2023,CNN_AE,1,3,0.8432736314822156,0.9182740100891015,0.9470673385670869,351955.19999999995,5.0,351955.19999999995,351955.19999999995,419890.19999999995,419890.19999999995,13521.0
CICIoT2023,CNN_AE,1,3,0.8432736314822156,0.9182740100891015,0.9470673385670869,351955.19999999995,10.0,351955.19999999995,351955.19999999995,487825.19999999995,487825.19999999995,13521.0
CICIoT2023,CNN_AE,1,3,0.8432736314822156,0.9182740100891015,0.9470673385670869,351955.19999999995,20.0,351955.19999999995,351955.19999999995,623695.2,623695.2,13521.0
CICIoT2023,SNN_Dense,1,3,0.8459298668152488,0.9270980557301296,0.9513295221775435,15840.70722351074,2.5,10521.128063964843,8770.679899103465,15651.371774624626,16131.371774624626,2616.2767502084644
CICIoT2023,SNN_Dense,1,3,0.8459298668152488,0.9270980557301296,0.9513295221775435,15840.70722351074,5.0,10521.128063964843,8770.679899103465,22532.063650145785,23492.063650145785,2616.2767502084644
CICIoT2023,SNN_Dense,1,3,0.8459298668152488,0.9270980557301296,0.9513295221775435,15840.70722351074,10.0,10521.128063964843,8770.679899103465,36293.44740118811,38213.44740118811,2616.2767502084644
CICIoT2023,SNN_Dense,1,3,0.8459298668152488,0.9270980557301296,0.9513295221775435,15840.70722351074,20.0,10521.128063964843,8770.679899103465,63816.214903272754,67656.21490327275,2616.2767502084644
CICIoT2023,Dense_SNN,1,3,0.8438518518518519,0.9274969148879235,0.9510396857811738,24463.199999999997,2.5,10364.434113502502,8689.974682070913,15505.592697664562,15985.592697664562,2590.2472062374595
CICIoT2023,Dense_SNN,1,3,0.8438518518518519,0.9274969148879235,0.9510396857811738,24463.199999999997,5.0,10364.434113502502,8689.974682070913,22321.21071325821,23281.21071325821,2590.2472062374595
CICIoT2023,Dense_SNN,1,3,0.8438518518518519,0.9274969148879235,0.9510396857811738,24463.199999999997,10.0,10364.434113502502,8689.974682070913,35952.44674444551,37872.44674444551,2590.2472062374595
CICIoT2023,Dense_SNN,1,3,0.8438518518518519,0.9274969148879235,0.9510396857811738,24463.199999999997,20.0,10364.434113502502,8689.974682070913,63214.918806820104,67054.9188068201,2590.2472062374595
CICIoT2023,Dense_AE,1,3,0.8455310793727642,0.8647669382069291,0.9112106018839953,15032.8,2.5,14425.599999999999,10249.13086614789,16304.310684706526,16304.310684706526,2228.0719274234543
CICIoT2023,Dense_AE,1,3,0.8455310793727642,0.8647669382069291,0.9112106018839953,15032.8,5.0,14425.599999999999,10249.13086614789,22359.490503265162,22359.490503265162,2228.0719274234543
CICIoT2023,Dense_AE,1,3,0.8455310793727642,0.8647669382069291,0.9112106018839953,15032.8,10.0,14425.599999999999,10249.13086614789,34469.850140382434,34469.850140382434,2228.0719274234543
CICIoT2023,Dense_AE,1,3,0.8455310793727642,0.8647669382069291,0.9112106018839953,15032.8,20.0,14425.599999999999,10249.13086614789,58690.56941461698,58690.56941461698,2228.0719274234543
CICIoT2023,SNN_AE_T2,1,3,0.8149239438694708,0.900576145131374,0.9321889610241014,11522.163220214843,2.5,6686.114838600159,6686.114838600159,14554.767168045044,15194.767168045044,3073.460931777954
CICIoT2023,SNN_AE_T2,1,3,0.8149239438694708,0.900576145131374,0.9321889610241014,11522.163220214843,5.0,6686.114838600159,6686.114838600159,22423.41949748993,23703.41949748993,3073.460931777954
CICIoT2023,SNN_AE_T2,1,3,0.8149239438694708,0.900576145131374,0.9321889610241014,11522.163220214843,10.0,6686.114838600159,6686.114838600159,38160.7241563797,40720.7241563797,3073.460931777954
CICIoT2023,SNN_AE_T2,1,3,0.8149239438694708,0.900576145131374,0.9321889610241014,11522.163220214843,20.0,6686.114838600159,6686.114838600159,69635.33347415924,74755.33347415924,3073.460931777954
CICIoT2023,SNN_AE_T5,1,3,0.8209341216679308,0.9284124882219909,0.9497414077893891,11800.102453613279,2.5,7633.934128952025,7633.934128952025,18112.084487152097,19712.084487152097,4105.260143280029
CICIoT2023,SNN_AE_T5,1,3,0.8209341216679308,0.9284124882219909,0.9497414077893891,11800.102453613279,5.0,7633.934128952025,7633.934128952025,28590.23484535217,31790.23484535217,4105.260143280029
CICIoT2023,SNN_AE_T5,1,3,0.8209341216679308,0.9284124882219909,0.9497414077893891,11800.102453613279,10.0,7633.934128952025,7633.934128952025,49546.53556175232,55946.53556175232,4105.260143280029
CICIoT2023,SNN_AE_T5,1,3,0.8209341216679308,0.9284124882219909,0.9497414077893891,11800.102453613279,20.0,7633.934128952025,7633.934128952025,91459.13699455261,104259.13699455261,4105.260143280029
CICIoT2023,SNN_AE_T7,1,3,0.8227999963367615,0.9189306101628049,0.9467327482910507,11823.356809997556,2.5,7868.396959686279,7868.396959686279,18982.27740325928,21222.27740325928,4351.552177429199
CICIoT2023,SNN_AE_T7,1,3,0.8227999963367615,0.9189306101628049,0.9467327482910507,11823.356809997556,5.0,7868.396959686279,7868.396959686279,30096.157846832277,34576.15784683228,4351.552177429199
CICIoT2023,SNN_AE_T7,1,3,0.8227999963367615,0.9189306101628049,0.9467327482910507,11823.356809997556,10.0,7868.396959686279,7868.396959686279,52323.91873397827,61283.91873397827,4351.552177429199
CICIoT2023,SNN_AE_T7,1,3,0.8227999963367615,0.9189306101628049,0.9467327482910507,11823.356809997556,20.0,7868.396959686279,7868.396959686279,96779.44050827026,114699.44050827026,4351.552177429199
CICIoT2023,SNN_AE_noBN,1,3,0.7947579476729513,0.9165420424390609,0.9418072767821153,10597.91047668457,2.5,6378.354250717162,6378.354250717162,13384.33828048706,14344.33828048706,2724.393611907959
CICIoT2023,SNN_AE_noBN,1,3,0.7947579476729513,0.9165420424390609,0.9418072767821153,10597.91047668457,5.0,6378.354250717162,6378.354250717162,20390.322310256957,22310.322310256957,2724.393611907959
CICIoT2023,SNN_AE_noBN,1,3,0.7947579476729513,0.9165420424390609,0.9418072767821153,10597.91047668457,10.0,6378.354250717162,6378.354250717162,34402.290369796756,38242.290369796756,2724.393611907959
CICIoT2023,SNN_AE_noBN,1,3,0.7947579476729513,0.9165420424390609,0.9418072767821153,10597.91047668457,20.0,6378.354250717162,6378.354250717162,62426.226488876346,70106.22648887635,2724.393611907959
CICIoT2023,IF,1,3,0.47755036556576747,0.8230873987764021,0.8320050396252003,,2.5,1800.0,1800.0,11882.5,11882.5,4000.0
CICIoT2023,IF,1,3,0.47755036556576747,0.8230873987764021,0.8320050396252003,,5.0,1800.0,1800.0,21965.0,21965.0,4000.0
CICIoT2023,IF,1,3,0.47755036556576747,0.8230873987764021,0.8320050396252003,,10.0,1800.0,1800.0,42130.0,42130.0,4000.0
CICIoT2023,IF,1,3,0.47755036556576747,0.8230873987764021,0.8320050396252003,,20.0,1800.0,1800.0,82460.0,82460.0,4000.0
CICIoT2023,OCSVM,1,3,0.6191242721173688,0.8105391092292802,0.8529128500269945,,2.5,33156.799999999996,33156.799999999996,51259.299999999996,51259.299999999996,7208.0
CICIoT2023,OCSVM,1,3,0.6191242721173688,0.8105391092292802,0.8529128500269945,,5.0,33156.799999999996,33156.799999999996,69361.79999999999,69361.79999999999,7208.0
CICIoT2023,OCSVM,1,3,0.6191242721173688,0.8105391092292802,0.8529128500269945,,10.0,33156.799999999996,33156.799999999996,105566.79999999999,105566.79999999999,7208.0
CICIoT2023,OCSVM,1,3,0.6191242721173688,0.8105391092292802,0.8529128500269945,,20.0,33156.799999999996,33156.799999999996,177976.8,177976.8,7208.0
CICIoT2023,LOF,1,3,0.255722465301671,0.7133359739316454,0.6933594160867148,,2.5,3035999.9999999995,3035999.9999999995,4686082.5,4686082.5,660000.0
CICIoT2023,LOF,1,3,0.255722465301671,0.7133359739316454,0.6933594160867148,,5.0,3035999.9999999995,3035999.9999999995,6336165.0,6336165.0,660000.0
CICIoT2023,LOF,1,3,0.255722465301671,0.7133359739316454,0.6933594160867148,,10.0,3035999.9999999995,3035999.9999999995,9636330.0,9636330.0,660000.0
CICIoT2023,LOF,1,3,0.255722465301671,0.7133359739316454,0.6933594160867148,,20.0,3035999.9999999995,3035999.9999999995,16236660.0,16236660.0,660000.0
CICIoT2023,SNN_AE,1,4,0.7885991953602591,0.8763631558247655,0.902326090276622,11306.860876464842,2.5,6548.728551864624,6548.728551864624,14027.974529266357,14987.974529266357,2913.6983909606934
CICIoT2023,SNN_AE,1,4,0.7885991953602591,0.8763631558247655,0.902326090276622,11306.860876464842,5.0,6548.728551864624,6548.728551864624,21507.22050666809,23427.22050666809,2913.6983909606934
CICIoT2023,SNN_AE,1,4,0.7885991953602591,0.8763631558247655,0.902326090276622,11306.860876464842,10.0,6548.728551864624,6548.728551864624,36465.71246147156,40305.71246147156,2913.6983909606934
CICIoT2023,SNN_AE,1,4,0.7885991953602591,0.8763631558247655,0.902326090276622,11306.860876464842,20.0,6548.728551864624,6548.728551864624,66382.69637107849,74062.69637107849,2913.6983909606934
CICIoT2023,LSTM_AE,1,4,0.8177423940858687,0.8706675831713975,0.9126493078102994,331200.0,2.5,331200.0,331200.0,513367.5,513367.5,72801.0
CICIoT2023,LSTM_AE,1,4,0.8177423940858687,0.8706675831713975,0.9126493078102994,331200.0,5.0,331200.0,331200.0,695535.0,695535.0,72801.0
CICIoT2023,LSTM_AE,1,4,0.8177423940858687,0.8706675831713975,0.9126493078102994,331200.0,10.0,331200.0,331200.0,1059870.0,1059870.0,72801.0
CICIoT2023,LSTM_AE,1,4,0.8177423940858687,0.8706675831713975,0.9126493078102994,331200.0,20.0,331200.0,331200.0,1788540.0,1788540.0,72801.0
CICIoT2023,CNN_AE,1,4,0.8174666160587971,0.8924216001277138,0.912136717356052,351955.19999999995,2.5,351955.19999999995,351955.19999999995,385922.69999999995,385922.69999999995,13521.0
CICIoT2023,CNN_AE,1,4,0.8174666160587971,0.8924216001277138,0.912136717356052,351955.19999999995,5.0,351955.19999999995,351955.19999999995,419890.19999999995,419890.19999999995,13521.0
CICIoT2023,CNN_AE,1,4,0.8174666160587971,0.8924216001277138,0.912136717356052,351955.19999999995,10.0,351955.19999999995,351955.19999999995,487825.19999999995,487825.19999999995,13521.0
CICIoT2023,CNN_AE,1,4,0.8174666160587971,0.8924216001277138,0.912136717356052,351955.19999999995,20.0,351955.19999999995,351955.19999999995,623695.2,623695.2,13521.0
CICIoT2023,SNN_Dense,1,4,0.8251349755717745,0.914152347136565,0.9321254470748175,15909.193603515625,2.5,10581.763092041014,9057.714313651477,16229.879967539211,16709.87996753921,2732.8662615550934
CICIoT2023,SNN_Dense,1,4,0.8251349755717745,0.914152347136565,0.9321254470748175,15909.193603515625,5.0,10581.763092041014,9057.714313651477,23402.045621426943,24362.045621426943,2732.8662615550934
CICIoT2023,SNN_Dense,1,4,0.8251349755717745,0.914152347136565,0.9321254470748175,15909.193603515625,10.0,10581.763092041014,9057.714313651477,37746.37692920241,39666.37692920241,2732.8662615550934
CICIoT2023,SNN_Dense,1,4,0.8251349755717745,0.914152347136565,0.9321254470748175,15909.193603515625,20.0,10581.763092041014,9057.714313651477,66435.03954475334,70275.03954475334,2732.8662615550934
CICIoT2023,Dense_SNN,1,4,0.8385933731115907,0.9027199954492824,0.9228170983560693,24463.199999999997,2.5,10507.925388145448,8943.01707306067,16216.760612850981,16696.76061285098,2773.4974159161247
CICIoT2023,Dense_SNN,1,4,0.8385933731115907,0.9027199954492824,0.9228170983560693,24463.199999999997,5.0,10507.925388145448,8943.01707306067,23490.504152641293,24450.504152641293,2773.4974159161247
CICIoT2023,Dense_SNN,1,4,0.8385933731115907,0.9027199954492824,0.9228170983560693,24463.199999999997,10.0,10507.925388145448,8943.01707306067,38037.99123222192,39957.99123222192,2773.4974159161247
CICIoT2023,Dense_SNN,1,4,0.8385933731115907,0.9027199954492824,0.9228170983560693,24463.199999999997,20.0,10507.925388145448,8943.01707306067,67132.96539138316,70972.96539138316,2773.4974159161247
CICIoT2023,Dense_AE,1,4,0.8172293968155179,0.8940158007764356,0.9245686341233,15032.8,2.5,14425.599999999999,10138.282791090533,16133.219090596258,16133.219090596258,2203.97451980229
CICIoT2023,Dense_AE,1,4,0.8172293968155179,0.8940158007764356,0.9245686341233,15032.8,5.0,14425.599999999999,10138.282791090533,22128.155390101983,22128.155390101983,2203.97451980229
CICIoT2023,Dense_AE,1,4,0.8172293968155179,0.8940158007764356,0.9245686341233,15032.8,10.0,14425.599999999999,10138.282791090533,34118.027989113434,34118.027989113434,2203.97451980229
CICIoT2023,Dense_AE,1,4,0.8172293968155179,0.8940158007764356,0.9245686341233,15032.8,20.0,14425.599999999999,10138.282791090533,58097.773187136336,58097.773187136336,2203.97451980229
CICIoT2023,SNN_AE_T2,1,4,0.7713206042536995,0.8470189470104416,0.8883625037520688,11858.83518066406,2.5,7031.7038230896,7031.7038230896,15860.325553894043,16500.325553894043,3457.4486923217773
CICIoT2023,SNN_AE_T2,1,4,0.7713206042536995,0.8470189470104416,0.8883625037520688,11858.83518066406,5.0,7031.7038230896,7031.7038230896,24688.947284698486,25968.947284698486,3457.4486923217773
CICIoT2023,SNN_AE_T2,1,4,0.7713206042536995,0.8470189470104416,0.8883625037520688,11858.83518066406,10.0,7031.7038230896,7031.7038230896,42346.19074630737,44906.19074630737,3457.4486923217773
CICIoT2023,SNN_AE_T2,1,4,0.7713206042536995,0.8470189470104416,0.8883625037520688,11858.83518066406,20.0,7031.7038230896,7031.7038230896,77660.67766952515,82780.67766952515,3457.4486923217773
CICIoT2023,SNN_AE_T5,1,4,0.8108383311041119,0.88371865286527,0.9119105821018402,12013.71196594238,2.5,7925.994555664061,7925.994555664061,19215.423876953122,20815.423876953122,4429.771728515625
CICIoT2023,SNN_AE_T5,1,4,0.8108383311041119,0.88371865286527,0.9119105821018402,12013.71196594238,5.0,7925.994555664061,7925.994555664061,30504.853198242185,33704.853198242185,4429.771728515625
CICIoT2023,SNN_AE_T5,1,4,0.8108383311041119,0.88371865286527,0.9119105821018402,12013.71196594238,10.0,7925.994555664061,7925.994555664061,53083.71184082031,59483.71184082031,4429.771728515625
CICIoT2023,SNN_AE_T5,1,4,0.8108383311041119,0.88371865286527,0.9119105821018402,12013.71196594238,20.0,7925.994555664061,7925.994555664061,98241.42912597656,111041.42912597656,4429.771728515625
CICIoT2023,SNN_AE_T7,1,4,0.8471491062357791,0.8872760663450582,0.9145574648115858,11740.844747924803,2.5,7898.509056854247,7898.509056854247,19096.034214782714,21336.034214782714,4385.010063171387
CICIoT2023,SNN_AE_T7,1,4,0.8471491062357791,0.8872760663450582,0.9145574648115858,11740.844747924803,5.0,7898.509056854247,7898.509056854247,30293.55937271118,34773.559372711185,4385.010063171387
CICIoT2023,SNN_AE_T7,1,4,0.8471491062357791,0.8872760663450582,0.9145574648115858,11740.844747924803,10.0,7898.509056854247,7898.509056854247,52688.60968856812,61648.60968856812,4385.010063171387
CICIoT2023,SNN_AE_T7,1,4,0.8471491062357791,0.8872760663450582,0.9145574648115858,11740.844747924803,20.0,7898.509056854247,7898.509056854247,97478.71032028199,115398.71032028199,4385.010063171387
CICIoT2023,SNN_AE_noBN,1,4,0.8065299490981999,0.8996064195700428,0.9174081804336787,10652.630465698241,2.5,6452.332733917236,6452.332733917236,13663.812550354003,14623.812550354003,2806.591926574707
CICIoT2023,SNN_AE_noBN,1,4,0.8065299490981999,0.8996064195700428,0.9174081804336787,10652.630465698241,5.0,6452.332733917236,6452.332733917236,20875.29236679077,22795.29236679077,2806.591926574707
CICIoT2023,SNN_AE_noBN,1,4,0.8065299490981999,0.8996064195700428,0.9174081804336787,10652.630465698241,10.0,6452.332733917236,6452.332733917236,35298.25199966431,39138.25199966431,2806.591926574707
CICIoT2023,SNN_AE_noBN,1,4,0.8065299490981999,0.8996064195700428,0.9174081804336787,10652.630465698241,20.0,6452.332733917236,6452.332733917236,64144.17126541138,71824.17126541138,2806.591926574707
CICIoT2023,IF,1,4,0.7604998723018257,0.8150699976206599,0.8263833878152076,,2.5,1800.0,1800.0,11882.5,11882.5,4000.0
CICIoT2023,IF,1,4,0.7604998723018257,0.8150699976206599,0.8263833878152076,,5.0,1800.0,1800.0,21965.0,21965.0,4000.0
CICIoT2023,IF,1,4,0.7604998723018257,0.8150699976206599,0.8263833878152076,,10.0,1800.0,1800.0,42130.0,42130.0,4000.0
CICIoT2023,IF,1,4,0.7604998723018257,0.8150699976206599,0.8263833878152076,,20.0,1800.0,1800.0,82460.0,82460.0,4000.0
CICIoT2023,OCSVM,1,4,0.6454434993924666,0.7568833087141961,0.7947831478831968,,2.5,33000.399999999994,33000.399999999994,51017.899999999994,51017.899999999994,7174.0
CICIoT2023,OCSVM,1,4,0.6454434993924666,0.7568833087141961,0.7947831478831968,,5.0,33000.399999999994,33000.399999999994,69035.4,69035.4,7174.0
CICIoT2023,OCSVM,1,4,0.6454434993924666,0.7568833087141961,0.7947831478831968,,10.0,33000.399999999994,33000.399999999994,105070.4,105070.4,7174.0
CICIoT2023,OCSVM,1,4,0.6454434993924666,0.7568833087141961,0.7947831478831968,,20.0,33000.399999999994,33000.399999999994,177140.4,177140.4,7174.0
CICIoT2023,LOF,1,4,0.5172040013626932,0.7656316935458715,0.7323954083918884,,2.5,3035999.9999999995,3035999.9999999995,4686082.5,4686082.5,660000.0
CICIoT2023,LOF,1,4,0.5172040013626932,0.7656316935458715,0.7323954083918884,,5.0,3035999.9999999995,3035999.9999999995,6336165.0,6336165.0,660000.0
CICIoT2023,LOF,1,4,0.5172040013626932,0.7656316935458715,0.7323954083918884,,10.0,3035999.9999999995,3035999.9999999995,9636330.0,9636330.0,660000.0
CICIoT2023,LOF,1,4,0.5172040013626932,0.7656316935458715,0.7323954083918884,,20.0,3035999.9999999995,3035999.9999999995,16236660.0,16236660.0,660000.0
CICIoT2023,SNN_AE,1,5,0.8559887569937332,0.9235784636067984,0.9440466452362569,11369.961676025388,2.5,6683.635365486144,6683.635365486144,14537.622491836548,15497.622491836548,3063.594850540161
CICIoT2023,SNN_AE,1,5,0.8559887569937332,0.9235784636067984,0.9440466452362569,11369.961676025388,5.0,6683.635365486144,6683.635365486144,22391.60961818695,24311.60961818695,3063.594850540161
CICIoT2023,SNN_AE,1,5,0.8559887569937332,0.9235784636067984,0.9440466452362569,11369.961676025388,10.0,6683.635365486144,6683.635365486144,38099.583870887756,41939.583870887756,3063.594850540161
CICIoT2023,SNN_AE,1,5,0.8559887569937332,0.9235784636067984,0.9440466452362569,11369.961676025388,20.0,6683.635365486144,6683.635365486144,69515.53237628937,77195.53237628937,3063.594850540161
CICIoT2023,LSTM_AE,1,5,0.8227247081289875,0.9263899834057838,0.9405846647162176,331200.0,2.5,331200.0,331200.0,513367.5,513367.5,72801.0
CICIoT2023,LSTM_AE,1,5,0.8227247081289875,0.9263899834057838,0.9405846647162176,331200.0,5.0,331200.0,331200.0,695535.0,695535.0,72801.0
CICIoT2023,LSTM_AE,1,5,0.8227247081289875,0.9263899834057838,0.9405846647162176,331200.0,10.0,331200.0,331200.0,1059870.0,1059870.0,72801.0
CICIoT2023,LSTM_AE,1,5,0.8227247081289875,0.9263899834057838,0.9405846647162176,331200.0,20.0,331200.0,331200.0,1788540.0,1788540.0,72801.0
CICIoT2023,CNN_AE,1,5,0.8229870606108229,0.9210119631269547,0.9407222338179682,351955.19999999995,2.5,351955.19999999995,351955.19999999995,385922.69999999995,385922.69999999995,13521.0
CICIoT2023,CNN_AE,1,5,0.8229870606108229,0.9210119631269547,0.9407222338179682,351955.19999999995,5.0,351955.19999999995,351955.19999999995,419890.19999999995,419890.19999999995,13521.0
CICIoT2023,CNN_AE,1,5,0.8229870606108229,0.9210119631269547,0.9407222338179682,351955.19999999995,10.0,351955.19999999995,351955.19999999995,487825.19999999995,487825.19999999995,13521.0
CICIoT2023,CNN_AE,1,5,0.8229870606108229,0.9210119631269547,0.9407222338179682,351955.19999999995,20.0,351955.19999999995,351955.19999999995,623695.2,623695.2,13521.0
CICIoT2023,SNN_Dense,1,5,0.8470669647609922,0.9299638714618018,0.9461668375250076,16007.97769470215,2.5,10671.79083251953,8642.271940571836,15789.802633106208,16269.802633106208,2723.0122770137486
CICIoT2023,SNN_Dense,1,5,0.8470669647609922,0.9299638714618018,0.9461668375250076,16007.97769470215,5.0,10671.79083251953,8642.271940571836,22937.333325640582,23897.333325640582,2723.0122770137486
CICIoT2023,SNN_Dense,1,5,0.8470669647609922,0.9299638714618018,0.9461668375250076,16007.97769470215,10.0,10671.79083251953,8642.271940571836,37232.394710709326,39152.394710709326,2723.0122770137486
CICIoT2023,SNN_Dense,1,5,0.8470669647609922,0.9299638714618018,0.9461668375250076,16007.97769470215,20.0,10671.79083251953,8642.271940571836,65822.51748084681,69662.51748084681,2723.0122770137486
CICIoT2023,Dense_SNN,1,5,0.7975161987041036,0.9147812082277462,0.9367620741408518,24463.199999999997,2.5,10344.195618247986,8754.060549737693,15559.288981067084,16039.288981067084,2586.0913725317564
CICIoT2023,Dense_SNN,1,5,0.7975161987041036,0.9147812082277462,0.9367620741408518,24463.199999999997,5.0,10344.195618247986,8754.060549737693,22364.517412396475,23324.517412396475,2586.0913725317564
CICIoT2023,Dense_SNN,1,5,0.7975161987041036,0.9147812082277462,0.9367620741408518,24463.199999999997,10.0,10344.195618247986,8754.060549737693,35974.974275055254,37894.974275055254,2586.0913725317564
CICIoT2023,Dense_SNN,1,5,0.7975161987041036,0.9147812082277462,0.9367620741408518,24463.199999999997,20.0,10344.195618247986,8754.060549737693,63195.888000372826,67035.88800037283,2586.0913725317564
CICIoT2023,Dense_AE,1,5,0.8465024806686631,0.8835453090603931,0.9155069205268576,15032.8,2.5,14425.599999999999,10156.643865356942,16161.559009572671,16161.559009572671,2207.9660576862916
CICIoT2023,Dense_AE,1,5,0.8465024806686631,0.8835453090603931,0.9155069205268576,15032.8,5.0,14425.599999999999,10156.643865356942,22166.4741537884,22166.4741537884,2207.9660576862916
CICIoT2023,Dense_AE,1,5,0.8465024806686631,0.8835453090603931,0.9155069205268576,15032.8,10.0,14425.599999999999,10156.643865356942,34176.30444221986,34176.30444221986,2207.9660576862916
CICIoT2023,Dense_AE,1,5,0.8465024806686631,0.8835453090603931,0.9155069205268576,15032.8,20.0,14425.599999999999,10156.643865356942,58195.965019082774,58195.965019082774,2207.9660576862916
CICIoT2023,SNN_AE_T2,1,5,0.8420419233739874,0.9089666799395929,0.9314853658538085,11797.318444824217,2.5,6979.634740638733,6979.634740638733,15663.62013130188,16303.62013130188,3399.594156265259
CICIoT2023,SNN_AE_T2,1,5,0.8420419233739874,0.9089666799395929,0.9314853658538085,11797.318444824217,5.0,6979.634740638733,6979.634740638733,24347.605521965026,25627.605521965026,3399.594156265259
CICIoT2023,SNN_AE_T2,1,5,0.8420419233739874,0.9089666799395929,0.9314853658538085,11797.318444824217,10.0,6979.634740638733,6979.634740638733,41715.576303291324,44275.576303291324,3399.594156265259
CICIoT2023,SNN_AE_T2,1,5,0.8420419233739874,0.9089666799395929,0.9314853658538085,11797.318444824217,20.0,6979.634740638733,6979.634740638733,76451.51786594391,81571.51786594391,3399.594156265259
CICIoT2023,SNN_AE_T5,1,5,0.8753404930860385,0.930232182136354,0.9480798285893911,11999.945684814451,2.5,7660.182070159912,7660.182070159912,18211.24337615967,19811.24337615967,4134.424522399902
CICIoT2023,SNN_AE_T5,1,5,0.8753404930860385,0.930232182136354,0.9480798285893911,11999.945684814451,5.0,7660.182070159912,7660.182070159912,28762.304682159425,31962.304682159425,4134.424522399902
CICIoT2023,SNN_AE_T5,1,5,0.8753404930860385,0.930232182136354,0.9480798285893911,11999.945684814451,10.0,7660.182070159912,7660.182070159912,49864.42729415894,56264.42729415894,4134.424522399902
CICIoT2023,SNN_AE_T5,1,5,0.8753404930860385,0.930232182136354,0.9480798285893911,11999.945684814451,20.0,7660.182070159912,7660.182070159912,92068.67251815795,104868.67251815795,4134.424522399902
CICIoT2023,SNN_AE_T7,1,5,0.8540615759262481,0.9120564287754593,0.9346804688706806,11609.372814941406,2.5,7670.290509033202,7670.290509033202,18233.875256347656,20473.875256347656,4131.433898925781
CICIoT2023,SNN_AE_T7,1,5,0.8540615759262481,0.9120564287754593,0.9346804688706806,11609.372814941406,5.0,7670.290509033202,7670.290509033202,28797.46000366211,33277.46000366211,4131.433898925781
CICIoT2023,SNN_AE_T7,1,5,0.8540615759262481,0.9120564287754593,0.9346804688706806,11609.372814941406,10.0,7670.290509033202,7670.290509033202,49924.62949829102,58884.62949829102,4131.433898925781
CICIoT2023,SNN_AE_T7,1,5,0.8540615759262481,0.9120564287754593,0.9346804688706806,11609.372814941406,20.0,7670.290509033202,7670.290509033202,92178.96848754883,110098.96848754883,4131.433898925781
CICIoT2023,SNN_AE_noBN,1,5,0.8339007605939877,0.917468007048719,0.9397603824793601,10674.374496459961,2.5,6434.371761131286,6434.371761131286,13595.959986495971,14555.959986495971,2786.635290145874
CICIoT2023,SNN_AE_noBN,1,5,0.8339007605939877,0.917468007048719,0.9397603824793601,10674.374496459961,5.0,6434.371761131286,6434.371761131286,20757.548211860656,22677.548211860656,2786.635290145874
CICIoT2023,SNN_AE_noBN,1,5,0.8339007605939877,0.917468007048719,0.9397603824793601,10674.374496459961,10.0,6434.371761131286,6434.371761131286,35080.72466259003,38920.72466259003,2786.635290145874
CICIoT2023,SNN_AE_noBN,1,5,0.8339007605939877,0.917468007048719,0.9397603824793601,10674.374496459961,20.0,6434.371761131286,6434.371761131286,63727.07756404877,71407.07756404877,2786.635290145874
CICIoT2023,IF,1,5,0.7019108770041139,0.8651518275963097,0.8873930339648448,,2.5,1800.0,1800.0,11882.5,11882.5,4000.0
CICIoT2023,IF,1,5,0.7019108770041139,0.8651518275963097,0.8873930339648448,,5.0,1800.0,1800.0,21965.0,21965.0,4000.0
CICIoT2023,IF,1,5,0.7019108770041139,0.8651518275963097,0.8873930339648448,,10.0,1800.0,1800.0,42130.0,42130.0,4000.0
CICIoT2023,IF,1,5,0.7019108770041139,0.8651518275963097,0.8873930339648448,,20.0,1800.0,1800.0,82460.0,82460.0,4000.0
CICIoT2023,OCSVM,1,5,0.654953565179579,0.7946723998368104,0.8402517003902219,,2.5,33000.399999999994,33000.399999999994,51017.899999999994,51017.899999999994,7174.0
CICIoT2023,OCSVM,1,5,0.654953565179579,0.7946723998368104,0.8402517003902219,,5.0,33000.399999999994,33000.399999999994,69035.4,69035.4,7174.0
CICIoT2023,OCSVM,1,5,0.654953565179579,0.7946723998368104,0.8402517003902219,,10.0,33000.399999999994,33000.399999999994,105070.4,105070.4,7174.0
CICIoT2023,OCSVM,1,5,0.654953565179579,0.7946723998368104,0.8402517003902219,,20.0,33000.399999999994,33000.399999999994,177140.4,177140.4,7174.0
CICIoT2023,LOF,1,5,0.5546790017847902,0.7660366088101648,0.7836414139027907,,2.5,3035999.9999999995,3035999.9999999995,4686082.5,4686082.5,660000.0
CICIoT2023,LOF,1,5,0.5546790017847902,0.7660366088101648,0.7836414139027907,,5.0,3035999.9999999995,3035999.9999999995,6336165.0,6336165.0,660000.0
CICIoT2023,LOF,1,5,0.5546790017847902,0.7660366088101648,0.7836414139027907,,10.0,3035999.9999999995,3035999.9999999995,9636330.0,9636330.0,660000.0
CICIoT2023,LOF,1,5,0.5546790017847902,0.7660366088101648,0.7836414139027907,,20.0,3035999.9999999995,3035999.9999999995,16236660.0,16236660.0,660000.0
CICIoT2023,SNN_AE,1,6,0.8393004171077513,0.9193658375675191,0.9425052686098405,11241.542431640624,2.5,6500.293659210204,6500.293659210204,13844.998268127441,14804.998268127441,2859.8818435668945
CICIoT2023,SNN_AE,1,6,0.8393004171077513,0.9193658375675191,0.9425052686098405,11241.542431640624,5.0,6500.293659210204,6500.293659210204,21189.702877044678,23109.702877044678,2859.8818435668945
CICIoT2023,SNN_AE,1,6,0.8393004171077513,0.9193658375675191,0.9425052686098405,11241.542431640624,10.0,6500.293659210204,6500.293659210204,35879.11209487915,39719.11209487915,2859.8818435668945
CICIoT2023,SNN_AE,1,6,0.8393004171077513,0.9193658375675191,0.9425052686098405,11241.542431640624,20.0,6500.293659210204,6500.293659210204,65257.930530548096,72937.9305305481,2859.8818435668945
CICIoT2023,LSTM_AE,1,6,0.8418698277790203,0.8811329855459668,0.9209275974434854,331200.0,2.5,331200.0,331200.0,513367.5,513367.5,72801.0
CICIoT2023,LSTM_AE,1,6,0.8418698277790203,0.8811329855459668,0.9209275974434854,331200.0,5.0,331200.0,331200.0,695535.0,695535.0,72801.0
CICIoT2023,LSTM_AE,1,6,0.8418698277790203,0.8811329855459668,0.9209275974434854,331200.0,10.0,331200.0,331200.0,1059870.0,1059870.0,72801.0
CICIoT2023,LSTM_AE,1,6,0.8418698277790203,0.8811329855459668,0.9209275974434854,331200.0,20.0,331200.0,331200.0,1788540.0,1788540.0,72801.0
CICIoT2023,CNN_AE,1,6,0.8419976687886668,0.915382542737905,0.9393676661068064,351955.19999999995,2.5,351955.19999999995,351955.19999999995,385922.69999999995,385922.69999999995,13521.0
CICIoT2023,CNN_AE,1,6,0.8419976687886668,0.915382542737905,0.9393676661068064,351955.19999999995,5.0,351955.19999999995,351955.19999999995,419890.19999999995,419890.19999999995,13521.0
CICIoT2023,CNN_AE,1,6,0.8419976687886668,0.915382542737905,0.9393676661068064,351955.19999999995,10.0,351955.19999999995,351955.19999999995,487825.19999999995,487825.19999999995,13521.0
CICIoT2023,CNN_AE,1,6,0.8419976687886668,0.915382542737905,0.9393676661068064,351955.19999999995,20.0,351955.19999999995,351955.19999999995,623695.2,623695.2,13521.0
CICIoT2023,SNN_Dense,1,6,0.8340413455483917,0.9197191809687034,0.9404588386818769,15832.499118041993,2.5,10512.178985595701,8909.741838314216,15846.015933233839,16326.015933233839,2638.5096379678494
CICIoT2023,SNN_Dense,1,6,0.8340413455483917,0.9197191809687034,0.9404588386818769,15832.499118041993,5.0,10512.178985595701,8909.741838314216,22782.29002815346,23742.29002815346,2638.5096379678494
CICIoT2023,SNN_Dense,1,6,0.8340413455483917,0.9197191809687034,0.9404588386818769,15832.499118041993,10.0,10512.178985595701,8909.741838314216,36654.83821799271,38574.83821799271,2638.5096379678494
CICIoT2023,SNN_Dense,1,6,0.8340413455483917,0.9197191809687034,0.9404588386818769,15832.499118041993,20.0,10512.178985595701,8909.741838314216,64399.9345976712,68239.9345976712,2638.5096379678494
CICIoT2023,Dense_SNN,1,6,0.8206377325066431,0.9173640675585829,0.9388189099083574,24463.199999999997,2.5,10377.272930526733,8967.322708415739,15962.359109697793,16442.35910969779,2662.0145605128214
CICIoT2023,Dense_SNN,1,6,0.8206377325066431,0.9173640675585829,0.9388189099083574,24463.199999999997,5.0,10377.272930526733,8967.322708415739,22957.395510979848,23917.395510979848,2662.0145605128214
CICIoT2023,Dense_SNN,1,6,0.8206377325066431,0.9173640675585829,0.9388189099083574,24463.199999999997,10.0,10377.272930526733,8967.322708415739,36947.468313543955,38867.468313543955,2662.0145605128214
CICIoT2023,Dense_SNN,1,6,0.8206377325066431,0.9173640675585829,0.9388189099083574,24463.199999999997,20.0,10377.272930526733,8967.322708415739,64927.61391867217,68767.61391867217,2662.0145605128214
CICIoT2023,Dense_AE,1,6,0.8462400990321047,0.9057476941501872,0.9325229506275439,15032.8,2.5,14425.599999999999,10209.839837639993,16243.66583635738,16243.66583635738,2219.530399486955
CICIoT2023,Dense_AE,1,6,0.8462400990321047,0.9057476941501872,0.9325229506275439,15032.8,5.0,14425.599999999999,10209.839837639993,22277.49183507477,22277.49183507477,2219.530399486955
CICIoT2023,Dense_AE,1,6,0.8462400990321047,0.9057476941501872,0.9325229506275439,15032.8,10.0,14425.599999999999,10209.839837639993,34345.143832509544,34345.143832509544,2219.530399486955
CICIoT2023,Dense_AE,1,6,0.8462400990321047,0.9057476941501872,0.9325229506275439,15032.8,20.0,14425.599999999999,10209.839837639993,58480.447827379096,58480.447827379096,2219.530399486955
CICIoT2023,SNN_AE_T2,1,6,0.7932966127098321,0.8980680120642948,0.9279643223101235,11731.193603515625,2.5,6837.615970420838,6837.615970420838,15127.104777145385,15767.104777145385,3241.7955226898193
CICIoT2023,SNN_AE_T2,1,6,0.7932966127098321,0.8980680120642948,0.9279643223101235,11731.193603515625,5.0,6837.615970420838,6837.615970420838,23416.593583869933,24696.593583869933,3241.7955226898193
CICIoT2023,SNN_AE_T2,1,6,0.7932966127098321,0.8980680120642948,0.9279643223101235,11731.193603515625,10.0,6837.615970420838,6837.615970420838,39995.571197319034,42555.571197319034,3241.7955226898193
CICIoT2023,SNN_AE_T2,1,6,0.7932966127098321,0.8980680120642948,0.9279643223101235,11731.193603515625,20.0,6837.615970420838,6837.615970420838,73153.52642421723,78273.52642421723,3241.7955226898193
CICIoT2023,SNN_AE_T5,1,6,0.8307199246758891,0.910092837329585,0.9354118599743049,11699.676840209959,2.5,7434.259132766723,7434.259132766723,17357.756723785402,18957.756723785402,3883.3990364074707
CICIoT2023,SNN_AE_T5,1,6,0.8307199246758891,0.910092837329585,0.9354118599743049,11699.676840209959,5.0,7434.259132766723,7434.259132766723,27281.25431480408,30481.25431480408,3883.3990364074707
CICIoT2023,SNN_AE_T5,1,6,0.8307199246758891,0.910092837329585,0.9354118599743049,11699.676840209959,10.0,7434.259132766723,7434.259132766723,47128.24949684143,53528.24949684143,3883.3990364074707
CICIoT2023,SNN_AE_T5,1,6,0.8307199246758891,0.910092837329585,0.9354118599743049,11699.676840209959,20.0,7434.259132766723,7434.259132766723,86822.23986091613,99622.23986091613,3883.3990364074707
CICIoT2023,SNN_AE_T7,1,6,0.8396710365605407,0.9114357648477865,0.9381092399163923,11779.350440979004,2.5,7820.48010673523,7820.48010673523,18801.258180999757,21041.258180999757,4298.311229705811
CICIoT2023,SNN_AE_T7,1,6,0.8396710365605407,0.9114357648477865,0.9381092399163923,11779.350440979004,5.0,7820.48010673523,7820.48010673523,29782.036255264284,34262.036255264284,4298.311229705811
CICIoT2023,SNN_AE_T7,1,6,0.8396710365605407,0.9114357648477865,0.9381092399163923,11779.350440979004,10.0,7820.48010673523,7820.48010673523,51743.59240379334,60703.59240379334,4298.311229705811
CICIoT2023,SNN_AE_T7,1,6,0.8396710365605407,0.9114357648477865,0.9381092399163923,11779.350440979004,20.0,7820.48010673523,7820.48010673523,95666.70470085143,113586.70470085143,4298.311229705811
CICIoT2023,SNN_AE_noBN,1,6,0.8333709050577552,0.8986357110220948,0.9287963118380087,10590.94080505371,2.5,6416.131085014343,6416.131085014343,13527.05076560974,14487.05076560974,2766.367872238159
CICIoT2023,SNN_AE_noBN,1,6,0.8333709050577552,0.8986357110220948,0.9287963118380087,10590.94080505371,5.0,6416.131085014343,6416.131085014343,20637.970446205138,22557.970446205138,2766.367872238159
CICIoT2023,SNN_AE_noBN,1,6,0.8333709050577552,0.8986357110220948,0.9287963118380087,10590.94080505371,10.0,6416.131085014343,6416.131085014343,34859.80980739593,38699.80980739593,2766.367872238159
CICIoT2023,SNN_AE_noBN,1,6,0.8333709050577552,0.8986357110220948,0.9287963118380087,10590.94080505371,20.0,6416.131085014343,6416.131085014343,63303.488529777525,70983.48852977753,2766.367872238159
CICIoT2023,IF,1,6,0.6932347023797427,0.8722128168758223,0.9036334431470445,,2.5,1800.0,1800.0,11882.5,11882.5,4000.0
CICIoT2023,IF,1,6,0.6932347023797427,0.8722128168758223,0.9036334431470445,,5.0,1800.0,1800.0,21965.0,21965.0,4000.0
CICIoT2023,IF,1,6,0.6932347023797427,0.8722128168758223,0.9036334431470445,,10.0,1800.0,1800.0,42130.0,42130.0,4000.0
CICIoT2023,IF,1,6,0.6932347023797427,0.8722128168758223,0.9036334431470445,,20.0,1800.0,1800.0,82460.0,82460.0,4000.0
CICIoT2023,OCSVM,1,6,0.6351512864062402,0.8085652487878514,0.8472258791809109,,2.5,33156.799999999996,33156.799999999996,51259.299999999996,51259.299999999996,7208.0
CICIoT2023,OCSVM,1,6,0.6351512864062402,0.8085652487878514,0.8472258791809109,,5.0,33156.799999999996,33156.799999999996,69361.79999999999,69361.79999999999,7208.0
CICIoT2023,OCSVM,1,6,0.6351512864062402,0.8085652487878514,0.8472258791809109,,10.0,33156.799999999996,33156.799999999996,105566.79999999999,105566.79999999999,7208.0
CICIoT2023,OCSVM,1,6,0.6351512864062402,0.8085652487878514,0.8472258791809109,,20.0,33156.799999999996,33156.799999999996,177976.8,177976.8,7208.0
CICIoT2023,LOF,1,6,0.2788603446982015,0.7031991644784689,0.6969693954829095,,2.5,3035999.9999999995,3035999.9999999995,4686082.5,4686082.5,660000.0
CICIoT2023,LOF,1,6,0.2788603446982015,0.7031991644784689,0.6969693954829095,,5.0,3035999.9999999995,3035999.9999999995,6336165.0,6336165.0,660000.0
CICIoT2023,LOF,1,6,0.2788603446982015,0.7031991644784689,0.6969693954829095,,10.0,3035999.9999999995,3035999.9999999995,9636330.0,9636330.0,660000.0
CICIoT2023,LOF,1,6,0.2788603446982015,0.7031991644784689,0.6969693954829095,,20.0,3035999.9999999995,3035999.9999999995,16236660.0,16236660.0,660000.0
CICIoT2023,SNN_AE,1,7,0.8589585859569309,0.9349497373245084,0.952563679369225,11246.121588134763,2.5,6491.845394325255,6491.845394325255,13813.0826007843,14773.0826007843,2850.494882583618
CICIoT2023,SNN_AE,1,7,0.8589585859569309,0.9349497373245084,0.952563679369225,11246.121588134763,5.0,6491.845394325255,6491.845394325255,21134.319807243344,23054.319807243344,2850.494882583618
CICIoT2023,SNN_AE,1,7,0.8589585859569309,0.9349497373245084,0.952563679369225,11246.121588134763,10.0,6491.845394325255,6491.845394325255,35776.794220161435,39616.794220161435,2850.494882583618
CICIoT2023,SNN_AE,1,7,0.8589585859569309,0.9349497373245084,0.952563679369225,11246.121588134763,20.0,6491.845394325255,6491.845394325255,65061.74304599762,72741.74304599762,2850.494882583618
CICIoT2023,LSTM_AE,1,7,0.8372055958916239,0.9351653133786814,0.9503183048979988,331200.0,2.5,331200.0,331200.0,513367.5,513367.5,72801.0
CICIoT2023,LSTM_AE,1,7,0.8372055958916239,0.9351653133786814,0.9503183048979988,331200.0,5.0,331200.0,331200.0,695535.0,695535.0,72801.0
CICIoT2023,LSTM_AE,1,7,0.8372055958916239,0.9351653133786814,0.9503183048979988,331200.0,10.0,331200.0,331200.0,1059870.0,1059870.0,72801.0
CICIoT2023,LSTM_AE,1,7,0.8372055958916239,0.9351653133786814,0.9503183048979988,331200.0,20.0,331200.0,331200.0,1788540.0,1788540.0,72801.0
CICIoT2023,CNN_AE,1,7,0.8438770211470625,0.9410405915443508,0.9568603073136128,351955.19999999995,2.5,351955.19999999995,351955.19999999995,385922.69999999995,385922.69999999995,13521.0
CICIoT2023,CNN_AE,1,7,0.8438770211470625,0.9410405915443508,0.9568603073136128,351955.19999999995,5.0,351955.19999999995,351955.19999999995,419890.19999999995,419890.19999999995,13521.0
CICIoT2023,CNN_AE,1,7,0.8438770211470625,0.9410405915443508,0.9568603073136128,351955.19999999995,10.0,351955.19999999995,351955.19999999995,487825.19999999995,487825.19999999995,13521.0
CICIoT2023,CNN_AE,1,7,0.8438770211470625,0.9410405915443508,0.9568603073136128,351955.19999999995,20.0,351955.19999999995,351955.19999999995,623695.2,623695.2,13521.0
CICIoT2023,SNN_Dense,1,7,0.8421832727662348,0.9385352679999535,0.9542112541342906,15850.268872070312,2.5,10522.68345336914,8405.256044559781,15090.82320492791,15570.82320492791,2538.226864147252
CICIoT2023,SNN_Dense,1,7,0.8421832727662348,0.9385352679999535,0.9542112541342906,15850.268872070312,5.0,10522.68345336914,8405.256044559781,21776.39036529604,22736.39036529604,2538.226864147252
CICIoT2023,SNN_Dense,1,7,0.8421832727662348,0.9385352679999535,0.9542112541342906,15850.268872070312,10.0,10522.68345336914,8405.256044559781,35147.524686032295,37067.524686032295,2538.226864147252
CICIoT2023,SNN_Dense,1,7,0.8421832727662348,0.9385352679999535,0.9542112541342906,15850.268872070312,20.0,10522.68345336914,8405.256044559781,61889.79332750481,65729.79332750481,2538.226864147252
CICIoT2023,Dense_SNN,1,7,0.8386213111061049,0.9302469121485197,0.9500000109771107,24463.199999999997,2.5,10473.252067947387,8991.390690233566,16213.953656788846,16693.953656788846,2753.0251866221124
CICIoT2023,Dense_SNN,1,7,0.8386213111061049,0.9302469121485197,0.9500000109771107,24463.199999999997,5.0,10473.252067947387,8991.390690233566,23436.516623344127,24396.516623344127,2753.0251866221124
CICIoT2023,Dense_SNN,1,7,0.8386213111061049,0.9302469121485197,0.9500000109771107,24463.199999999997,10.0,10473.252067947387,8991.390690233566,37881.64255645469,39801.64255645469,2753.0251866221124
CICIoT2023,Dense_SNN,1,7,0.8386213111061049,0.9302469121485197,0.9500000109771107,24463.199999999997,20.0,10473.252067947387,8991.390690233566,66771.8944226758,70611.8944226758,2753.0251866221124
CICIoT2023,Dense_AE,1,7,0.8471483840992146,0.9220322800012478,0.9443736270385988,15032.8,2.5,14425.599999999999,9901.105274354,15767.140749546394,15767.140749546394,2152.414190076957
CICIoT2023,Dense_AE,1,7,0.8471483840992146,0.9220322800012478,0.9443736270385988,15032.8,5.0,14425.599999999999,9901.105274354,21633.176224738785,21633.176224738785,2152.414190076957
CICIoT2023,Dense_AE,1,7,0.8471483840992146,0.9220322800012478,0.9443736270385988,15032.8,10.0,14425.599999999999,9901.105274354,33365.24717512357,33365.24717512357,2152.414190076957
CICIoT2023,Dense_AE,1,7,0.8471483840992146,0.9220322800012478,0.9443736270385988,15032.8,20.0,14425.599999999999,9901.105274354,56829.38907589314,56829.38907589314,2152.414190076957
CICIoT2023,SNN_AE_T2,1,7,0.7477843426883308,0.9157330480571677,0.9373338506368412,11785.712048339843,2.5,6816.720288467407,6816.720288467407,15048.165534210206,15688.165534210206,3218.578098297119
CICIoT2023,SNN_AE_T2,1,7,0.7477843426883308,0.9157330480571677,0.9373338506368412,11785.712048339843,5.0,6816.720288467407,6816.720288467407,23279.610779953004,24559.610779953004,3218.578098297119
CICIoT2023,SNN_AE_T2,1,7,0.7477843426883308,0.9157330480571677,0.9373338506368412,11785.712048339843,10.0,6816.720288467407,6816.720288467407,39742.501271438596,42302.501271438596,3218.578098297119
CICIoT2023,SNN_AE_T2,1,7,0.7477843426883308,0.9157330480571677,0.9373338506368412,11785.712048339843,20.0,6816.720288467407,6816.720288467407,72668.28225440979,77788.28225440979,3218.578098297119
CICIoT2023,SNN_AE_T5,1,7,0.8346911862998356,0.9281605615487608,0.9462109586704004,11684.959967041013,2.5,7319.568201446533,7319.568201446533,16924.47987213135,18524.47987213135,3755.964668273926
CICIoT2023,SNN_AE_T5,1,7,0.8346911862998356,0.9281605615487608,0.9462109586704004,11684.959967041013,5.0,7319.568201446533,7319.568201446533,26529.391542816164,29729.391542816164,3755.964668273926
CICIoT2023,SNN_AE_T5,1,7,0.8346911862998356,0.9281605615487608,0.9462109586704004,11684.959967041013,10.0,7319.568201446533,7319.568201446533,45739.21488418579,52139.21488418579,3755.964668273926
CICIoT2023,SNN_AE_T5,1,7,0.8346911862998356,0.9281605615487608,0.9462109586704004,11684.959967041013,20.0,7319.568201446533,7319.568201446533,84158.86156692504,96958.86156692504,3755.964668273926
CICIoT2023,SNN_AE_T7,1,7,0.8424928772376226,0.9160896576991842,0.9393814271567483,11625.385539245604,2.5,7787.327917480468,7787.327917480468,18676.01657714844,20916.01657714844,4261.4754638671875
CICIoT2023,SNN_AE_T7,1,7,0.8424928772376226,0.9160896576991842,0.9393814271567483,11625.385539245604,5.0,7787.327917480468,7787.327917480468,29564.705236816408,34044.70523681641,4261.4754638671875
CICIoT2023,SNN_AE_T7,1,7,0.8424928772376226,0.9160896576991842,0.9393814271567483,11625.385539245604,10.0,7787.327917480468,7787.327917480468,51342.082556152345,60302.082556152345,4261.4754638671875
CICIoT2023,SNN_AE_T7,1,7,0.8424928772376226,0.9160896576991842,0.9393814271567483,11625.385539245604,20.0,7787.327917480468,7787.327917480468,94896.83719482421,112816.83719482421,4261.4754638671875
CICIoT2023,SNN_AE_noBN,1,7,0.8018562946358272,0.9343874324349948,0.9504970609095054,10587.455969238279,2.5,6402.572759628296,6402.572759628296,13475.830425262451,14435.830425262451,2751.303066253662
CICIoT2023,SNN_AE_noBN,1,7,0.8018562946358272,0.9343874324349948,0.9504970609095054,10587.455969238279,5.0,6402.572759628296,6402.572759628296,20549.088090896606,22469.088090896606,2751.303066253662
CICIoT2023,SNN_AE_noBN,1,7,0.8018562946358272,0.9343874324349948,0.9504970609095054,10587.455969238279,10.0,6402.572759628296,6402.572759628296,34695.60342216492,38535.60342216492,2751.303066253662
CICIoT2023,SNN_AE_noBN,1,7,0.8018562946358272,0.9343874324349948,0.9504970609095054,10587.455969238279,20.0,6402.572759628296,6402.572759628296,62988.63408470154,70668.63408470154,2751.303066253662
CICIoT2023,IF,1,7,0.7990304017171511,0.8967233892814699,0.9192080768983646,,2.5,1800.0,1800.0,11882.5,11882.5,4000.0
CICIoT2023,IF,1,7,0.7990304017171511,0.8967233892814699,0.9192080768983646,,5.0,1800.0,1800.0,21965.0,21965.0,4000.0
CICIoT2023,IF,1,7,0.7990304017171511,0.8967233892814699,0.9192080768983646,,10.0,1800.0,1800.0,42130.0,42130.0,4000.0
CICIoT2023,IF,1,7,0.7990304017171511,0.8967233892814699,0.9192080768983646,,20.0,1800.0,1800.0,82460.0,82460.0,4000.0
CICIoT2023,OCSVM,1,7,0.6512287137586761,0.8074162146226055,0.8519809134781398,,2.5,33156.799999999996,33156.799999999996,51259.299999999996,51259.299999999996,7208.0
CICIoT2023,OCSVM,1,7,0.6512287137586761,0.8074162146226055,0.8519809134781398,,5.0,33156.799999999996,33156.799999999996,69361.79999999999,69361.79999999999,7208.0
CICIoT2023,OCSVM,1,7,0.6512287137586761,0.8074162146226055,0.8519809134781398,,10.0,33156.799999999996,33156.799999999996,105566.79999999999,105566.79999999999,7208.0
CICIoT2023,OCSVM,1,7,0.6512287137586761,0.8074162146226055,0.8519809134781398,,20.0,33156.799999999996,33156.799999999996,177976.8,177976.8,7208.0
CICIoT2023,LOF,1,7,0.6605293881222607,0.8057536634193871,0.8246183752201979,,2.5,3035999.9999999995,3035999.9999999995,4686082.5,4686082.5,660000.0
CICIoT2023,LOF,1,7,0.6605293881222607,0.8057536634193871,0.8246183752201979,,5.0,3035999.9999999995,3035999.9999999995,6336165.0,6336165.0,660000.0
CICIoT2023,LOF,1,7,0.6605293881222607,0.8057536634193871,0.8246183752201979,,10.0,3035999.9999999995,3035999.9999999995,9636330.0,9636330.0,660000.0
CICIoT2023,LOF,1,7,0.6605293881222607,0.8057536634193871,0.8246183752201979,,20.0,3035999.9999999995,3035999.9999999995,16236660.0,16236660.0,660000.0
CICIoT2023,SNN_AE,1,8,0.7913216703329903,0.8331814920799482,0.882517149609504,11282.092858886717,2.5,6506.923211288452,6506.923211288452,13870.043242645264,14830.043242645264,2867.2480125427246
CICIoT2023,SNN_AE,1,8,0.7913216703329903,0.8331814920799482,0.882517149609504,11282.092858886717,5.0,6506.923211288452,6506.923211288452,21233.163274002076,23153.163274002076,2867.2480125427246
CICIoT2023,SNN_AE,1,8,0.7913216703329903,0.8331814920799482,0.882517149609504,11282.092858886717,10.0,6506.923211288452,6506.923211288452,35959.403336715695,39799.403336715695,2867.2480125427246
CICIoT2023,SNN_AE,1,8,0.7913216703329903,0.8331814920799482,0.882517149609504,11282.092858886717,20.0,6506.923211288452,6506.923211288452,65411.88346214294,73091.88346214294,2867.2480125427246
CICIoT2023,LSTM_AE,1,8,0.7173995890155054,0.8561456937213003,0.9007686437909824,331200.0,2.5,331200.0,331200.0,513367.5,513367.5,72801.0
CICIoT2023,LSTM_AE,1,8,0.7173995890155054,0.8561456937213003,0.9007686437909824,331200.0,5.0,331200.0,331200.0,695535.0,695535.0,72801.0
CICIoT2023,LSTM_AE,1,8,0.7173995890155054,0.8561456937213003,0.9007686437909824,331200.0,10.0,331200.0,331200.0,1059870.0,1059870.0,72801.0
CICIoT2023,LSTM_AE,1,8,0.7173995890155054,0.8561456937213003,0.9007686437909824,331200.0,20.0,331200.0,331200.0,1788540.0,1788540.0,72801.0
CICIoT2023,CNN_AE,1,8,0.8433514502502287,0.8844947700287321,0.9242050521817756,351955.19999999995,2.5,351955.19999999995,351955.19999999995,385922.69999999995,385922.69999999995,13521.0
CICIoT2023,CNN_AE,1,8,0.8433514502502287,0.8844947700287321,0.9242050521817756,351955.19999999995,5.0,351955.19999999995,351955.19999999995,419890.19999999995,419890.19999999995,13521.0
CICIoT2023,CNN_AE,1,8,0.8433514502502287,0.8844947700287321,0.9242050521817756,351955.19999999995,10.0,351955.19999999995,351955.19999999995,487825.19999999995,487825.19999999995,13521.0
CICIoT2023,CNN_AE,1,8,0.8433514502502287,0.8844947700287321,0.9242050521817756,351955.19999999995,20.0,351955.19999999995,351955.19999999995,623695.2,623695.2,13521.0
CICIoT2023,SNN_Dense,1,8,0.7155393162521152,0.8466832700432587,0.8898473751882688,15768.59197692871,2.5,10447.805584716796,8703.051181244384,15383.163938836227,15863.163938836227,2536.0451030367376
CICIoT2023,SNN_Dense,1,8,0.7155393162521152,0.8466832700432587,0.8898473751882688,15768.59197692871,5.0,10447.805584716796,8703.051181244384,22063.27669642807,23023.27669642807,2536.0451030367376
CICIoT2023,SNN_Dense,1,8,0.7155393162521152,0.8466832700432587,0.8898473751882688,15768.59197692871,10.0,10447.805584716796,8703.051181244384,35423.50221161176,37343.50221161176,2536.0451030367376
CICIoT2023,SNN_Dense,1,8,0.7155393162521152,0.8466832700432587,0.8898473751882688,15768.59197692871,20.0,10447.805584716796,8703.051181244384,62143.953241979136,65983.95324197914,2536.0451030367376
CICIoT2023,Dense_SNN,1,8,0.7169875617652071,0.8387866040952761,0.8887366121420096,24463.199999999997,2.5,10308.50591506958,8204.921040397074,14631.962599645149,15111.962599645149,2434.81662369923
CICIoT2023,Dense_SNN,1,8,0.7169875617652071,0.8387866040952761,0.8887366121420096,24463.199999999997,5.0,10308.50591506958,8204.921040397074,21059.00415889322,22019.00415889322,2434.81662369923
CICIoT2023,Dense_SNN,1,8,0.7169875617652071,0.8387866040952761,0.8887366121420096,24463.199999999997,10.0,10308.50591506958,8204.921040397074,33913.08727738937,35833.08727738937,2434.81662369923
CICIoT2023,Dense_SNN,1,8,0.7169875617652071,0.8387866040952761,0.8887366121420096,24463.199999999997,20.0,10308.50591506958,8204.921040397074,59621.25351438167,63461.25351438167,2434.81662369923
CICIoT2023,Dense_AE,1,8,0.7224342744372118,0.8339166391273035,0.8899948924296154,15032.8,2.5,14425.599999999999,10141.182952332538,16137.695426426308,16137.695426426308,2204.604989637508
CICIoT2023,Dense_AE,1,8,0.7224342744372118,0.8339166391273035,0.8899948924296154,15032.8,5.0,14425.599999999999,10141.182952332538,22134.20790052008,22134.20790052008,2204.604989637508
CICIoT2023,Dense_AE,1,8,0.7224342744372118,0.8339166391273035,0.8899948924296154,15032.8,10.0,14425.599999999999,10141.182952332538,34127.232848707616,34127.232848707616,2204.604989637508
CICIoT2023,Dense_AE,1,8,0.7224342744372118,0.8339166391273035,0.8899948924296154,15032.8,20.0,14425.599999999999,10141.182952332538,58113.282745082695,58113.282745082695,2204.604989637508
CICIoT2023,SNN_AE_T2,1,8,0.7969034779504331,0.8347467229381029,0.8900884408132325,11626.563220214843,2.5,6703.262320137023,6703.262320137023,14619.546542739867,15259.546542739867,3092.5136890411377
CICIoT2023,SNN_AE_T2,1,8,0.7969034779504331,0.8347467229381029,0.8900884408132325,11626.563220214843,5.0,6703.262320137023,6703.262320137023,22535.83076534271,23815.83076534271,3092.5136890411377
CICIoT2023,SNN_AE_T2,1,8,0.7969034779504331,0.8347467229381029,0.8900884408132325,11626.563220214843,10.0,6703.262320137023,6703.262320137023,38368.3992105484,40928.3992105484,3092.5136890411377
CICIoT2023,SNN_AE_T2,1,8,0.7969034779504331,0.8347467229381029,0.8900884408132325,11626.563220214843,20.0,6703.262320137023,6703.262320137023,70033.53610095978,75153.53610095978,3092.5136890411377
CICIoT2023,SNN_AE_T5,1,8,0.8358261887240777,0.8780167779403736,0.9196203358550123,11669.49437561035,2.5,7414.408884048462,7414.408884048462,17282.76689529419,18882.76689529419,3861.343204498291
CICIoT2023,SNN_AE_T5,1,8,0.8358261887240777,0.8780167779403736,0.9196203358550123,11669.49437561035,5.0,7414.408884048462,7414.408884048462,27151.124906539917,30351.124906539917,3861.343204498291
CICIoT2023,SNN_AE_T5,1,8,0.8358261887240777,0.8780167779403736,0.9196203358550123,11669.49437561035,10.0,7414.408884048462,7414.408884048462,46887.84092903137,53287.84092903137,3861.343204498291
CICIoT2023,SNN_AE_T5,1,8,0.8358261887240777,0.8780167779403736,0.9196203358550123,11669.49437561035,20.0,7414.408884048462,7414.408884048462,86361.27297401428,99161.27297401428,3861.343204498291
CICIoT2023,SNN_AE_T7,1,8,0.685066321142626,0.8408650468444415,0.8880635433752355,11652.88959197998,2.5,7821.701861953736,7821.701861953736,18805.87370071411,21045.87370071411,4299.66873550415
CICIoT2023,SNN_AE_T7,1,8,0.685066321142626,0.8408650468444415,0.8880635433752355,11652.88959197998,5.0,7821.701861953736,7821.701861953736,29790.045539474486,34270.045539474486,4299.66873550415
CICIoT2023,SNN_AE_T7,1,8,0.685066321142626,0.8408650468444415,0.8880635433752355,11652.88959197998,10.0,7821.701861953736,7821.701861953736,51758.38921699524,60718.38921699524,4299.66873550415
CICIoT2023,SNN_AE_T7,1,8,0.685066321142626,0.8408650468444415,0.8880635433752355,11652.88959197998,20.0,7821.701861953736,7821.701861953736,95695.07657203675,113615.07657203675,4299.66873550415
CICIoT2023,SNN_AE_noBN,1,8,0.7851825393841411,0.8604836067544073,0.9034325983682845,10669.50719604492,2.5,6459.963801383971,6459.963801383971,13692.641027450562,14652.641027450562,2815.0708904266357
CICIoT2023,SNN_AE_noBN,1,8,0.7851825393841411,0.8604836067544073,0.9034325983682845,10669.50719604492,5.0,6459.963801383971,6459.963801383971,20925.31825351715,22845.31825351715,2815.0708904266357
CICIoT2023,SNN_AE_noBN,1,8,0.7851825393841411,0.8604836067544073,0.9034325983682845,10669.50719604492,10.0,6459.963801383971,6459.963801383971,35390.67270565033,39230.67270565033,2815.0708904266357
CICIoT2023,SNN_AE_noBN,1,8,0.7851825393841411,0.8604836067544073,0.9034325983682845,10669.50719604492,20.0,6459.963801383971,6459.963801383971,64321.38160991669,72001.38160991669,2815.0708904266357
CICIoT2023,IF,1,8,0.7951667399829656,0.8270910950757906,0.8815006663589505,,2.5,1800.0,1800.0,11882.5,11882.5,4000.0
CICIoT2023,IF,1,8,0.7951667399829656,0.8270910950757906,0.8815006663589505,,5.0,1800.0,1800.0,21965.0,21965.0,4000.0
CICIoT2023,IF,1,8,0.7951667399829656,0.8270910950757906,0.8815006663589505,,10.0,1800.0,1800.0,42130.0,42130.0,4000.0
CICIoT2023,IF,1,8,0.7951667399829656,0.8270910950757906,0.8815006663589505,,20.0,1800.0,1800.0,82460.0,82460.0,4000.0
CICIoT2023,OCSVM,1,8,0.6102953944702773,0.6769745527720563,0.7683722605231728,,2.5,33782.399999999994,33782.399999999994,52224.899999999994,52224.899999999994,7344.0
CICIoT2023,OCSVM,1,8,0.6102953944702773,0.6769745527720563,0.7683722605231728,,5.0,33782.399999999994,33782.399999999994,70667.4,70667.4,7344.0
CICIoT2023,OCSVM,1,8,0.6102953944702773,0.6769745527720563,0.7683722605231728,,10.0,33782.399999999994,33782.399999999994,107552.4,107552.4,7344.0
CICIoT2023,OCSVM,1,8,0.6102953944702773,0.6769745527720563,0.7683722605231728,,20.0,33782.399999999994,33782.399999999994,181322.4,181322.4,7344.0
CICIoT2023,LOF,1,8,0.3080053743102751,0.8982216666437299,0.902574860020891,,2.5,3035999.9999999995,3035999.9999999995,4686082.5,4686082.5,660000.0
CICIoT2023,LOF,1,8,0.3080053743102751,0.8982216666437299,0.902574860020891,,5.0,3035999.9999999995,3035999.9999999995,6336165.0,6336165.0,660000.0
CICIoT2023,LOF,1,8,0.3080053743102751,0.8982216666437299,0.902574860020891,,10.0,3035999.9999999995,3035999.9999999995,9636330.0,9636330.0,660000.0
CICIoT2023,LOF,1,8,0.3080053743102751,0.8982216666437299,0.902574860020891,,20.0,3035999.9999999995,3035999.9999999995,16236660.0,16236660.0,660000.0
CICIoT2023,SNN_AE,1,9,0.7555121760773023,0.9376438644219652,0.9603626776241203,11175.417645263671,2.5,6382.044896507262,6382.044896507262,13398.280720138548,14358.280720138548,2728.4943294525146
CICIoT2023,SNN_AE,1,9,0.7555121760773023,0.9376438644219652,0.9603626776241203,11175.417645263671,5.0,6382.044896507262,6382.044896507262,20414.516543769834,22334.516543769834,2728.4943294525146
CICIoT2023,SNN_AE,1,9,0.7555121760773023,0.9376438644219652,0.9603626776241203,11175.417645263671,10.0,6382.044896507262,6382.044896507262,34446.98819103241,38286.98819103241,2728.4943294525146
CICIoT2023,SNN_AE,1,9,0.7555121760773023,0.9376438644219652,0.9603626776241203,11175.417645263671,20.0,6382.044896507262,6382.044896507262,62511.93148555756,70191.93148555755,2728.4943294525146
CICIoT2023,LSTM_AE,1,9,0.8185255198487713,0.9036917190611966,0.9415634404688984,331200.0,2.5,331200.0,331200.0,513367.5,513367.5,72801.0
CICIoT2023,LSTM_AE,1,9,0.8185255198487713,0.9036917190611966,0.9415634404688984,331200.0,5.0,331200.0,331200.0,695535.0,695535.0,72801.0
CICIoT2023,LSTM_AE,1,9,0.8185255198487713,0.9036917190611966,0.9415634404688984,331200.0,10.0,331200.0,331200.0,1059870.0,1059870.0,72801.0
CICIoT2023,LSTM_AE,1,9,0.8185255198487713,0.9036917190611966,0.9415634404688984,331200.0,20.0,331200.0,331200.0,1788540.0,1788540.0,72801.0
CICIoT2023,CNN_AE,1,9,0.7751690747002766,0.9629134314028174,0.9756746011610701,351955.19999999995,2.5,351955.19999999995,351955.19999999995,385922.69999999995,385922.69999999995,13521.0
CICIoT2023,CNN_AE,1,9,0.7751690747002766,0.9629134314028174,0.9756746011610701,351955.19999999995,5.0,351955.19999999995,351955.19999999995,419890.19999999995,419890.19999999995,13521.0
CICIoT2023,CNN_AE,1,9,0.7751690747002766,0.9629134314028174,0.9756746011610701,351955.19999999995,10.0,351955.19999999995,351955.19999999995,487825.19999999995,487825.19999999995,13521.0
CICIoT2023,CNN_AE,1,9,0.7751690747002766,0.9629134314028174,0.9756746011610701,351955.19999999995,20.0,351955.19999999995,351955.19999999995,623695.2,623695.2,13521.0
CICIoT2023,SNN_Dense,1,9,0.7008283999551665,0.9382754886826605,0.9603971779876509,15894.390405273436,2.5,10573.084936523437,8708.888106211449,15672.084700853371,16152.084700853371,2649.278637856769
CICIoT2023,SNN_Dense,1,9,0.7008283999551665,0.9382754886826605,0.9603971779876509,15894.390405273436,5.0,10573.084936523437,8708.888106211449,22635.281295495293,23595.281295495293,2649.278637856769
CICIoT2023,SNN_Dense,1,9,0.7008283999551665,0.9382754886826605,0.9603971779876509,15894.390405273436,10.0,10573.084936523437,8708.888106211449,36561.67448477914,38481.67448477914,2649.278637856769
CICIoT2023,SNN_Dense,1,9,0.7008283999551665,0.9382754886826605,0.9603971779876509,15894.390405273436,20.0,10573.084936523437,8708.888106211449,64414.46086334683,68254.46086334683,2649.278637856769
CICIoT2023,Dense_SNN,1,9,0.6424700558956614,0.9169277140729708,0.9486105751141694,24463.199999999997,2.5,10341.704511260987,8979.889775401653,15902.285602410793,16382.285602410793,2632.9583308036563
CICIoT2023,Dense_SNN,1,9,0.6424700558956614,0.9169277140729708,0.9486105751141694,24463.199999999997,5.0,10341.704511260987,8979.889775401653,22824.681429419936,23784.681429419936,2632.9583308036563
CICIoT2023,Dense_SNN,1,9,0.6424700558956614,0.9169277140729708,0.9486105751141694,24463.199999999997,10.0,10341.704511260987,8979.889775401653,36669.47308343821,38589.47308343821,2632.9583308036563
CICIoT2023,Dense_SNN,1,9,0.6424700558956614,0.9169277140729708,0.9486105751141694,24463.199999999997,20.0,10341.704511260987,8979.889775401653,64359.056391474776,68199.05639147478,2632.9583308036563
CICIoT2023,Dense_AE,1,9,0.8236053957299182,0.890609544219046,0.9341821959853233,15032.8,2.5,14425.599999999999,10500.901867268341,16692.91375165331,16692.91375165331,2282.8047537539874
CICIoT2023,Dense_AE,1,9,0.8236053957299182,0.890609544219046,0.9341821959853233,15032.8,5.0,14425.599999999999,10500.901867268341,22884.92563603828,22884.92563603828,2282.8047537539874
CICIoT2023,Dense_AE,1,9,0.8236053957299182,0.890609544219046,0.9341821959853233,15032.8,10.0,14425.599999999999,10500.901867268341,35268.94940480821,35268.94940480821,2282.8047537539874
CICIoT2023,Dense_AE,1,9,0.8236053957299182,0.890609544219046,0.9341821959853233,15032.8,20.0,14425.599999999999,10500.901867268341,60036.996942348094,60036.996942348094,2282.8047537539874
CICIoT2023,SNN_AE_T2,1,9,0.6700740586210493,0.9299454271168177,0.9489778859606943,11521.097546386718,2.5,6492.180856323242,6492.180856323242,13822.127679443358,14462.127679443358,2857.978729248047
CICIoT2023,SNN_AE_T2,1,9,0.6700740586210493,0.9299454271168177,0.9489778859606943,11521.097546386718,5.0,6492.180856323242,6492.180856323242,21152.074502563475,22432.074502563475,2857.978729248047
CICIoT2023,SNN_AE_T2,1,9,0.6700740586210493,0.9299454271168177,0.9489778859606943,11521.097546386718,10.0,6492.180856323242,6492.180856323242,35811.96814880371,38371.96814880371,2857.978729248047
CICIoT2023,SNN_AE_T2,1,9,0.6700740586210493,0.9299454271168177,0.9489778859606943,11521.097546386718,20.0,6492.180856323242,6492.180856323242,65131.75544128418,70251.75544128419,2857.978729248047
CICIoT2023,SNN_AE_T5,1,9,0.714665913948143,0.9525170574311849,0.9651389546819606,11584.937689208982,2.5,7198.435536193847,7198.435536193847,16466.867581176757,18066.867581176757,3621.372817993164
CICIoT2023,SNN_AE_T5,1,9,0.714665913948143,0.9525170574311849,0.9651389546819606,11584.937689208982,5.0,7198.435536193847,7198.435536193847,25735.299626159667,28935.299626159667,3621.372817993164
CICIoT2023,SNN_AE_T5,1,9,0.714665913948143,0.9525170574311849,0.9651389546819606,11584.937689208982,10.0,7198.435536193847,7198.435536193847,44272.16371612549,50672.16371612549,3621.372817993164
CICIoT2023,SNN_AE_T5,1,9,0.714665913948143,0.9525170574311849,0.9651389546819606,11584.937689208982,20.0,7198.435536193847,7198.435536193847,81345.89189605713,94145.89189605713,3621.372817993164
CICIoT2023,SNN_AE_T7,1,9,0.7551476690261166,0.9275902371223266,0.9485339574529441,11700.0640335083,2.5,7722.719285583496,7722.719285583496,18431.93952331543,20671.93952331543,4189.688095092773
CICIoT2023,SNN_AE_T7,1,9,0.7551476690261166,0.9275902371223266,0.9485339574529441,11700.0640335083,5.0,7722.719285583496,7722.719285583496,29141.159761047362,33621.15976104736,4189.688095092773
CICIoT2023,SNN_AE_T7,1,9,0.7551476690261166,0.9275902371223266,0.9485339574529441,11700.0640335083,10.0,7722.719285583496,7722.719285583496,50559.60023651123,59519.60023651123,4189.688095092773
CICIoT2023,SNN_AE_T7,1,9,0.7551476690261166,0.9275902371223266,0.9485339574529441,11700.0640335083,20.0,7722.719285583496,7722.719285583496,93396.48118743897,111316.48118743897,4189.688095092773
CICIoT2023,SNN_AE_noBN,1,9,0.6354003895798104,0.9618230141232165,0.9723859146230625,10625.126358032227,2.5,6401.163397407531,6401.163397407531,13470.506167984007,14430.506167984007,2749.737108230591
CICIoT2023,SNN_AE_noBN,1,9,0.6354003895798104,0.9618230141232165,0.9723859146230625,10625.126358032227,5.0,6401.163397407531,6401.163397407531,20539.848938560484,22459.848938560484,2749.737108230591
CICIoT2023,SNN_AE_noBN,1,9,0.6354003895798104,0.9618230141232165,0.9723859146230625,10625.126358032227,10.0,6401.163397407531,6401.163397407531,34678.53447971344,38518.53447971344,2749.737108230591
CICIoT2023,SNN_AE_noBN,1,9,0.6354003895798104,0.9618230141232165,0.9723859146230625,10625.126358032227,20.0,6401.163397407531,6401.163397407531,62955.90556201935,70635.90556201935,2749.737108230591
CICIoT2023,IF,1,9,0.6553414950491917,0.8719214538498327,0.9154713533275798,,2.5,1800.0,1800.0,11882.5,11882.5,4000.0
CICIoT2023,IF,1,9,0.6553414950491917,0.8719214538498327,0.9154713533275798,,5.0,1800.0,1800.0,21965.0,21965.0,4000.0
CICIoT2023,IF,1,9,0.6553414950491917,0.8719214538498327,0.9154713533275798,,10.0,1800.0,1800.0,42130.0,42130.0,4000.0
CICIoT2023,IF,1,9,0.6553414950491917,0.8719214538498327,0.9154713533275798,,20.0,1800.0,1800.0,82460.0,82460.0,4000.0
CICIoT2023,OCSVM,1,9,0.4033560829002567,0.8857921556520106,0.9117345851434664,,2.5,33000.399999999994,33000.399999999994,51017.899999999994,51017.899999999994,7174.0
CICIoT2023,OCSVM,1,9,0.4033560829002567,0.8857921556520106,0.9117345851434664,,5.0,33000.399999999994,33000.399999999994,69035.4,69035.4,7174.0
CICIoT2023,OCSVM,1,9,0.4033560829002567,0.8857921556520106,0.9117345851434664,,10.0,33000.399999999994,33000.399999999994,105070.4,105070.4,7174.0
CICIoT2023,OCSVM,1,9,0.4033560829002567,0.8857921556520106,0.9117345851434664,,20.0,33000.399999999994,33000.399999999994,177140.4,177140.4,7174.0
CICIoT2023,LOF,1,9,0.19790532996000057,0.9273624692927496,0.9488781207848396,,2.5,3035999.9999999995,3035999.9999999995,4686082.5,4686082.5,660000.0
CICIoT2023,LOF,1,9,0.19790532996000057,0.9273624692927496,0.9488781207848396,,5.0,3035999.9999999995,3035999.9999999995,6336165.0,6336165.0,660000.0
CICIoT2023,LOF,1,9,0.19790532996000057,0.9273624692927496,0.9488781207848396,,10.0,3035999.9999999995,3035999.9999999995,9636330.0,9636330.0,660000.0
CICIoT2023,LOF,1,9,0.19790532996000057,0.9273624692927496,0.9488781207848396,,20.0,3035999.9999999995,3035999.9999999995,16236660.0,16236660.0,660000.0
CICIoT2023,SNN_AE,2,0,0.8271621856186222,0.9036688411022767,0.9323459113823663,11256.115164184568,2.5,6586.584190750122,6586.584190750122,14170.984720611572,15130.984720611572,2955.76021194458
CICIoT2023,SNN_AE,2,0,0.8271621856186222,0.9036688411022767,0.9323459113823663,11256.115164184568,5.0,6586.584190750122,6586.584190750122,21755.385250473024,23675.385250473024,2955.76021194458
CICIoT2023,SNN_AE,2,0,0.8271621856186222,0.9036688411022767,0.9323459113823663,11256.115164184568,10.0,6586.584190750122,6586.584190750122,36924.186310195924,40764.186310195924,2955.76021194458
CICIoT2023,SNN_AE,2,0,0.8271621856186222,0.9036688411022767,0.9323459113823663,11256.115164184568,20.0,6586.584190750122,6586.584190750122,67261.78842964172,74941.78842964172,2955.76021194458
CICIoT2023,LSTM_AE,2,0,0.8437166766072042,0.9057479539814803,0.93602103765765,331200.0,2.5,331200.0,331200.0,513367.5,513367.5,72801.0
CICIoT2023,LSTM_AE,2,0,0.8437166766072042,0.9057479539814803,0.93602103765765,331200.0,5.0,331200.0,331200.0,695535.0,695535.0,72801.0
CICIoT2023,LSTM_AE,2,0,0.8437166766072042,0.9057479539814803,0.93602103765765,331200.0,10.0,331200.0,331200.0,1059870.0,1059870.0,72801.0
CICIoT2023,LSTM_AE,2,0,0.8437166766072042,0.9057479539814803,0.93602103765765,331200.0,20.0,331200.0,331200.0,1788540.0,1788540.0,72801.0
CICIoT2023,CNN_AE,2,0,0.8297043034565845,0.9259626794673947,0.9448951834475047,351955.19999999995,2.5,351955.19999999995,351955.19999999995,385922.69999999995,385922.69999999995,13521.0
CICIoT2023,CNN_AE,2,0,0.8297043034565845,0.9259626794673947,0.9448951834475047,351955.19999999995,5.0,351955.19999999995,351955.19999999995,419890.19999999995,419890.19999999995,13521.0
CICIoT2023,CNN_AE,2,0,0.8297043034565845,0.9259626794673947,0.9448951834475047,351955.19999999995,10.0,351955.19999999995,351955.19999999995,487825.19999999995,487825.19999999995,13521.0
CICIoT2023,CNN_AE,2,0,0.8297043034565845,0.9259626794673947,0.9448951834475047,351955.19999999995,20.0,351955.19999999995,351955.19999999995,623695.2,623695.2,13521.0
CICIoT2023,SNN_Dense,2,0,0.7991423381584615,0.9093744167711069,0.935105932487883,15858.851144409178,2.5,10556.863568115234,9018.612329298992,16113.89391045567,16593.89391045567,2702.1126324626716
CICIoT2023,SNN_Dense,2,0,0.7991423381584615,0.9093744167711069,0.935105932487883,15858.851144409178,5.0,10556.863568115234,9018.612329298992,23209.17549161235,24169.17549161235,2702.1126324626716
CICIoT2023,SNN_Dense,2,0,0.7991423381584615,0.9093744167711069,0.935105932487883,15858.851144409178,10.0,10556.863568115234,9018.612329298992,37399.738653925706,39319.738653925706,2702.1126324626716
CICIoT2023,SNN_Dense,2,0,0.7991423381584615,0.9093744167711069,0.935105932487883,15858.851144409178,20.0,10556.863568115234,9018.612329298992,65780.86497855242,69620.86497855242,2702.1126324626716
CICIoT2023,Dense_SNN,2,0,0.786590150605542,0.9245327618023533,0.9469999440940593,24463.199999999997,2.5,10471.475861930847,8770.85790535198,15869.59752127041,16349.59752127041,2703.4958463673715
CICIoT2023,Dense_SNN,2,0,0.786590150605542,0.9245327618023533,0.9469999440940593,24463.199999999997,5.0,10471.475861930847,8770.85790535198,22968.33713718884,23928.33713718884,2703.4958463673715
CICIoT2023,Dense_SNN,2,0,0.786590150605542,0.9245327618023533,0.9469999440940593,24463.199999999997,10.0,10471.475861930847,8770.85790535198,37165.8163690257,39085.8163690257,2703.4958463673715
CICIoT2023,Dense_SNN,2,0,0.786590150605542,0.9245327618023533,0.9469999440940593,24463.199999999997,20.0,10471.475861930847,8770.85790535198,65560.77483269942,69400.77483269942,2703.4958463673715
CICIoT2023,Dense_AE,2,0,0.8413368911401565,0.9360714288947323,0.9573583112171624,15032.8,2.5,14425.599999999999,10485.725218982669,16669.48892495151,16669.48892495151,2279.5054823875366
CICIoT2023,Dense_AE,2,0,0.8413368911401565,0.9360714288947323,0.9573583112171624,15032.8,5.0,14425.599999999999,10485.725218982669,22853.252630920353,22853.252630920353,2279.5054823875366
CICIoT2023,Dense_AE,2,0,0.8413368911401565,0.9360714288947323,0.9573583112171624,15032.8,10.0,14425.599999999999,10485.725218982669,35220.78004285804,35220.78004285804,2279.5054823875366
CICIoT2023,Dense_AE,2,0,0.8413368911401565,0.9360714288947323,0.9573583112171624,15032.8,20.0,14425.599999999999,10485.725218982669,59955.8348667334,59955.8348667334,2279.5054823875366
CICIoT2023,SNN_AE_T2,2,0,0.8169688487002643,0.8987058105445754,0.9308034379354022,11756.998400878905,2.5,6984.977009201049,6984.977009201049,15683.802034759521,16323.802034759521,3405.5300102233887
CICIoT2023,SNN_AE_T2,2,0,0.8169688487002643,0.8987058105445754,0.9308034379354022,11756.998400878905,5.0,6984.977009201049,6984.977009201049,24382.627060317995,25662.627060317995,3405.5300102233887
CICIoT2023,SNN_AE_T2,2,0,0.8169688487002643,0.8987058105445754,0.9308034379354022,11756.998400878905,10.0,6984.977009201049,6984.977009201049,41780.27711143494,44340.27711143494,3405.5300102233887
CICIoT2023,SNN_AE_T2,2,0,0.8169688487002643,0.8987058105445754,0.9308034379354022,11756.998400878905,20.0,6984.977009201049,6984.977009201049,76575.57721366882,81695.57721366882,3405.5300102233887
CICIoT2023,SNN_AE_T5,2,0,0.8127940141497203,0.9315479959410535,0.9511792365459433,11645.561621093748,2.5,7472.702969360352,7472.702969360352,17502.988995361327,19102.988995361327,3926.1144104003906
CICIoT2023,SNN_AE_T5,2,0,0.8127940141497203,0.9315479959410535,0.9511792365459433,11645.561621093748,5.0,7472.702969360352,7472.702969360352,27533.275021362304,30733.275021362304,3926.1144104003906
CICIoT2023,SNN_AE_T5,2,0,0.8127940141497203,0.9315479959410535,0.9511792365459433,11645.561621093748,10.0,7472.702969360352,7472.702969360352,47593.84707336426,53993.84707336426,3926.1144104003906
CICIoT2023,SNN_AE_T5,2,0,0.8127940141497203,0.9315479959410535,0.9511792365459433,11645.561621093748,20.0,7472.702969360352,7472.702969360352,87714.99117736817,100514.99117736817,3926.1144104003906
CICIoT2023,SNN_AE_T7,2,0,0.8421203798445438,0.9117307313504683,0.9391259545087292,11550.505555725096,2.5,7627.317400741576,7627.317400741576,18071.532402801513,20311.532402801513,4083.6860008239746
CICIoT2023,SNN_AE_T7,2,0,0.8421203798445438,0.9117307313504683,0.9391259545087292,11550.505555725096,5.0,7627.317400741576,7627.317400741576,28515.74740486145,32995.74740486145,4083.6860008239746
CICIoT2023,SNN_AE_T7,2,0,0.8421203798445438,0.9117307313504683,0.9391259545087292,11550.505555725096,10.0,7627.317400741576,7627.317400741576,49404.177408981326,58364.177408981326,4083.6860008239746
CICIoT2023,SNN_AE_T7,2,0,0.8421203798445438,0.9117307313504683,0.9391259545087292,11550.505555725096,20.0,7627.317400741576,7627.317400741576,91181.03741722107,109101.03741722107,4083.6860008239746
CICIoT2023,SNN_AE_noBN,2,0,0.7799110367638672,0.9261178146524542,0.944414954398603,10616.803225708007,2.5,6523.368003845214,6523.368003845214,13932.168014526367,14892.168014526367,2885.520004272461
CICIoT2023,SNN_AE_noBN,2,0,0.7799110367638672,0.9261178146524542,0.944414954398603,10616.803225708007,5.0,6523.368003845214,6523.368003845214,21340.96802520752,23260.96802520752,2885.520004272461
CICIoT2023,SNN_AE_noBN,2,0,0.7799110367638672,0.9261178146524542,0.944414954398603,10616.803225708007,10.0,6523.368003845214,6523.368003845214,36158.568046569824,39998.568046569824,2885.520004272461
CICIoT2023,SNN_AE_noBN,2,0,0.7799110367638672,0.9261178146524542,0.944414954398603,10616.803225708007,20.0,6523.368003845214,6523.368003845214,65793.76808929443,73473.76808929443,2885.520004272461
CICIoT2023,IF,2,0,0.6338445859872611,0.8738749665883135,0.8808512488425915,,2.5,1800.0,1800.0,11882.5,11882.5,4000.0
CICIoT2023,IF,2,0,0.6338445859872611,0.8738749665883135,0.8808512488425915,,5.0,1800.0,1800.0,21965.0,21965.0,4000.0
CICIoT2023,IF,2,0,0.6338445859872611,0.8738749665883135,0.8808512488425915,,10.0,1800.0,1800.0,42130.0,42130.0,4000.0
CICIoT2023,IF,2,0,0.6338445859872611,0.8738749665883135,0.8808512488425915,,20.0,1800.0,1800.0,82460.0,82460.0,4000.0
CICIoT2023,OCSVM,2,0,0.6102052581771508,0.7907105727726409,0.8386620017384161,,2.5,33469.6,33469.6,51742.1,51742.1,7276.0
CICIoT2023,OCSVM,2,0,0.6102052581771508,0.7907105727726409,0.8386620017384161,,5.0,33469.6,33469.6,70014.6,70014.6,7276.0
CICIoT2023,OCSVM,2,0,0.6102052581771508,0.7907105727726409,0.8386620017384161,,10.0,33469.6,33469.6,106559.6,106559.6,7276.0
CICIoT2023,OCSVM,2,0,0.6102052581771508,0.7907105727726409,0.8386620017384161,,20.0,33469.6,33469.6,179649.6,179649.6,7276.0
CICIoT2023,LOF,2,0,0.26761323759650163,0.8336856326384314,0.8476991615850267,,2.5,3035999.9999999995,3035999.9999999995,4686082.5,4686082.5,660000.0
CICIoT2023,LOF,2,0,0.26761323759650163,0.8336856326384314,0.8476991615850267,,5.0,3035999.9999999995,3035999.9999999995,6336165.0,6336165.0,660000.0
CICIoT2023,LOF,2,0,0.26761323759650163,0.8336856326384314,0.8476991615850267,,10.0,3035999.9999999995,3035999.9999999995,9636330.0,9636330.0,660000.0
CICIoT2023,LOF,2,0,0.26761323759650163,0.8336856326384314,0.8476991615850267,,20.0,3035999.9999999995,3035999.9999999995,16236660.0,16236660.0,660000.0
CICIoT2023,SNN_AE,2,1,0.8235661879631503,0.9201469206832699,0.9451968428991467,11136.45122680664,2.5,6391.985485839843,6391.985485839843,13435.834057617187,14395.834057617187,2739.5394287109375
CICIoT2023,SNN_AE,2,1,0.8235661879631503,0.9201469206832699,0.9451968428991467,11136.45122680664,5.0,6391.985485839843,6391.985485839843,20479.68262939453,22399.68262939453,2739.5394287109375
CICIoT2023,SNN_AE,2,1,0.8235661879631503,0.9201469206832699,0.9451968428991467,11136.45122680664,10.0,6391.985485839843,6391.985485839843,34567.37977294922,38407.37977294922,2739.5394287109375
CICIoT2023,SNN_AE,2,1,0.8235661879631503,0.9201469206832699,0.9451968428991467,11136.45122680664,20.0,6391.985485839843,6391.985485839843,62742.7740600586,70422.7740600586,2739.5394287109375
CICIoT2023,LSTM_AE,2,1,0.8381273448969605,0.9282903772479905,0.9479671323082454,331200.0,2.5,331200.0,331200.0,513367.5,513367.5,72801.0
CICIoT2023,LSTM_AE,2,1,0.8381273448969605,0.9282903772479905,0.9479671323082454,331200.0,5.0,331200.0,331200.0,695535.0,695535.0,72801.0
CICIoT2023,LSTM_AE,2,1,0.8381273448969605,0.9282903772479905,0.9479671323082454,331200.0,10.0,331200.0,331200.0,1059870.0,1059870.0,72801.0
CICIoT2023,LSTM_AE,2,1,0.8381273448969605,0.9282903772479905,0.9479671323082454,331200.0,20.0,331200.0,331200.0,1788540.0,1788540.0,72801.0
CICIoT2023,CNN_AE,2,1,0.8456483671221996,0.9281401404645147,0.9489145629460405,351955.19999999995,2.5,351955.19999999995,351955.19999999995,385922.69999999995,385922.69999999995,13521.0
CICIoT2023,CNN_AE,2,1,0.8456483671221996,0.9281401404645147,0.9489145629460405,351955.19999999995,5.0,351955.19999999995,351955.19999999995,419890.19999999995,419890.19999999995,13521.0
CICIoT2023,CNN_AE,2,1,0.8456483671221996,0.9281401404645147,0.9489145629460405,351955.19999999995,10.0,351955.19999999995,351955.19999999995,487825.19999999995,487825.19999999995,13521.0
CICIoT2023,CNN_AE,2,1,0.8456483671221996,0.9281401404645147,0.9489145629460405,351955.19999999995,20.0,351955.19999999995,351955.19999999995,623695.2,623695.2,13521.0
CICIoT2023,SNN_Dense,2,1,0.83635373655792,0.9316811264073593,0.9520725514290342,15864.409594726563,2.5,10544.61134033203,8800.90759966805,15750.496246364764,16230.496246364764,2643.8354586786863
CICIoT2023,SNN_Dense,2,1,0.83635373655792,0.9316811264073593,0.9520725514290342,15864.409594726563,5.0,10544.61134033203,8800.90759966805,22700.08489306148,23660.08489306148,2643.8354586786863
CICIoT2023,SNN_Dense,2,1,0.83635373655792,0.9316811264073593,0.9520725514290342,15864.409594726563,10.0,10544.61134033203,8800.90759966805,36599.262186454915,38519.262186454915,2643.8354586786863
CICIoT2023,SNN_Dense,2,1,0.83635373655792,0.9316811264073593,0.9520725514290342,15864.409594726563,20.0,10544.61134033203,8800.90759966805,64397.616773241774,68237.61677324178,2643.8354586786863
CICIoT2023,Dense_SNN,2,1,0.8381406221902535,0.9081883957900403,0.9354997031206704,24463.199999999997,2.5,10631.816083526612,9245.75882626309,16960.844848416018,17440.844848416018,2950.03440886117
CICIoT2023,Dense_SNN,2,1,0.8381406221902535,0.9081883957900403,0.9354997031206704,24463.199999999997,5.0,10631.816083526612,9245.75882626309,24675.93087056894,25635.93087056894,2950.03440886117
CICIoT2023,Dense_SNN,2,1,0.8381406221902535,0.9081883957900403,0.9354997031206704,24463.199999999997,10.0,10631.816083526612,9245.75882626309,40106.10291487479,42026.10291487479,2950.03440886117
CICIoT2023,Dense_SNN,2,1,0.8381406221902535,0.9081883957900403,0.9354997031206704,24463.199999999997,20.0,10631.816083526612,9245.75882626309,70966.4470034865,74806.4470034865,2950.03440886117
CICIoT2023,Dense_AE,2,1,0.8319982641086379,0.8749843792327818,0.9126595739752041,15032.8,2.5,14425.599999999999,9716.374022601962,15482.0120783639,15482.0120783639,2112.2552223047746
CICIoT2023,Dense_AE,2,1,0.8319982641086379,0.8749843792327818,0.9126595739752041,15032.8,5.0,14425.599999999999,9716.374022601962,21247.650134125834,21247.650134125834,2112.2552223047746
CICIoT2023,Dense_AE,2,1,0.8319982641086379,0.8749843792327818,0.9126595739752041,15032.8,10.0,14425.599999999999,9716.374022601962,32778.92624564971,32778.92624564971,2112.2552223047746
CICIoT2023,Dense_AE,2,1,0.8319982641086379,0.8749843792327818,0.9126595739752041,15032.8,20.0,14425.599999999999,9716.374022601962,55841.47846869746,55841.47846869746,2112.2552223047746
CICIoT2023,SNN_AE_T2,2,1,0.7024855836150328,0.8994658285892537,0.9224711176981529,11696.748828124999,2.5,6805.3817523956295,6805.3817523956295,15005.331064605713,15645.331064605713,3205.979724884033
CICIoT2023,SNN_AE_T2,2,1,0.7024855836150328,0.8994658285892537,0.9224711176981529,11696.748828124999,5.0,6805.3817523956295,6805.3817523956295,23205.280376815797,24485.280376815797,3205.979724884033
CICIoT2023,SNN_AE_T2,2,1,0.7024855836150328,0.8994658285892537,0.9224711176981529,11696.748828124999,10.0,6805.3817523956295,6805.3817523956295,39605.17900123596,42165.17900123596,3205.979724884033
CICIoT2023,SNN_AE_T2,2,1,0.7024855836150328,0.8994658285892537,0.9224711176981529,11696.748828124999,20.0,6805.3817523956295,6805.3817523956295,72404.97625007629,77524.97625007629,3205.979724884033
CICIoT2023,SNN_AE_T5,2,1,0.8214607588883371,0.9204049436903359,0.9430686145664693,11779.85602416992,2.5,7525.3782585144045,7525.3782585144045,17701.984532165527,19301.984532165527,3984.642509460449
CICIoT2023,SNN_AE_T5,2,1,0.8214607588883371,0.9204049436903359,0.9430686145664693,11779.85602416992,5.0,7525.3782585144045,7525.3782585144045,27878.59080581665,31078.59080581665,3984.642509460449
CICIoT2023,SNN_AE_T5,2,1,0.8214607588883371,0.9204049436903359,0.9430686145664693,11779.85602416992,10.0,7525.3782585144045,7525.3782585144045,48231.8033531189,54631.8033531189,3984.642509460449
CICIoT2023,SNN_AE_T5,2,1,0.8214607588883371,0.9204049436903359,0.9430686145664693,11779.85602416992,20.0,7525.3782585144045,7525.3782585144045,88938.22844772339,101738.22844772339,3984.642509460449
CICIoT2023,SNN_AE_T7,2,1,0.8320018968410301,0.911514032903499,0.9390579808609225,11644.07693634033,2.5,7835.249982070923,7835.249982070923,18857.055487823487,21097.055487823487,4314.722202301025
CICIoT2023,SNN_AE_T7,2,1,0.8320018968410301,0.911514032903499,0.9390579808609225,11644.07693634033,5.0,7835.249982070923,7835.249982070923,29878.86099357605,34358.86099357605,4314.722202301025
CICIoT2023,SNN_AE_T7,2,1,0.8320018968410301,0.911514032903499,0.9390579808609225,11644.07693634033,10.0,7835.249982070923,7835.249982070923,51922.472005081174,60882.472005081174,4314.722202301025
CICIoT2023,SNN_AE_T7,2,1,0.8320018968410301,0.911514032903499,0.9390579808609225,11644.07693634033,20.0,7835.249982070923,7835.249982070923,96009.69402809143,113929.69402809143,4314.722202301025
CICIoT2023,SNN_AE_noBN,2,1,0.7969908031654221,0.9115977912237967,0.9349801112743873,10644.393685913084,2.5,6445.376597785948,6445.376597785948,13637.53381385803,14597.53381385803,2798.862886428833
CICIoT2023,SNN_AE_noBN,2,1,0.7969908031654221,0.9115977912237967,0.9349801112743873,10644.393685913084,5.0,6445.376597785948,6445.376597785948,20829.691029930113,22749.691029930113,2798.862886428833
CICIoT2023,SNN_AE_noBN,2,1,0.7969908031654221,0.9115977912237967,0.9349801112743873,10644.393685913084,10.0,6445.376597785948,6445.376597785948,35214.00546207428,39054.00546207428,2798.862886428833
CICIoT2023,SNN_AE_noBN,2,1,0.7969908031654221,0.9115977912237967,0.9349801112743873,10644.393685913084,20.0,6445.376597785948,6445.376597785948,63982.63432636261,71662.6343263626,2798.862886428833
CICIoT2023,IF,2,1,0.3273117323112745,0.8882774775105394,0.9142904244719461,,2.5,1800.0,1800.0,11882.5,11882.5,4000.0
CICIoT2023,IF,2,1,0.3273117323112745,0.8882774775105394,0.9142904244719461,,5.0,1800.0,1800.0,21965.0,21965.0,4000.0
CICIoT2023,IF,2,1,0.3273117323112745,0.8882774775105394,0.9142904244719461,,10.0,1800.0,1800.0,42130.0,42130.0,4000.0
CICIoT2023,IF,2,1,0.3273117323112745,0.8882774775105394,0.9142904244719461,,20.0,1800.0,1800.0,82460.0,82460.0,4000.0
CICIoT2023,OCSVM,2,1,0.6411523323004773,0.8402995302864185,0.8656528548962217,,2.5,32687.6,32687.6,50535.1,50535.1,7106.0
CICIoT2023,OCSVM,2,1,0.6411523323004773,0.8402995302864185,0.8656528548962217,,5.0,32687.6,32687.6,68382.6,68382.6,7106.0
CICIoT2023,OCSVM,2,1,0.6411523323004773,0.8402995302864185,0.8656528548962217,,10.0,32687.6,32687.6,104077.6,104077.6,7106.0
CICIoT2023,OCSVM,2,1,0.6411523323004773,0.8402995302864185,0.8656528548962217,,20.0,32687.6,32687.6,175467.6,175467.6,7106.0
CICIoT2023,LOF,2,1,0.26167307220541336,0.7555176862653351,0.7501292246868598,,2.5,3035999.9999999995,3035999.9999999995,4686082.5,4686082.5,660000.0
CICIoT2023,LOF,2,1,0.26167307220541336,0.7555176862653351,0.7501292246868598,,5.0,3035999.9999999995,3035999.9999999995,6336165.0,6336165.0,660000.0
CICIoT2023,LOF,2,1,0.26167307220541336,0.7555176862653351,0.7501292246868598,,10.0,3035999.9999999995,3035999.9999999995,9636330.0,9636330.0,660000.0
CICIoT2023,LOF,2,1,0.26167307220541336,0.7555176862653351,0.7501292246868598,,20.0,3035999.9999999995,3035999.9999999995,16236660.0,16236660.0,660000.0
CICIoT2023,SNN_AE,2,2,0.806206953475362,0.9238703999677045,0.945311238790814,11187.71521911621,2.5,6422.624789428711,6422.624789428711,13551.582537841798,14511.582537841798,2773.5830993652344
CICIoT2023,SNN_AE,2,2,0.806206953475362,0.9238703999677045,0.945311238790814,11187.71521911621,5.0,6422.624789428711,6422.624789428711,20680.540286254884,22600.540286254884,2773.5830993652344
CICIoT2023,SNN_AE,2,2,0.806206953475362,0.9238703999677045,0.945311238790814,11187.71521911621,10.0,6422.624789428711,6422.624789428711,34938.45578308105,38778.45578308105,2773.5830993652344
CICIoT2023,SNN_AE,2,2,0.806206953475362,0.9238703999677045,0.945311238790814,11187.71521911621,20.0,6422.624789428711,6422.624789428711,63454.286776733396,71134.2867767334,2773.5830993652344
CICIoT2023,LSTM_AE,2,2,0.8468695675670806,0.9361721130315058,0.9540440272759456,331200.0,2.5,331200.0,331200.0,513367.5,513367.5,72801.0
CICIoT2023,LSTM_AE,2,2,0.8468695675670806,0.9361721130315058,0.9540440272759456,331200.0,5.0,331200.0,331200.0,695535.0,695535.0,72801.0
CICIoT2023,LSTM_AE,2,2,0.8468695675670806,0.9361721130315058,0.9540440272759456,331200.0,10.0,331200.0,331200.0,1059870.0,1059870.0,72801.0
CICIoT2023,LSTM_AE,2,2,0.8468695675670806,0.9361721130315058,0.9540440272759456,331200.0,20.0,331200.0,331200.0,1788540.0,1788540.0,72801.0
CICIoT2023,CNN_AE,2,2,0.8469984970382813,0.9453317495123575,0.9595571275177056,351955.19999999995,2.5,351955.19999999995,351955.19999999995,385922.69999999995,385922.69999999995,13521.0
CICIoT2023,CNN_AE,2,2,0.8469984970382813,0.9453317495123575,0.9595571275177056,351955.19999999995,5.0,351955.19999999995,351955.19999999995,419890.19999999995,419890.19999999995,13521.0
CICIoT2023,CNN_AE,2,2,0.8469984970382813,0.9453317495123575,0.9595571275177056,351955.19999999995,10.0,351955.19999999995,351955.19999999995,487825.19999999995,487825.19999999995,13521.0
CICIoT2023,CNN_AE,2,2,0.8469984970382813,0.9453317495123575,0.9595571275177056,351955.19999999995,20.0,351955.19999999995,351955.19999999995,623695.2,623695.2,13521.0
CICIoT2023,SNN_Dense,2,2,0.8368234258275922,0.9413587949650958,0.9583042458595658,15964.748773193358,2.5,10652.972900390623,8953.714934113954,16228.463226473781,16708.46322647378,2773.8993169439304
CICIoT2023,SNN_Dense,2,2,0.8368234258275922,0.9413587949650958,0.9583042458595658,15964.748773193358,5.0,10652.972900390623,8953.714934113954,23503.211518833607,24463.211518833607,2773.8993169439304
CICIoT2023,SNN_Dense,2,2,0.8368234258275922,0.9413587949650958,0.9583042458595658,15964.748773193358,10.0,10652.972900390623,8953.714934113954,38052.70810355326,39972.70810355326,2773.8993169439304
CICIoT2023,SNN_Dense,2,2,0.8368234258275922,0.9413587949650958,0.9583042458595658,15964.748773193358,20.0,10652.972900390623,8953.714934113954,67151.70127299256,70991.70127299256,2773.8993169439304
CICIoT2023,Dense_SNN,2,2,0.8305416019727829,0.9427924677061141,0.9588546271476635,24463.199999999997,2.5,10454.026670074463,8880.661469548904,16000.090214639198,16480.090214639196,2711.7714980361175
CICIoT2023,Dense_SNN,2,2,0.8305416019727829,0.9427924677061141,0.9588546271476635,24463.199999999997,5.0,10454.026670074463,8880.661469548904,23119.518959729492,24079.518959729492,2711.7714980361175
CICIoT2023,Dense_SNN,2,2,0.8305416019727829,0.9427924677061141,0.9588546271476635,24463.199999999997,10.0,10454.026670074463,8880.661469548904,37358.37644991008,39278.37644991008,2711.7714980361175
CICIoT2023,Dense_SNN,2,2,0.8305416019727829,0.9427924677061141,0.9588546271476635,24463.199999999997,20.0,10454.026670074463,8880.661469548904,65836.09143027125,69676.09143027125,2711.7714980361175
CICIoT2023,Dense_AE,2,2,0.8451395277522232,0.8850547119805592,0.9246194347181572,15032.8,2.5,14425.599999999999,10345.450869674029,16452.978516236,16452.978516236,2249.011058624789
CICIoT2023,Dense_AE,2,2,0.8451395277522232,0.8850547119805592,0.9246194347181572,15032.8,5.0,14425.599999999999,10345.450869674029,22560.506162797974,22560.506162797974,2249.011058624789
CICIoT2023,Dense_AE,2,2,0.8451395277522232,0.8850547119805592,0.9246194347181572,15032.8,10.0,14425.599999999999,10345.450869674029,34775.56145592192,34775.56145592192,2249.011058624789
CICIoT2023,Dense_AE,2,2,0.8451395277522232,0.8850547119805592,0.9246194347181572,15032.8,20.0,14425.599999999999,10345.450869674029,59205.672042169805,59205.672042169805,2249.011058624789
CICIoT2023,SNN_AE_T2,2,2,0.752199984424889,0.9271393408921731,0.9474104091990455,11724.137634277344,2.5,6856.6555654525755,6856.6555654525755,15199.032136154176,15839.032136154176,3262.9506282806396
CICIoT2023,SNN_AE_T2,2,2,0.752199984424889,0.9271393408921731,0.9474104091990455,11724.137634277344,5.0,6856.6555654525755,6856.6555654525755,23541.408706855775,24821.408706855775,3262.9506282806396
CICIoT2023,SNN_AE_T2,2,2,0.752199984424889,0.9271393408921731,0.9474104091990455,11724.137634277344,10.0,6856.6555654525755,6856.6555654525755,40226.16184825897,42786.16184825897,3262.9506282806396
CICIoT2023,SNN_AE_T2,2,2,0.752199984424889,0.9271393408921731,0.9474104091990455,11724.137634277344,20.0,6856.6555654525755,6856.6555654525755,73595.66813106537,78715.66813106537,3262.9506282806396
CICIoT2023,SNN_AE_T5,2,2,0.8353254013631373,0.943600251390446,0.9602346980346986,11465.446401977537,2.5,7039.30234298706,7039.30234298706,15865.697740173338,17465.69774017334,3444.5581588745117
CICIoT2023,SNN_AE_T5,2,2,0.8353254013631373,0.943600251390446,0.9602346980346986,11465.446401977537,5.0,7039.30234298706,7039.30234298706,24692.093137359618,27892.093137359618,3444.5581588745117
CICIoT2023,SNN_AE_T5,2,2,0.8353254013631373,0.943600251390446,0.9602346980346986,11465.446401977537,10.0,7039.30234298706,7039.30234298706,42344.883931732176,48744.883931732176,3444.5581588745117
CICIoT2023,SNN_AE_T5,2,2,0.8353254013631373,0.943600251390446,0.9602346980346986,11465.446401977537,20.0,7039.30234298706,7039.30234298706,77650.4655204773,90450.4655204773,3444.5581588745117
CICIoT2023,SNN_AE_T7,2,2,0.8464081647320947,0.9327686535075084,0.9528511005012957,11811.89432067871,2.5,7900.9102630615225,7900.9102630615225,19105.105438232422,21345.105438232422,4387.678070068359
CICIoT2023,SNN_AE_T7,2,2,0.8464081647320947,0.9327686535075084,0.9528511005012957,11811.89432067871,5.0,7900.9102630615225,7900.9102630615225,30309.30061340332,34789.30061340332,4387.678070068359
CICIoT2023,SNN_AE_T7,2,2,0.8464081647320947,0.9327686535075084,0.9528511005012957,11811.89432067871,10.0,7900.9102630615225,7900.9102630615225,52717.69096374512,61677.69096374512,4387.678070068359
CICIoT2023,SNN_AE_T7,2,2,0.8464081647320947,0.9327686535075084,0.9528511005012957,11811.89432067871,20.0,7900.9102630615225,7900.9102630615225,97534.47166442871,115454.47166442871,4387.678070068359
CICIoT2023,SNN_AE_noBN,2,2,0.7576775292534915,0.9288025183083808,0.9471368855096125,10642.032009887695,2.5,6503.524419021606,6503.524419021606,13857.203360748292,14817.203360748292,2863.471576690674
CICIoT2023,SNN_AE_noBN,2,2,0.7576775292534915,0.9288025183083808,0.9471368855096125,10642.032009887695,5.0,6503.524419021606,6503.524419021606,21210.882302474976,23130.882302474976,2863.471576690674
CICIoT2023,SNN_AE_noBN,2,2,0.7576775292534915,0.9288025183083808,0.9471368855096125,10642.032009887695,10.0,6503.524419021606,6503.524419021606,35918.24018592834,39758.24018592834,2863.471576690674
CICIoT2023,SNN_AE_noBN,2,2,0.7576775292534915,0.9288025183083808,0.9471368855096125,10642.032009887695,20.0,6503.524419021606,6503.524419021606,65332.95595283508,73012.95595283508,2863.471576690674
CICIoT2023,IF,2,2,0.3434152407352236,0.9062530855883546,0.92556556772626,,2.5,1800.0,1800.0,11882.5,11882.5,4000.0
CICIoT2023,IF,2,2,0.3434152407352236,0.9062530855883546,0.92556556772626,,5.0,1800.0,1800.0,21965.0,21965.0,4000.0
CICIoT2023,IF,2,2,0.3434152407352236,0.9062530855883546,0.92556556772626,,10.0,1800.0,1800.0,42130.0,42130.0,4000.0
CICIoT2023,IF,2,2,0.3434152407352236,0.9062530855883546,0.92556556772626,,20.0,1800.0,1800.0,82460.0,82460.0,4000.0
CICIoT2023,OCSVM,2,2,0.6078965727740473,0.8112644721687533,0.8554479339402273,,2.5,33000.399999999994,33000.399999999994,51017.899999999994,51017.899999999994,7174.0
CICIoT2023,OCSVM,2,2,0.6078965727740473,0.8112644721687533,0.8554479339402273,,5.0,33000.399999999994,33000.399999999994,69035.4,69035.4,7174.0
CICIoT2023,OCSVM,2,2,0.6078965727740473,0.8112644721687533,0.8554479339402273,,10.0,33000.399999999994,33000.399999999994,105070.4,105070.4,7174.0
CICIoT2023,OCSVM,2,2,0.6078965727740473,0.8112644721687533,0.8554479339402273,,20.0,33000.399999999994,33000.399999999994,177140.4,177140.4,7174.0
CICIoT2023,LOF,2,2,0.2614001634432035,0.7119993136001007,0.7356420524791993,,2.5,3035999.9999999995,3035999.9999999995,4686082.5,4686082.5,660000.0
CICIoT2023,LOF,2,2,0.2614001634432035,0.7119993136001007,0.7356420524791993,,5.0,3035999.9999999995,3035999.9999999995,6336165.0,6336165.0,660000.0
CICIoT2023,LOF,2,2,0.2614001634432035,0.7119993136001007,0.7356420524791993,,10.0,3035999.9999999995,3035999.9999999995,9636330.0,9636330.0,660000.0
CICIoT2023,LOF,2,2,0.2614001634432035,0.7119993136001007,0.7356420524791993,,20.0,3035999.9999999995,3035999.9999999995,16236660.0,16236660.0,660000.0
CICIoT2023,SNN_AE,2,3,0.6817252642529262,0.8288758844386868,0.8795936781020471,11233.392004394529,2.5,6469.685369682312,6469.685369682312,13729.36695213318,14689.36695213318,2825.8726329803467
CICIoT2023,SNN_AE,2,3,0.6817252642529262,0.8288758844386868,0.8795936781020471,11233.392004394529,5.0,6469.685369682312,6469.685369682312,20989.048534584046,22909.048534584046,2825.8726329803467
CICIoT2023,SNN_AE,2,3,0.6817252642529262,0.8288758844386868,0.8795936781020471,11233.392004394529,10.0,6469.685369682312,6469.685369682312,35508.411699485776,39348.411699485776,2825.8726329803467
CICIoT2023,SNN_AE,2,3,0.6817252642529262,0.8288758844386868,0.8795936781020471,11233.392004394529,20.0,6469.685369682312,6469.685369682312,64547.13802928924,72227.13802928924,2825.8726329803467
CICIoT2023,LSTM_AE,2,3,0.8482243795646635,0.8546823990600078,0.9028526351182601,331200.0,2.5,331200.0,331200.0,513367.5,513367.5,72801.0
CICIoT2023,LSTM_AE,2,3,0.8482243795646635,0.8546823990600078,0.9028526351182601,331200.0,5.0,331200.0,331200.0,695535.0,695535.0,72801.0
CICIoT2023,LSTM_AE,2,3,0.8482243795646635,0.8546823990600078,0.9028526351182601,331200.0,10.0,331200.0,331200.0,1059870.0,1059870.0,72801.0
CICIoT2023,LSTM_AE,2,3,0.8482243795646635,0.8546823990600078,0.9028526351182601,331200.0,20.0,331200.0,331200.0,1788540.0,1788540.0,72801.0
CICIoT2023,CNN_AE,2,3,0.8447238389037853,0.8873260975700759,0.9268953237877056,351955.19999999995,2.5,351955.19999999995,351955.19999999995,385922.69999999995,385922.69999999995,13521.0
CICIoT2023,CNN_AE,2,3,0.8447238389037853,0.8873260975700759,0.9268953237877056,351955.19999999995,5.0,351955.19999999995,351955.19999999995,419890.19999999995,419890.19999999995,13521.0
CICIoT2023,CNN_AE,2,3,0.8447238389037853,0.8873260975700759,0.9268953237877056,351955.19999999995,10.0,351955.19999999995,351955.19999999995,487825.19999999995,487825.19999999995,13521.0
CICIoT2023,CNN_AE,2,3,0.8447238389037853,0.8873260975700759,0.9268953237877056,351955.19999999995,20.0,351955.19999999995,351955.19999999995,623695.2,623695.2,13521.0
CICIoT2023,SNN_Dense,2,3,0.7691930541368743,0.8500536352220647,0.8967271742564463,15766.0,2.5,10451.597955322266,8793.0264825074,15530.512152162617,16010.512152162617,2558.9942678620873
CICIoT2023,SNN_Dense,2,3,0.7691930541368743,0.8500536352220647,0.8967271742564463,15766.0,5.0,10451.597955322266,8793.0264825074,22267.997821817837,23227.997821817837,2558.9942678620873
CICIoT2023,SNN_Dense,2,3,0.7691930541368743,0.8500536352220647,0.8967271742564463,15766.0,10.0,10451.597955322266,8793.0264825074,35742.96916112827,37662.96916112827,2558.9942678620873
CICIoT2023,SNN_Dense,2,3,0.7691930541368743,0.8500536352220647,0.8967271742564463,15766.0,20.0,10451.597955322266,8793.0264825074,62692.91183974914,66532.91183974914,2558.9942678620873
CICIoT2023,Dense_SNN,2,3,0.6817237382169181,0.832204978631812,0.8814198127357922,24463.199999999997,2.5,10397.3528673172,8687.929204675642,15575.98590351726,16055.98590351726,2619.222679536647
CICIoT2023,Dense_SNN,2,3,0.6817237382169181,0.832204978631812,0.8814198127357922,24463.199999999997,5.0,10397.3528673172,8687.929204675642,22464.042602358877,23424.042602358877,2619.222679536647
CICIoT2023,Dense_SNN,2,3,0.6817237382169181,0.832204978631812,0.8814198127357922,24463.199999999997,10.0,10397.3528673172,8687.929204675642,36240.156000042116,38160.156000042116,2619.222679536647
CICIoT2023,Dense_SNN,2,3,0.6817237382169181,0.832204978631812,0.8814198127357922,24463.199999999997,20.0,10397.3528673172,8687.929204675642,63792.38279540859,67632.38279540859,2619.222679536647
CICIoT2023,Dense_AE,2,3,0.8477066529991998,0.8438158582720607,0.8967917626402854,15032.8,2.5,14425.599999999999,10304.648966088967,16390.001665050364,16390.001665050364,2240.1410795845586
CICIoT2023,Dense_AE,2,3,0.8477066529991998,0.8438158582720607,0.8967917626402854,15032.8,5.0,14425.599999999999,10304.648966088967,22475.35436401176,22475.35436401176,2240.1410795845586
CICIoT2023,Dense_AE,2,3,0.8477066529991998,0.8438158582720607,0.8967917626402854,15032.8,10.0,14425.599999999999,10304.648966088967,34646.05976193455,34646.05976193455,2240.1410795845586
CICIoT2023,Dense_AE,2,3,0.8477066529991998,0.8438158582720607,0.8967917626402854,15032.8,20.0,14425.599999999999,10304.648966088967,58987.470557780136,58987.470557780136,2240.1410795845586
CICIoT2023,SNN_AE_T2,2,3,0.7513192368722094,0.8144434049153867,0.8666752674979878,11713.827185058592,2.5,6815.013370132446,6815.013370132446,15041.717176055907,15681.717176055907,3216.6815223693848
CICIoT2023,SNN_AE_T2,2,3,0.7513192368722094,0.8144434049153867,0.8666752674979878,11713.827185058592,5.0,6815.013370132446,6815.013370132446,23268.42098197937,24548.42098197937,3216.6815223693848
CICIoT2023,SNN_AE_T2,2,3,0.7513192368722094,0.8144434049153867,0.8666752674979878,11713.827185058592,10.0,6815.013370132446,6815.013370132446,39721.82859382629,42281.82859382629,3216.6815223693848
CICIoT2023,SNN_AE_T2,2,3,0.7513192368722094,0.8144434049153867,0.8666752674979878,11713.827185058592,20.0,6815.013370132446,6815.013370132446,72628.64381752015,77748.64381752015,3216.6815223693848
CICIoT2023,SNN_AE_T5,2,3,0.8343449027803016,0.8711984758766095,0.9124023581264138,11762.806341552732,2.5,7494.1781028747555,7494.1781028747555,17584.117277526857,19184.117277526857,3949.97566986084
CICIoT2023,SNN_AE_T5,2,3,0.8343449027803016,0.8711984758766095,0.9124023581264138,11762.806341552732,5.0,7494.1781028747555,7494.1781028747555,27674.056452178957,30874.056452178957,3949.97566986084
CICIoT2023,SNN_AE_T5,2,3,0.8343449027803016,0.8711984758766095,0.9124023581264138,11762.806341552732,10.0,7494.1781028747555,7494.1781028747555,47853.934801483156,54253.934801483156,3949.97566986084
CICIoT2023,SNN_AE_T5,2,3,0.8343449027803016,0.8711984758766095,0.9124023581264138,11762.806341552732,20.0,7494.1781028747555,7494.1781028747555,88213.69150009155,101013.69150009155,3949.97566986084
CICIoT2023,SNN_AE_T7,2,3,0.7824471482006751,0.8499569717421236,0.8984274639473486,11760.486297607422,2.5,7884.566613388061,7884.566613388061,19043.362761688233,21283.362761688233,4369.518459320068
CICIoT2023,SNN_AE_T7,2,3,0.7824471482006751,0.8499569717421236,0.8984274639473486,11760.486297607422,5.0,7884.566613388061,7884.566613388061,30202.158909988404,34682.1589099884,4369.518459320068
CICIoT2023,SNN_AE_T7,2,3,0.7824471482006751,0.8499569717421236,0.8984274639473486,11760.486297607422,10.0,7884.566613388061,7884.566613388061,52519.75120658874,61479.75120658874,4369.518459320068
CICIoT2023,SNN_AE_T7,2,3,0.7824471482006751,0.8499569717421236,0.8984274639473486,11760.486297607422,20.0,7884.566613388061,7884.566613388061,97154.93579978943,115074.93579978943,4369.518459320068
CICIoT2023,SNN_AE_noBN,2,3,0.7989919260745788,0.8678608955738768,0.9110989258547302,10691.452770996093,2.5,6456.473803710936,6456.473803710936,13679.456591796874,14639.456591796874,2811.193115234375
CICIoT2023,SNN_AE_noBN,2,3,0.7989919260745788,0.8678608955738768,0.9110989258547302,10691.452770996093,5.0,6456.473803710936,6456.473803710936,20902.43937988281,22822.43937988281,2811.193115234375
CICIoT2023,SNN_AE_noBN,2,3,0.7989919260745788,0.8678608955738768,0.9110989258547302,10691.452770996093,10.0,6456.473803710936,6456.473803710936,35348.404956054685,39188.404956054685,2811.193115234375
CICIoT2023,SNN_AE_noBN,2,3,0.7989919260745788,0.8678608955738768,0.9110989258547302,10691.452770996093,20.0,6456.473803710936,6456.473803710936,64240.336108398435,71920.33610839843,2811.193115234375
CICIoT2023,IF,2,3,0.21240451328053822,0.8127533511080447,0.8719091986288889,,2.5,1800.0,1800.0,11882.5,11882.5,4000.0
CICIoT2023,IF,2,3,0.21240451328053822,0.8127533511080447,0.8719091986288889,,5.0,1800.0,1800.0,21965.0,21965.0,4000.0
CICIoT2023,IF,2,3,0.21240451328053822,0.8127533511080447,0.8719091986288889,,10.0,1800.0,1800.0,42130.0,42130.0,4000.0
CICIoT2023,IF,2,3,0.21240451328053822,0.8127533511080447,0.8719091986288889,,20.0,1800.0,1800.0,82460.0,82460.0,4000.0
CICIoT2023,OCSVM,2,3,0.6664227513646073,0.7333935630589385,0.8106683916262487,,2.5,33000.399999999994,33000.399999999994,51017.899999999994,51017.899999999994,7174.0
CICIoT2023,OCSVM,2,3,0.6664227513646073,0.7333935630589385,0.8106683916262487,,5.0,33000.399999999994,33000.399999999994,69035.4,69035.4,7174.0
CICIoT2023,OCSVM,2,3,0.6664227513646073,0.7333935630589385,0.8106683916262487,,10.0,33000.399999999994,33000.399999999994,105070.4,105070.4,7174.0
CICIoT2023,OCSVM,2,3,0.6664227513646073,0.7333935630589385,0.8106683916262487,,20.0,33000.399999999994,33000.399999999994,177140.4,177140.4,7174.0
CICIoT2023,LOF,2,3,0.30503074269614106,0.8731489229662605,0.8740912567008956,,2.5,3035999.9999999995,3035999.9999999995,4686082.5,4686082.5,660000.0
CICIoT2023,LOF,2,3,0.30503074269614106,0.8731489229662605,0.8740912567008956,,5.0,3035999.9999999995,3035999.9999999995,6336165.0,6336165.0,660000.0
CICIoT2023,LOF,2,3,0.30503074269614106,0.8731489229662605,0.8740912567008956,,10.0,3035999.9999999995,3035999.9999999995,9636330.0,9636330.0,660000.0
CICIoT2023,LOF,2,3,0.30503074269614106,0.8731489229662605,0.8740912567008956,,20.0,3035999.9999999995,3035999.9999999995,16236660.0,16236660.0,660000.0
CICIoT2023,SNN_AE,2,4,0.8372809656656274,0.956077722245428,0.9701482348234048,11350.95357055664,2.5,6713.006900024413,6713.006900024413,14648.581622314452,15608.581622314452,3096.2298889160156
CICIoT2023,SNN_AE,2,4,0.8372809656656274,0.956077722245428,0.9701482348234048,11350.95357055664,5.0,6713.006900024413,6713.006900024413,22584.15634460449,24504.15634460449,3096.2298889160156
CICIoT2023,SNN_AE,2,4,0.8372809656656274,0.956077722245428,0.9701482348234048,11350.95357055664,10.0,6713.006900024413,6713.006900024413,38455.30578918457,42295.30578918457,3096.2298889160156
CICIoT2023,SNN_AE,2,4,0.8372809656656274,0.956077722245428,0.9701482348234048,11350.95357055664,20.0,6713.006900024413,6713.006900024413,70197.60467834472,77877.60467834472,3096.2298889160156
CICIoT2023,LSTM_AE,2,4,0.8477532100226802,0.87707309615047,0.9262143613970631,331200.0,2.5,331200.0,331200.0,513367.5,513367.5,72801.0
CICIoT2023,LSTM_AE,2,4,0.8477532100226802,0.87707309615047,0.9262143613970631,331200.0,5.0,331200.0,331200.0,695535.0,695535.0,72801.0
CICIoT2023,LSTM_AE,2,4,0.8477532100226802,0.87707309615047,0.9262143613970631,331200.0,10.0,331200.0,331200.0,1059870.0,1059870.0,72801.0
CICIoT2023,LSTM_AE,2,4,0.8477532100226802,0.87707309615047,0.9262143613970631,331200.0,20.0,331200.0,331200.0,1788540.0,1788540.0,72801.0
CICIoT2023,CNN_AE,2,4,0.8464906725532415,0.953160342879974,0.9707687648376622,351955.19999999995,2.5,351955.19999999995,351955.19999999995,385922.69999999995,385922.69999999995,13521.0
CICIoT2023,CNN_AE,2,4,0.8464906725532415,0.953160342879974,0.9707687648376622,351955.19999999995,5.0,351955.19999999995,351955.19999999995,419890.19999999995,419890.19999999995,13521.0
CICIoT2023,CNN_AE,2,4,0.8464906725532415,0.953160342879974,0.9707687648376622,351955.19999999995,10.0,351955.19999999995,351955.19999999995,487825.19999999995,487825.19999999995,13521.0
CICIoT2023,CNN_AE,2,4,0.8464906725532415,0.953160342879974,0.9707687648376622,351955.19999999995,20.0,351955.19999999995,351955.19999999995,623695.2,623695.2,13521.0
CICIoT2023,SNN_Dense,2,4,0.8490567739956515,0.9405253708176694,0.960955564019908,15989.228811645506,2.5,10675.303051757812,8754.5435076825,15970.938706002642,16450.938706002642,2750.558079328057
CICIoT2023,SNN_Dense,2,4,0.8490567739956515,0.9405253708176694,0.960955564019908,15989.228811645506,5.0,10675.303051757812,8754.5435076825,23187.333904322782,24147.333904322782,2750.558079328057
CICIoT2023,SNN_Dense,2,4,0.8490567739956515,0.9405253708176694,0.960955564019908,15989.228811645506,10.0,10675.303051757812,8754.5435076825,37620.12430096307,39540.12430096307,2750.558079328057
CICIoT2023,SNN_Dense,2,4,0.8490567739956515,0.9405253708176694,0.960955564019908,15989.228811645506,20.0,10675.303051757812,8754.5435076825,66485.70509424363,70325.70509424363,2750.558079328057
CICIoT2023,Dense_SNN,2,4,0.8356045601000375,0.9432703705452542,0.963911159770352,24463.199999999997,2.5,10412.722728347779,9067.840630783006,16196.711803845497,16676.711803845497,2715.5484692249966
CICIoT2023,Dense_SNN,2,4,0.8356045601000375,0.9432703705452542,0.963911159770352,24463.199999999997,5.0,10412.722728347779,9067.840630783006,23325.582976907986,24285.582976907986,2715.5484692249966
CICIoT2023,Dense_SNN,2,4,0.8356045601000375,0.9432703705452542,0.963911159770352,24463.199999999997,10.0,10412.722728347779,9067.840630783006,37583.32532303297,39503.32532303297,2715.5484692249966
CICIoT2023,Dense_SNN,2,4,0.8356045601000375,0.9432703705452542,0.963911159770352,24463.199999999997,20.0,10412.722728347779,9067.840630783006,66098.81001528293,69938.81001528293,2715.5484692249966
CICIoT2023,Dense_AE,2,4,0.848701556687254,0.9516228558802342,0.9688960373448394,15032.8,2.5,14425.599999999999,10502.945293705749,16696.067735937133,16696.067735937133,2283.2489768925543
CICIoT2023,Dense_AE,2,4,0.848701556687254,0.9516228558802342,0.9688960373448394,15032.8,5.0,14425.599999999999,10502.945293705749,22889.190178168523,22889.190178168523,2283.2489768925543
CICIoT2023,Dense_AE,2,4,0.848701556687254,0.9516228558802342,0.9688960373448394,15032.8,10.0,14425.599999999999,10502.945293705749,35275.435062631295,35275.435062631295,2283.2489768925543
CICIoT2023,Dense_AE,2,4,0.848701556687254,0.9516228558802342,0.9688960373448394,15032.8,20.0,14425.599999999999,10502.945293705749,60047.92483155684,60047.92483155684,2283.2489768925543
CICIoT2023,SNN_AE_T2,2,4,0.808734081417186,0.9509393641223084,0.9660782343886299,11786.460766601562,2.5,6891.503319358825,6891.503319358825,15330.679206466673,15970.679206466673,3301.6703548431396
CICIoT2023,SNN_AE_T2,2,4,0.808734081417186,0.9509393641223084,0.9660782343886299,11786.460766601562,5.0,6891.503319358825,6891.503319358825,23769.855093574522,25049.855093574522,3301.6703548431396
CICIoT2023,SNN_AE_T2,2,4,0.808734081417186,0.9509393641223084,0.9660782343886299,11786.460766601562,10.0,6891.503319358825,6891.503319358825,40648.20686779022,43208.20686779022,3301.6703548431396
CICIoT2023,SNN_AE_T2,2,4,0.808734081417186,0.9509393641223084,0.9660782343886299,11786.460766601562,20.0,6891.503319358825,6891.503319358825,74404.91041622162,79524.91041622162,3301.6703548431396
CICIoT2023,SNN_AE_T5,2,4,0.8243933000423814,0.9333008840782376,0.9533342554822292,12074.336035156248,2.5,7971.720058441162,7971.720058441162,19388.164665222168,20988.164665222168,4480.577842712402
CICIoT2023,SNN_AE_T5,2,4,0.8243933000423814,0.9333008840782376,0.9533342554822292,12074.336035156248,5.0,7971.720058441162,7971.720058441162,30804.609272003174,34004.609272003174,4480.577842712402
CICIoT2023,SNN_AE_T5,2,4,0.8243933000423814,0.9333008840782376,0.9533342554822292,12074.336035156248,10.0,7971.720058441162,7971.720058441162,53637.498485565186,60037.498485565186,4480.577842712402
CICIoT2023,SNN_AE_T5,2,4,0.8243933000423814,0.9333008840782376,0.9533342554822292,12074.336035156248,20.0,7971.720058441162,7971.720058441162,99303.27691268921,112103.27691268921,4480.577842712402
CICIoT2023,SNN_AE_T7,2,4,0.8469147177583264,0.9093955642324851,0.9405055004871276,11548.892776489258,2.5,7584.263347244262,7584.263347244262,17908.883756256102,20148.883756256102,4035.8481636047363
CICIoT2023,SNN_AE_T7,2,4,0.8469147177583264,0.9093955642324851,0.9405055004871276,11548.892776489258,5.0,7584.263347244262,7584.263347244262,28233.504165267943,32713.504165267943,4035.8481636047363
CICIoT2023,SNN_AE_T7,2,4,0.8469147177583264,0.9093955642324851,0.9405055004871276,11548.892776489258,10.0,7584.263347244262,7584.263347244262,48882.744983291625,57842.744983291625,4035.8481636047363
CICIoT2023,SNN_AE_T7,2,4,0.8469147177583264,0.9093955642324851,0.9405055004871276,11548.892776489258,20.0,7584.263347244262,7584.263347244262,90181.226619339,108101.226619339,4035.8481636047363
CICIoT2023,SNN_AE_noBN,2,4,0.8210707287314675,0.9175030465708975,0.9448703834371279,10637.798345947263,2.5,6469.758248519896,6469.758248519896,13729.642272186278,14689.642272186278,2825.9536094665527
CICIoT2023,SNN_AE_noBN,2,4,0.8210707287314675,0.9175030465708975,0.9448703834371279,10637.798345947263,5.0,6469.758248519896,6469.758248519896,20989.52629585266,22909.52629585266,2825.9536094665527
CICIoT2023,SNN_AE_noBN,2,4,0.8210707287314675,0.9175030465708975,0.9448703834371279,10637.798345947263,10.0,6469.758248519896,6469.758248519896,35509.29434318542,39349.29434318542,2825.9536094665527
CICIoT2023,SNN_AE_noBN,2,4,0.8210707287314675,0.9175030465708975,0.9448703834371279,10637.798345947263,20.0,6469.758248519896,6469.758248519896,64548.83043785095,72228.83043785095,2825.9536094665527
CICIoT2023,IF,2,4,0.4290694952630866,0.8800141757623086,0.9187305399105554,,2.5,1800.0,1800.0,11882.5,11882.5,4000.0
CICIoT2023,IF,2,4,0.4290694952630866,0.8800141757623086,0.9187305399105554,,5.0,1800.0,1800.0,21965.0,21965.0,4000.0
CICIoT2023,IF,2,4,0.4290694952630866,0.8800141757623086,0.9187305399105554,,10.0,1800.0,1800.0,42130.0,42130.0,4000.0
CICIoT2023,IF,2,4,0.4290694952630866,0.8800141757623086,0.9187305399105554,,20.0,1800.0,1800.0,82460.0,82460.0,4000.0
CICIoT2023,OCSVM,2,4,0.6324098801977756,0.880842040087415,0.9082433500413787,,2.5,33156.799999999996,33156.799999999996,51259.299999999996,51259.299999999996,7208.0
CICIoT2023,OCSVM,2,4,0.6324098801977756,0.880842040087415,0.9082433500413787,,5.0,33156.799999999996,33156.799999999996,69361.79999999999,69361.79999999999,7208.0
CICIoT2023,OCSVM,2,4,0.6324098801977756,0.880842040087415,0.9082433500413787,,10.0,33156.799999999996,33156.799999999996,105566.79999999999,105566.79999999999,7208.0
CICIoT2023,OCSVM,2,4,0.6324098801977756,0.880842040087415,0.9082433500413787,,20.0,33156.799999999996,33156.799999999996,177976.8,177976.8,7208.0
CICIoT2023,LOF,2,4,0.30217321828060084,0.92201524314573,0.9438993818489085,,2.5,3035999.9999999995,3035999.9999999995,4686082.5,4686082.5,660000.0
CICIoT2023,LOF,2,4,0.30217321828060084,0.92201524314573,0.9438993818489085,,5.0,3035999.9999999995,3035999.9999999995,6336165.0,6336165.0,660000.0
CICIoT2023,LOF,2,4,0.30217321828060084,0.92201524314573,0.9438993818489085,,10.0,3035999.9999999995,3035999.9999999995,9636330.0,9636330.0,660000.0
CICIoT2023,LOF,2,4,0.30217321828060084,0.92201524314573,0.9438993818489085,,20.0,3035999.9999999995,3035999.9999999995,16236660.0,16236660.0,660000.0
CICIoT2023,SNN_AE,2,5,0.728781459281098,0.8968968600232732,0.916642572620027,11187.600027465818,2.5,6365.59600124359,6365.59600124359,13336.140449142455,14296.140449142455,2710.217779159546
CICIoT2023,SNN_AE,2,5,0.728781459281098,0.8968968600232732,0.916642572620027,11187.600027465818,5.0,6365.59600124359,6365.59600124359,20306.68489704132,22226.68489704132,2710.217779159546
CICIoT2023,SNN_AE,2,5,0.728781459281098,0.8968968600232732,0.916642572620027,11187.600027465818,10.0,6365.59600124359,6365.59600124359,34247.77379283905,38087.77379283905,2710.217779159546
CICIoT2023,SNN_AE,2,5,0.728781459281098,0.8968968600232732,0.916642572620027,11187.600027465818,20.0,6365.59600124359,6365.59600124359,62129.95158443451,69809.95158443452,2710.217779159546
CICIoT2023,LSTM_AE,2,5,0.8355197844277408,0.9048674263922211,0.926923785032987,331200.0,2.5,331200.0,331200.0,513367.5,513367.5,72801.0
CICIoT2023,LSTM_AE,2,5,0.8355197844277408,0.9048674263922211,0.926923785032987,331200.0,5.0,331200.0,331200.0,695535.0,695535.0,72801.0
CICIoT2023,LSTM_AE,2,5,0.8355197844277408,0.9048674263922211,0.926923785032987,331200.0,10.0,331200.0,331200.0,1059870.0,1059870.0,72801.0
CICIoT2023,LSTM_AE,2,5,0.8355197844277408,0.9048674263922211,0.926923785032987,331200.0,20.0,331200.0,331200.0,1788540.0,1788540.0,72801.0
CICIoT2023,CNN_AE,2,5,0.8410607813473348,0.9211563174626475,0.9412478141071441,351955.19999999995,2.5,351955.19999999995,351955.19999999995,385922.69999999995,385922.69999999995,13521.0
CICIoT2023,CNN_AE,2,5,0.8410607813473348,0.9211563174626475,0.9412478141071441,351955.19999999995,5.0,351955.19999999995,351955.19999999995,419890.19999999995,419890.19999999995,13521.0
CICIoT2023,CNN_AE,2,5,0.8410607813473348,0.9211563174626475,0.9412478141071441,351955.19999999995,10.0,351955.19999999995,351955.19999999995,487825.19999999995,487825.19999999995,13521.0
CICIoT2023,CNN_AE,2,5,0.8410607813473348,0.9211563174626475,0.9412478141071441,351955.19999999995,20.0,351955.19999999995,351955.19999999995,623695.2,623695.2,13521.0
CICIoT2023,SNN_Dense,2,5,0.8375024585620541,0.9222972673183756,0.9408036891002861,15792.064047241209,2.5,10474.899627685545,8743.433437563152,15506.029280705277,15986.029280705277,2569.0383372568504
CICIoT2023,SNN_Dense,2,5,0.8375024585620541,0.9222972673183756,0.9408036891002861,15792.064047241209,5.0,10474.899627685545,8743.433437563152,22268.625123847403,23228.625123847403,2569.0383372568504
CICIoT2023,SNN_Dense,2,5,0.8375024585620541,0.9222972673183756,0.9408036891002861,15792.064047241209,10.0,10474.899627685545,8743.433437563152,35793.816810131655,37713.816810131655,2569.0383372568504
CICIoT2023,SNN_Dense,2,5,0.8375024585620541,0.9222972673183756,0.9408036891002861,15792.064047241209,20.0,10474.899627685545,8743.433437563152,62844.20018270016,66684.20018270015,2569.0383372568504
CICIoT2023,Dense_SNN,2,5,0.8214071937748272,0.9223117052233043,0.9437035228068222,24463.199999999997,2.5,10349.4622631073,8621.869692818324,15367.02252919121,15847.02252919121,2562.0611345491548
CICIoT2023,Dense_SNN,2,5,0.8214071937748272,0.9223117052233043,0.9437035228068222,24463.199999999997,5.0,10349.4622631073,8621.869692818324,22112.175365564097,23072.175365564097,2562.0611345491548
CICIoT2023,Dense_SNN,2,5,0.8214071937748272,0.9223117052233043,0.9437035228068222,24463.199999999997,10.0,10349.4622631073,8621.869692818324,35602.48103830987,37522.48103830987,2562.0611345491548
CICIoT2023,Dense_SNN,2,5,0.8214071937748272,0.9223117052233043,0.9437035228068222,24463.199999999997,20.0,10349.4622631073,8621.869692818324,62583.09238380141,66423.09238380141,2562.0611345491548
CICIoT2023,Dense_AE,2,5,0.8343217329545455,0.9008224042276974,0.9284465191745175,15032.8,2.5,14425.599999999999,10331.740448128883,16431.816778633714,16431.816778633714,2246.0305322019317
CICIoT2023,Dense_AE,2,5,0.8343217329545455,0.9008224042276974,0.9284465191745175,15032.8,5.0,14425.599999999999,10331.740448128883,22531.893109138542,22531.893109138542,2246.0305322019317
CICIoT2023,Dense_AE,2,5,0.8343217329545455,0.9008224042276974,0.9284465191745175,15032.8,10.0,14425.599999999999,10331.740448128883,34732.0457701482,34732.0457701482,2246.0305322019317
CICIoT2023,Dense_AE,2,5,0.8343217329545455,0.9008224042276974,0.9284465191745175,15032.8,20.0,14425.599999999999,10331.740448128883,59132.35109216752,59132.35109216752,2246.0305322019317
CICIoT2023,SNN_AE_T2,2,5,0.8158832513151196,0.8797512236132072,0.9099293370603638,11598.454370117186,2.5,6599.680018806457,6599.680018806457,14228.235626602172,14868.235626602172,2977.422243118286
CICIoT2023,SNN_AE_T2,2,5,0.8158832513151196,0.8797512236132072,0.9099293370603638,11598.454370117186,5.0,6599.680018806457,6599.680018806457,21856.79123439789,23136.79123439789,2977.422243118286
CICIoT2023,SNN_AE_T2,2,5,0.8158832513151196,0.8797512236132072,0.9099293370603638,11598.454370117186,10.0,6599.680018806457,6599.680018806457,37113.90244998932,39673.90244998932,2977.422243118286
CICIoT2023,SNN_AE_T2,2,5,0.8158832513151196,0.8797512236132072,0.9099293370603638,11598.454370117186,20.0,6599.680018806457,6599.680018806457,67628.12488117217,72748.12488117217,2977.422243118286
CICIoT2023,SNN_AE_T5,2,5,0.8339852276878391,0.9117463147866961,0.9342494151696306,11885.235235595701,2.5,7519.310993576049,7519.310993576049,17679.063753509523,19279.063753509523,3977.9011039733887
CICIoT2023,SNN_AE_T5,2,5,0.8339852276878391,0.9117463147866961,0.9342494151696306,11885.235235595701,5.0,7519.310993576049,7519.310993576049,27838.816513442995,31038.816513442995,3977.9011039733887
CICIoT2023,SNN_AE_T5,2,5,0.8339852276878391,0.9117463147866961,0.9342494151696306,11885.235235595701,10.0,7519.310993576049,7519.310993576049,48158.32203330994,54558.32203330994,3977.9011039733887
CICIoT2023,SNN_AE_T5,2,5,0.8339852276878391,0.9117463147866961,0.9342494151696306,11885.235235595701,20.0,7519.310993576049,7519.310993576049,88797.33307304382,101597.33307304382,3977.9011039733887
CICIoT2023,SNN_AE_T7,2,5,0.837829164363779,0.8957225591882233,0.9271055444089118,11704.556686401367,2.5,7694.313049316406,7694.313049316406,18324.627075195312,20564.627075195312,4158.1256103515625
CICIoT2023,SNN_AE_T7,2,5,0.837829164363779,0.8957225591882233,0.9271055444089118,11704.556686401367,5.0,7694.313049316406,7694.313049316406,28954.94110107422,33434.94110107422,4158.1256103515625
CICIoT2023,SNN_AE_T7,2,5,0.837829164363779,0.8957225591882233,0.9271055444089118,11704.556686401367,10.0,7694.313049316406,7694.313049316406,50215.56915283203,59175.56915283203,4158.1256103515625
CICIoT2023,SNN_AE_T7,2,5,0.837829164363779,0.8957225591882233,0.9271055444089118,11704.556686401367,20.0,7694.313049316406,7694.313049316406,92736.82525634766,110656.82525634766,4158.1256103515625
CICIoT2023,SNN_AE_noBN,2,5,0.8326140866449568,0.9090904307058547,0.9283815264507687,10604.390460205077,2.5,6451.588913154601,6451.588913154601,13661.002560806273,14621.002560806273,2805.765459060669
CICIoT2023,SNN_AE_noBN,2,5,0.8326140866449568,0.9090904307058547,0.9283815264507687,10604.390460205077,5.0,6451.588913154601,6451.588913154601,20870.416208457944,22790.416208457944,2805.765459060669
CICIoT2023,SNN_AE_noBN,2,5,0.8326140866449568,0.9090904307058547,0.9283815264507687,10604.390460205077,10.0,6451.588913154601,6451.588913154601,35289.24350376129,39129.24350376129,2805.765459060669
CICIoT2023,SNN_AE_noBN,2,5,0.8326140866449568,0.9090904307058547,0.9283815264507687,10604.390460205077,20.0,6451.588913154601,6451.588913154601,64126.89809436798,71806.89809436798,2805.765459060669
CICIoT2023,IF,2,5,0.13870129870129871,0.8516759828310955,0.8566430328045522,,2.5,1800.0,1800.0,11882.5,11882.5,4000.0
CICIoT2023,IF,2,5,0.13870129870129871,0.8516759828310955,0.8566430328045522,,5.0,1800.0,1800.0,21965.0,21965.0,4000.0
CICIoT2023,IF,2,5,0.13870129870129871,0.8516759828310955,0.8566430328045522,,10.0,1800.0,1800.0,42130.0,42130.0,4000.0
CICIoT2023,IF,2,5,0.13870129870129871,0.8516759828310955,0.8566430328045522,,20.0,1800.0,1800.0,82460.0,82460.0,4000.0
CICIoT2023,OCSVM,2,5,0.6534672046542179,0.8398062432546909,0.8731796195917172,,2.5,33156.799999999996,33156.799999999996,51259.299999999996,51259.299999999996,7208.0
CICIoT2023,OCSVM,2,5,0.6534672046542179,0.8398062432546909,0.8731796195917172,,5.0,33156.799999999996,33156.799999999996,69361.79999999999,69361.79999999999,7208.0
CICIoT2023,OCSVM,2,5,0.6534672046542179,0.8398062432546909,0.8731796195917172,,10.0,33156.799999999996,33156.799999999996,105566.79999999999,105566.79999999999,7208.0
CICIoT2023,OCSVM,2,5,0.6534672046542179,0.8398062432546909,0.8731796195917172,,20.0,33156.799999999996,33156.799999999996,177976.8,177976.8,7208.0
CICIoT2023,LOF,2,5,0.22353154207234688,0.7755761875184449,0.7720361131224203,,2.5,3035999.9999999995,3035999.9999999995,4686082.5,4686082.5,660000.0
CICIoT2023,LOF,2,5,0.22353154207234688,0.7755761875184449,0.7720361131224203,,5.0,3035999.9999999995,3035999.9999999995,6336165.0,6336165.0,660000.0
CICIoT2023,LOF,2,5,0.22353154207234688,0.7755761875184449,0.7720361131224203,,10.0,3035999.9999999995,3035999.9999999995,9636330.0,9636330.0,660000.0
CICIoT2023,LOF,2,5,0.22353154207234688,0.7755761875184449,0.7720361131224203,,20.0,3035999.9999999995,3035999.9999999995,16236660.0,16236660.0,660000.0
CICIoT2023,SNN_AE,2,6,0.8499344172821466,0.9147940763603067,0.9405548012455492,11104.511993408201,2.5,6299.9566526412955,6299.9566526412955,13088.169576644897,14048.169576644897,2637.2851696014404
CICIoT2023,SNN_AE,2,6,0.8499344172821466,0.9147940763603067,0.9405548012455492,11104.511993408201,5.0,6299.9566526412955,6299.9566526412955,19876.3825006485,21796.3825006485,2637.2851696014404
CICIoT2023,SNN_AE,2,6,0.8499344172821466,0.9147940763603067,0.9405548012455492,11104.511993408201,10.0,6299.9566526412955,6299.9566526412955,33452.8083486557,37292.8083486557,2637.2851696014404
CICIoT2023,SNN_AE,2,6,0.8499344172821466,0.9147940763603067,0.9405548012455492,11104.511993408201,20.0,6299.9566526412955,6299.9566526412955,60605.660044670105,68285.6600446701,2637.2851696014404
CICIoT2023,LSTM_AE,2,6,0.8457571246278179,0.9238427990093627,0.9453354389527627,331200.0,2.5,331200.0,331200.0,513367.5,513367.5,72801.0
CICIoT2023,LSTM_AE,2,6,0.8457571246278179,0.9238427990093627,0.9453354389527627,331200.0,5.0,331200.0,331200.0,695535.0,695535.0,72801.0
CICIoT2023,LSTM_AE,2,6,0.8457571246278179,0.9238427990093627,0.9453354389527627,331200.0,10.0,331200.0,331200.0,1059870.0,1059870.0,72801.0
CICIoT2023,LSTM_AE,2,6,0.8457571246278179,0.9238427990093627,0.9453354389527627,331200.0,20.0,331200.0,331200.0,1788540.0,1788540.0,72801.0
CICIoT2023,CNN_AE,2,6,0.8434135258672557,0.9174713233229781,0.9402237618565448,351955.19999999995,2.5,351955.19999999995,351955.19999999995,385922.69999999995,385922.69999999995,13521.0
CICIoT2023,CNN_AE,2,6,0.8434135258672557,0.9174713233229781,0.9402237618565448,351955.19999999995,5.0,351955.19999999995,351955.19999999995,419890.19999999995,419890.19999999995,13521.0
CICIoT2023,CNN_AE,2,6,0.8434135258672557,0.9174713233229781,0.9402237618565448,351955.19999999995,10.0,351955.19999999995,351955.19999999995,487825.19999999995,487825.19999999995,13521.0
CICIoT2023,CNN_AE,2,6,0.8434135258672557,0.9174713233229781,0.9402237618565448,351955.19999999995,20.0,351955.19999999995,351955.19999999995,623695.2,623695.2,13521.0
CICIoT2023,SNN_Dense,2,6,0.8489407242388503,0.9262995590574876,0.945479932970026,15967.945629882812,2.5,10654.982299804686,8494.650709990508,15524.397176336404,16004.397176336404,2675.8985865383584
CICIoT2023,SNN_Dense,2,6,0.8489407242388503,0.9262995590574876,0.945479932970026,15967.945629882812,5.0,10654.982299804686,8494.650709990508,22554.1436426823,23514.1436426823,2675.8985865383584
CICIoT2023,SNN_Dense,2,6,0.8489407242388503,0.9262995590574876,0.945479932970026,15967.945629882812,10.0,10654.982299804686,8494.650709990508,36613.63657537409,38533.63657537409,2675.8985865383584
CICIoT2023,SNN_Dense,2,6,0.8489407242388503,0.9262995590574876,0.945479932970026,15967.945629882812,20.0,10654.982299804686,8494.650709990508,64732.622440757674,68572.62244075767,2675.8985865383584
CICIoT2023,Dense_SNN,2,6,0.8446076675026872,0.9147224050053,0.9387957881738923,24463.199999999997,2.5,10354.66529197693,8782.922164904414,15627.228643605264,16107.228643605264,2601.7225914803403
CICIoT2023,Dense_SNN,2,6,0.8446076675026872,0.9147224050053,0.9387957881738923,24463.199999999997,5.0,10354.66529197693,8782.922164904414,22471.535122306115,23431.535122306115,2601.7225914803403
CICIoT2023,Dense_SNN,2,6,0.8446076675026872,0.9147224050053,0.9387957881738923,24463.199999999997,10.0,10354.66529197693,8782.922164904414,36160.14807970782,38080.14807970782,2601.7225914803403
CICIoT2023,Dense_SNN,2,6,0.8446076675026872,0.9147224050053,0.9387957881738923,24463.199999999997,20.0,10354.66529197693,8782.922164904414,63537.37399451122,67377.37399451122,2601.7225914803403
CICIoT2023,Dense_AE,2,6,0.8326881178313557,0.9153766721899166,0.9388437025001976,15032.8,2.5,14425.599999999999,10504.77504848902,16698.891922667834,16698.891922667834,2283.646749671526
CICIoT2023,Dense_AE,2,6,0.8326881178313557,0.9153766721899166,0.9388437025001976,15032.8,5.0,14425.599999999999,10504.77504848902,22893.00879684665,22893.00879684665,2283.646749671526
CICIoT2023,Dense_AE,2,6,0.8326881178313557,0.9153766721899166,0.9388437025001976,15032.8,10.0,14425.599999999999,10504.77504848902,35281.24254520428,35281.24254520428,2283.646749671526
CICIoT2023,Dense_AE,2,6,0.8326881178313557,0.9153766721899166,0.9388437025001976,15032.8,20.0,14425.599999999999,10504.77504848902,60057.71004191954,60057.71004191954,2283.646749671526
CICIoT2023,SNN_AE_T2,2,6,0.7716211975694873,0.8938722881485003,0.9189386382306004,11750.11524658203,2.5,6895.38425693512,6895.38425693512,15345.340526199341,15985.340526199341,3305.9825077056885
CICIoT2023,SNN_AE_T2,2,6,0.7716211975694873,0.8938722881485003,0.9189386382306004,11750.11524658203,5.0,6895.38425693512,6895.38425693512,23795.29679546356,25075.29679546356,3305.9825077056885
CICIoT2023,SNN_AE_T2,2,6,0.7716211975694873,0.8938722881485003,0.9189386382306004,11750.11524658203,10.0,6895.38425693512,6895.38425693512,40695.209333992,43255.209333992,3305.9825077056885
CICIoT2023,SNN_AE_T2,2,6,0.7716211975694873,0.8938722881485003,0.9189386382306004,11750.11524658203,20.0,6895.38425693512,6895.38425693512,74495.0344110489,79615.0344110489,3305.9825077056885
CICIoT2023,SNN_AE_T5,2,6,0.8410236142673649,0.9182670188579534,0.9404536761701106,11668.601599121092,2.5,7369.3279525756825,7369.3279525756825,17112.4611541748,18712.4611541748,3811.2532806396484
CICIoT2023,SNN_AE_T5,2,6,0.8410236142673649,0.9182670188579534,0.9404536761701106,11668.601599121092,5.0,7369.3279525756825,7369.3279525756825,26855.594355773923,30055.594355773923,3811.2532806396484
CICIoT2023,SNN_AE_T5,2,6,0.8410236142673649,0.9182670188579534,0.9404536761701106,11668.601599121092,10.0,7369.3279525756825,7369.3279525756825,46341.860758972165,52741.860758972165,3811.2532806396484
CICIoT2023,SNN_AE_T5,2,6,0.8410236142673649,0.9182670188579534,0.9404536761701106,11668.601599121092,20.0,7369.3279525756825,7369.3279525756825,85314.39356536865,98114.39356536865,3811.2532806396484
CICIoT2023,SNN_AE_T7,2,6,0.84122052405668,0.9065243734353086,0.9351314723086193,11696.896057128906,2.5,7616.293612670898,7616.293612670898,18029.886981201173,20269.886981201173,4071.4373474121094
CICIoT2023,SNN_AE_T7,2,6,0.84122052405668,0.9065243734353086,0.9351314723086193,11696.896057128906,5.0,7616.293612670898,7616.293612670898,28443.480349731446,32923.48034973144,4071.4373474121094
CICIoT2023,SNN_AE_T7,2,6,0.84122052405668,0.9065243734353086,0.9351314723086193,11696.896057128906,10.0,7616.293612670898,7616.293612670898,49270.66708679199,58230.66708679199,4071.4373474121094
CICIoT2023,SNN_AE_T7,2,6,0.84122052405668,0.9065243734353086,0.9351314723086193,11696.896057128906,20.0,7616.293612670898,7616.293612670898,90925.04056091308,108845.04056091308,4071.4373474121094
CICIoT2023,SNN_AE_noBN,2,6,0.7042839682010565,0.9077857374150333,0.9332794965580592,10658.96641845703,2.5,6535.292969512939,6535.292969512939,13977.21788482666,14937.21788482666,2898.7699661254883
CICIoT2023,SNN_AE_noBN,2,6,0.7042839682010565,0.9077857374150333,0.9332794965580592,10658.96641845703,5.0,6535.292969512939,6535.292969512939,21419.14280014038,23339.14280014038,2898.7699661254883
CICIoT2023,SNN_AE_noBN,2,6,0.7042839682010565,0.9077857374150333,0.9332794965580592,10658.96641845703,10.0,6535.292969512939,6535.292969512939,36302.992630767825,40142.992630767825,2898.7699661254883
CICIoT2023,SNN_AE_noBN,2,6,0.7042839682010565,0.9077857374150333,0.9332794965580592,10658.96641845703,20.0,6535.292969512939,6535.292969512939,66070.69229202271,73750.69229202271,2898.7699661254883
CICIoT2023,IF,2,6,0.6606677914557687,0.8785066094891024,0.9040546741338071,,2.5,1800.0,1800.0,11882.5,11882.5,4000.0
CICIoT2023,IF,2,6,0.6606677914557687,0.8785066094891024,0.9040546741338071,,5.0,1800.0,1800.0,21965.0,21965.0,4000.0
CICIoT2023,IF,2,6,0.6606677914557687,0.8785066094891024,0.9040546741338071,,10.0,1800.0,1800.0,42130.0,42130.0,4000.0
CICIoT2023,IF,2,6,0.6606677914557687,0.8785066094891024,0.9040546741338071,,20.0,1800.0,1800.0,82460.0,82460.0,4000.0
CICIoT2023,OCSVM,2,6,0.6625721655816239,0.8191042328401554,0.8564544644905138,,2.5,32844.0,32844.0,50776.5,50776.5,7140.0
CICIoT2023,OCSVM,2,6,0.6625721655816239,0.8191042328401554,0.8564544644905138,,5.0,32844.0,32844.0,68709.0,68709.0,7140.0
CICIoT2023,OCSVM,2,6,0.6625721655816239,0.8191042328401554,0.8564544644905138,,10.0,32844.0,32844.0,104574.0,104574.0,7140.0
CICIoT2023,OCSVM,2,6,0.6625721655816239,0.8191042328401554,0.8564544644905138,,20.0,32844.0,32844.0,176304.0,176304.0,7140.0
CICIoT2023,LOF,2,6,0.30799148069265675,0.7458150182242782,0.7565481868621163,,2.5,3035999.9999999995,3035999.9999999995,4686082.5,4686082.5,660000.0
CICIoT2023,LOF,2,6,0.30799148069265675,0.7458150182242782,0.7565481868621163,,5.0,3035999.9999999995,3035999.9999999995,6336165.0,6336165.0,660000.0
CICIoT2023,LOF,2,6,0.30799148069265675,0.7458150182242782,0.7565481868621163,,10.0,3035999.9999999995,3035999.9999999995,9636330.0,9636330.0,660000.0
CICIoT2023,LOF,2,6,0.30799148069265675,0.7458150182242782,0.7565481868621163,,20.0,3035999.9999999995,3035999.9999999995,16236660.0,16236660.0,660000.0
CICIoT2023,SNN_AE,2,7,0.8351991577469732,0.9159013184236167,0.9389094718263613,11136.30719604492,2.5,6356.632556533813,6356.632556533813,13302.278546905516,14262.278546905516,2700.2583961486816
CICIoT2023,SNN_AE,2,7,0.8351991577469732,0.9159013184236167,0.9389094718263613,11136.30719604492,5.0,6356.632556533813,6356.632556533813,20247.92453727722,22167.92453727722,2700.2583961486816
CICIoT2023,SNN_AE,2,7,0.8351991577469732,0.9159013184236167,0.9389094718263613,11136.30719604492,10.0,6356.632556533813,6356.632556533813,34139.21651802063,37979.21651802063,2700.2583961486816
CICIoT2023,SNN_AE,2,7,0.8351991577469732,0.9159013184236167,0.9389094718263613,11136.30719604492,20.0,6356.632556533813,6356.632556533813,61921.800479507445,69601.80047950745,2700.2583961486816
CICIoT2023,LSTM_AE,2,7,0.8464152133747915,0.9027675328321427,0.9342501454206021,331200.0,2.5,331200.0,331200.0,513367.5,513367.5,72801.0
CICIoT2023,LSTM_AE,2,7,0.8464152133747915,0.9027675328321427,0.9342501454206021,331200.0,5.0,331200.0,331200.0,695535.0,695535.0,72801.0
CICIoT2023,LSTM_AE,2,7,0.8464152133747915,0.9027675328321427,0.9342501454206021,331200.0,10.0,331200.0,331200.0,1059870.0,1059870.0,72801.0
CICIoT2023,LSTM_AE,2,7,0.8464152133747915,0.9027675328321427,0.9342501454206021,331200.0,20.0,331200.0,331200.0,1788540.0,1788540.0,72801.0
CICIoT2023,CNN_AE,2,7,0.8510191442957538,0.9122591764546852,0.9393408895123961,351955.19999999995,2.5,351955.19999999995,351955.19999999995,385922.69999999995,385922.69999999995,13521.0
CICIoT2023,CNN_AE,2,7,0.8510191442957538,0.9122591764546852,0.9393408895123961,351955.19999999995,5.0,351955.19999999995,351955.19999999995,419890.19999999995,419890.19999999995,13521.0
CICIoT2023,CNN_AE,2,7,0.8510191442957538,0.9122591764546852,0.9393408895123961,351955.19999999995,10.0,351955.19999999995,351955.19999999995,487825.19999999995,487825.19999999995,13521.0
CICIoT2023,CNN_AE,2,7,0.8510191442957538,0.9122591764546852,0.9393408895123961,351955.19999999995,20.0,351955.19999999995,351955.19999999995,623695.2,623695.2,13521.0
CICIoT2023,SNN_Dense,2,7,0.855544370105747,0.9158982576990617,0.9414939410070093,16038.36167602539,2.5,10724.653308105468,8700.539732744146,15997.848307297267,16477.848307297267,2782.923429821248
CICIoT2023,SNN_Dense,2,7,0.855544370105747,0.9158982576990617,0.9414939410070093,16038.36167602539,5.0,10724.653308105468,8700.539732744146,23295.156881850387,24255.156881850387,2782.923429821248
CICIoT2023,SNN_Dense,2,7,0.855544370105747,0.9158982576990617,0.9414939410070093,16038.36167602539,10.0,10724.653308105468,8700.539732744146,37889.77403095663,39809.77403095663,2782.923429821248
CICIoT2023,SNN_Dense,2,7,0.855544370105747,0.9158982576990617,0.9414939410070093,16038.36167602539,20.0,10724.653308105468,8700.539732744146,67079.00832916911,70919.00832916911,2782.923429821248
CICIoT2023,Dense_SNN,2,7,0.8416922244272055,0.9071863198334829,0.9362154054152407,24463.199999999997,2.5,10384.78618850708,8820.535221855012,15752.582683899522,16232.582683899522,2636.8189848178035
CICIoT2023,Dense_SNN,2,7,0.8416922244272055,0.9071863198334829,0.9362154054152407,24463.199999999997,5.0,10384.78618850708,8820.535221855012,22684.63014594403,23644.63014594403,2636.8189848178035
CICIoT2023,Dense_SNN,2,7,0.8416922244272055,0.9071863198334829,0.9362154054152407,24463.199999999997,10.0,10384.78618850708,8820.535221855012,36548.72507003305,38468.72507003305,2636.8189848178035
CICIoT2023,Dense_SNN,2,7,0.8416922244272055,0.9071863198334829,0.9362154054152407,24463.199999999997,20.0,10384.78618850708,8820.535221855012,64276.914918211085,68116.91491821109,2636.8189848178035
CICIoT2023,Dense_AE,2,7,0.848254481736083,0.9214399818460621,0.9455877619467474,15032.8,2.5,14425.599999999999,10082.273697053119,16046.77027153851,16046.77027153851,2191.798629794156
CICIoT2023,Dense_AE,2,7,0.848254481736083,0.9214399818460621,0.9455877619467474,15032.8,5.0,14425.599999999999,10082.273697053119,22011.2668460239,22011.2668460239,2191.798629794156
CICIoT2023,Dense_AE,2,7,0.848254481736083,0.9214399818460621,0.9455877619467474,15032.8,10.0,14425.599999999999,10082.273697053119,33940.25999499468,33940.25999499468,2191.798629794156
CICIoT2023,Dense_AE,2,7,0.848254481736083,0.9214399818460621,0.9455877619467474,15032.8,20.0,14425.599999999999,10082.273697053119,57798.246292936245,57798.246292936245,2191.798629794156
CICIoT2023,SNN_AE_T2,2,7,0.7608854950055922,0.8798750634745585,0.9135720088415384,11712.560021972655,2.5,6891.0043460845945,6891.0043460845945,15328.79419631958,15968.79419631958,3301.115940093994
CICIoT2023,SNN_AE_T2,2,7,0.7608854950055922,0.8798750634745585,0.9135720088415384,11712.560021972655,5.0,6891.0043460845945,6891.0043460845945,23766.584046554566,25046.584046554566,3301.115940093994
CICIoT2023,SNN_AE_T2,2,7,0.7608854950055922,0.8798750634745585,0.9135720088415384,11712.560021972655,10.0,6891.0043460845945,6891.0043460845945,40642.16374702453,43202.16374702453,3301.115940093994
CICIoT2023,SNN_AE_T2,2,7,0.7608854950055922,0.8798750634745585,0.9135720088415384,11712.560021972655,20.0,6891.0043460845945,6891.0043460845945,74393.32314796447,79513.32314796447,3301.115940093994
CICIoT2023,SNN_AE_T5,2,7,0.8554311250378336,0.9226053829361547,0.9449322725656978,11780.08632507324,2.5,7718.1583484649655,7718.1583484649655,18430.26487197876,20030.26487197876,4198.842609405518
CICIoT2023,SNN_AE_T5,2,7,0.8554311250378336,0.9226053829361547,0.9449322725656978,11780.08632507324,5.0,7718.1583484649655,7718.1583484649655,29142.371395492555,32342.371395492555,4198.842609405518
CICIoT2023,SNN_AE_T5,2,7,0.8554311250378336,0.9226053829361547,0.9449322725656978,11780.08632507324,10.0,7718.1583484649655,7718.1583484649655,50566.58444252014,56966.58444252014,4198.842609405518
CICIoT2023,SNN_AE_T5,2,7,0.8554311250378336,0.9226053829361547,0.9449322725656978,11780.08632507324,20.0,7718.1583484649655,7718.1583484649655,93415.01053657531,106215.01053657531,4198.842609405518
CICIoT2023,SNN_AE_T7,2,7,0.845746918608294,0.8917493195637429,0.9240535550880956,11704.326454162598,2.5,7840.835132598877,7840.835132598877,18878.154945373535,21118.154945373535,4320.927925109863
CICIoT2023,SNN_AE_T7,2,7,0.845746918608294,0.8917493195637429,0.9240535550880956,11704.326454162598,5.0,7840.835132598877,7840.835132598877,29915.474758148193,34395.47475814819,4320.927925109863
CICIoT2023,SNN_AE_T7,2,7,0.845746918608294,0.8917493195637429,0.9240535550880956,11704.326454162598,10.0,7840.835132598877,7840.835132598877,51990.11438369751,60950.11438369751,4320.927925109863
CICIoT2023,SNN_AE_T7,2,7,0.845746918608294,0.8917493195637429,0.9240535550880956,11704.326454162598,20.0,7840.835132598877,7840.835132598877,96139.39363479614,114059.39363479614,4320.927925109863
CICIoT2023,SNN_AE_noBN,2,7,0.814928516608064,0.9003558853194709,0.9298543472036533,10631.203170776367,2.5,6376.7828058242785,6376.7828058242785,13378.401710891721,14338.401710891721,2722.6475620269775
CICIoT2023,SNN_AE_noBN,2,7,0.814928516608064,0.9003558853194709,0.9298543472036533,10631.203170776367,5.0,6376.7828058242785,6376.7828058242785,20380.020615959165,22300.020615959165,2722.6475620269775
CICIoT2023,SNN_AE_noBN,2,7,0.814928516608064,0.9003558853194709,0.9298543472036533,10631.203170776367,10.0,6376.7828058242785,6376.7828058242785,34383.25842609406,38223.25842609406,2722.6475620269775
CICIoT2023,SNN_AE_noBN,2,7,0.814928516608064,0.9003558853194709,0.9298543472036533,10631.203170776367,20.0,6376.7828058242785,6376.7828058242785,62389.73404636383,70069.73404636382,2722.6475620269775
CICIoT2023,IF,2,7,0.24311062853058812,0.8525776454562859,0.8860949003458737,,2.5,1800.0,1800.0,11882.5,11882.5,4000.0
CICIoT2023,IF,2,7,0.24311062853058812,0.8525776454562859,0.8860949003458737,,5.0,1800.0,1800.0,21965.0,21965.0,4000.0
CICIoT2023,IF,2,7,0.24311062853058812,0.8525776454562859,0.8860949003458737,,10.0,1800.0,1800.0,42130.0,42130.0,4000.0
CICIoT2023,IF,2,7,0.24311062853058812,0.8525776454562859,0.8860949003458737,,20.0,1800.0,1800.0,82460.0,82460.0,4000.0
CICIoT2023,OCSVM,2,7,0.6350123688475646,0.7922864363538722,0.8426228844715773,,2.5,33156.799999999996,33156.799999999996,51259.299999999996,51259.299999999996,7208.0
CICIoT2023,OCSVM,2,7,0.6350123688475646,0.7922864363538722,0.8426228844715773,,5.0,33156.799999999996,33156.799999999996,69361.79999999999,69361.79999999999,7208.0
CICIoT2023,OCSVM,2,7,0.6350123688475646,0.7922864363538722,0.8426228844715773,,10.0,33156.799999999996,33156.799999999996,105566.79999999999,105566.79999999999,7208.0
CICIoT2023,OCSVM,2,7,0.6350123688475646,0.7922864363538722,0.8426228844715773,,20.0,33156.799999999996,33156.799999999996,177976.8,177976.8,7208.0
CICIoT2023,LOF,2,7,0.4448472609155829,0.7968793239003809,0.8176232344938198,,2.5,3035999.9999999995,3035999.9999999995,4686082.5,4686082.5,660000.0
CICIoT2023,LOF,2,7,0.4448472609155829,0.7968793239003809,0.8176232344938198,,5.0,3035999.9999999995,3035999.9999999995,6336165.0,6336165.0,660000.0
CICIoT2023,LOF,2,7,0.4448472609155829,0.7968793239003809,0.8176232344938198,,10.0,3035999.9999999995,3035999.9999999995,9636330.0,9636330.0,660000.0
CICIoT2023,LOF,2,7,0.4448472609155829,0.7968793239003809,0.8176232344938198,,20.0,3035999.9999999995,3035999.9999999995,16236660.0,16236660.0,660000.0
CICIoT2023,SNN_AE,2,8,0.7388146317720619,0.8905498145154433,0.9071331549108258,11202.662365722656,2.5,6463.428509902954,6463.428509902954,13705.72992630005,14665.72992630005,2818.920566558838
CICIoT2023,SNN_AE,2,8,0.7388146317720619,0.8905498145154433,0.9071331549108258,11202.662365722656,5.0,6463.428509902954,6463.428509902954,20948.031342697144,22868.031342697144,2818.920566558838
CICIoT2023,SNN_AE,2,8,0.7388146317720619,0.8905498145154433,0.9071331549108258,11202.662365722656,10.0,6463.428509902954,6463.428509902954,35432.63417549133,39272.63417549133,2818.920566558838
CICIoT2023,SNN_AE,2,8,0.7388146317720619,0.8905498145154433,0.9071331549108258,11202.662365722656,20.0,6463.428509902954,6463.428509902954,64401.83984107971,72081.83984107971,2818.920566558838
CICIoT2023,LSTM_AE,2,8,0.801778317383231,0.8805541706041995,0.9153431406678119,331200.0,2.5,331200.0,331200.0,513367.5,513367.5,72801.0
CICIoT2023,LSTM_AE,2,8,0.801778317383231,0.8805541706041995,0.9153431406678119,331200.0,5.0,331200.0,331200.0,695535.0,695535.0,72801.0
CICIoT2023,LSTM_AE,2,8,0.801778317383231,0.8805541706041995,0.9153431406678119,331200.0,10.0,331200.0,331200.0,1059870.0,1059870.0,72801.0
CICIoT2023,LSTM_AE,2,8,0.801778317383231,0.8805541706041995,0.9153431406678119,331200.0,20.0,331200.0,331200.0,1788540.0,1788540.0,72801.0
CICIoT2023,CNN_AE,2,8,0.8126053666760326,0.8988338654125281,0.9180335419489432,351955.19999999995,2.5,351955.19999999995,351955.19999999995,385922.69999999995,385922.69999999995,13521.0
CICIoT2023,CNN_AE,2,8,0.8126053666760326,0.8988338654125281,0.9180335419489432,351955.19999999995,5.0,351955.19999999995,351955.19999999995,419890.19999999995,419890.19999999995,13521.0
CICIoT2023,CNN_AE,2,8,0.8126053666760326,0.8988338654125281,0.9180335419489432,351955.19999999995,10.0,351955.19999999995,351955.19999999995,487825.19999999995,487825.19999999995,13521.0
CICIoT2023,CNN_AE,2,8,0.8126053666760326,0.8988338654125281,0.9180335419489432,351955.19999999995,20.0,351955.19999999995,351955.19999999995,623695.2,623695.2,13521.0
CICIoT2023,SNN_Dense,2,8,0.7991273763412137,0.8893110542679186,0.9069261853775047,16023.356768798829,2.5,10692.711218261718,8524.718633953391,15655.104067604605,16135.104067604605,2716.1541734604857
CICIoT2023,SNN_Dense,2,8,0.7991273763412137,0.8893110542679186,0.9069261853775047,16023.356768798829,5.0,10692.711218261718,8524.718633953391,22785.48950125582,23745.48950125582,2716.1541734604857
CICIoT2023,SNN_Dense,2,8,0.7991273763412137,0.8893110542679186,0.9069261853775047,16023.356768798829,10.0,10692.711218261718,8524.718633953391,37046.26036855824,38966.26036855824,2716.1541734604857
CICIoT2023,SNN_Dense,2,8,0.7991273763412137,0.8893110542679186,0.9069261853775047,16023.356768798829,20.0,10692.711218261718,8524.718633953391,65567.8021031631,69407.8021031631,2716.1541734604857
CICIoT2023,Dense_SNN,2,8,0.7866885577165951,0.8944949546365634,0.9160749850480197,24463.199999999997,2.5,10463.472709846497,8929.152394511453,16096.0401852677,16576.040185267702,2730.755116302499
CICIoT2023,Dense_SNN,2,8,0.7866885577165951,0.8944949546365634,0.9160749850480197,24463.199999999997,5.0,10463.472709846497,8929.152394511453,23262.927976023948,24222.927976023948,2730.755116302499
CICIoT2023,Dense_SNN,2,8,0.7866885577165951,0.8944949546365634,0.9160749850480197,24463.199999999997,10.0,10463.472709846497,8929.152394511453,37596.70355753644,39516.70355753644,2730.755116302499
CICIoT2023,Dense_SNN,2,8,0.7866885577165951,0.8944949546365634,0.9160749850480197,24463.199999999997,20.0,10463.472709846497,8929.152394511453,66264.25472056144,70104.25472056144,2730.755116302499
CICIoT2023,Dense_AE,2,8,0.8188040157136621,0.8905283757424735,0.9135289174477637,15032.8,2.5,14425.599999999999,9759.237344365887,15548.170683695174,15548.170683695174,2121.573335731715
CICIoT2023,Dense_AE,2,8,0.8188040157136621,0.8905283757424735,0.9135289174477637,15032.8,5.0,14425.599999999999,9759.237344365887,21337.10402302446,21337.10402302446,2121.573335731715
CICIoT2023,Dense_AE,2,8,0.8188040157136621,0.8905283757424735,0.9135289174477637,15032.8,10.0,14425.599999999999,9759.237344365887,32914.970701683036,32914.970701683036,2121.573335731715
CICIoT2023,Dense_AE,2,8,0.8188040157136621,0.8905283757424735,0.9135289174477637,15032.8,20.0,14425.599999999999,9759.237344365887,56070.704059000185,56070.704059000185,2121.573335731715
CICIoT2023,SNN_AE_T2,2,8,0.7264417640407086,0.849440681335391,0.8840222225636808,11557.93283691406,2.5,6590.463277435302,6590.463277435302,14193.416825866698,14833.416825866698,2967.1814193725586
CICIoT2023,SNN_AE_T2,2,8,0.7264417640407086,0.849440681335391,0.8840222225636808,11557.93283691406,5.0,6590.463277435302,6590.463277435302,21796.370374298094,23076.370374298094,2967.1814193725586
CICIoT2023,SNN_AE_T2,2,8,0.7264417640407086,0.849440681335391,0.8840222225636808,11557.93283691406,10.0,6590.463277435302,6590.463277435302,37002.27747116089,39562.27747116089,2967.1814193725586
CICIoT2023,SNN_AE_T2,2,8,0.7264417640407086,0.849440681335391,0.8840222225636808,11557.93283691406,20.0,6590.463277435302,6590.463277435302,67414.09166488648,72534.09166488648,2967.1814193725586
CICIoT2023,SNN_AE_T5,2,8,0.7999213836477987,0.8885605551875428,0.9172268249536257,11621.34088745117,2.5,7260.435007858276,7260.435007858276,16701.0878074646,18301.0878074646,3690.2611198425293
CICIoT2023,SNN_AE_T5,2,8,0.7999213836477987,0.8885605551875428,0.9172268249536257,11621.34088745117,5.0,7260.435007858276,7260.435007858276,26141.740607070922,29341.740607070922,3690.2611198425293
CICIoT2023,SNN_AE_T5,2,8,0.7999213836477987,0.8885605551875428,0.9172268249536257,11621.34088745117,10.0,7260.435007858276,7260.435007858276,45023.04620628357,51423.04620628357,3690.2611198425293
CICIoT2023,SNN_AE_T5,2,8,0.7999213836477987,0.8885605551875428,0.9172268249536257,11621.34088745117,20.0,7260.435007858276,7260.435007858276,82785.65740470887,95585.65740470887,3690.2611198425293
CICIoT2023,SNN_AE_T7,2,8,0.7996423781850693,0.8990038100026485,0.927893884771244,11850.198428344725,2.5,7930.6941917419435,7930.6941917419435,19217.62250213623,21457.62250213623,4420.771324157715
CICIoT2023,SNN_AE_T7,2,8,0.7996423781850693,0.8990038100026485,0.927893884771244,11850.198428344725,5.0,7930.6941917419435,7930.6941917419435,30504.550812530517,34984.55081253052,4420.771324157715
CICIoT2023,SNN_AE_T7,2,8,0.7996423781850693,0.8990038100026485,0.927893884771244,11850.198428344725,10.0,7930.6941917419435,7930.6941917419435,53078.407433319095,62038.407433319095,4420.771324157715
CICIoT2023,SNN_AE_T7,2,8,0.7996423781850693,0.8990038100026485,0.927893884771244,11850.198428344725,20.0,7930.6941917419435,7930.6941917419435,98226.12067489624,116146.12067489624,4420.771324157715
CICIoT2023,SNN_AE_noBN,2,8,0.681216268027251,0.8815144023482682,0.9002883923815159,10643.587179565428,2.5,6435.089491081238,6435.089491081238,13598.671410751344,14558.671410751344,2787.432767868042
CICIoT2023,SNN_AE_noBN,2,8,0.681216268027251,0.8815144023482682,0.9002883923815159,10643.587179565428,5.0,6435.089491081238,6435.089491081238,20762.25333042145,22682.25333042145,2787.432767868042
CICIoT2023,SNN_AE_noBN,2,8,0.681216268027251,0.8815144023482682,0.9002883923815159,10643.587179565428,10.0,6435.089491081238,6435.089491081238,35089.417169761655,38929.417169761655,2787.432767868042
CICIoT2023,SNN_AE_noBN,2,8,0.681216268027251,0.8815144023482682,0.9002883923815159,10643.587179565428,20.0,6435.089491081238,6435.089491081238,63743.744848442075,71423.74484844207,2787.432767868042
CICIoT2023,IF,2,8,0.3897974421349262,0.8099044157251757,0.8146228116231976,,2.5,1800.0,1800.0,11882.5,11882.5,4000.0
CICIoT2023,IF,2,8,0.3897974421349262,0.8099044157251757,0.8146228116231976,,5.0,1800.0,1800.0,21965.0,21965.0,4000.0
CICIoT2023,IF,2,8,0.3897974421349262,0.8099044157251757,0.8146228116231976,,10.0,1800.0,1800.0,42130.0,42130.0,4000.0
CICIoT2023,IF,2,8,0.3897974421349262,0.8099044157251757,0.8146228116231976,,20.0,1800.0,1800.0,82460.0,82460.0,4000.0
CICIoT2023,OCSVM,2,8,0.6521531195823287,0.7860977205431257,0.8175313599922528,,2.5,33313.2,33313.2,51500.7,51500.7,7242.0
CICIoT2023,OCSVM,2,8,0.6521531195823287,0.7860977205431257,0.8175313599922528,,5.0,33313.2,33313.2,69688.2,69688.2,7242.0
CICIoT2023,OCSVM,2,8,0.6521531195823287,0.7860977205431257,0.8175313599922528,,10.0,33313.2,33313.2,106063.2,106063.2,7242.0
CICIoT2023,OCSVM,2,8,0.6521531195823287,0.7860977205431257,0.8175313599922528,,20.0,33313.2,33313.2,178813.2,178813.2,7242.0
CICIoT2023,LOF,2,8,0.26359386116475253,0.7751199440702132,0.7366685544750715,,2.5,3035999.9999999995,3035999.9999999995,4686082.5,4686082.5,660000.0
CICIoT2023,LOF,2,8,0.26359386116475253,0.7751199440702132,0.7366685544750715,,5.0,3035999.9999999995,3035999.9999999995,6336165.0,6336165.0,660000.0
CICIoT2023,LOF,2,8,0.26359386116475253,0.7751199440702132,0.7366685544750715,,10.0,3035999.9999999995,3035999.9999999995,9636330.0,9636330.0,660000.0
CICIoT2023,LOF,2,8,0.26359386116475253,0.7751199440702132,0.7366685544750715,,20.0,3035999.9999999995,3035999.9999999995,16236660.0,16236660.0,660000.0
CICIoT2023,SNN_AE,2,9,0.8148088372426655,0.9081053001791539,0.9310900115491028,11109.667108154295,2.5,6309.808523941039,6309.808523941039,13125.387757110595,14085.387757110595,2648.2316932678223
CICIoT2023,SNN_AE,2,9,0.8148088372426655,0.9081053001791539,0.9310900115491028,11109.667108154295,5.0,6309.808523941039,6309.808523941039,19940.96699028015,21860.96699028015,2648.2316932678223
CICIoT2023,SNN_AE,2,9,0.8148088372426655,0.9081053001791539,0.9310900115491028,11109.667108154295,10.0,6309.808523941039,6309.808523941039,33572.125456619266,37412.125456619266,2648.2316932678223
CICIoT2023,SNN_AE,2,9,0.8148088372426655,0.9081053001791539,0.9310900115491028,11109.667108154295,20.0,6309.808523941039,6309.808523941039,60834.44238929749,68514.44238929749,2648.2316932678223
CICIoT2023,LSTM_AE,2,9,0.8428147459505846,0.8996880024368359,0.9365800032626925,331200.0,2.5,331200.0,331200.0,513367.5,513367.5,72801.0
CICIoT2023,LSTM_AE,2,9,0.8428147459505846,0.8996880024368359,0.9365800032626925,331200.0,5.0,331200.0,331200.0,695535.0,695535.0,72801.0
CICIoT2023,LSTM_AE,2,9,0.8428147459505846,0.8996880024368359,0.9365800032626925,331200.0,10.0,331200.0,331200.0,1059870.0,1059870.0,72801.0
CICIoT2023,LSTM_AE,2,9,0.8428147459505846,0.8996880024368359,0.9365800032626925,331200.0,20.0,331200.0,331200.0,1788540.0,1788540.0,72801.0
CICIoT2023,CNN_AE,2,9,0.8532567253639766,0.904558174501669,0.9363667349647136,351955.19999999995,2.5,351955.19999999995,351955.19999999995,385922.69999999995,385922.69999999995,13521.0
CICIoT2023,CNN_AE,2,9,0.8532567253639766,0.904558174501669,0.9363667349647136,351955.19999999995,5.0,351955.19999999995,351955.19999999995,419890.19999999995,419890.19999999995,13521.0
CICIoT2023,CNN_AE,2,9,0.8532567253639766,0.904558174501669,0.9363667349647136,351955.19999999995,10.0,351955.19999999995,351955.19999999995,487825.19999999995,487825.19999999995,13521.0
CICIoT2023,CNN_AE,2,9,0.8532567253639766,0.904558174501669,0.9363667349647136,351955.19999999995,20.0,351955.19999999995,351955.19999999995,623695.2,623695.2,13521.0
CICIoT2023,SNN_Dense,2,9,0.8546385258918194,0.9204856838951696,0.9450918368886692,15930.448028564453,2.5,10593.58048095703,9109.89883952551,16336.829235125735,16816.829235125733,2754.7721582400904
CICIoT2023,SNN_Dense,2,9,0.8546385258918194,0.9204856838951696,0.9450918368886692,15930.448028564453,5.0,10593.58048095703,9109.89883952551,23563.75963072596,24523.75963072596,2754.7721582400904
CICIoT2023,SNN_Dense,2,9,0.8546385258918194,0.9204856838951696,0.9450918368886692,15930.448028564453,10.0,10593.58048095703,9109.89883952551,38017.62042192641,39937.62042192641,2754.7721582400904
CICIoT2023,SNN_Dense,2,9,0.8546385258918194,0.9204856838951696,0.9450918368886692,15930.448028564453,20.0,10593.58048095703,9109.89883952551,66925.34200432732,70765.34200432732,2754.7721582400904
CICIoT2023,Dense_SNN,2,9,0.8766984454178476,0.8973769009491059,0.9345739300534466,24463.199999999997,2.5,10507.155821609498,8887.534473927586,16129.404985093024,16609.404985093024,2760.7482044661756
CICIoT2023,Dense_SNN,2,9,0.8766984454178476,0.8973769009491059,0.9345739300534466,24463.199999999997,5.0,10507.155821609498,8887.534473927586,23371.275496258466,24331.275496258466,2760.7482044661756
CICIoT2023,Dense_SNN,2,9,0.8766984454178476,0.8973769009491059,0.9345739300534466,24463.199999999997,10.0,10507.155821609498,8887.534473927586,37855.01651858934,39775.01651858934,2760.7482044661756
CICIoT2023,Dense_SNN,2,9,0.8766984454178476,0.8973769009491059,0.9345739300534466,24463.199999999997,20.0,10507.155821609498,8887.534473927586,66822.4985632511,70662.4985632511,2760.7482044661756
CICIoT2023,Dense_AE,2,9,0.8381974023242362,0.9112828114382042,0.937623112802604,15032.8,2.5,14425.599999999999,10449.324801351435,16613.305671651127,16613.305671651127,2271.5923481198774
CICIoT2023,Dense_AE,2,9,0.8381974023242362,0.9112828114382042,0.937623112802604,15032.8,5.0,14425.599999999999,10449.324801351435,22777.286541950823,22777.286541950823,2271.5923481198774
CICIoT2023,Dense_AE,2,9,0.8381974023242362,0.9112828114382042,0.937623112802604,15032.8,10.0,14425.599999999999,10449.324801351435,35105.24828255021,35105.24828255021,2271.5923481198774
CICIoT2023,Dense_AE,2,9,0.8381974023242362,0.9112828114382042,0.937623112802604,15032.8,20.0,14425.599999999999,10449.324801351435,59761.17176374898,59761.17176374898,2271.5923481198774
CICIoT2023,SNN_AE_T2,2,9,0.8336229796047003,0.8937634143104164,0.9274725828573427,11783.839978027343,2.5,7010.384376144409,7010.384376144409,15779.785420989989,16419.78542098999,3433.7604179382324
CICIoT2023,SNN_AE_T2,2,9,0.8336229796047003,0.8937634143104164,0.9274725828573427,11783.839978027343,5.0,7010.384376144409,7010.384376144409,24549.18646583557,25829.18646583557,3433.7604179382324
CICIoT2023,SNN_AE_T2,2,9,0.8336229796047003,0.8937634143104164,0.9274725828573427,11783.839978027343,10.0,7010.384376144409,7010.384376144409,42087.98855552673,44647.98855552673,3433.7604179382324
CICIoT2023,SNN_AE_T2,2,9,0.8336229796047003,0.8937634143104164,0.9274725828573427,11783.839978027343,20.0,7010.384376144409,7010.384376144409,77165.59273490906,82285.59273490906,3433.7604179382324
CICIoT2023,SNN_AE_T5,2,9,0.8506625891946993,0.9098725127484315,0.9350002541030826,11668.544058227537,2.5,7436.569773864746,7436.569773864746,17366.48581237793,18966.48581237793,3885.9664154052734
CICIoT2023,SNN_AE_T5,2,9,0.8506625891946993,0.9098725127484315,0.9350002541030826,11668.544058227537,5.0,7436.569773864746,7436.569773864746,27296.401850891114,30496.401850891114,3885.9664154052734
CICIoT2023,SNN_AE_T5,2,9,0.8506625891946993,0.9098725127484315,0.9350002541030826,11668.544058227537,10.0,7436.569773864746,7436.569773864746,47156.23392791748,53556.23392791748,3885.9664154052734
CICIoT2023,SNN_AE_T5,2,9,0.8506625891946993,0.9098725127484315,0.9350002541030826,11668.544058227537,20.0,7436.569773864746,7436.569773864746,86875.89808197021,99675.89808197021,3885.9664154052734
CICIoT2023,SNN_AE_T7,2,9,0.881235830107842,0.9118534101328089,0.9385663125684838,11649.491191101073,2.5,7665.366570663452,7665.366570663452,18215.273711395264,20455.273711395264,4125.962856292725
CICIoT2023,SNN_AE_T7,2,9,0.881235830107842,0.9118534101328089,0.9385663125684838,11649.491191101073,5.0,7665.366570663452,7665.366570663452,28765.180852127076,33245.18085212707,4125.962856292725
CICIoT2023,SNN_AE_T7,2,9,0.881235830107842,0.9118534101328089,0.9385663125684838,11649.491191101073,10.0,7665.366570663452,7665.366570663452,49864.995133590695,58824.995133590695,4125.962856292725
CICIoT2023,SNN_AE_T7,2,9,0.881235830107842,0.9118534101328089,0.9385663125684838,11649.491191101073,20.0,7665.366570663452,7665.366570663452,92064.62369651794,109984.62369651794,4125.962856292725
CICIoT2023,SNN_AE_noBN,2,9,0.8387938118546572,0.9069744104098888,0.9345502784822947,10594.828729248045,2.5,6373.481252861023,6373.481252861023,13365.929177474976,14325.929177474976,2718.979169845581
CICIoT2023,SNN_AE_noBN,2,9,0.8387938118546572,0.9069744104098888,0.9345502784822947,10594.828729248045,5.0,6373.481252861023,6373.481252861023,20358.37710208893,22278.37710208893,2718.979169845581
CICIoT2023,SNN_AE_noBN,2,9,0.8387938118546572,0.9069744104098888,0.9345502784822947,10594.828729248045,10.0,6373.481252861023,6373.481252861023,34343.27295131683,38183.27295131683,2718.979169845581
CICIoT2023,SNN_AE_noBN,2,9,0.8387938118546572,0.9069744104098888,0.9345502784822947,10594.828729248045,20.0,6373.481252861023,6373.481252861023,62313.06464977264,69993.06464977264,2718.979169845581
CICIoT2023,IF,2,9,0.7630894688193779,0.8153595644278236,0.8487170781283427,,2.5,1800.0,1800.0,11882.5,11882.5,4000.0
CICIoT2023,IF,2,9,0.7630894688193779,0.8153595644278236,0.8487170781283427,,5.0,1800.0,1800.0,21965.0,21965.0,4000.0
CICIoT2023,IF,2,9,0.7630894688193779,0.8153595644278236,0.8487170781283427,,10.0,1800.0,1800.0,42130.0,42130.0,4000.0
CICIoT2023,IF,2,9,0.7630894688193779,0.8153595644278236,0.8487170781283427,,20.0,1800.0,1800.0,82460.0,82460.0,4000.0
CICIoT2023,OCSVM,2,9,0.6500005175822697,0.8092245545465278,0.8497328630520553,,2.5,33000.399999999994,33000.399999999994,51017.899999999994,51017.899999999994,7174.0
CICIoT2023,OCSVM,2,9,0.6500005175822697,0.8092245545465278,0.8497328630520553,,5.0,33000.399999999994,33000.399999999994,69035.4,69035.4,7174.0
CICIoT2023,OCSVM,2,9,0.6500005175822697,0.8092245545465278,0.8497328630520553,,10.0,33000.399999999994,33000.399999999994,105070.4,105070.4,7174.0
CICIoT2023,OCSVM,2,9,0.6500005175822697,0.8092245545465278,0.8497328630520553,,20.0,33000.399999999994,33000.399999999994,177140.4,177140.4,7174.0
CICIoT2023,LOF,2,9,0.6274419429179223,0.7711094895305971,0.7559690418443654,,2.5,3035999.9999999995,3035999.9999999995,4686082.5,4686082.5,660000.0
CICIoT2023,LOF,2,9,0.6274419429179223,0.7711094895305971,0.7559690418443654,,5.0,3035999.9999999995,3035999.9999999995,6336165.0,6336165.0,660000.0
CICIoT2023,LOF,2,9,0.6274419429179223,0.7711094895305971,0.7559690418443654,,10.0,3035999.9999999995,3035999.9999999995,9636330.0,9636330.0,660000.0
CICIoT2023,LOF,2,9,0.6274419429179223,0.7711094895305971,0.7559690418443654,,20.0,3035999.9999999995,3035999.9999999995,16236660.0,16236660.0,660000.0
