dataset,job,seed,fold,layer,class,t,rate
Edge-IIoTset,SNN_AE,0,0,encoder,normal,1,0.38928988575935364
Edge-IIoTset,SNN_AE,0,0,encoder,normal,2,0.5005187392234802
Edge-IIoTset,SNN_AE,0,0,encoder,normal,3,0.4909498691558838
Edge-IIoTset,SNN_AE,0,0,encoder,attack,1,0.3180551528930664
Edge-IIoTset,SNN_AE,0,0,encoder,attack,2,0.3525349199771881
Edge-IIoTset,SNN_AE,0,0,encoder,attack,3,0.34939154982566833
Edge-IIoTset,SNN_AE,0,0,decoder,normal,1,0.4193512201309204
Edge-IIoTset,SNN_AE,0,0,decoder,normal,2,0.5517387390136719
Edge-IIoTset,SNN_AE,0,0,decoder,normal,3,0.5575233697891235
Edge-IIoTset,SNN_AE,0,0,decoder,attack,1,0.34480881690979004
Edge-IIoTset,SNN_AE,0,0,decoder,attack,2,0.4557720720767975
Edge-IIoTset,SNN_AE,0,0,decoder,attack,3,0.4830275774002075
Edge-IIoTset,SNN_Dense,0,0,encoder,normal,1,0.22760605812072754
Edge-IIoTset,SNN_Dense,0,0,encoder,normal,2,0.43716225028038025
Edge-IIoTset,SNN_Dense,0,0,encoder,normal,3,0.4158562123775482
Edge-IIoTset,SNN_Dense,0,0,encoder,attack,1,0.33087867498397827
Edge-IIoTset,SNN_Dense,0,0,encoder,attack,2,0.3753621280193329
Edge-IIoTset,SNN_Dense,0,0,encoder,attack,3,0.3699099123477936
Edge-IIoTset,Dense_SNN,0,0,decoder,normal,1,0.4643126428127289
Edge-IIoTset,Dense_SNN,0,0,decoder,normal,2,0.6262184977531433
Edge-IIoTset,Dense_SNN,0,0,decoder,normal,3,0.608997106552124
Edge-IIoTset,Dense_SNN,0,0,decoder,attack,1,0.5928217172622681
Edge-IIoTset,Dense_SNN,0,0,decoder,attack,2,0.6261378526687622
Edge-IIoTset,Dense_SNN,0,0,decoder,attack,3,0.6225000023841858
Edge-IIoTset,SNN_AE_T2,0,0,encoder,normal,1,0.4499052166938782
Edge-IIoTset,SNN_AE_T2,0,0,encoder,normal,2,0.5204383730888367
Edge-IIoTset,SNN_AE_T2,0,0,encoder,attack,1,0.3210294246673584
Edge-IIoTset,SNN_AE_T2,0,0,encoder,attack,2,0.3355128765106201
Edge-IIoTset,SNN_AE_T2,0,0,decoder,normal,1,0.42323997616767883
Edge-IIoTset,SNN_AE_T2,0,0,decoder,normal,2,0.5120992064476013
Edge-IIoTset,SNN_AE_T2,0,0,decoder,attack,1,0.41671690344810486
Edge-IIoTset,SNN_AE_T2,0,0,decoder,attack,2,0.5255257487297058
Edge-IIoTset,SNN_AE_T5,0,0,encoder,normal,1,0.36129045486450195
Edge-IIoTset,SNN_AE_T5,0,0,encoder,normal,2,0.5203525424003601
Edge-IIoTset,SNN_AE_T5,0,0,encoder,normal,3,0.5066205859184265
Edge-IIoTset,SNN_AE_T5,0,0,encoder,normal,4,0.5123249888420105
Edge-IIoTset,SNN_AE_T5,0,0,encoder,normal,5,0.4962959885597229
Edge-IIoTset,SNN_AE_T5,0,0,encoder,attack,1,0.25476470589637756
Edge-IIoTset,SNN_AE_T5,0,0,encoder,attack,2,0.31135109066963196
Edge-IIoTset,SNN_AE_T5,0,0,encoder,attack,3,0.31003308296203613
Edge-IIoTset,SNN_AE_T5,0,0,encoder,attack,4,0.3109264671802521
Edge-IIoTset,SNN_AE_T5,0,0,encoder,attack,5,0.306022047996521
Edge-IIoTset,SNN_AE_T5,0,0,decoder,normal,1,0.3987598419189453
Edge-IIoTset,SNN_AE_T5,0,0,decoder,normal,2,0.568973183631897
Edge-IIoTset,SNN_AE_T5,0,0,decoder,normal,3,0.5872469544410706
Edge-IIoTset,SNN_AE_T5,0,0,decoder,normal,4,0.5936455130577087
Edge-IIoTset,SNN_AE_T5,0,0,decoder,normal,5,0.5883274078369141
Edge-IIoTset,SNN_AE_T5,0,0,decoder,attack,1,0.29478123784065247
Edge-IIoTset,SNN_AE_T5,0,0,decoder,attack,2,0.4578069746494293
Edge-IIoTset,SNN_AE_T5,0,0,decoder,attack,3,0.45298898220062256
Edge-IIoTset,SNN_AE_T5,0,0,decoder,attack,4,0.4700790345668793
Edge-IIoTset,SNN_AE_T5,0,0,decoder,attack,5,0.48647794127464294
Edge-IIoTset,SNN_AE_T7,0,0,encoder,normal,1,0.32320526242256165
Edge-IIoTset,SNN_AE_T7,0,0,encoder,normal,2,0.5139148235321045
Edge-IIoTset,SNN_AE_T7,0,0,encoder,normal,3,0.49980032444000244
Edge-IIoTset,SNN_AE_T7,0,0,encoder,normal,4,0.5007855892181396
Edge-IIoTset,SNN_AE_T7,0,0,encoder,normal,5,0.4841240346431732
Edge-IIoTset,SNN_AE_T7,0,0,encoder,normal,6,0.512304425239563
Edge-IIoTset,SNN_AE_T7,0,0,encoder,normal,7,0.4718793034553528
Edge-IIoTset,SNN_AE_T7,0,0,encoder,attack,1,0.24172426760196686
Edge-IIoTset,SNN_AE_T7,0,0,encoder,attack,2,0.3081948459148407
Edge-IIoTset,SNN_AE_T7,0,0,encoder,attack,3,0.30023160576820374
Edge-IIoTset,SNN_AE_T7,0,0,encoder,attack,4,0.3047408163547516
Edge-IIoTset,SNN_AE_T7,0,0,encoder,attack,5,0.29740992188453674
Edge-IIoTset,SNN_AE_T7,0,0,encoder,attack,6,0.31076470017433167
Edge-IIoTset,SNN_AE_T7,0,0,encoder,attack,7,0.295512855052948
Edge-IIoTset,SNN_AE_T7,0,0,decoder,normal,1,0.3668268918991089
Edge-IIoTset,SNN_AE_T7,0,0,decoder,normal,2,0.5869577527046204
Edge-IIoTset,SNN_AE_T7,0,0,decoder,normal,3,0.6140241622924805
Edge-IIoTset,SNN_AE_T7,0,0,decoder,normal,4,0.6197956800460815
Edge-IIoTset,SNN_AE_T7,0,0,decoder,normal,5,0.6139233708381653
Edge-IIoTset,SNN_AE_T7,0,0,decoder,normal,6,0.6251586079597473
Edge-IIoTset,SNN_AE_T7,0,0,decoder,normal,7,0.6127477884292603
Edge-IIoTset,SNN_AE_T7,0,0,decoder,attack,1,0.27362683415412903
Edge-IIoTset,SNN_AE_T7,0,0,decoder,attack,2,0.45025917887687683
Edge-IIoTset,SNN_AE_T7,0,0,decoder,attack,3,0.46502020955085754
Edge-IIoTset,SNN_AE_T7,0,0,decoder,attack,4,0.46961212158203125
Edge-IIoTset,SNN_AE_T7,0,0,decoder,attack,5,0.46219301223754883
Edge-IIoTset,SNN_AE_T7,0,0,decoder,attack,6,0.465801477432251
Edge-IIoTset,SNN_AE_T7,0,0,decoder,attack,7,0.46433454751968384
Edge-IIoTset,SNN_AE_noBN,0,0,encoder,normal,1,0.4370129704475403
Edge-IIoTset,SNN_AE_noBN,0,0,encoder,normal,2,0.5454428195953369
Edge-IIoTset,SNN_AE_noBN,0,0,encoder,normal,3,0.5372790694236755
Edge-IIoTset,SNN_AE_noBN,0,0,encoder,attack,1,0.49369117617607117
Edge-IIoTset,SNN_AE_noBN,0,0,encoder,attack,2,0.5275918841362
Edge-IIoTset,SNN_AE_noBN,0,0,encoder,attack,3,0.5260220766067505
Edge-IIoTset,SNN_AE_noBN,0,0,decoder,normal,1,0.41529080271720886
Edge-IIoTset,SNN_AE_noBN,0,0,decoder,normal,2,0.5528732538223267
Edge-IIoTset,SNN_AE_noBN,0,0,decoder,normal,3,0.5676109790802002
Edge-IIoTset,SNN_AE_noBN,0,0,decoder,attack,1,0.4559687376022339
Edge-IIoTset,SNN_AE_noBN,0,0,decoder,attack,2,0.5370091795921326
Edge-IIoTset,SNN_AE_noBN,0,0,decoder,attack,3,0.5502169132232666
Edge-IIoTset,SNN_AE,0,1,encoder,normal,1,0.3555748760700226
Edge-IIoTset,SNN_AE,0,1,encoder,normal,2,0.4599648416042328
Edge-IIoTset,SNN_AE,0,1,encoder,normal,3,0.45288148522377014
Edge-IIoTset,SNN_AE,0,1,encoder,attack,1,0.48015257716178894
Edge-IIoTset,SNN_AE,0,1,encoder,attack,2,0.5090919137001038
Edge-IIoTset,SNN_AE,0,1,encoder,attack,3,0.5077831149101257
Edge-IIoTset,SNN_AE,0,1,decoder,normal,1,0.41164276003837585
Edge-IIoTset,SNN_AE,0,1,decoder,normal,2,0.5544071197509766
Edge-IIoTset,SNN_AE,0,1,decoder,normal,3,0.5618132948875427
Edge-IIoTset,SNN_AE,0,1,decoder,attack,1,0.4673786759376526
Edge-IIoTset,SNN_AE,0,1,decoder,attack,2,0.5460478067398071
Edge-IIoTset,SNN_AE,0,1,decoder,attack,3,0.5574154257774353
Edge-IIoTset,SNN_Dense,0,1,encoder,normal,1,0.26450446248054504
Edge-IIoTset,SNN_Dense,0,1,encoder,normal,2,0.5069247484207153
Edge-IIoTset,SNN_Dense,0,1,encoder,normal,3,0.4837433695793152
Edge-IIoTset,SNN_Dense,0,1,encoder,attack,1,0.38998162746429443
Edge-IIoTset,SNN_Dense,0,1,encoder,attack,2,0.43779778480529785
Edge-IIoTset,SNN_Dense,0,1,encoder,attack,3,0.4291194975376129
Edge-IIoTset,Dense_SNN,0,1,decoder,normal,1,0.46816781163215637
Edge-IIoTset,Dense_SNN,0,1,decoder,normal,2,0.6008053421974182
Edge-IIoTset,Dense_SNN,0,1,decoder,normal,3,0.5856067538261414
Edge-IIoTset,Dense_SNN,0,1,decoder,attack,1,0.6023823618888855
Edge-IIoTset,Dense_SNN,0,1,decoder,attack,2,0.6444705724716187
Edge-IIoTset,Dense_SNN,0,1,decoder,attack,3,0.635886013507843
Edge-IIoTset,SNN_AE_T2,0,1,encoder,normal,1,0.4129657447338104
Edge-IIoTset,SNN_AE_T2,0,1,encoder,normal,2,0.4998283386230469
Edge-IIoTset,SNN_AE_T2,0,1,encoder,attack,1,0.5101929903030396
Edge-IIoTset,SNN_AE_T2,0,1,encoder,attack,2,0.5385532975196838
Edge-IIoTset,SNN_AE_T2,0,1,decoder,normal,1,0.44426801800727844
Edge-IIoTset,SNN_AE_T2,0,1,decoder,normal,2,0.5409681797027588
Edge-IIoTset,SNN_AE_T2,0,1,decoder,attack,1,0.5137187242507935
Edge-IIoTset,SNN_AE_T2,0,1,decoder,attack,2,0.5605312585830688
Edge-IIoTset,SNN_AE_T5,0,1,encoder,normal,1,0.35104236006736755
Edge-IIoTset,SNN_AE_T5,0,1,encoder,normal,2,0.5004926323890686
Edge-IIoTset,SNN_AE_T5,0,1,encoder,normal,3,0.49174293875694275
Edge-IIoTset,SNN_AE_T5,0,1,encoder,normal,4,0.49534618854522705
Edge-IIoTset,SNN_AE_T5,0,1,encoder,normal,5,0.4806756377220154
Edge-IIoTset,SNN_AE_T5,0,1,encoder,attack,1,0.47460660338401794
Edge-IIoTset,SNN_AE_T5,0,1,encoder,attack,2,0.5339834690093994
Edge-IIoTset,SNN_AE_T5,0,1,encoder,attack,3,0.530542254447937
Edge-IIoTset,SNN_AE_T5,0,1,encoder,attack,4,0.529411792755127
Edge-IIoTset,SNN_AE_T5,0,1,encoder,attack,5,0.5267665386199951
Edge-IIoTset,SNN_AE_T5,0,1,decoder,normal,1,0.38562315702438354
Edge-IIoTset,SNN_AE_T5,0,1,decoder,normal,2,0.5443325638771057
Edge-IIoTset,SNN_AE_T5,0,1,decoder,normal,3,0.5604865550994873
Edge-IIoTset,SNN_AE_T5,0,1,decoder,normal,4,0.5637128949165344
Edge-IIoTset,SNN_AE_T5,0,1,decoder,normal,5,0.5663812756538391
Edge-IIoTset,SNN_AE_T5,0,1,decoder,attack,1,0.405694842338562
Edge-IIoTset,SNN_AE_T5,0,1,decoder,attack,2,0.5490312576293945
Edge-IIoTset,SNN_AE_T5,0,1,decoder,attack,3,0.5432831048965454
Edge-IIoTset,SNN_AE_T5,0,1,decoder,attack,4,0.5624025464057922
Edge-IIoTset,SNN_AE_T5,0,1,decoder,attack,5,0.547808825969696
Edge-IIoTset,SNN_AE_T7,0,1,encoder,normal,1,0.2968106269836426
Edge-IIoTset,SNN_AE_T7,0,1,encoder,normal,2,0.5022821426391602
Edge-IIoTset,SNN_AE_T7,0,1,encoder,normal,3,0.4806402027606964
Edge-IIoTset,SNN_AE_T7,0,1,encoder,normal,4,0.47917911410331726
Edge-IIoTset,SNN_AE_T7,0,1,encoder,normal,5,0.46378642320632935
Edge-IIoTset,SNN_AE_T7,0,1,encoder,normal,6,0.49256956577301025
Edge-IIoTset,SNN_AE_T7,0,1,encoder,normal,7,0.45434442162513733
Edge-IIoTset,SNN_AE_T7,0,1,encoder,attack,1,0.5116709470748901
Edge-IIoTset,SNN_AE_T7,0,1,encoder,attack,2,0.5868382453918457
Edge-IIoTset,SNN_AE_T7,0,1,encoder,attack,3,0.5794283151626587
Edge-IIoTset,SNN_AE_T7,0,1,encoder,attack,4,0.5855937600135803
Edge-IIoTset,SNN_AE_T7,0,1,encoder,attack,5,0.5735588073730469
Edge-IIoTset,SNN_AE_T7,0,1,encoder,attack,6,0.5873492360115051
Edge-IIoTset,SNN_AE_T7,0,1,encoder,attack,7,0.5688639879226685
Edge-IIoTset,SNN_AE_T7,0,1,decoder,normal,1,0.32834798097610474
Edge-IIoTset,SNN_AE_T7,0,1,decoder,normal,2,0.5466688275337219
Edge-IIoTset,SNN_AE_T7,0,1,decoder,normal,3,0.5627612471580505
Edge-IIoTset,SNN_AE_T7,0,1,decoder,normal,4,0.5680233836174011
Edge-IIoTset,SNN_AE_T7,0,1,decoder,normal,5,0.5612124800682068
Edge-IIoTset,SNN_AE_T7,0,1,decoder,normal,6,0.5710761547088623
Edge-IIoTset,SNN_AE_T7,0,1,decoder,normal,7,0.5654352307319641
Edge-IIoTset,SNN_AE_T7,0,1,decoder,attack,1,0.4294191300868988
Edge-IIoTset,SNN_AE_T7,0,1,decoder,attack,2,0.5909613966941833
Edge-IIoTset,SNN_AE_T7,0,1,decoder,attack,3,0.6065845489501953
Edge-IIoTset,SNN_AE_T7,0,1,decoder,attack,4,0.6018731594085693
Edge-IIoTset,SNN_AE_T7,0,1,decoder,attack,5,0.601286768913269
Edge-IIoTset,SNN_AE_T7,0,1,decoder,attack,6,0.6106911897659302
Edge-IIoTset,SNN_AE_T7,0,1,decoder,attack,7,0.5965441465377808
Edge-IIoTset,SNN_AE_noBN,0,1,encoder,normal,1,0.444706529378891
Edge-IIoTset,SNN_AE_noBN,0,1,encoder,normal,2,0.5454223155975342
Edge-IIoTset,SNN_AE_noBN,0,1,encoder,normal,3,0.5384528040885925
Edge-IIoTset,SNN_AE_noBN,0,1,encoder,attack,1,0.42330145835876465
Edge-IIoTset,SNN_AE_noBN,0,1,encoder,attack,2,0.4626544117927551
Edge-IIoTset,SNN_AE_noBN,0,1,encoder,attack,3,0.45586949586868286
Edge-IIoTset,SNN_AE_noBN,0,1,decoder,normal,1,0.41986438632011414
Edge-IIoTset,SNN_AE_noBN,0,1,decoder,normal,2,0.5141462087631226
Edge-IIoTset,SNN_AE_noBN,0,1,decoder,normal,3,0.5293168425559998
Edge-IIoTset,SNN_AE_noBN,0,1,decoder,attack,1,0.42456066608428955
Edge-IIoTset,SNN_AE_noBN,0,1,decoder,attack,2,0.5038694739341736
Edge-IIoTset,SNN_AE_noBN,0,1,decoder,attack,3,0.5294522047042847
Edge-IIoTset,SNN_AE,0,2,encoder,normal,1,0.3940752446651459
Edge-IIoTset,SNN_AE,0,2,encoder,normal,2,0.49337923526763916
Edge-IIoTset,SNN_AE,0,2,encoder,normal,3,0.48652347922325134
Edge-IIoTset,SNN_AE,0,2,encoder,attack,1,0.30993565917015076
Edge-IIoTset,SNN_AE,0,2,encoder,attack,2,0.33704227209091187
Edge-IIoTset,SNN_AE,0,2,encoder,attack,3,0.33590441942214966
Edge-IIoTset,SNN_AE,0,2,decoder,normal,1,0.447750061750412
Edge-IIoTset,SNN_AE,0,2,decoder,normal,2,0.5708197951316833
Edge-IIoTset,SNN_AE,0,2,decoder,normal,3,0.5853164792060852
Edge-IIoTset,SNN_AE,0,2,decoder,attack,1,0.3578161895275116
Edge-IIoTset,SNN_AE,0,2,decoder,attack,2,0.4823897182941437
Edge-IIoTset,SNN_AE,0,2,decoder,attack,3,0.4898492693901062
Edge-IIoTset,SNN_Dense,0,2,encoder,normal,1,0.2715090811252594
Edge-IIoTset,SNN_Dense,0,2,encoder,normal,2,0.46935611963272095
Edge-IIoTset,SNN_Dense,0,2,encoder,normal,3,0.45165911316871643
Edge-IIoTset,SNN_Dense,0,2,encoder,attack,1,0.3386599123477936
Edge-IIoTset,SNN_Dense,0,2,encoder,attack,2,0.37998345494270325
Edge-IIoTset,SNN_Dense,0,2,encoder,attack,3,0.38142096996307373
Edge-IIoTset,Dense_SNN,0,2,decoder,normal,1,0.4064252972602844
Edge-IIoTset,Dense_SNN,0,2,decoder,normal,2,0.5701073408126831
Edge-IIoTset,Dense_SNN,0,2,decoder,normal,3,0.551886260509491
Edge-IIoTset,Dense_SNN,0,2,decoder,attack,1,0.48452022671699524
Edge-IIoTset,Dense_SNN,0,2,decoder,attack,2,0.5219889879226685
Edge-IIoTset,Dense_SNN,0,2,decoder,attack,3,0.5147739052772522
Edge-IIoTset,SNN_AE_T2,0,2,encoder,normal,1,0.44906488060951233
Edge-IIoTset,SNN_AE_T2,0,2,encoder,normal,2,0.519431471824646
Edge-IIoTset,SNN_AE_T2,0,2,encoder,attack,1,0.2825992703437805
Edge-IIoTset,SNN_AE_T2,0,2,encoder,attack,2,0.308441162109375
Edge-IIoTset,SNN_AE_T2,0,2,decoder,normal,1,0.49405437707901
Edge-IIoTset,SNN_AE_T2,0,2,decoder,normal,2,0.5612373948097229
Edge-IIoTset,SNN_AE_T2,0,2,decoder,attack,1,0.349797785282135
Edge-IIoTset,SNN_AE_T2,0,2,decoder,attack,2,0.4902113974094391
Edge-IIoTset,SNN_AE_T5,0,2,encoder,normal,1,0.33565962314605713
Edge-IIoTset,SNN_AE_T5,0,2,encoder,normal,2,0.5084689855575562
Edge-IIoTset,SNN_AE_T5,0,2,encoder,normal,3,0.49072906374931335
Edge-IIoTset,SNN_AE_T5,0,2,encoder,normal,4,0.49211663007736206
Edge-IIoTset,SNN_AE_T5,0,2,encoder,normal,5,0.47965094447135925
Edge-IIoTset,SNN_AE_T5,0,2,encoder,attack,1,0.28224265575408936
Edge-IIoTset,SNN_AE_T5,0,2,encoder,attack,2,0.32049816846847534
Edge-IIoTset,SNN_AE_T5,0,2,encoder,attack,3,0.31781435012817383
Edge-IIoTset,SNN_AE_T5,0,2,encoder,attack,4,0.32077756524086
Edge-IIoTset,SNN_AE_T5,0,2,encoder,attack,5,0.3158878684043884
Edge-IIoTset,SNN_AE_T5,0,2,decoder,normal,1,0.3887972831726074
Edge-IIoTset,SNN_AE_T5,0,2,decoder,normal,2,0.5937723517417908
Edge-IIoTset,SNN_AE_T5,0,2,decoder,normal,3,0.602632999420166
Edge-IIoTset,SNN_AE_T5,0,2,decoder,normal,4,0.609910249710083
Edge-IIoTset,SNN_AE_T5,0,2,decoder,normal,5,0.6052402853965759
Edge-IIoTset,SNN_AE_T5,0,2,decoder,attack,1,0.2761525809764862
Edge-IIoTset,SNN_AE_T5,0,2,decoder,attack,2,0.4590514600276947
Edge-IIoTset,SNN_AE_T5,0,2,decoder,attack,3,0.4458051323890686
Edge-IIoTset,SNN_AE_T5,0,2,decoder,attack,4,0.47054043412208557
Edge-IIoTset,SNN_AE_T5,0,2,decoder,attack,5,0.42122241854667664
Edge-IIoTset,SNN_AE_T7,0,2,encoder,normal,1,0.3023226857185364
Edge-IIoTset,SNN_AE_T7,0,2,encoder,normal,2,0.4903579354286194
Edge-IIoTset,SNN_AE_T7,0,2,encoder,normal,3,0.4821743071079254
Edge-IIoTset,SNN_AE_T7,0,2,encoder,normal,4,0.48378753662109375
Edge-IIoTset,SNN_AE_T7,0,2,encoder,normal,5,0.4673997461795807
Edge-IIoTset,SNN_AE_T7,0,2,encoder,normal,6,0.49608534574508667
Edge-IIoTset,SNN_AE_T7,0,2,encoder,normal,7,0.45250022411346436
Edge-IIoTset,SNN_AE_T7,0,2,encoder,attack,1,0.28780698776245117
Edge-IIoTset,SNN_AE_T7,0,2,encoder,attack,2,0.35453492403030396
Edge-IIoTset,SNN_AE_T7,0,2,encoder,attack,3,0.349825382232666
Edge-IIoTset,SNN_AE_T7,0,2,encoder,attack,4,0.35256800055503845
Edge-IIoTset,SNN_AE_T7,0,2,encoder,attack,5,0.3491066098213196
Edge-IIoTset,SNN_AE_T7,0,2,encoder,attack,6,0.35235661268234253
Edge-IIoTset,SNN_AE_T7,0,2,encoder,attack,7,0.3467150628566742
Edge-IIoTset,SNN_AE_T7,0,2,decoder,normal,1,0.36700472235679626
Edge-IIoTset,SNN_AE_T7,0,2,decoder,normal,2,0.5902624726295471
Edge-IIoTset,SNN_AE_T7,0,2,decoder,normal,3,0.6105107665061951
Edge-IIoTset,SNN_AE_T7,0,2,decoder,normal,4,0.6189461946487427
Edge-IIoTset,SNN_AE_T7,0,2,decoder,normal,5,0.6162979006767273
Edge-IIoTset,SNN_AE_T7,0,2,decoder,normal,6,0.6220327615737915
Edge-IIoTset,SNN_AE_T7,0,2,decoder,normal,7,0.6113407015800476
Edge-IIoTset,SNN_AE_T7,0,2,decoder,attack,1,0.32615992426872253
Edge-IIoTset,SNN_AE_T7,0,2,decoder,attack,2,0.4861047863960266
Edge-IIoTset,SNN_AE_T7,0,2,decoder,attack,3,0.5079283118247986
Edge-IIoTset,SNN_AE_T7,0,2,decoder,attack,4,0.5318768620491028
Edge-IIoTset,SNN_AE_T7,0,2,decoder,attack,5,0.5166673064231873
Edge-IIoTset,SNN_AE_T7,0,2,decoder,attack,6,0.5052555203437805
Edge-IIoTset,SNN_AE_T7,0,2,decoder,attack,7,0.5114503502845764
Edge-IIoTset,SNN_AE_noBN,0,2,encoder,normal,1,0.46822965145111084
Edge-IIoTset,SNN_AE_noBN,0,2,encoder,normal,2,0.583473801612854
Edge-IIoTset,SNN_AE_noBN,0,2,encoder,normal,3,0.573257327079773
Edge-IIoTset,SNN_AE_noBN,0,2,encoder,attack,1,0.5105772018432617
Edge-IIoTset,SNN_AE_noBN,0,2,encoder,attack,2,0.5403456091880798
Edge-IIoTset,SNN_AE_noBN,0,2,encoder,attack,3,0.5429834723472595
Edge-IIoTset,SNN_AE_noBN,0,2,decoder,normal,1,0.46440455317497253
Edge-IIoTset,SNN_AE_noBN,0,2,decoder,normal,2,0.5722987055778503
Edge-IIoTset,SNN_AE_noBN,0,2,decoder,normal,3,0.5847233533859253
Edge-IIoTset,SNN_AE_noBN,0,2,decoder,attack,1,0.45527204871177673
Edge-IIoTset,SNN_AE_noBN,0,2,decoder,attack,2,0.5466783046722412
Edge-IIoTset,SNN_AE_noBN,0,2,decoder,attack,3,0.5391305088996887
Edge-IIoTset,SNN_AE,0,3,encoder,normal,1,0.3725438416004181
Edge-IIoTset,SNN_AE,0,3,encoder,normal,2,0.48465684056282043
Edge-IIoTset,SNN_AE,0,3,encoder,normal,3,0.4778538942337036
Edge-IIoTset,SNN_AE,0,3,encoder,attack,1,0.30810293555259705
Edge-IIoTset,SNN_AE,0,3,encoder,attack,2,0.3358474373817444
Edge-IIoTset,SNN_AE,0,3,encoder,attack,3,0.33395037055015564
Edge-IIoTset,SNN_AE,0,3,decoder,normal,1,0.42654985189437866
Edge-IIoTset,SNN_AE,0,3,decoder,normal,2,0.5493209958076477
Edge-IIoTset,SNN_AE,0,3,decoder,normal,3,0.5622652769088745
Edge-IIoTset,SNN_AE,0,3,decoder,attack,1,0.37806984782218933
Edge-IIoTset,SNN_AE,0,3,decoder,attack,2,0.49143749475479126
Edge-IIoTset,SNN_AE,0,3,decoder,attack,3,0.5206911563873291
Edge-IIoTset,SNN_Dense,0,3,encoder,normal,1,0.25254303216934204
Edge-IIoTset,SNN_Dense,0,3,encoder,normal,2,0.4467073678970337
Edge-IIoTset,SNN_Dense,0,3,encoder,normal,3,0.43253591656684875
Edge-IIoTset,SNN_Dense,0,3,encoder,attack,1,0.5197683572769165
Edge-IIoTset,SNN_Dense,0,3,encoder,attack,2,0.5566543936729431
Edge-IIoTset,SNN_Dense,0,3,encoder,attack,3,0.5589908361434937
Edge-IIoTset,Dense_SNN,0,3,decoder,normal,1,0.39336854219436646
Edge-IIoTset,Dense_SNN,0,3,decoder,normal,2,0.5781518220901489
Edge-IIoTset,Dense_SNN,0,3,decoder,normal,3,0.5564954280853271
Edge-IIoTset,Dense_SNN,0,3,decoder,attack,1,0.48136213421821594
Edge-IIoTset,Dense_SNN,0,3,decoder,attack,2,0.5125386118888855
Edge-IIoTset,Dense_SNN,0,3,decoder,attack,3,0.5142316222190857
Edge-IIoTset,SNN_AE_T2,0,3,encoder,normal,1,0.4145665764808655
Edge-IIoTset,SNN_AE_T2,0,3,encoder,normal,2,0.47729021310806274
Edge-IIoTset,SNN_AE_T2,0,3,encoder,attack,1,0.349358469247818
Edge-IIoTset,SNN_AE_T2,0,3,encoder,attack,2,0.37441542744636536
Edge-IIoTset,SNN_AE_T2,0,3,decoder,normal,1,0.47712385654449463
Edge-IIoTset,SNN_AE_T2,0,3,decoder,normal,2,0.586024820804596
Edge-IIoTset,SNN_AE_T2,0,3,decoder,attack,1,0.44743382930755615
Edge-IIoTset,SNN_AE_T2,0,3,decoder,attack,2,0.5394282937049866
Edge-IIoTset,SNN_AE_T5,0,3,encoder,normal,1,0.2841848134994507
Edge-IIoTset,SNN_AE_T5,0,3,encoder,normal,2,0.44189855456352234
Edge-IIoTset,SNN_AE_T5,0,3,encoder,normal,3,0.42597323656082153
Edge-IIoTset,SNN_AE_T5,0,3,encoder,normal,4,0.43391647934913635
Edge-IIoTset,SNN_AE_T5,0,3,encoder,normal,5,0.4177490472793579
Edge-IIoTset,SNN_AE_T5,0,3,encoder,attack,1,0.264880508184433
Edge-IIoTset,SNN_AE_T5,0,3,encoder,attack,2,0.3291011154651642
Edge-IIoTset,SNN_AE_T5,0,3,encoder,attack,3,0.31864339113235474
Edge-IIoTset,SNN_AE_T5,0,3,encoder,attack,4,0.32293015718460083
Edge-IIoTset,SNN_AE_T5,0,3,encoder,attack,5,0.3192113935947418
Edge-IIoTset,SNN_AE_T5,0,3,decoder,normal,1,0.356524258852005
Edge-IIoTset,SNN_AE_T5,0,3,decoder,normal,2,0.5651187896728516
Edge-IIoTset,SNN_AE_T5,0,3,decoder,normal,3,0.5701974630355835
Edge-IIoTset,SNN_AE_T5,0,3,decoder,normal,4,0.5787857174873352
Edge-IIoTset,SNN_AE_T5,0,3,decoder,normal,5,0.5729696750640869
Edge-IIoTset,SNN_AE_T5,0,3,decoder,attack,1,0.3404485285282135
Edge-IIoTset,SNN_AE_T5,0,3,decoder,attack,2,0.47750183939933777
Edge-IIoTset,SNN_AE_T5,0,3,decoder,attack,3,0.47254228591918945
Edge-IIoTset,SNN_AE_T5,0,3,decoder,attack,4,0.4821580946445465
Edge-IIoTset,SNN_AE_T5,0,3,decoder,attack,5,0.4806433916091919
Edge-IIoTset,SNN_AE_T7,0,3,encoder,normal,1,0.29110977053642273
Edge-IIoTset,SNN_AE_T7,0,3,encoder,normal,2,0.474941223859787
Edge-IIoTset,SNN_AE_T7,0,3,encoder,normal,3,0.45865368843078613
Edge-IIoTset,SNN_AE_T7,0,3,encoder,normal,4,0.46280643343925476
Edge-IIoTset,SNN_AE_T7,0,3,encoder,normal,5,0.448694109916687
Edge-IIoTset,SNN_AE_T7,0,3,encoder,normal,6,0.4771035313606262
Edge-IIoTset,SNN_AE_T7,0,3,encoder,normal,7,0.43216630816459656
Edge-IIoTset,SNN_AE_T7,0,3,encoder,attack,1,0.20881617069244385
Edge-IIoTset,SNN_AE_T7,0,3,encoder,attack,2,0.25004780292510986
Edge-IIoTset,SNN_AE_T7,0,3,encoder,attack,3,0.2492738962173462
Edge-IIoTset,SNN_AE_T7,0,3,encoder,attack,4,0.2529650628566742
Edge-IIoTset,SNN_AE_T7,0,3,encoder,attack,5,0.24978308379650116
Edge-IIoTset,SNN_AE_T7,0,3,encoder,attack,6,0.25264522433280945
Edge-IIoTset,SNN_AE_T7,0,3,encoder,attack,7,0.2465551495552063
Edge-IIoTset,SNN_AE_T7,0,3,decoder,normal,1,0.3724440336227417
Edge-IIoTset,SNN_AE_T7,0,3,decoder,normal,2,0.5597851276397705
Edge-IIoTset,SNN_AE_T7,0,3,decoder,normal,3,0.5694711208343506
Edge-IIoTset,SNN_AE_T7,0,3,decoder,normal,4,0.5852892398834229
Edge-IIoTset,SNN_AE_T7,0,3,decoder,normal,5,0.5763868093490601
Edge-IIoTset,SNN_AE_T7,0,3,decoder,normal,6,0.5897432565689087
Edge-IIoTset,SNN_AE_T7,0,3,decoder,normal,7,0.5769856572151184
Edge-IIoTset,SNN_AE_T7,0,3,decoder,attack,1,0.23697058856487274
Edge-IIoTset,SNN_AE_T7,0,3,decoder,attack,2,0.38897427916526794
Edge-IIoTset,SNN_AE_T7,0,3,decoder,attack,3,0.4184797704219818
Edge-IIoTset,SNN_AE_T7,0,3,decoder,attack,4,0.417843759059906
Edge-IIoTset,SNN_AE_T7,0,3,decoder,attack,5,0.3958216905593872
Edge-IIoTset,SNN_AE_T7,0,3,decoder,attack,6,0.4298676550388336
Edge-IIoTset,SNN_AE_T7,0,3,decoder,attack,7,0.40762317180633545
Edge-IIoTset,SNN_AE_noBN,0,3,encoder,normal,1,0.41228413581848145
Edge-IIoTset,SNN_AE_noBN,0,3,encoder,normal,2,0.5256131887435913
Edge-IIoTset,SNN_AE_noBN,0,3,encoder,normal,3,0.5156647562980652
Edge-IIoTset,SNN_AE_noBN,0,3,encoder,attack,1,0.4552426338195801
Edge-IIoTset,SNN_AE_noBN,0,3,encoder,attack,2,0.49293750524520874
Edge-IIoTset,SNN_AE_noBN,0,3,encoder,attack,3,0.4901617765426636
Edge-IIoTset,SNN_AE_noBN,0,3,decoder,normal,1,0.4282371699810028
Edge-IIoTset,SNN_AE_noBN,0,3,decoder,normal,2,0.5526032447814941
Edge-IIoTset,SNN_AE_noBN,0,3,decoder,normal,3,0.561261773109436
Edge-IIoTset,SNN_AE_noBN,0,3,decoder,attack,1,0.4220955967903137
Edge-IIoTset,SNN_AE_noBN,0,3,decoder,attack,2,0.5112113952636719
Edge-IIoTset,SNN_AE_noBN,0,3,decoder,attack,3,0.5293087959289551
Edge-IIoTset,SNN_AE,0,4,encoder,normal,1,0.39915400743484497
Edge-IIoTset,SNN_AE,0,4,encoder,normal,2,0.5023342370986938
Edge-IIoTset,SNN_AE,0,4,encoder,normal,3,0.49525317549705505
Edge-IIoTset,SNN_AE,0,4,encoder,attack,1,0.45322978496551514
Edge-IIoTset,SNN_AE,0,4,encoder,attack,2,0.4782205820083618
Edge-IIoTset,SNN_AE,0,4,encoder,attack,3,0.47694116830825806
Edge-IIoTset,SNN_AE,0,4,decoder,normal,1,0.4838712215423584
Edge-IIoTset,SNN_AE,0,4,decoder,normal,2,0.5981255173683167
Edge-IIoTset,SNN_AE,0,4,decoder,normal,3,0.6068952083587646
Edge-IIoTset,SNN_AE,0,4,decoder,attack,1,0.5162113904953003
Edge-IIoTset,SNN_AE,0,4,decoder,attack,2,0.5939062237739563
Edge-IIoTset,SNN_AE,0,4,decoder,attack,3,0.6080312728881836
Edge-IIoTset,SNN_Dense,0,4,encoder,normal,1,0.2748928964138031
Edge-IIoTset,SNN_Dense,0,4,encoder,normal,2,0.48133358359336853
Edge-IIoTset,SNN_Dense,0,4,encoder,normal,3,0.4617249071598053
Edge-IIoTset,SNN_Dense,0,4,encoder,attack,1,0.4066709578037262
Edge-IIoTset,SNN_Dense,0,4,encoder,attack,2,0.4576930105686188
Edge-IIoTset,SNN_Dense,0,4,encoder,attack,3,0.4590661823749542
Edge-IIoTset,Dense_SNN,0,4,decoder,normal,1,0.44941186904907227
Edge-IIoTset,Dense_SNN,0,4,decoder,normal,2,0.6364379525184631
Edge-IIoTset,Dense_SNN,0,4,decoder,normal,3,0.6145939230918884
Edge-IIoTset,Dense_SNN,0,4,decoder,attack,1,0.5471580624580383
Edge-IIoTset,Dense_SNN,0,4,decoder,attack,2,0.5854430198669434
Edge-IIoTset,Dense_SNN,0,4,decoder,attack,3,0.5810882449150085
Edge-IIoTset,SNN_AE_T2,0,4,encoder,normal,1,0.4368320107460022
Edge-IIoTset,SNN_AE_T2,0,4,encoder,normal,2,0.5077042579650879
Edge-IIoTset,SNN_AE_T2,0,4,encoder,attack,1,0.4131121337413788
Edge-IIoTset,SNN_AE_T2,0,4,encoder,attack,2,0.4334852993488312
Edge-IIoTset,SNN_AE_T2,0,4,decoder,normal,1,0.45570552349090576
Edge-IIoTset,SNN_AE_T2,0,4,decoder,normal,2,0.5718294978141785
Edge-IIoTset,SNN_AE_T2,0,4,decoder,attack,1,0.4247095584869385
Edge-IIoTset,SNN_AE_T2,0,4,decoder,attack,2,0.5310422778129578
Edge-IIoTset,SNN_AE_T5,0,4,encoder,normal,1,0.31482118368148804
Edge-IIoTset,SNN_AE_T5,0,4,encoder,normal,2,0.4764094948768616
Edge-IIoTset,SNN_AE_T5,0,4,encoder,normal,3,0.4610196053981781
Edge-IIoTset,SNN_AE_T5,0,4,encoder,normal,4,0.4603273570537567
Edge-IIoTset,SNN_AE_T5,0,4,encoder,normal,5,0.4512721598148346
Edge-IIoTset,SNN_AE_T5,0,4,encoder,attack,1,0.40900367498397827
Edge-IIoTset,SNN_AE_T5,0,4,encoder,attack,2,0.43854042887687683
Edge-IIoTset,SNN_AE_T5,0,4,encoder,attack,3,0.4382261037826538
Edge-IIoTset,SNN_AE_T5,0,4,encoder,attack,4,0.4411011040210724
Edge-IIoTset,SNN_AE_T5,0,4,encoder,attack,5,0.43335846066474915
Edge-IIoTset,SNN_AE_T5,0,4,decoder,normal,1,0.41700315475463867
Edge-IIoTset,SNN_AE_T5,0,4,decoder,normal,2,0.5828550457954407
Edge-IIoTset,SNN_AE_T5,0,4,decoder,normal,3,0.6015400886535645
Edge-IIoTset,SNN_AE_T5,0,4,decoder,normal,4,0.6008217334747314
Edge-IIoTset,SNN_AE_T5,0,4,decoder,normal,5,0.5983046293258667
Edge-IIoTset,SNN_AE_T5,0,4,decoder,attack,1,0.4477996230125427
Edge-IIoTset,SNN_AE_T5,0,4,decoder,attack,2,0.5729576945304871
Edge-IIoTset,SNN_AE_T5,0,4,decoder,attack,3,0.5533933639526367
Edge-IIoTset,SNN_AE_T5,0,4,decoder,attack,4,0.5782904624938965
Edge-IIoTset,SNN_AE_T5,0,4,decoder,attack,5,0.5502371191978455
Edge-IIoTset,SNN_AE_T7,0,4,encoder,normal,1,0.26921871304512024
Edge-IIoTset,SNN_AE_T7,0,4,encoder,normal,2,0.454285591840744
Edge-IIoTset,SNN_AE_T7,0,4,encoder,normal,3,0.4446128010749817
Edge-IIoTset,SNN_AE_T7,0,4,encoder,normal,4,0.4528712332248688
Edge-IIoTset,SNN_AE_T7,0,4,encoder,normal,5,0.43416377902030945
Edge-IIoTset,SNN_AE_T7,0,4,encoder,normal,6,0.46391919255256653
Edge-IIoTset,SNN_AE_T7,0,4,encoder,normal,7,0.41831299662590027
Edge-IIoTset,SNN_AE_T7,0,4,encoder,attack,1,0.39599815011024475
Edge-IIoTset,SNN_AE_T7,0,4,encoder,attack,2,0.4491121470928192
Edge-IIoTset,SNN_AE_T7,0,4,encoder,attack,3,0.450176477432251
Edge-IIoTset,SNN_AE_T7,0,4,encoder,attack,4,0.4468584656715393
Edge-IIoTset,SNN_AE_T7,0,4,encoder,attack,5,0.4446544051170349
Edge-IIoTset,SNN_AE_T7,0,4,encoder,attack,6,0.45196691155433655
Edge-IIoTset,SNN_AE_T7,0,4,encoder,attack,7,0.439327210187912
Edge-IIoTset,SNN_AE_T7,0,4,decoder,normal,1,0.3412851393222809
Edge-IIoTset,SNN_AE_T7,0,4,decoder,normal,2,0.5891394019126892
Edge-IIoTset,SNN_AE_T7,0,4,decoder,normal,3,0.5906022191047668
Edge-IIoTset,SNN_AE_T7,0,4,decoder,normal,4,0.5979445576667786
Edge-IIoTset,SNN_AE_T7,0,4,decoder,normal,5,0.5936809778213501
Edge-IIoTset,SNN_AE_T7,0,4,decoder,normal,6,0.6000548601150513
Edge-IIoTset,SNN_AE_T7,0,4,decoder,normal,7,0.5941903591156006
Edge-IIoTset,SNN_AE_T7,0,4,decoder,attack,1,0.3401452302932739
Edge-IIoTset,SNN_AE_T7,0,4,decoder,attack,2,0.5192996263504028
Edge-IIoTset,SNN_AE_T7,0,4,decoder,attack,3,0.5284871459007263
Edge-IIoTset,SNN_AE_T7,0,4,decoder,attack,4,0.5394228100776672
Edge-IIoTset,SNN_AE_T7,0,4,decoder,attack,5,0.5328253507614136
Edge-IIoTset,SNN_AE_T7,0,4,decoder,attack,6,0.5148253440856934
Edge-IIoTset,SNN_AE_T7,0,4,decoder,attack,7,0.5224227905273438
Edge-IIoTset,SNN_AE_noBN,0,4,encoder,normal,1,0.4244517982006073
Edge-IIoTset,SNN_AE_noBN,0,4,encoder,normal,2,0.5209857225418091
Edge-IIoTset,SNN_AE_noBN,0,4,encoder,normal,3,0.5123279690742493
Edge-IIoTset,SNN_AE_noBN,0,4,encoder,attack,1,0.43747425079345703
Edge-IIoTset,SNN_AE_noBN,0,4,encoder,attack,2,0.4686966836452484
Edge-IIoTset,SNN_AE_noBN,0,4,encoder,attack,3,0.4661966860294342
Edge-IIoTset,SNN_AE_noBN,0,4,decoder,normal,1,0.45557117462158203
Edge-IIoTset,SNN_AE_noBN,0,4,decoder,normal,2,0.5845548510551453
Edge-IIoTset,SNN_AE_noBN,0,4,decoder,normal,3,0.5989595651626587
Edge-IIoTset,SNN_AE_noBN,0,4,decoder,attack,1,0.42822977900505066
Edge-IIoTset,SNN_AE_noBN,0,4,decoder,attack,2,0.5343106389045715
Edge-IIoTset,SNN_AE_noBN,0,4,decoder,attack,3,0.5451654195785522
Edge-IIoTset,SNN_AE,0,5,encoder,normal,1,0.3879593312740326
Edge-IIoTset,SNN_AE,0,5,encoder,normal,2,0.49070286750793457
Edge-IIoTset,SNN_AE,0,5,encoder,normal,3,0.4842401444911957
Edge-IIoTset,SNN_AE,0,5,encoder,attack,1,0.4136194884777069
Edge-IIoTset,SNN_AE,0,5,encoder,attack,2,0.436694860458374
Edge-IIoTset,SNN_AE,0,5,encoder,attack,3,0.43577390909194946
Edge-IIoTset,SNN_AE,0,5,decoder,normal,1,0.44359123706817627
Edge-IIoTset,SNN_AE,0,5,decoder,normal,2,0.5566157102584839
Edge-IIoTset,SNN_AE,0,5,decoder,normal,3,0.5687336921691895
Edge-IIoTset,SNN_AE,0,5,decoder,attack,1,0.4475882351398468
Edge-IIoTset,SNN_AE,0,5,decoder,attack,2,0.549972414970398
Edge-IIoTset,SNN_AE,0,5,decoder,attack,3,0.5341525673866272
Edge-IIoTset,SNN_Dense,0,5,encoder,normal,1,0.25324323773384094
Edge-IIoTset,SNN_Dense,0,5,encoder,normal,2,0.44557076692581177
Edge-IIoTset,SNN_Dense,0,5,encoder,normal,3,0.4331592917442322
Edge-IIoTset,SNN_Dense,0,5,encoder,attack,1,0.31820037961006165
Edge-IIoTset,SNN_Dense,0,5,encoder,attack,2,0.36838969588279724
Edge-IIoTset,SNN_Dense,0,5,encoder,attack,3,0.36307352781295776
Edge-IIoTset,Dense_SNN,0,5,decoder,normal,1,0.4656509459018707
Edge-IIoTset,Dense_SNN,0,5,decoder,normal,2,0.6174805164337158
Edge-IIoTset,Dense_SNN,0,5,decoder,normal,3,0.5999515056610107
Edge-IIoTset,Dense_SNN,0,5,decoder,attack,1,0.5538069605827332
Edge-IIoTset,Dense_SNN,0,5,decoder,attack,2,0.5891801714897156
Edge-IIoTset,Dense_SNN,0,5,decoder,attack,3,0.5834614038467407
Edge-IIoTset,SNN_AE_T2,0,5,encoder,normal,1,0.4220641255378723
Edge-IIoTset,SNN_AE_T2,0,5,encoder,normal,2,0.49238893389701843
Edge-IIoTset,SNN_AE_T2,0,5,encoder,attack,1,0.45750367641448975
Edge-IIoTset,SNN_AE_T2,0,5,encoder,attack,2,0.47833824157714844
Edge-IIoTset,SNN_AE_T2,0,5,decoder,normal,1,0.450364351272583
Edge-IIoTset,SNN_AE_T2,0,5,decoder,normal,2,0.5415157079696655
Edge-IIoTset,SNN_AE_T2,0,5,decoder,attack,1,0.43871140480041504
Edge-IIoTset,SNN_AE_T2,0,5,decoder,attack,2,0.5166893601417542
Edge-IIoTset,SNN_AE_T5,0,5,encoder,normal,1,0.36377084255218506
Edge-IIoTset,SNN_AE_T5,0,5,encoder,normal,2,0.4954370856285095
Edge-IIoTset,SNN_AE_T5,0,5,encoder,normal,3,0.48729509115219116
Edge-IIoTset,SNN_AE_T5,0,5,encoder,normal,4,0.4950961470603943
Edge-IIoTset,SNN_AE_T5,0,5,encoder,normal,5,0.4806865155696869
Edge-IIoTset,SNN_AE_T5,0,5,encoder,attack,1,0.3510018289089203
Edge-IIoTset,SNN_AE_T5,0,5,encoder,attack,2,0.38954412937164307
Edge-IIoTset,SNN_AE_T5,0,5,encoder,attack,3,0.3873014748096466
Edge-IIoTset,SNN_AE_T5,0,5,encoder,attack,4,0.39123162627220154
Edge-IIoTset,SNN_AE_T5,0,5,encoder,attack,5,0.3866911828517914
Edge-IIoTset,SNN_AE_T5,0,5,decoder,normal,1,0.3948410153388977
Edge-IIoTset,SNN_AE_T5,0,5,decoder,normal,2,0.5490368604660034
Edge-IIoTset,SNN_AE_T5,0,5,decoder,normal,3,0.5576775670051575
Edge-IIoTset,SNN_AE_T5,0,5,decoder,normal,4,0.5651224255561829
Edge-IIoTset,SNN_AE_T5,0,5,decoder,normal,5,0.5672308206558228
Edge-IIoTset,SNN_AE_T5,0,5,decoder,attack,1,0.3787481486797333
Edge-IIoTset,SNN_AE_T5,0,5,decoder,attack,2,0.5251011252403259
Edge-IIoTset,SNN_AE_T5,0,5,decoder,attack,3,0.5342885851860046
Edge-IIoTset,SNN_AE_T5,0,5,decoder,attack,4,0.5349209308624268
Edge-IIoTset,SNN_AE_T5,0,5,decoder,attack,5,0.5315496325492859
Edge-IIoTset,SNN_AE_T7,0,5,encoder,normal,1,0.2848273813724518
Edge-IIoTset,SNN_AE_T7,0,5,encoder,normal,2,0.4777367413043976
Edge-IIoTset,SNN_AE_T7,0,5,encoder,normal,3,0.4613797962665558
Edge-IIoTset,SNN_AE_T7,0,5,encoder,normal,4,0.4668111801147461
Edge-IIoTset,SNN_AE_T7,0,5,encoder,normal,5,0.4488190710544586
Edge-IIoTset,SNN_AE_T7,0,5,encoder,normal,6,0.4776332676410675
Edge-IIoTset,SNN_AE_T7,0,5,encoder,normal,7,0.4339514374732971
Edge-IIoTset,SNN_AE_T7,0,5,encoder,attack,1,0.38640809059143066
Edge-IIoTset,SNN_AE_T7,0,5,encoder,attack,2,0.43255332112312317
Edge-IIoTset,SNN_AE_T7,0,5,encoder,attack,3,0.43665993213653564
Edge-IIoTset,SNN_AE_T7,0,5,encoder,attack,4,0.4303915500640869
Edge-IIoTset,SNN_AE_T7,0,5,encoder,attack,5,0.4279191195964813
Edge-IIoTset,SNN_AE_T7,0,5,encoder,attack,6,0.44024449586868286
Edge-IIoTset,SNN_AE_T7,0,5,encoder,attack,7,0.4240128695964813
Edge-IIoTset,SNN_AE_T7,0,5,decoder,normal,1,0.341683954000473
Edge-IIoTset,SNN_AE_T7,0,5,decoder,normal,2,0.562187910079956
Edge-IIoTset,SNN_AE_T7,0,5,decoder,normal,3,0.5739802122116089
Edge-IIoTset,SNN_AE_T7,0,5,decoder,normal,4,0.5793623924255371
Edge-IIoTset,SNN_AE_T7,0,5,decoder,normal,5,0.5762701630592346
Edge-IIoTset,SNN_AE_T7,0,5,decoder,normal,6,0.5853467583656311
Edge-IIoTset,SNN_AE_T7,0,5,decoder,normal,7,0.5752846598625183
Edge-IIoTset,SNN_AE_T7,0,5,decoder,attack,1,0.40236949920654297
Edge-IIoTset,SNN_AE_T7,0,5,decoder,attack,2,0.5511599183082581
Edge-IIoTset,SNN_AE_T7,0,5,decoder,attack,3,0.5591176748275757
Edge-IIoTset,SNN_AE_T7,0,5,decoder,attack,4,0.5395496487617493
Edge-IIoTset,SNN_AE_T7,0,5,decoder,attack,5,0.5446562767028809
Edge-IIoTset,SNN_AE_T7,0,5,decoder,attack,6,0.5736488699913025
Edge-IIoTset,SNN_AE_T7,0,5,decoder,attack,7,0.5327573418617249
Edge-IIoTset,SNN_AE_noBN,0,5,encoder,normal,1,0.4276617467403412
Edge-IIoTset,SNN_AE_noBN,0,5,encoder,normal,2,0.5359248518943787
Edge-IIoTset,SNN_AE_noBN,0,5,encoder,normal,3,0.5242919921875
Edge-IIoTset,SNN_AE_noBN,0,5,encoder,attack,1,0.4452407956123352
Edge-IIoTset,SNN_AE_noBN,0,5,encoder,attack,2,0.4780349135398865
Edge-IIoTset,SNN_AE_noBN,0,5,encoder,attack,3,0.47761765122413635
Edge-IIoTset,SNN_AE_noBN,0,5,decoder,normal,1,0.47384724020957947
Edge-IIoTset,SNN_AE_noBN,0,5,decoder,normal,2,0.5897960662841797
Edge-IIoTset,SNN_AE_noBN,0,5,decoder,normal,3,0.5987115502357483
Edge-IIoTset,SNN_AE_noBN,0,5,decoder,attack,1,0.48086029291152954
Edge-IIoTset,SNN_AE_noBN,0,5,decoder,attack,2,0.5479503870010376
Edge-IIoTset,SNN_AE_noBN,0,5,decoder,attack,3,0.5473253726959229
Edge-IIoTset,SNN_AE,0,6,encoder,normal,1,0.34352990984916687
Edge-IIoTset,SNN_AE,0,6,encoder,normal,2,0.44555920362472534
Edge-IIoTset,SNN_AE,0,6,encoder,normal,3,0.4363664984703064
Edge-IIoTset,SNN_AE,0,6,encoder,attack,1,0.4281066060066223
Edge-IIoTset,SNN_AE,0,6,encoder,attack,2,0.4681911766529083
Edge-IIoTset,SNN_AE,0,6,encoder,attack,3,0.4647941291332245
Edge-IIoTset,SNN_AE,0,6,decoder,normal,1,0.4173887073993683
Edge-IIoTset,SNN_AE,0,6,decoder,normal,2,0.5450867414474487
Edge-IIoTset,SNN_AE,0,6,decoder,normal,3,0.5531202554702759
Edge-IIoTset,SNN_AE,0,6,decoder,attack,1,0.4590110182762146
Edge-IIoTset,SNN_AE,0,6,decoder,attack,2,0.5352261066436768
Edge-IIoTset,SNN_AE,0,6,decoder,attack,3,0.5222720503807068
Edge-IIoTset,SNN_Dense,0,6,encoder,normal,1,0.2702213525772095
Edge-IIoTset,SNN_Dense,0,6,encoder,normal,2,0.4717341363430023
Edge-IIoTset,SNN_Dense,0,6,encoder,normal,3,0.45717477798461914
Edge-IIoTset,SNN_Dense,0,6,encoder,attack,1,0.3945900797843933
Edge-IIoTset,SNN_Dense,0,6,encoder,attack,2,0.4429834485054016
Edge-IIoTset,SNN_Dense,0,6,encoder,attack,3,0.4386782944202423
Edge-IIoTset,Dense_SNN,0,6,decoder,normal,1,0.4238852262496948
Edge-IIoTset,Dense_SNN,0,6,decoder,normal,2,0.6002208590507507
Edge-IIoTset,Dense_SNN,0,6,decoder,normal,3,0.5823251605033875
Edge-IIoTset,Dense_SNN,0,6,decoder,attack,1,0.5256672501564026
Edge-IIoTset,Dense_SNN,0,6,decoder,attack,2,0.5527077317237854
Edge-IIoTset,Dense_SNN,0,6,decoder,attack,3,0.5550367832183838
Edge-IIoTset,SNN_AE_T2,0,6,encoder,normal,1,0.4362197816371918
Edge-IIoTset,SNN_AE_T2,0,6,encoder,normal,2,0.5122336745262146
Edge-IIoTset,SNN_AE_T2,0,6,encoder,attack,1,0.4285036623477936
Edge-IIoTset,SNN_AE_T2,0,6,encoder,attack,2,0.4596746265888214
Edge-IIoTset,SNN_AE_T2,0,6,decoder,normal,1,0.43020930886268616
Edge-IIoTset,SNN_AE_T2,0,6,decoder,normal,2,0.5253477692604065
Edge-IIoTset,SNN_AE_T2,0,6,decoder,attack,1,0.45974814891815186
Edge-IIoTset,SNN_AE_T2,0,6,decoder,attack,2,0.542007327079773
Edge-IIoTset,SNN_AE_T5,0,6,encoder,normal,1,0.3116507828235626
Edge-IIoTset,SNN_AE_T5,0,6,encoder,normal,2,0.47058412432670593
Edge-IIoTset,SNN_AE_T5,0,6,encoder,normal,3,0.4598727822303772
Edge-IIoTset,SNN_AE_T5,0,6,encoder,normal,4,0.46423253417015076
Edge-IIoTset,SNN_AE_T5,0,6,encoder,normal,5,0.44808295369148254
Edge-IIoTset,SNN_AE_T5,0,6,encoder,attack,1,0.37057721614837646
Edge-IIoTset,SNN_AE_T5,0,6,encoder,attack,2,0.42977023124694824
Edge-IIoTset,SNN_AE_T5,0,6,encoder,attack,3,0.4267978072166443
Edge-IIoTset,SNN_AE_T5,0,6,encoder,attack,4,0.42879411578178406
Edge-IIoTset,SNN_AE_T5,0,6,encoder,attack,5,0.42331066727638245
Edge-IIoTset,SNN_AE_T5,0,6,decoder,normal,1,0.36482053995132446
Edge-IIoTset,SNN_AE_T5,0,6,decoder,normal,2,0.5620414614677429
Edge-IIoTset,SNN_AE_T5,0,6,decoder,normal,3,0.5743961930274963
Edge-IIoTset,SNN_AE_T5,0,6,decoder,normal,4,0.5807771682739258
Edge-IIoTset,SNN_AE_T5,0,6,decoder,normal,5,0.5820096731185913
Edge-IIoTset,SNN_AE_T5,0,6,decoder,attack,1,0.4225422739982605
Edge-IIoTset,SNN_AE_T5,0,6,decoder,attack,2,0.5391213297843933
Edge-IIoTset,SNN_AE_T5,0,6,decoder,attack,3,0.5673933625221252
Edge-IIoTset,SNN_AE_T5,0,6,decoder,attack,4,0.5434319972991943
Edge-IIoTset,SNN_AE_T5,0,6,decoder,attack,5,0.5754926204681396
Edge-IIoTset,SNN_AE_T7,0,6,encoder,normal,1,0.2949986755847931
Edge-IIoTset,SNN_AE_T7,0,6,encoder,normal,2,0.5015810132026672
Edge-IIoTset,SNN_AE_T7,0,6,encoder,normal,3,0.48660531640052795
Edge-IIoTset,SNN_AE_T7,0,6,encoder,normal,4,0.4889071583747864
Edge-IIoTset,SNN_AE_T7,0,6,encoder,normal,5,0.47021180391311646
Edge-IIoTset,SNN_AE_T7,0,6,encoder,normal,6,0.5012673735618591
Edge-IIoTset,SNN_AE_T7,0,6,encoder,normal,7,0.45762595534324646
Edge-IIoTset,SNN_AE_T7,0,6,encoder,attack,1,0.37113603949546814
Edge-IIoTset,SNN_AE_T7,0,6,encoder,attack,2,0.4405606687068939
Edge-IIoTset,SNN_AE_T7,0,6,encoder,attack,3,0.43658822774887085
Edge-IIoTset,SNN_AE_T7,0,6,encoder,attack,4,0.4374466836452484
Edge-IIoTset,SNN_AE_T7,0,6,encoder,attack,5,0.4320569932460785
Edge-IIoTset,SNN_AE_T7,0,6,encoder,attack,6,0.4451746344566345
Edge-IIoTset,SNN_AE_T7,0,6,encoder,attack,7,0.4266636073589325
Edge-IIoTset,SNN_AE_T7,0,6,decoder,normal,1,0.3396947383880615
Edge-IIoTset,SNN_AE_T7,0,6,decoder,normal,2,0.561008870601654
Edge-IIoTset,SNN_AE_T7,0,6,decoder,normal,3,0.5803883075714111
Edge-IIoTset,SNN_AE_T7,0,6,decoder,normal,4,0.5922643542289734
Edge-IIoTset,SNN_AE_T7,0,6,decoder,normal,5,0.5843060612678528
Edge-IIoTset,SNN_AE_T7,0,6,decoder,normal,6,0.596989095211029
Edge-IIoTset,SNN_AE_T7,0,6,decoder,normal,7,0.5846930146217346
Edge-IIoTset,SNN_AE_T7,0,6,decoder,attack,1,0.356211394071579
Edge-IIoTset,SNN_AE_T7,0,6,decoder,attack,2,0.4980919063091278
Edge-IIoTset,SNN_AE_T7,0,6,decoder,attack,3,0.518599271774292
Edge-IIoTset,SNN_AE_T7,0,6,decoder,attack,4,0.49932169914245605
Edge-IIoTset,SNN_AE_T7,0,6,decoder,attack,5,0.5185348987579346
Edge-IIoTset,SNN_AE_T7,0,6,decoder,attack,6,0.5255018472671509
Edge-IIoTset,SNN_AE_T7,0,6,decoder,attack,7,0.49593013525009155
Edge-IIoTset,SNN_AE_noBN,0,6,encoder,normal,1,0.4527416527271271
Edge-IIoTset,SNN_AE_noBN,0,6,encoder,normal,2,0.548824667930603
Edge-IIoTset,SNN_AE_noBN,0,6,encoder,normal,3,0.5432397723197937
Edge-IIoTset,SNN_AE_noBN,0,6,encoder,attack,1,0.5386470556259155
Edge-IIoTset,SNN_AE_noBN,0,6,encoder,attack,2,0.5756304860115051
Edge-IIoTset,SNN_AE_noBN,0,6,encoder,attack,3,0.5710055232048035
Edge-IIoTset,SNN_AE_noBN,0,6,decoder,normal,1,0.4592510163784027
Edge-IIoTset,SNN_AE_noBN,0,6,decoder,normal,2,0.5715917944908142
Edge-IIoTset,SNN_AE_noBN,0,6,decoder,normal,3,0.5802268981933594
Edge-IIoTset,SNN_AE_noBN,0,6,decoder,attack,1,0.4721360206604004
Edge-IIoTset,SNN_AE_noBN,0,6,decoder,attack,2,0.5637187361717224
Edge-IIoTset,SNN_AE_noBN,0,6,decoder,attack,3,0.5715000033378601
Edge-IIoTset,SNN_AE,0,7,encoder,normal,1,0.3400198519229889
Edge-IIoTset,SNN_AE,0,7,encoder,normal,2,0.44371381402015686
Edge-IIoTset,SNN_AE,0,7,encoder,normal,3,0.43692153692245483
Edge-IIoTset,SNN_AE,0,7,encoder,attack,1,0.33646875619888306
Edge-IIoTset,SNN_AE,0,7,encoder,attack,2,0.3765275776386261
Edge-IIoTset,SNN_AE,0,7,encoder,attack,3,0.37359189987182617
Edge-IIoTset,SNN_AE,0,7,decoder,normal,1,0.4524037837982178
Edge-IIoTset,SNN_AE,0,7,decoder,normal,2,0.5713971257209778
Edge-IIoTset,SNN_AE,0,7,decoder,normal,3,0.5807775259017944
Edge-IIoTset,SNN_AE,0,7,decoder,attack,1,0.4518492519855499
Edge-IIoTset,SNN_AE,0,7,decoder,attack,2,0.5625643134117126
Edge-IIoTset,SNN_AE,0,7,decoder,attack,3,0.5640349388122559
Edge-IIoTset,SNN_Dense,0,7,encoder,normal,1,0.2539876401424408
Edge-IIoTset,SNN_Dense,0,7,encoder,normal,2,0.46766212582588196
Edge-IIoTset,SNN_Dense,0,7,encoder,normal,3,0.455068439245224
Edge-IIoTset,SNN_Dense,0,7,encoder,attack,1,0.5060808658599854
Edge-IIoTset,SNN_Dense,0,7,encoder,attack,2,0.5541543960571289
Edge-IIoTset,SNN_Dense,0,7,encoder,attack,3,0.5620073676109314
Edge-IIoTset,Dense_SNN,0,7,decoder,normal,1,0.4201647937297821
Edge-IIoTset,Dense_SNN,0,7,decoder,normal,2,0.6229249835014343
Edge-IIoTset,Dense_SNN,0,7,decoder,normal,3,0.5953118205070496
Edge-IIoTset,Dense_SNN,0,7,decoder,attack,1,0.5757150650024414
Edge-IIoTset,Dense_SNN,0,7,decoder,attack,2,0.6188713312149048
Edge-IIoTset,Dense_SNN,0,7,decoder,attack,3,0.6139466762542725
Edge-IIoTset,SNN_AE_T2,0,7,encoder,normal,1,0.4118610918521881
Edge-IIoTset,SNN_AE_T2,0,7,encoder,normal,2,0.47863051295280457
Edge-IIoTset,SNN_AE_T2,0,7,encoder,attack,1,0.45899999141693115
Edge-IIoTset,SNN_AE_T2,0,7,encoder,attack,2,0.4856911897659302
Edge-IIoTset,SNN_AE_T2,0,7,decoder,normal,1,0.46460747718811035
Edge-IIoTset,SNN_AE_T2,0,7,decoder,normal,2,0.5617573261260986
Edge-IIoTset,SNN_AE_T2,0,7,decoder,attack,1,0.4941323399543762
Edge-IIoTset,SNN_AE_T2,0,7,decoder,attack,2,0.5711488723754883
Edge-IIoTset,SNN_AE_T5,0,7,encoder,normal,1,0.3366367816925049
Edge-IIoTset,SNN_AE_T5,0,7,encoder,normal,2,0.5134819149971008
Edge-IIoTset,SNN_AE_T5,0,7,encoder,normal,3,0.4935995936393738
Edge-IIoTset,SNN_AE_T5,0,7,encoder,normal,4,0.49538350105285645
Edge-IIoTset,SNN_AE_T5,0,7,encoder,normal,5,0.48346346616744995
Edge-IIoTset,SNN_AE_T5,0,7,encoder,attack,1,0.4550569951534271
Edge-IIoTset,SNN_AE_T5,0,7,encoder,attack,2,0.4972352981567383
Edge-IIoTset,SNN_AE_T5,0,7,encoder,attack,3,0.49563050270080566
Edge-IIoTset,SNN_AE_T5,0,7,encoder,attack,4,0.4959319829940796
Edge-IIoTset,SNN_AE_T5,0,7,encoder,attack,5,0.4926838278770447
Edge-IIoTset,SNN_AE_T5,0,7,decoder,normal,1,0.40373650193214417
Edge-IIoTset,SNN_AE_T5,0,7,decoder,normal,2,0.5781949758529663
Edge-IIoTset,SNN_AE_T5,0,7,decoder,normal,3,0.596285879611969
Edge-IIoTset,SNN_AE_T5,0,7,decoder,normal,4,0.6001933217048645
Edge-IIoTset,SNN_AE_T5,0,7,decoder,normal,5,0.6002492904663086
Edge-IIoTset,SNN_AE_T5,0,7,decoder,attack,1,0.4472794234752655
Edge-IIoTset,SNN_AE_T5,0,7,decoder,attack,2,0.6002426743507385
Edge-IIoTset,SNN_AE_T5,0,7,decoder,attack,3,0.5963786840438843
Edge-IIoTset,SNN_AE_T5,0,7,decoder,attack,4,0.5919761061668396
Edge-IIoTset,SNN_AE_T5,0,7,decoder,attack,5,0.5993455648422241
Edge-IIoTset,SNN_AE_T7,0,7,encoder,normal,1,0.31735533475875854
Edge-IIoTset,SNN_AE_T7,0,7,encoder,normal,2,0.5260382294654846
Edge-IIoTset,SNN_AE_T7,0,7,encoder,normal,3,0.5015749335289001
Edge-IIoTset,SNN_AE_T7,0,7,encoder,normal,4,0.5067829489707947
Edge-IIoTset,SNN_AE_T7,0,7,encoder,normal,5,0.4901922643184662
Edge-IIoTset,SNN_AE_T7,0,7,encoder,normal,6,0.5161707997322083
Edge-IIoTset,SNN_AE_T7,0,7,encoder,normal,7,0.47690072655677795
Edge-IIoTset,SNN_AE_T7,0,7,encoder,attack,1,0.3776305019855499
Edge-IIoTset,SNN_AE_T7,0,7,encoder,attack,2,0.452470600605011
Edge-IIoTset,SNN_AE_T7,0,7,encoder,attack,3,0.4436764717102051
Edge-IIoTset,SNN_AE_T7,0,7,encoder,attack,4,0.44760662317276
Edge-IIoTset,SNN_AE_T7,0,7,encoder,attack,5,0.43593013286590576
Edge-IIoTset,SNN_AE_T7,0,7,encoder,attack,6,0.4512738883495331
Edge-IIoTset,SNN_AE_T7,0,7,encoder,attack,7,0.43348896503448486
Edge-IIoTset,SNN_AE_T7,0,7,decoder,normal,1,0.4195639491081238
Edge-IIoTset,SNN_AE_T7,0,7,decoder,normal,2,0.5899676084518433
Edge-IIoTset,SNN_AE_T7,0,7,decoder,normal,3,0.5922963619232178
Edge-IIoTset,SNN_AE_T7,0,7,decoder,normal,4,0.6094244718551636
Edge-IIoTset,SNN_AE_T7,0,7,decoder,normal,5,0.6032853126525879
Edge-IIoTset,SNN_AE_T7,0,7,decoder,normal,6,0.6133113503456116
Edge-IIoTset,SNN_AE_T7,0,7,decoder,normal,7,0.602688193321228
Edge-IIoTset,SNN_AE_T7,0,7,decoder,attack,1,0.40995219349861145
Edge-IIoTset,SNN_AE_T7,0,7,decoder,attack,2,0.5364485383033752
Edge-IIoTset,SNN_AE_T7,0,7,decoder,attack,3,0.5696176290512085
Edge-IIoTset,SNN_AE_T7,0,7,decoder,attack,4,0.5502445101737976
Edge-IIoTset,SNN_AE_T7,0,7,decoder,attack,5,0.559097409248352
Edge-IIoTset,SNN_AE_T7,0,7,decoder,attack,6,0.559777557849884
Edge-IIoTset,SNN_AE_T7,0,7,decoder,attack,7,0.5479356646537781
Edge-IIoTset,SNN_AE_noBN,0,7,encoder,normal,1,0.46215739846229553
Edge-IIoTset,SNN_AE_noBN,0,7,encoder,normal,2,0.5669261813163757
Edge-IIoTset,SNN_AE_noBN,0,7,encoder,normal,3,0.5586560368537903
Edge-IIoTset,SNN_AE_noBN,0,7,encoder,attack,1,0.4605569839477539
Edge-IIoTset,SNN_AE_noBN,0,7,encoder,attack,2,0.5021452307701111
Edge-IIoTset,SNN_AE_noBN,0,7,encoder,attack,3,0.49876102805137634
Edge-IIoTset,SNN_AE_noBN,0,7,decoder,normal,1,0.4337269365787506
Edge-IIoTset,SNN_AE_noBN,0,7,decoder,normal,2,0.5564541220664978
Edge-IIoTset,SNN_AE_noBN,0,7,decoder,normal,3,0.5642484426498413
Edge-IIoTset,SNN_AE_noBN,0,7,decoder,attack,1,0.4209687411785126
Edge-IIoTset,SNN_AE_noBN,0,7,decoder,attack,2,0.5102279186248779
Edge-IIoTset,SNN_AE_noBN,0,7,decoder,attack,3,0.5170422792434692
Edge-IIoTset,SNN_AE,0,8,encoder,normal,1,0.39915916323661804
Edge-IIoTset,SNN_AE,0,8,encoder,normal,2,0.4948180913925171
Edge-IIoTset,SNN_AE,0,8,encoder,normal,3,0.49037328362464905
Edge-IIoTset,SNN_AE,0,8,encoder,attack,1,0.5092959403991699
Edge-IIoTset,SNN_AE,0,8,encoder,attack,2,0.5427297949790955
Edge-IIoTset,SNN_AE,0,8,encoder,attack,3,0.5406139492988586
Edge-IIoTset,SNN_AE,0,8,decoder,normal,1,0.4357385039329529
Edge-IIoTset,SNN_AE,0,8,decoder,normal,2,0.5607702136039734
Edge-IIoTset,SNN_AE,0,8,decoder,normal,3,0.5706506967544556
Edge-IIoTset,SNN_AE,0,8,decoder,attack,1,0.48399999737739563
Edge-IIoTset,SNN_AE,0,8,decoder,attack,2,0.5869540572166443
Edge-IIoTset,SNN_AE,0,8,decoder,attack,3,0.5874412059783936
Edge-IIoTset,SNN_Dense,0,8,encoder,normal,1,0.2655680775642395
Edge-IIoTset,SNN_Dense,0,8,encoder,normal,2,0.5057286620140076
Edge-IIoTset,SNN_Dense,0,8,encoder,normal,3,0.48728129267692566
Edge-IIoTset,SNN_Dense,0,8,encoder,attack,1,0.39218565821647644
Edge-IIoTset,SNN_Dense,0,8,encoder,attack,2,0.4394485354423523
Edge-IIoTset,SNN_Dense,0,8,encoder,attack,3,0.4349908232688904
Edge-IIoTset,Dense_SNN,0,8,decoder,normal,1,0.38933464884757996
Edge-IIoTset,Dense_SNN,0,8,decoder,normal,2,0.5743491649627686
Edge-IIoTset,Dense_SNN,0,8,decoder,normal,3,0.5601917505264282
Edge-IIoTset,Dense_SNN,0,8,decoder,attack,1,0.5120165348052979
Edge-IIoTset,Dense_SNN,0,8,decoder,attack,2,0.5460900664329529
Edge-IIoTset,Dense_SNN,0,8,decoder,attack,3,0.5462573766708374
Edge-IIoTset,SNN_AE_T2,0,8,encoder,normal,1,0.4381922781467438
Edge-IIoTset,SNN_AE_T2,0,8,encoder,normal,2,0.5068724751472473
Edge-IIoTset,SNN_AE_T2,0,8,encoder,attack,1,0.47404226660728455
Edge-IIoTset,SNN_AE_T2,0,8,encoder,attack,2,0.49530330300331116
Edge-IIoTset,SNN_AE_T2,0,8,decoder,normal,1,0.4846091866493225
Edge-IIoTset,SNN_AE_T2,0,8,decoder,normal,2,0.5632445216178894
Edge-IIoTset,SNN_AE_T2,0,8,decoder,attack,1,0.49069300293922424
Edge-IIoTset,SNN_AE_T2,0,8,decoder,attack,2,0.5485441088676453
Edge-IIoTset,SNN_AE_T5,0,8,encoder,normal,1,0.34001612663269043
Edge-IIoTset,SNN_AE_T5,0,8,encoder,normal,2,0.5008247494697571
Edge-IIoTset,SNN_AE_T5,0,8,encoder,normal,3,0.4895186424255371
Edge-IIoTset,SNN_AE_T5,0,8,encoder,normal,4,0.49232885241508484
Edge-IIoTset,SNN_AE_T5,0,8,encoder,normal,5,0.4799404442310333
Edge-IIoTset,SNN_AE_T5,0,8,encoder,attack,1,0.41581249237060547
Edge-IIoTset,SNN_AE_T5,0,8,encoder,attack,2,0.4782830774784088
Edge-IIoTset,SNN_AE_T5,0,8,encoder,attack,3,0.47333088517189026
Edge-IIoTset,SNN_AE_T5,0,8,encoder,attack,4,0.4792003631591797
Edge-IIoTset,SNN_AE_T5,0,8,encoder,attack,5,0.4690110385417938
Edge-IIoTset,SNN_AE_T5,0,8,decoder,normal,1,0.3688720464706421
Edge-IIoTset,SNN_AE_T5,0,8,decoder,normal,2,0.5522891879081726
Edge-IIoTset,SNN_AE_T5,0,8,decoder,normal,3,0.5599491596221924
Edge-IIoTset,SNN_AE_T5,0,8,decoder,normal,4,0.56391441822052
Edge-IIoTset,SNN_AE_T5,0,8,decoder,normal,5,0.5616453886032104
Edge-IIoTset,SNN_AE_T5,0,8,decoder,attack,1,0.39338234066963196
Edge-IIoTset,SNN_AE_T5,0,8,decoder,attack,2,0.5425018668174744
Edge-IIoTset,SNN_AE_T5,0,8,decoder,attack,3,0.5418915152549744
Edge-IIoTset,SNN_AE_T5,0,8,decoder,attack,4,0.5550661683082581
Edge-IIoTset,SNN_AE_T5,0,8,decoder,attack,5,0.5325000286102295
Edge-IIoTset,SNN_AE_T7,0,8,encoder,normal,1,0.3251328468322754
Edge-IIoTset,SNN_AE_T7,0,8,encoder,normal,2,0.5168817639350891
Edge-IIoTset,SNN_AE_T7,0,8,encoder,normal,3,0.5049561262130737
Edge-IIoTset,SNN_AE_T7,0,8,encoder,normal,4,0.5056110620498657
Edge-IIoTset,SNN_AE_T7,0,8,encoder,normal,5,0.4894440174102783
Edge-IIoTset,SNN_AE_T7,0,8,encoder,normal,6,0.5232019424438477
Edge-IIoTset,SNN_AE_T7,0,8,encoder,normal,7,0.47423791885375977
Edge-IIoTset,SNN_AE_T7,0,8,encoder,attack,1,0.5236911773681641
Edge-IIoTset,SNN_AE_T7,0,8,encoder,attack,2,0.5822040438652039
Edge-IIoTset,SNN_AE_T7,0,8,encoder,attack,3,0.577847421169281
Edge-IIoTset,SNN_AE_T7,0,8,encoder,attack,4,0.5796985030174255
Edge-IIoTset,SNN_AE_T7,0,8,encoder,attack,5,0.5763731598854065
Edge-IIoTset,SNN_AE_T7,0,8,encoder,attack,6,0.5847720503807068
Edge-IIoTset,SNN_AE_T7,0,8,encoder,attack,7,0.5671764612197876
Edge-IIoTset,SNN_AE_T7,0,8,decoder,normal,1,0.3574707508087158
Edge-IIoTset,SNN_AE_T7,0,8,decoder,normal,2,0.5611639618873596
Edge-IIoTset,SNN_AE_T7,0,8,decoder,normal,3,0.5787939429283142
Edge-IIoTset,SNN_AE_T7,0,8,decoder,normal,4,0.5866666436195374
Edge-IIoTset,SNN_AE_T7,0,8,decoder,normal,5,0.5854276418685913
Edge-IIoTset,SNN_AE_T7,0,8,decoder,normal,6,0.5997585654258728
Edge-IIoTset,SNN_AE_T7,0,8,decoder,normal,7,0.5829029083251953
Edge-IIoTset,SNN_AE_T7,0,8,decoder,attack,1,0.4770238995552063
Edge-IIoTset,SNN_AE_T7,0,8,decoder,attack,2,0.6327996253967285
Edge-IIoTset,SNN_AE_T7,0,8,decoder,attack,3,0.6597591638565063
Edge-IIoTset,SNN_AE_T7,0,8,decoder,attack,4,0.6483272314071655
Edge-IIoTset,SNN_AE_T7,0,8,decoder,attack,5,0.6499742865562439
Edge-IIoTset,SNN_AE_T7,0,8,decoder,attack,6,0.6617059111595154
Edge-IIoTset,SNN_AE_T7,0,8,decoder,attack,7,0.6373584270477295
Edge-IIoTset,SNN_AE_noBN,0,8,encoder,normal,1,0.419993132352829
Edge-IIoTset,SNN_AE_noBN,0,8,encoder,normal,2,0.5345658659934998
Edge-IIoTset,SNN_AE_noBN,0,8,encoder,normal,3,0.5229164361953735
Edge-IIoTset,SNN_AE_noBN,0,8,encoder,attack,1,0.43670588731765747
Edge-IIoTset,SNN_AE_noBN,0,8,encoder,attack,2,0.4643327295780182
Edge-IIoTset,SNN_AE_noBN,0,8,encoder,attack,3,0.4575698673725128
Edge-IIoTset,SNN_AE_noBN,0,8,decoder,normal,1,0.42308509349823
Edge-IIoTset,SNN_AE_noBN,0,8,decoder,normal,2,0.548958420753479
Edge-IIoTset,SNN_AE_noBN,0,8,decoder,normal,3,0.553490936756134
Edge-IIoTset,SNN_AE_noBN,0,8,decoder,attack,1,0.4648492634296417
Edge-IIoTset,SNN_AE_noBN,0,8,decoder,attack,2,0.5427500009536743
Edge-IIoTset,SNN_AE_noBN,0,8,decoder,attack,3,0.5487316250801086
Edge-IIoTset,SNN_AE,0,9,encoder,normal,1,0.4164402484893799
Edge-IIoTset,SNN_AE,0,9,encoder,normal,2,0.5144298076629639
Edge-IIoTset,SNN_AE,0,9,encoder,normal,3,0.506411612033844
Edge-IIoTset,SNN_AE,0,9,encoder,attack,1,0.2893125116825104
Edge-IIoTset,SNN_AE,0,9,encoder,attack,2,0.3205091953277588
Edge-IIoTset,SNN_AE,0,9,encoder,attack,3,0.3195588290691376
Edge-IIoTset,SNN_AE,0,9,decoder,normal,1,0.46366140246391296
Edge-IIoTset,SNN_AE,0,9,decoder,normal,2,0.5840654373168945
Edge-IIoTset,SNN_AE,0,9,decoder,normal,3,0.5926845073699951
Edge-IIoTset,SNN_AE,0,9,decoder,attack,1,0.41785845160484314
Edge-IIoTset,SNN_AE,0,9,decoder,attack,2,0.5136488676071167
Edge-IIoTset,SNN_AE,0,9,decoder,attack,3,0.523867666721344
Edge-IIoTset,SNN_Dense,0,9,encoder,normal,1,0.24524728953838348
Edge-IIoTset,SNN_Dense,0,9,encoder,normal,2,0.4582294523715973
Edge-IIoTset,SNN_Dense,0,9,encoder,normal,3,0.4366099238395691
Edge-IIoTset,SNN_Dense,0,9,encoder,attack,1,0.3249209523200989
Edge-IIoTset,SNN_Dense,0,9,encoder,attack,2,0.38055330514907837
Edge-IIoTset,SNN_Dense,0,9,encoder,attack,3,0.36975184082984924
Edge-IIoTset,Dense_SNN,0,9,decoder,normal,1,0.4390413165092468
Edge-IIoTset,Dense_SNN,0,9,decoder,normal,2,0.6110123991966248
Edge-IIoTset,Dense_SNN,0,9,decoder,normal,3,0.586685299873352
Edge-IIoTset,Dense_SNN,0,9,decoder,attack,1,0.45431065559387207
Edge-IIoTset,Dense_SNN,0,9,decoder,attack,2,0.5094099044799805
Edge-IIoTset,Dense_SNN,0,9,decoder,attack,3,0.5064926743507385
Edge-IIoTset,SNN_AE_T2,0,9,encoder,normal,1,0.5068053007125854
Edge-IIoTset,SNN_AE_T2,0,9,encoder,normal,2,0.5731493234634399
Edge-IIoTset,SNN_AE_T2,0,9,encoder,attack,1,0.29837867617607117
Edge-IIoTset,SNN_AE_T2,0,9,encoder,attack,2,0.3164154291152954
Edge-IIoTset,SNN_AE_T2,0,9,decoder,normal,1,0.4674232602119446
Edge-IIoTset,SNN_AE_T2,0,9,decoder,normal,2,0.5554633140563965
Edge-IIoTset,SNN_AE_T2,0,9,decoder,attack,1,0.4083786904811859
Edge-IIoTset,SNN_AE_T2,0,9,decoder,attack,2,0.48595038056373596
Edge-IIoTset,SNN_AE_T5,0,9,encoder,normal,1,0.3317086696624756
Edge-IIoTset,SNN_AE_T5,0,9,encoder,normal,2,0.5111157894134521
Edge-IIoTset,SNN_AE_T5,0,9,encoder,normal,3,0.5034241080284119
Edge-IIoTset,SNN_AE_T5,0,9,encoder,normal,4,0.5022653341293335
Edge-IIoTset,SNN_AE_T5,0,9,encoder,normal,5,0.48755747079849243
Edge-IIoTset,SNN_AE_T5,0,9,encoder,attack,1,0.2417132407426834
Edge-IIoTset,SNN_AE_T5,0,9,encoder,attack,2,0.29115256667137146
Edge-IIoTset,SNN_AE_T5,0,9,encoder,attack,3,0.28589338064193726
Edge-IIoTset,SNN_AE_T5,0,9,encoder,attack,4,0.28849631547927856
Edge-IIoTset,SNN_AE_T5,0,9,encoder,attack,5,0.2840625047683716
Edge-IIoTset,SNN_AE_T5,0,9,decoder,normal,1,0.41311317682266235
Edge-IIoTset,SNN_AE_T5,0,9,decoder,normal,2,0.5376839637756348
Edge-IIoTset,SNN_AE_T5,0,9,decoder,normal,3,0.5579954385757446
Edge-IIoTset,SNN_AE_T5,0,9,decoder,normal,4,0.5644257068634033
Edge-IIoTset,SNN_AE_T5,0,9,decoder,normal,5,0.5628731846809387
Edge-IIoTset,SNN_AE_T5,0,9,decoder,attack,1,0.2899705767631531
Edge-IIoTset,SNN_AE_T5,0,9,decoder,attack,2,0.44626471400260925
Edge-IIoTset,SNN_AE_T5,0,9,decoder,attack,3,0.4686562418937683
Edge-IIoTset,SNN_AE_T5,0,9,decoder,attack,4,0.45466360449790955
Edge-IIoTset,SNN_AE_T5,0,9,decoder,attack,5,0.43960294127464294
Edge-IIoTset,SNN_AE_T7,0,9,encoder,normal,1,0.29906103014945984
Edge-IIoTset,SNN_AE_T7,0,9,encoder,normal,2,0.4920806586742401
Edge-IIoTset,SNN_AE_T7,0,9,encoder,normal,3,0.47945526242256165
Edge-IIoTset,SNN_AE_T7,0,9,encoder,normal,4,0.4836370050907135
Edge-IIoTset,SNN_AE_T7,0,9,encoder,normal,5,0.46650147438049316
Edge-IIoTset,SNN_AE_T7,0,9,encoder,normal,6,0.49727749824523926
Edge-IIoTset,SNN_AE_T7,0,9,encoder,normal,7,0.45214253664016724
Edge-IIoTset,SNN_AE_T7,0,9,encoder,attack,1,0.25854045152664185
Edge-IIoTset,SNN_AE_T7,0,9,encoder,attack,2,0.30358824133872986
Edge-IIoTset,SNN_AE_T7,0,9,encoder,attack,3,0.3000459671020508
Edge-IIoTset,SNN_AE_T7,0,9,encoder,attack,4,0.30606985092163086
Edge-IIoTset,SNN_AE_T7,0,9,encoder,attack,5,0.30052757263183594
Edge-IIoTset,SNN_AE_T7,0,9,encoder,attack,6,0.306856632232666
Edge-IIoTset,SNN_AE_T7,0,9,encoder,attack,7,0.2959246337413788
Edge-IIoTset,SNN_AE_T7,0,9,decoder,normal,1,0.3579223155975342
Edge-IIoTset,SNN_AE_T7,0,9,decoder,normal,2,0.5626044869422913
Edge-IIoTset,SNN_AE_T7,0,9,decoder,normal,3,0.574149489402771
Edge-IIoTset,SNN_AE_T7,0,9,decoder,normal,4,0.5829290151596069
Edge-IIoTset,SNN_AE_T7,0,9,decoder,normal,5,0.5835373401641846
Edge-IIoTset,SNN_AE_T7,0,9,decoder,normal,6,0.5888349413871765
Edge-IIoTset,SNN_AE_T7,0,9,decoder,normal,7,0.5815761685371399
Edge-IIoTset,SNN_AE_T7,0,9,decoder,attack,1,0.284286767244339
Edge-IIoTset,SNN_AE_T7,0,9,decoder,attack,2,0.412110298871994
Edge-IIoTset,SNN_AE_T7,0,9,decoder,attack,3,0.4125845730304718
Edge-IIoTset,SNN_AE_T7,0,9,decoder,attack,4,0.44045037031173706
Edge-IIoTset,SNN_AE_T7,0,9,decoder,attack,5,0.4285808801651001
Edge-IIoTset,SNN_AE_T7,0,9,decoder,attack,6,0.44756433367729187
Edge-IIoTset,SNN_AE_T7,0,9,decoder,attack,7,0.418713241815567
Edge-IIoTset,SNN_AE_noBN,0,9,encoder,normal,1,0.4207525849342346
Edge-IIoTset,SNN_AE_noBN,0,9,encoder,normal,2,0.529014527797699
Edge-IIoTset,SNN_AE_noBN,0,9,encoder,normal,3,0.5180423855781555
Edge-IIoTset,SNN_AE_noBN,0,9,encoder,attack,1,0.4374779462814331
Edge-IIoTset,SNN_AE_noBN,0,9,encoder,attack,2,0.4629393517971039
Edge-IIoTset,SNN_AE_noBN,0,9,encoder,attack,3,0.46531984210014343
Edge-IIoTset,SNN_AE_noBN,0,9,decoder,normal,1,0.4185301959514618
Edge-IIoTset,SNN_AE_noBN,0,9,decoder,normal,2,0.5400444865226746
Edge-IIoTset,SNN_AE_noBN,0,9,decoder,normal,3,0.5550453066825867
Edge-IIoTset,SNN_AE_noBN,0,9,decoder,attack,1,0.38642463088035583
Edge-IIoTset,SNN_AE_noBN,0,9,decoder,attack,2,0.49430331587791443
Edge-IIoTset,SNN_AE_noBN,0,9,decoder,attack,3,0.49823346734046936
Edge-IIoTset,SNN_AE,1,0,encoder,normal,1,0.36139601469039917
Edge-IIoTset,SNN_AE,1,0,encoder,normal,2,0.4577380418777466
Edge-IIoTset,SNN_AE,1,0,encoder,normal,3,0.4537016451358795
Edge-IIoTset,SNN_AE,1,0,encoder,attack,1,0.4855661690235138
Edge-IIoTset,SNN_AE,1,0,encoder,attack,2,0.5117830634117126
Edge-IIoTset,SNN_AE,1,0,encoder,attack,3,0.50818932056427
Edge-IIoTset,SNN_AE,1,0,decoder,normal,1,0.4375821053981781
Edge-IIoTset,SNN_AE,1,0,decoder,normal,2,0.5814093947410583
Edge-IIoTset,SNN_AE,1,0,decoder,normal,3,0.5838987827301025
Edge-IIoTset,SNN_AE,1,0,decoder,attack,1,0.44015073776245117
Edge-IIoTset,SNN_AE,1,0,decoder,attack,2,0.509174644947052
Edge-IIoTset,SNN_AE,1,0,decoder,attack,3,0.5229172706604004
Edge-IIoTset,SNN_Dense,1,0,encoder,normal,1,0.25643810629844666
Edge-IIoTset,SNN_Dense,1,0,encoder,normal,2,0.4730364680290222
Edge-IIoTset,SNN_Dense,1,0,encoder,normal,3,0.45319217443466187
Edge-IIoTset,SNN_Dense,1,0,encoder,attack,1,0.4142408072948456
Edge-IIoTset,SNN_Dense,1,0,encoder,attack,2,0.47168564796447754
Edge-IIoTset,SNN_Dense,1,0,encoder,attack,3,0.46945035457611084
Edge-IIoTset,Dense_SNN,1,0,decoder,normal,1,0.48277199268341064
Edge-IIoTset,Dense_SNN,1,0,decoder,normal,2,0.6549456119537354
Edge-IIoTset,Dense_SNN,1,0,decoder,normal,3,0.6317721605300903
Edge-IIoTset,Dense_SNN,1,0,decoder,attack,1,0.611112117767334
Edge-IIoTset,Dense_SNN,1,0,decoder,attack,2,0.6344779133796692
Edge-IIoTset,Dense_SNN,1,0,decoder,attack,3,0.6339797973632812
Edge-IIoTset,SNN_AE_T2,1,0,encoder,normal,1,0.42191046476364136
Edge-IIoTset,SNN_AE_T2,1,0,encoder,normal,2,0.4955642521381378
Edge-IIoTset,SNN_AE_T2,1,0,encoder,attack,1,0.489301472902298
Edge-IIoTset,SNN_AE_T2,1,0,encoder,attack,2,0.5097941160202026
Edge-IIoTset,SNN_AE_T2,1,0,decoder,normal,1,0.4916192591190338
Edge-IIoTset,SNN_AE_T2,1,0,decoder,normal,2,0.5791513919830322
Edge-IIoTset,SNN_AE_T2,1,0,decoder,attack,1,0.4880202114582062
Edge-IIoTset,SNN_AE_T2,1,0,decoder,attack,2,0.5443547964096069
Edge-IIoTset,SNN_AE_T5,1,0,encoder,normal,1,0.3333034813404083
Edge-IIoTset,SNN_AE_T5,1,0,encoder,normal,2,0.4730626046657562
Edge-IIoTset,SNN_AE_T5,1,0,encoder,normal,3,0.4664919972419739
Edge-IIoTset,SNN_AE_T5,1,0,encoder,normal,4,0.46755754947662354
Edge-IIoTset,SNN_AE_T5,1,0,encoder,normal,5,0.4560883939266205
Edge-IIoTset,SNN_AE_T5,1,0,encoder,attack,1,0.4504319727420807
Edge-IIoTset,SNN_AE_T5,1,0,encoder,attack,2,0.49909743666648865
Edge-IIoTset,SNN_AE_T5,1,0,encoder,attack,3,0.4964613914489746
Edge-IIoTset,SNN_AE_T5,1,0,encoder,attack,4,0.49874448776245117
Edge-IIoTset,SNN_AE_T5,1,0,encoder,attack,5,0.49323713779449463
Edge-IIoTset,SNN_AE_T5,1,0,decoder,normal,1,0.4133151173591614
Edge-IIoTset,SNN_AE_T5,1,0,decoder,normal,2,0.5965883731842041
Edge-IIoTset,SNN_AE_T5,1,0,decoder,normal,3,0.6113605499267578
Edge-IIoTset,SNN_AE_T5,1,0,decoder,normal,4,0.620172381401062
Edge-IIoTset,SNN_AE_T5,1,0,decoder,normal,5,0.6117990612983704
Edge-IIoTset,SNN_AE_T5,1,0,decoder,attack,1,0.40794485807418823
Edge-IIoTset,SNN_AE_T5,1,0,decoder,attack,2,0.569659948348999
Edge-IIoTset,SNN_AE_T5,1,0,decoder,attack,3,0.5910661816596985
Edge-IIoTset,SNN_AE_T5,1,0,decoder,attack,4,0.5869099497795105
Edge-IIoTset,SNN_AE_T5,1,0,decoder,attack,5,0.5869815945625305
Edge-IIoTset,SNN_AE_T7,1,0,encoder,normal,1,0.3064257800579071
Edge-IIoTset,SNN_AE_T7,1,0,encoder,normal,2,0.486030250787735
Edge-IIoTset,SNN_AE_T7,1,0,encoder,normal,3,0.4723964035511017
Edge-IIoTset,SNN_AE_T7,1,0,encoder,normal,4,0.4770168960094452
Edge-IIoTset,SNN_AE_T7,1,0,encoder,normal,5,0.4608917832374573
Edge-IIoTset,SNN_AE_T7,1,0,encoder,normal,6,0.49020102620124817
Edge-IIoTset,SNN_AE_T7,1,0,encoder,normal,7,0.4464181661605835
Edge-IIoTset,SNN_AE_T7,1,0,encoder,attack,1,0.40232905745506287
Edge-IIoTset,SNN_AE_T7,1,0,encoder,attack,2,0.4519595503807068
Edge-IIoTset,SNN_AE_T7,1,0,encoder,attack,3,0.4520863890647888
Edge-IIoTset,SNN_AE_T7,1,0,encoder,attack,4,0.45139890909194946
Edge-IIoTset,SNN_AE_T7,1,0,encoder,attack,5,0.443233460187912
Edge-IIoTset,SNN_AE_T7,1,0,encoder,attack,6,0.4575238823890686
Edge-IIoTset,SNN_AE_T7,1,0,encoder,attack,7,0.4420698583126068
Edge-IIoTset,SNN_AE_T7,1,0,decoder,normal,1,0.39837685227394104
Edge-IIoTset,SNN_AE_T7,1,0,decoder,normal,2,0.6326454877853394
Edge-IIoTset,SNN_AE_T7,1,0,decoder,normal,3,0.64312744140625
Edge-IIoTset,SNN_AE_T7,1,0,decoder,normal,4,0.6467514634132385
Edge-IIoTset,SNN_AE_T7,1,0,decoder,normal,5,0.6429818868637085
Edge-IIoTset,SNN_AE_T7,1,0,decoder,normal,6,0.655430793762207
Edge-IIoTset,SNN_AE_T7,1,0,decoder,normal,7,0.6430453658103943
Edge-IIoTset,SNN_AE_T7,1,0,decoder,attack,1,0.42514705657958984
Edge-IIoTset,SNN_AE_T7,1,0,decoder,attack,2,0.5760790705680847
Edge-IIoTset,SNN_AE_T7,1,0,decoder,attack,3,0.5712646842002869
Edge-IIoTset,SNN_AE_T7,1,0,decoder,attack,4,0.5892297625541687
Edge-IIoTset,SNN_AE_T7,1,0,decoder,attack,5,0.5662738680839539
Edge-IIoTset,SNN_AE_T7,1,0,decoder,attack,6,0.5855992436408997
Edge-IIoTset,SNN_AE_T7,1,0,decoder,attack,7,0.576762855052948
Edge-IIoTset,SNN_AE_noBN,1,0,encoder,normal,1,0.45495566725730896
Edge-IIoTset,SNN_AE_noBN,1,0,encoder,normal,2,0.553384006023407
Edge-IIoTset,SNN_AE_noBN,1,0,encoder,normal,3,0.5489463806152344
Edge-IIoTset,SNN_AE_noBN,1,0,encoder,attack,1,0.5519540309906006
Edge-IIoTset,SNN_AE_noBN,1,0,encoder,attack,2,0.5819099545478821
Edge-IIoTset,SNN_AE_noBN,1,0,encoder,attack,3,0.5788345336914062
Edge-IIoTset,SNN_AE_noBN,1,0,decoder,normal,1,0.4519866704940796
Edge-IIoTset,SNN_AE_noBN,1,0,decoder,normal,2,0.5773748159408569
Edge-IIoTset,SNN_AE_noBN,1,0,decoder,normal,3,0.5839323401451111
Edge-IIoTset,SNN_AE_noBN,1,0,decoder,attack,1,0.48690441250801086
Edge-IIoTset,SNN_AE_noBN,1,0,decoder,attack,2,0.5652095675468445
Edge-IIoTset,SNN_AE_noBN,1,0,decoder,attack,3,0.5646544098854065
Edge-IIoTset,SNN_AE,1,1,encoder,normal,1,0.3652818500995636
Edge-IIoTset,SNN_AE,1,1,encoder,normal,2,0.46448802947998047
Edge-IIoTset,SNN_AE,1,1,encoder,normal,3,0.4572889804840088
Edge-IIoTset,SNN_AE,1,1,encoder,attack,1,0.36233824491500854
Edge-IIoTset,SNN_AE,1,1,encoder,attack,2,0.3913364112377167
Edge-IIoTset,SNN_AE,1,1,encoder,attack,3,0.3940073549747467
Edge-IIoTset,SNN_AE,1,1,decoder,normal,1,0.4233649969100952
Edge-IIoTset,SNN_AE,1,1,decoder,normal,2,0.5626399517059326
Edge-IIoTset,SNN_AE,1,1,decoder,normal,3,0.5723711848258972
Edge-IIoTset,SNN_AE,1,1,decoder,attack,1,0.4242628812789917
Edge-IIoTset,SNN_AE,1,1,decoder,attack,2,0.5135036706924438
Edge-IIoTset,SNN_AE,1,1,decoder,attack,3,0.5372904539108276
Edge-IIoTset,SNN_Dense,1,1,encoder,normal,1,0.25438323616981506
Edge-IIoTset,SNN_Dense,1,1,encoder,normal,2,0.4558820128440857
Edge-IIoTset,SNN_Dense,1,1,encoder,normal,3,0.4497354030609131
Edge-IIoTset,SNN_Dense,1,1,encoder,attack,1,0.4112977981567383
Edge-IIoTset,SNN_Dense,1,1,encoder,attack,2,0.4588860273361206
Edge-IIoTset,SNN_Dense,1,1,encoder,attack,3,0.4592169225215912
Edge-IIoTset,Dense_SNN,1,1,decoder,normal,1,0.3702342212200165
Edge-IIoTset,Dense_SNN,1,1,decoder,normal,2,0.5598969459533691
Edge-IIoTset,Dense_SNN,1,1,decoder,normal,3,0.5465904474258423
Edge-IIoTset,Dense_SNN,1,1,decoder,attack,1,0.5465661883354187
Edge-IIoTset,Dense_SNN,1,1,decoder,attack,2,0.5774209499359131
Edge-IIoTset,Dense_SNN,1,1,decoder,attack,3,0.5741047859191895
Edge-IIoTset,SNN_AE_T2,1,1,encoder,normal,1,0.43972426652908325
Edge-IIoTset,SNN_AE_T2,1,1,encoder,normal,2,0.5068724751472473
Edge-IIoTset,SNN_AE_T2,1,1,encoder,attack,1,0.4212647080421448
Edge-IIoTset,SNN_AE_T2,1,1,encoder,attack,2,0.4433915317058563
Edge-IIoTset,SNN_AE_T2,1,1,decoder,normal,1,0.4243614673614502
Edge-IIoTset,SNN_AE_T2,1,1,decoder,normal,2,0.5125843286514282
Edge-IIoTset,SNN_AE_T2,1,1,decoder,attack,1,0.43259191513061523
Edge-IIoTset,SNN_AE_T2,1,1,decoder,attack,2,0.4937646985054016
Edge-IIoTset,SNN_AE_T5,1,1,encoder,normal,1,0.3649720847606659
Edge-IIoTset,SNN_AE_T5,1,1,encoder,normal,2,0.5151370167732239
Edge-IIoTset,SNN_AE_T5,1,1,encoder,normal,3,0.5040697455406189
Edge-IIoTset,SNN_AE_T5,1,1,encoder,normal,4,0.507594645023346
Edge-IIoTset,SNN_AE_T5,1,1,encoder,normal,5,0.494144469499588
Edge-IIoTset,SNN_AE_T5,1,1,encoder,attack,1,0.2933749854564667
Edge-IIoTset,SNN_AE_T5,1,1,encoder,attack,2,0.3304540514945984
Edge-IIoTset,SNN_AE_T5,1,1,encoder,attack,3,0.3351856470108032
Edge-IIoTset,SNN_AE_T5,1,1,encoder,attack,4,0.33385661244392395
Edge-IIoTset,SNN_AE_T5,1,1,encoder,attack,5,0.3281213343143463
Edge-IIoTset,SNN_AE_T5,1,1,decoder,normal,1,0.41600921750068665
Edge-IIoTset,SNN_AE_T5,1,1,decoder,normal,2,0.5967822670936584
Edge-IIoTset,SNN_AE_T5,1,1,decoder,normal,3,0.5997006893157959
Edge-IIoTset,SNN_AE_T5,1,1,decoder,normal,4,0.6056663393974304
Edge-IIoTset,SNN_AE_T5,1,1,decoder,normal,5,0.6070657968521118
Edge-IIoTset,SNN_AE_T5,1,1,decoder,attack,1,0.35964706540107727
Edge-IIoTset,SNN_AE_T5,1,1,decoder,attack,2,0.5206930041313171
Edge-IIoTset,SNN_AE_T5,1,1,decoder,attack,3,0.5269283056259155
Edge-IIoTset,SNN_AE_T5,1,1,decoder,attack,4,0.5279117822647095
Edge-IIoTset,SNN_AE_T5,1,1,decoder,attack,5,0.5430330634117126
Edge-IIoTset,SNN_AE_T7,1,1,encoder,normal,1,0.37503358721733093
Edge-IIoTset,SNN_AE_T7,1,1,encoder,normal,2,0.5312817096710205
Edge-IIoTset,SNN_AE_T7,1,1,encoder,normal,3,0.5225730538368225
Edge-IIoTset,SNN_AE_T7,1,1,encoder,normal,4,0.5196807384490967
Edge-IIoTset,SNN_AE_T7,1,1,encoder,normal,5,0.5104795098304749
Edge-IIoTset,SNN_AE_T7,1,1,encoder,normal,6,0.5315355062484741
Edge-IIoTset,SNN_AE_T7,1,1,encoder,normal,7,0.49766749143600464
Edge-IIoTset,SNN_AE_T7,1,1,encoder,attack,1,0.31483638286590576
Edge-IIoTset,SNN_AE_T7,1,1,encoder,attack,2,0.36685293912887573
Edge-IIoTset,SNN_AE_T7,1,1,encoder,attack,3,0.36786580085754395
Edge-IIoTset,SNN_AE_T7,1,1,encoder,attack,4,0.3668566048145294
Edge-IIoTset,SNN_AE_T7,1,1,encoder,attack,5,0.3619025647640228
Edge-IIoTset,SNN_AE_T7,1,1,encoder,attack,6,0.3688860237598419
Edge-IIoTset,SNN_AE_T7,1,1,encoder,attack,7,0.359222412109375
Edge-IIoTset,SNN_AE_T7,1,1,decoder,normal,1,0.4029994308948517
Edge-IIoTset,SNN_AE_T7,1,1,decoder,normal,2,0.5760751962661743
Edge-IIoTset,SNN_AE_T7,1,1,decoder,normal,3,0.5969856381416321
Edge-IIoTset,SNN_AE_T7,1,1,decoder,normal,4,0.6006729006767273
Edge-IIoTset,SNN_AE_T7,1,1,decoder,normal,5,0.5977096557617188
Edge-IIoTset,SNN_AE_T7,1,1,decoder,normal,6,0.6034289598464966
Edge-IIoTset,SNN_AE_T7,1,1,decoder,normal,7,0.5960507988929749
Edge-IIoTset,SNN_AE_T7,1,1,decoder,attack,1,0.323904424905777
Edge-IIoTset,SNN_AE_T7,1,1,decoder,attack,2,0.49062132835388184
Edge-IIoTset,SNN_AE_T7,1,1,decoder,attack,3,0.5257996320724487
Edge-IIoTset,SNN_AE_T7,1,1,decoder,attack,4,0.49213969707489014
Edge-IIoTset,SNN_AE_T7,1,1,decoder,attack,5,0.5212922692298889
Edge-IIoTset,SNN_AE_T7,1,1,decoder,attack,6,0.4893823564052582
Edge-IIoTset,SNN_AE_T7,1,1,decoder,attack,7,0.5111783146858215
Edge-IIoTset,SNN_AE_noBN,1,1,encoder,normal,1,0.40499791502952576
Edge-IIoTset,SNN_AE_noBN,1,1,encoder,normal,2,0.5029035210609436
Edge-IIoTset,SNN_AE_noBN,1,1,encoder,normal,3,0.4975070059299469
Edge-IIoTset,SNN_AE_noBN,1,1,encoder,attack,1,0.4686819911003113
Edge-IIoTset,SNN_AE_noBN,1,1,encoder,attack,2,0.49204596877098083
Edge-IIoTset,SNN_AE_noBN,1,1,encoder,attack,3,0.4919374883174896
Edge-IIoTset,SNN_AE_noBN,1,1,decoder,normal,1,0.3871364891529083
Edge-IIoTset,SNN_AE_noBN,1,1,decoder,normal,2,0.5275291800498962
Edge-IIoTset,SNN_AE_noBN,1,1,decoder,normal,3,0.5312817096710205
Edge-IIoTset,SNN_AE_noBN,1,1,decoder,attack,1,0.43768933415412903
Edge-IIoTset,SNN_AE_noBN,1,1,decoder,attack,2,0.5258657932281494
Edge-IIoTset,SNN_AE_noBN,1,1,decoder,attack,3,0.5234668850898743
Edge-IIoTset,SNN_AE,1,2,encoder,normal,1,0.35701170563697815
Edge-IIoTset,SNN_AE,1,2,encoder,normal,2,0.4445609748363495
Edge-IIoTset,SNN_AE,1,2,encoder,normal,3,0.4387259781360626
Edge-IIoTset,SNN_AE,1,2,encoder,attack,1,0.2525882422924042
Edge-IIoTset,SNN_AE,1,2,encoder,attack,2,0.2759742736816406
Edge-IIoTset,SNN_AE,1,2,encoder,attack,3,0.27785661816596985
Edge-IIoTset,SNN_AE,1,2,decoder,normal,1,0.38791462779045105
Edge-IIoTset,SNN_AE,1,2,decoder,normal,2,0.5378537774085999
Edge-IIoTset,SNN_AE,1,2,decoder,normal,3,0.5440377593040466
Edge-IIoTset,SNN_AE,1,2,decoder,attack,1,0.2871581017971039
Edge-IIoTset,SNN_AE,1,2,decoder,attack,2,0.4226911664009094
Edge-IIoTset,SNN_AE,1,2,decoder,attack,3,0.40400001406669617
Edge-IIoTset,SNN_Dense,1,2,encoder,normal,1,0.25808727741241455
Edge-IIoTset,SNN_Dense,1,2,encoder,normal,2,0.48090702295303345
Edge-IIoTset,SNN_Dense,1,2,encoder,normal,3,0.45977264642715454
Edge-IIoTset,SNN_Dense,1,2,encoder,attack,1,0.29935845732688904
Edge-IIoTset,SNN_Dense,1,2,encoder,attack,2,0.35306066274642944
Edge-IIoTset,SNN_Dense,1,2,encoder,attack,3,0.34901654720306396
Edge-IIoTset,Dense_SNN,1,2,decoder,normal,1,0.4656505584716797
Edge-IIoTset,Dense_SNN,1,2,decoder,normal,2,0.638778567314148
Edge-IIoTset,Dense_SNN,1,2,decoder,normal,3,0.6227496266365051
Edge-IIoTset,Dense_SNN,1,2,decoder,attack,1,0.5340147018432617
Edge-IIoTset,Dense_SNN,1,2,decoder,attack,2,0.5604540705680847
Edge-IIoTset,Dense_SNN,1,2,decoder,attack,3,0.5607812404632568
Edge-IIoTset,SNN_AE_T2,1,2,encoder,normal,1,0.4349174499511719
Edge-IIoTset,SNN_AE_T2,1,2,encoder,normal,2,0.5024799108505249
Edge-IIoTset,SNN_AE_T2,1,2,encoder,attack,1,0.33879411220550537
Edge-IIoTset,SNN_AE_T2,1,2,encoder,attack,2,0.35736212134361267
Edge-IIoTset,SNN_AE_T2,1,2,decoder,normal,1,0.4831704795360565
Edge-IIoTset,SNN_AE_T2,1,2,decoder,normal,2,0.5757318735122681
Edge-IIoTset,SNN_AE_T2,1,2,decoder,attack,1,0.44536763429641724
Edge-IIoTset,SNN_AE_T2,1,2,decoder,attack,2,0.5091231465339661
Edge-IIoTset,SNN_AE_T5,1,2,encoder,normal,1,0.31550613045692444
Edge-IIoTset,SNN_AE_T5,1,2,encoder,normal,2,0.47679993510246277
Edge-IIoTset,SNN_AE_T5,1,2,encoder,normal,3,0.465101957321167
Edge-IIoTset,SNN_AE_T5,1,2,encoder,normal,4,0.4690205752849579
Edge-IIoTset,SNN_AE_T5,1,2,encoder,normal,5,0.4538704752922058
Edge-IIoTset,SNN_AE_T5,1,2,encoder,attack,1,0.2236507385969162
Edge-IIoTset,SNN_AE_T5,1,2,encoder,attack,2,0.28722241520881653
Edge-IIoTset,SNN_AE_T5,1,2,encoder,attack,3,0.28224265575408936
Edge-IIoTset,SNN_AE_T5,1,2,encoder,attack,4,0.28244301676750183
Edge-IIoTset,SNN_AE_T5,1,2,encoder,attack,5,0.2772499918937683
Edge-IIoTset,SNN_AE_T5,1,2,decoder,normal,1,0.354516863822937
Edge-IIoTset,SNN_AE_T5,1,2,decoder,normal,2,0.5425281524658203
Edge-IIoTset,SNN_AE_T5,1,2,decoder,normal,3,0.5658214688301086
Edge-IIoTset,SNN_AE_T5,1,2,decoder,normal,4,0.570676863193512
Edge-IIoTset,SNN_AE_T5,1,2,decoder,normal,5,0.5707701444625854
Edge-IIoTset,SNN_AE_T5,1,2,decoder,attack,1,0.2992996275424957
Edge-IIoTset,SNN_AE_T5,1,2,decoder,attack,2,0.41562867164611816
Edge-IIoTset,SNN_AE_T5,1,2,decoder,attack,3,0.4612463116645813
Edge-IIoTset,SNN_AE_T5,1,2,decoder,attack,4,0.4082757234573364
Edge-IIoTset,SNN_AE_T5,1,2,decoder,attack,5,0.4377738833427429
Edge-IIoTset,SNN_AE_T7,1,2,encoder,normal,1,0.30645787715911865
Edge-IIoTset,SNN_AE_T7,1,2,encoder,normal,2,0.47871819138526917
Edge-IIoTset,SNN_AE_T7,1,2,encoder,normal,3,0.45838621258735657
Edge-IIoTset,SNN_AE_T7,1,2,encoder,normal,4,0.4675949513912201
Edge-IIoTset,SNN_AE_T7,1,2,encoder,normal,5,0.45020750164985657
Edge-IIoTset,SNN_AE_T7,1,2,encoder,normal,6,0.47631850838661194
Edge-IIoTset,SNN_AE_T7,1,2,encoder,normal,7,0.43983250856399536
Edge-IIoTset,SNN_AE_T7,1,2,encoder,attack,1,0.28293564915657043
Edge-IIoTset,SNN_AE_T7,1,2,encoder,attack,2,0.3313805162906647
Edge-IIoTset,SNN_AE_T7,1,2,encoder,attack,3,0.33094117045402527
Edge-IIoTset,SNN_AE_T7,1,2,encoder,attack,4,0.33032721281051636
Edge-IIoTset,SNN_AE_T7,1,2,encoder,attack,5,0.3260882496833801
Edge-IIoTset,SNN_AE_T7,1,2,encoder,attack,6,0.3393952250480652
Edge-IIoTset,SNN_AE_T7,1,2,encoder,attack,7,0.3195330798625946
Edge-IIoTset,SNN_AE_T7,1,2,decoder,normal,1,0.35176822543144226
Edge-IIoTset,SNN_AE_T7,1,2,decoder,normal,2,0.5542410612106323
Edge-IIoTset,SNN_AE_T7,1,2,decoder,normal,3,0.5599585175514221
Edge-IIoTset,SNN_AE_T7,1,2,decoder,normal,4,0.5680943131446838
Edge-IIoTset,SNN_AE_T7,1,2,decoder,normal,5,0.5639013648033142
Edge-IIoTset,SNN_AE_T7,1,2,decoder,normal,6,0.5707197785377502
Edge-IIoTset,SNN_AE_T7,1,2,decoder,normal,7,0.5623544454574585
Edge-IIoTset,SNN_AE_T7,1,2,decoder,attack,1,0.33365440368652344
Edge-IIoTset,SNN_AE_T7,1,2,decoder,attack,2,0.49641913175582886
Edge-IIoTset,SNN_AE_T7,1,2,decoder,attack,3,0.49171873927116394
Edge-IIoTset,SNN_AE_T7,1,2,decoder,attack,4,0.4906691312789917
Edge-IIoTset,SNN_AE_T7,1,2,decoder,attack,5,0.48612499237060547
Edge-IIoTset,SNN_AE_T7,1,2,decoder,attack,6,0.5033934116363525
Edge-IIoTset,SNN_AE_T7,1,2,decoder,attack,7,0.4810146987438202
Edge-IIoTset,SNN_AE_noBN,1,2,encoder,normal,1,0.38879910111427307
Edge-IIoTset,SNN_AE_noBN,1,2,encoder,normal,2,0.5166391730308533
Edge-IIoTset,SNN_AE_noBN,1,2,encoder,normal,3,0.5073726177215576
Edge-IIoTset,SNN_AE_noBN,1,2,encoder,attack,1,0.47074079513549805
Edge-IIoTset,SNN_AE_noBN,1,2,encoder,attack,2,0.5114889740943909
Edge-IIoTset,SNN_AE_noBN,1,2,encoder,attack,3,0.5043915510177612
Edge-IIoTset,SNN_AE_noBN,1,2,decoder,normal,1,0.4097002446651459
Edge-IIoTset,SNN_AE_noBN,1,2,decoder,normal,2,0.5553326606750488
Edge-IIoTset,SNN_AE_noBN,1,2,decoder,normal,3,0.56202232837677
Edge-IIoTset,SNN_AE_noBN,1,2,decoder,attack,1,0.47099632024765015
Edge-IIoTset,SNN_AE_noBN,1,2,decoder,attack,2,0.5819889903068542
Edge-IIoTset,SNN_AE_noBN,1,2,decoder,attack,3,0.5690514445304871
Edge-IIoTset,SNN_AE,1,3,encoder,normal,1,0.45628806948661804
Edge-IIoTset,SNN_AE,1,3,encoder,normal,2,0.5443680286407471
Edge-IIoTset,SNN_AE,1,3,encoder,normal,3,0.5404462814331055
Edge-IIoTset,SNN_AE,1,3,encoder,attack,1,0.43536028265953064
Edge-IIoTset,SNN_AE,1,3,encoder,attack,2,0.46143749356269836
Edge-IIoTset,SNN_AE,1,3,encoder,attack,3,0.4602297842502594
Edge-IIoTset,SNN_AE,1,3,decoder,normal,1,0.4723908007144928
Edge-IIoTset,SNN_AE,1,3,decoder,normal,2,0.5666176080703735
Edge-IIoTset,SNN_AE,1,3,decoder,normal,3,0.5714246034622192
Edge-IIoTset,SNN_AE,1,3,decoder,attack,1,0.4612739086151123
Edge-IIoTset,SNN_AE,1,3,decoder,attack,2,0.5681672692298889
Edge-IIoTset,SNN_AE,1,3,decoder,attack,3,0.5710643529891968
Edge-IIoTset,SNN_Dense,1,3,encoder,normal,1,0.25665879249572754
Edge-IIoTset,SNN_Dense,1,3,encoder,normal,2,0.47604086995124817
Edge-IIoTset,SNN_Dense,1,3,encoder,normal,3,0.450093150138855
Edge-IIoTset,SNN_Dense,1,3,encoder,attack,1,0.43584927916526794
Edge-IIoTset,SNN_Dense,1,3,encoder,attack,2,0.4867977797985077
Edge-IIoTset,SNN_Dense,1,3,encoder,attack,3,0.47529226541519165
Edge-IIoTset,Dense_SNN,1,3,decoder,normal,1,0.43413084745407104
Edge-IIoTset,Dense_SNN,1,3,decoder,normal,2,0.6384432911872864
Edge-IIoTset,Dense_SNN,1,3,decoder,normal,3,0.6249168515205383
Edge-IIoTset,Dense_SNN,1,3,decoder,attack,1,0.5082978010177612
Edge-IIoTset,Dense_SNN,1,3,decoder,attack,2,0.5399834513664246
Edge-IIoTset,Dense_SNN,1,3,decoder,attack,3,0.5427371263504028
Edge-IIoTset,SNN_AE_T2,1,3,encoder,normal,1,0.4751574695110321
Edge-IIoTset,SNN_AE_T2,1,3,encoder,normal,2,0.5242012143135071
Edge-IIoTset,SNN_AE_T2,1,3,encoder,attack,1,0.41571691632270813
Edge-IIoTset,SNN_AE_T2,1,3,encoder,attack,2,0.42952388525009155
Edge-IIoTset,SNN_AE_T2,1,3,decoder,normal,1,0.492668479681015
Edge-IIoTset,SNN_AE_T2,1,3,decoder,normal,2,0.5708720088005066
Edge-IIoTset,SNN_AE_T2,1,3,decoder,attack,1,0.44902390241622925
Edge-IIoTset,SNN_AE_T2,1,3,decoder,attack,2,0.5533161759376526
Edge-IIoTset,SNN_AE_T5,1,3,encoder,normal,1,0.33459436893463135
Edge-IIoTset,SNN_AE_T5,1,3,encoder,normal,2,0.4845903217792511
Edge-IIoTset,SNN_AE_T5,1,3,encoder,normal,3,0.47887590527534485
Edge-IIoTset,SNN_AE_T5,1,3,encoder,normal,4,0.4779832363128662
Edge-IIoTset,SNN_AE_T5,1,3,encoder,normal,5,0.4662605822086334
Edge-IIoTset,SNN_AE_T5,1,3,encoder,attack,1,0.30177390575408936
Edge-IIoTset,SNN_AE_T5,1,3,encoder,attack,2,0.34007352590560913
Edge-IIoTset,SNN_AE_T5,1,3,encoder,attack,3,0.339376837015152
Edge-IIoTset,SNN_AE_T5,1,3,encoder,attack,4,0.3381856679916382
Edge-IIoTset,SNN_AE_T5,1,3,encoder,attack,5,0.33562684059143066
Edge-IIoTset,SNN_AE_T5,1,3,decoder,normal,1,0.3949671685695648
Edge-IIoTset,SNN_AE_T5,1,3,decoder,normal,2,0.5383338928222656
Edge-IIoTset,SNN_AE_T5,1,3,decoder,normal,3,0.5570738911628723
Edge-IIoTset,SNN_AE_T5,1,3,decoder,normal,4,0.5617625713348389
Edge-IIoTset,SNN_AE_T5,1,3,decoder,normal,5,0.560836672782898
Edge-IIoTset,SNN_AE_T5,1,3,decoder,attack,1,0.3219521939754486
Edge-IIoTset,SNN_AE_T5,1,3,decoder,attack,2,0.47886765003204346
Edge-IIoTset,SNN_AE_T5,1,3,decoder,attack,3,0.4392279386520386
Edge-IIoTset,SNN_AE_T5,1,3,decoder,attack,4,0.4934908151626587
Edge-IIoTset,SNN_AE_T5,1,3,decoder,attack,5,0.434678316116333
Edge-IIoTset,SNN_AE_T7,1,3,encoder,normal,1,0.34195730090141296
Edge-IIoTset,SNN_AE_T7,1,3,encoder,normal,2,0.5232864022254944
Edge-IIoTset,SNN_AE_T7,1,3,encoder,normal,3,0.5114362239837646
Edge-IIoTset,SNN_AE_T7,1,3,encoder,normal,4,0.5166497826576233
Edge-IIoTset,SNN_AE_T7,1,3,encoder,normal,5,0.49989280104637146
Edge-IIoTset,SNN_AE_T7,1,3,encoder,normal,6,0.527355968952179
Edge-IIoTset,SNN_AE_T7,1,3,encoder,normal,7,0.4850541949272156
Edge-IIoTset,SNN_AE_T7,1,3,encoder,attack,1,0.41176101565361023
Edge-IIoTset,SNN_AE_T7,1,3,encoder,attack,2,0.45327940583229065
Edge-IIoTset,SNN_AE_T7,1,3,encoder,attack,3,0.44794851541519165
Edge-IIoTset,SNN_AE_T7,1,3,encoder,attack,4,0.45659559965133667
Edge-IIoTset,SNN_AE_T7,1,3,encoder,attack,5,0.4485569894313812
Edge-IIoTset,SNN_AE_T7,1,3,encoder,attack,6,0.45490625500679016
Edge-IIoTset,SNN_AE_T7,1,3,encoder,attack,7,0.44606250524520874
Edge-IIoTset,SNN_AE_T7,1,3,decoder,normal,1,0.3228236436843872
Edge-IIoTset,SNN_AE_T7,1,3,decoder,normal,2,0.5218541026115417
Edge-IIoTset,SNN_AE_T7,1,3,decoder,normal,3,0.5321001410484314
Edge-IIoTset,SNN_AE_T7,1,3,decoder,normal,4,0.5371972918510437
Edge-IIoTset,SNN_AE_T7,1,3,decoder,normal,5,0.537783145904541
Edge-IIoTset,SNN_AE_T7,1,3,decoder,normal,6,0.5452089309692383
Edge-IIoTset,SNN_AE_T7,1,3,decoder,normal,7,0.5360163450241089
Edge-IIoTset,SNN_AE_T7,1,3,decoder,attack,1,0.34026655554771423
Edge-IIoTset,SNN_AE_T7,1,3,decoder,attack,2,0.5400018095970154
Edge-IIoTset,SNN_AE_T7,1,3,decoder,attack,3,0.5397904515266418
Edge-IIoTset,SNN_AE_T7,1,3,decoder,attack,4,0.5509191155433655
Edge-IIoTset,SNN_AE_T7,1,3,decoder,attack,5,0.5232316255569458
Edge-IIoTset,SNN_AE_T7,1,3,decoder,attack,6,0.5457941293716431
Edge-IIoTset,SNN_AE_T7,1,3,decoder,attack,7,0.5269448757171631
Edge-IIoTset,SNN_AE_noBN,1,3,encoder,normal,1,0.4796724319458008
Edge-IIoTset,SNN_AE_noBN,1,3,encoder,normal,2,0.5963447690010071
Edge-IIoTset,SNN_AE_noBN,1,3,encoder,normal,3,0.584786593914032
Edge-IIoTset,SNN_AE_noBN,1,3,encoder,attack,1,0.475970596075058
Edge-IIoTset,SNN_AE_noBN,1,3,encoder,attack,2,0.5171654224395752
Edge-IIoTset,SNN_AE_noBN,1,3,encoder,attack,3,0.5141783356666565
Edge-IIoTset,SNN_AE_noBN,1,3,decoder,normal,1,0.504659116268158
Edge-IIoTset,SNN_AE_noBN,1,3,decoder,normal,2,0.6171972155570984
Edge-IIoTset,SNN_AE_noBN,1,3,decoder,normal,3,0.63376384973526
Edge-IIoTset,SNN_AE_noBN,1,3,decoder,attack,1,0.5151544213294983
Edge-IIoTset,SNN_AE_noBN,1,3,decoder,attack,2,0.6177647113800049
Edge-IIoTset,SNN_AE_noBN,1,3,decoder,attack,3,0.6249669194221497
Edge-IIoTset,SNN_AE,1,4,encoder,normal,1,0.3740372061729431
Edge-IIoTset,SNN_AE,1,4,encoder,normal,2,0.4791710078716278
Edge-IIoTset,SNN_AE,1,4,encoder,normal,3,0.47235676646232605
Edge-IIoTset,SNN_AE,1,4,encoder,attack,1,0.44020405411720276
Edge-IIoTset,SNN_AE,1,4,encoder,attack,2,0.4598621428012848
Edge-IIoTset,SNN_AE,1,4,encoder,attack,3,0.4606249928474426
Edge-IIoTset,SNN_AE,1,4,decoder,normal,1,0.41902390122413635
Edge-IIoTset,SNN_AE,1,4,decoder,normal,2,0.5390326380729675
Edge-IIoTset,SNN_AE,1,4,decoder,normal,3,0.5496421456336975
Edge-IIoTset,SNN_AE,1,4,decoder,attack,1,0.401474267244339
Edge-IIoTset,SNN_AE,1,4,decoder,attack,2,0.48740625381469727
Edge-IIoTset,SNN_AE,1,4,decoder,attack,3,0.5126562714576721
Edge-IIoTset,SNN_Dense,1,4,encoder,normal,1,0.2502015233039856
Edge-IIoTset,SNN_Dense,1,4,encoder,normal,2,0.4650518000125885
Edge-IIoTset,SNN_Dense,1,4,encoder,normal,3,0.44978317618370056
Edge-IIoTset,SNN_Dense,1,4,encoder,attack,1,0.3942407965660095
Edge-IIoTset,SNN_Dense,1,4,encoder,attack,2,0.45952022075653076
Edge-IIoTset,SNN_Dense,1,4,encoder,attack,3,0.45042094588279724
Edge-IIoTset,Dense_SNN,1,4,decoder,normal,1,0.47551199793815613
Edge-IIoTset,Dense_SNN,1,4,decoder,normal,2,0.641875147819519
Edge-IIoTset,Dense_SNN,1,4,decoder,normal,3,0.6255616545677185
Edge-IIoTset,Dense_SNN,1,4,decoder,attack,1,0.5210110545158386
Edge-IIoTset,Dense_SNN,1,4,decoder,attack,2,0.5458235144615173
Edge-IIoTset,Dense_SNN,1,4,decoder,attack,3,0.544428288936615
Edge-IIoTset,SNN_AE_T2,1,4,encoder,normal,1,0.45990192890167236
Edge-IIoTset,SNN_AE_T2,1,4,encoder,normal,2,0.5208289623260498
Edge-IIoTset,SNN_AE_T2,1,4,encoder,attack,1,0.46130698919296265
Edge-IIoTset,SNN_AE_T2,1,4,encoder,attack,2,0.4885863959789276
Edge-IIoTset,SNN_AE_T2,1,4,decoder,normal,1,0.4461820125579834
Edge-IIoTset,SNN_AE_T2,1,4,decoder,normal,2,0.533030092716217
Edge-IIoTset,SNN_AE_T2,1,4,decoder,attack,1,0.42489704489707947
Edge-IIoTset,SNN_AE_T2,1,4,decoder,attack,2,0.5112757086753845
Edge-IIoTset,SNN_AE_T5,1,4,encoder,normal,1,0.35276785492897034
Edge-IIoTset,SNN_AE_T5,1,4,encoder,normal,2,0.5065268874168396
Edge-IIoTset,SNN_AE_T5,1,4,encoder,normal,3,0.49573269486427307
Edge-IIoTset,SNN_AE_T5,1,4,encoder,normal,4,0.49922192096710205
Edge-IIoTset,SNN_AE_T5,1,4,encoder,normal,5,0.4860113859176636
Edge-IIoTset,SNN_AE_T5,1,4,encoder,attack,1,0.40256616473197937
Edge-IIoTset,SNN_AE_T5,1,4,encoder,attack,2,0.4702408015727997
Edge-IIoTset,SNN_AE_T5,1,4,encoder,attack,3,0.46229779720306396
Edge-IIoTset,SNN_AE_T5,1,4,encoder,attack,4,0.4658786654472351
Edge-IIoTset,SNN_AE_T5,1,4,encoder,attack,5,0.4601525664329529
Edge-IIoTset,SNN_AE_T5,1,4,decoder,normal,1,0.3985587954521179
Edge-IIoTset,SNN_AE_T5,1,4,decoder,normal,2,0.5644405484199524
Edge-IIoTset,SNN_AE_T5,1,4,decoder,normal,3,0.5708386898040771
Edge-IIoTset,SNN_AE_T5,1,4,decoder,normal,4,0.575387716293335
Edge-IIoTset,SNN_AE_T5,1,4,decoder,normal,5,0.5742682218551636
Edge-IIoTset,SNN_AE_T5,1,4,decoder,attack,1,0.4063437581062317
Edge-IIoTset,SNN_AE_T5,1,4,decoder,attack,2,0.5399669408798218
Edge-IIoTset,SNN_AE_T5,1,4,decoder,attack,3,0.5413198471069336
Edge-IIoTset,SNN_AE_T5,1,4,decoder,attack,4,0.5496066212654114
Edge-IIoTset,SNN_AE_T5,1,4,decoder,attack,5,0.5466268658638
Edge-IIoTset,SNN_AE_T7,1,4,encoder,normal,1,0.31933289766311646
Edge-IIoTset,SNN_AE_T7,1,4,encoder,normal,2,0.5315299034118652
Edge-IIoTset,SNN_AE_T7,1,4,encoder,normal,3,0.5050248503684998
Edge-IIoTset,SNN_AE_T7,1,4,encoder,normal,4,0.5104695558547974
Edge-IIoTset,SNN_AE_T7,1,4,encoder,normal,5,0.4919038712978363
Edge-IIoTset,SNN_AE_T7,1,4,encoder,normal,6,0.5222750306129456
Edge-IIoTset,SNN_AE_T7,1,4,encoder,normal,7,0.47754770517349243
Edge-IIoTset,SNN_AE_T7,1,4,encoder,attack,1,0.416294127702713
Edge-IIoTset,SNN_AE_T7,1,4,encoder,attack,2,0.46918198466300964
Edge-IIoTset,SNN_AE_T7,1,4,encoder,attack,3,0.4681452214717865
Edge-IIoTset,SNN_AE_T7,1,4,encoder,attack,4,0.46634191274642944
Edge-IIoTset,SNN_AE_T7,1,4,encoder,attack,5,0.46276286244392395
Edge-IIoTset,SNN_AE_T7,1,4,encoder,attack,6,0.4722500145435333
Edge-IIoTset,SNN_AE_T7,1,4,encoder,attack,7,0.4605882465839386
Edge-IIoTset,SNN_AE_T7,1,4,decoder,normal,1,0.37210413813591003
Edge-IIoTset,SNN_AE_T7,1,4,decoder,normal,2,0.5829222202301025
Edge-IIoTset,SNN_AE_T7,1,4,decoder,normal,3,0.600304901599884
Edge-IIoTset,SNN_AE_T7,1,4,decoder,normal,4,0.6048875451087952
Edge-IIoTset,SNN_AE_T7,1,4,decoder,normal,5,0.6011501550674438
Edge-IIoTset,SNN_AE_T7,1,4,decoder,normal,6,0.6085577607154846
Edge-IIoTset,SNN_AE_T7,1,4,decoder,normal,7,0.5998216271400452
Edge-IIoTset,SNN_AE_T7,1,4,decoder,attack,1,0.40096691250801086
Edge-IIoTset,SNN_AE_T7,1,4,decoder,attack,2,0.5594338178634644
Edge-IIoTset,SNN_AE_T7,1,4,decoder,attack,3,0.5611176490783691
Edge-IIoTset,SNN_AE_T7,1,4,decoder,attack,4,0.5475128889083862
Edge-IIoTset,SNN_AE_T7,1,4,decoder,attack,5,0.5547168850898743
Edge-IIoTset,SNN_AE_T7,1,4,decoder,attack,6,0.5522646903991699
Edge-IIoTset,SNN_AE_T7,1,4,decoder,attack,7,0.5490073561668396
Edge-IIoTset,SNN_AE_noBN,1,4,encoder,normal,1,0.47459396719932556
Edge-IIoTset,SNN_AE_noBN,1,4,encoder,normal,2,0.5950579643249512
Edge-IIoTset,SNN_AE_noBN,1,4,encoder,normal,3,0.5839577913284302
Edge-IIoTset,SNN_AE_noBN,1,4,encoder,attack,1,0.4848455786705017
Edge-IIoTset,SNN_AE_noBN,1,4,encoder,attack,2,0.5132977962493896
Edge-IIoTset,SNN_AE_noBN,1,4,encoder,attack,3,0.5147481560707092
Edge-IIoTset,SNN_AE_noBN,1,4,decoder,normal,1,0.4869070053100586
Edge-IIoTset,SNN_AE_noBN,1,4,decoder,normal,2,0.5957390666007996
Edge-IIoTset,SNN_AE_noBN,1,4,decoder,normal,3,0.6001201868057251
Edge-IIoTset,SNN_AE_noBN,1,4,decoder,attack,1,0.48809006810188293
Edge-IIoTset,SNN_AE_noBN,1,4,decoder,attack,2,0.5658639669418335
Edge-IIoTset,SNN_AE_noBN,1,4,decoder,attack,3,0.5616636276245117
Edge-IIoTset,SNN_AE,1,5,encoder,normal,1,0.40028539299964905
Edge-IIoTset,SNN_AE,1,5,encoder,normal,2,0.4824436604976654
Edge-IIoTset,SNN_AE,1,5,encoder,normal,3,0.4765836000442505
Edge-IIoTset,SNN_AE,1,5,encoder,attack,1,0.4678327143192291
Edge-IIoTset,SNN_AE,1,5,encoder,attack,2,0.49646690487861633
Edge-IIoTset,SNN_AE,1,5,encoder,attack,3,0.49444854259490967
Edge-IIoTset,SNN_AE,1,5,decoder,normal,1,0.4388040602207184
Edge-IIoTset,SNN_AE,1,5,decoder,normal,2,0.534571647644043
Edge-IIoTset,SNN_AE,1,5,decoder,normal,3,0.547164797782898
Edge-IIoTset,SNN_AE,1,5,decoder,attack,1,0.4355514645576477
Edge-IIoTset,SNN_AE,1,5,decoder,attack,2,0.5560790300369263
Edge-IIoTset,SNN_AE,1,5,decoder,attack,3,0.5435110330581665
Edge-IIoTset,SNN_Dense,1,5,encoder,normal,1,0.265177458524704
Edge-IIoTset,SNN_Dense,1,5,encoder,normal,2,0.4867153465747833
Edge-IIoTset,SNN_Dense,1,5,encoder,normal,3,0.465969443321228
Edge-IIoTset,SNN_Dense,1,5,encoder,attack,1,0.3195643424987793
Edge-IIoTset,SNN_Dense,1,5,encoder,attack,2,0.36538970470428467
Edge-IIoTset,SNN_Dense,1,5,encoder,attack,3,0.3643694818019867
Edge-IIoTset,Dense_SNN,1,5,decoder,normal,1,0.45879432559013367
Edge-IIoTset,Dense_SNN,1,5,decoder,normal,2,0.6357608437538147
Edge-IIoTset,Dense_SNN,1,5,decoder,normal,3,0.612405002117157
Edge-IIoTset,Dense_SNN,1,5,decoder,attack,1,0.5135018229484558
Edge-IIoTset,Dense_SNN,1,5,decoder,attack,2,0.551863968372345
Edge-IIoTset,Dense_SNN,1,5,decoder,attack,3,0.5508400797843933
Edge-IIoTset,SNN_AE_T2,1,5,encoder,normal,1,0.43271106481552124
Edge-IIoTset,SNN_AE_T2,1,5,encoder,normal,2,0.5011096596717834
Edge-IIoTset,SNN_AE_T2,1,5,encoder,attack,1,0.4569999873638153
Edge-IIoTset,SNN_AE_T2,1,5,encoder,attack,2,0.4713033139705658
Edge-IIoTset,SNN_AE_T2,1,5,decoder,normal,1,0.42085888981819153
Edge-IIoTset,SNN_AE_T2,1,5,decoder,normal,2,0.5172848701477051
Edge-IIoTset,SNN_AE_T2,1,5,decoder,attack,1,0.37948161363601685
Edge-IIoTset,SNN_AE_T2,1,5,decoder,attack,2,0.4694356620311737
Edge-IIoTset,SNN_AE_T5,1,5,encoder,normal,1,0.4038968086242676
Edge-IIoTset,SNN_AE_T5,1,5,encoder,normal,2,0.5019203424453735
Edge-IIoTset,SNN_AE_T5,1,5,encoder,normal,3,0.492830365896225
Edge-IIoTset,SNN_AE_T5,1,5,encoder,normal,4,0.49577781558036804
Edge-IIoTset,SNN_AE_T5,1,5,encoder,normal,5,0.4867869019508362
Edge-IIoTset,SNN_AE_T5,1,5,encoder,attack,1,0.43594852089881897
Edge-IIoTset,SNN_AE_T5,1,5,encoder,attack,2,0.46382537484169006
Edge-IIoTset,SNN_AE_T5,1,5,encoder,attack,3,0.46490809321403503
Edge-IIoTset,SNN_AE_T5,1,5,encoder,attack,4,0.46359559893608093
Edge-IIoTset,SNN_AE_T5,1,5,encoder,attack,5,0.4592849314212799
Edge-IIoTset,SNN_AE_T5,1,5,decoder,normal,1,0.4440882205963135
Edge-IIoTset,SNN_AE_T5,1,5,decoder,normal,2,0.5711240768432617
Edge-IIoTset,SNN_AE_T5,1,5,decoder,normal,3,0.5762963891029358
Edge-IIoTset,SNN_AE_T5,1,5,decoder,normal,4,0.5777893662452698
Edge-IIoTset,SNN_AE_T5,1,5,decoder,normal,5,0.5761643052101135
Edge-IIoTset,SNN_AE_T5,1,5,decoder,attack,1,0.45906248688697815
Edge-IIoTset,SNN_AE_T5,1,5,decoder,attack,2,0.5844411849975586
Edge-IIoTset,SNN_AE_T5,1,5,decoder,attack,3,0.5801194906234741
Edge-IIoTset,SNN_AE_T5,1,5,decoder,attack,4,0.5877555012702942
Edge-IIoTset,SNN_AE_T5,1,5,decoder,attack,5,0.5714411735534668
Edge-IIoTset,SNN_AE_T7,1,5,encoder,normal,1,0.3233599066734314
Edge-IIoTset,SNN_AE_T7,1,5,encoder,normal,2,0.5015608668327332
Edge-IIoTset,SNN_AE_T7,1,5,encoder,normal,3,0.479301780462265
Edge-IIoTset,SNN_AE_T7,1,5,encoder,normal,4,0.4872032403945923
Edge-IIoTset,SNN_AE_T7,1,5,encoder,normal,5,0.4714846909046173
Edge-IIoTset,SNN_AE_T7,1,5,encoder,normal,6,0.49826306104660034
Edge-IIoTset,SNN_AE_T7,1,5,encoder,normal,7,0.45863473415374756
Edge-IIoTset,SNN_AE_T7,1,5,encoder,attack,1,0.3940073549747467
Edge-IIoTset,SNN_AE_T7,1,5,encoder,attack,2,0.4388658106327057
Edge-IIoTset,SNN_AE_T7,1,5,encoder,attack,3,0.44234007596969604
Edge-IIoTset,SNN_AE_T7,1,5,encoder,attack,4,0.43886029720306396
Edge-IIoTset,SNN_AE_T7,1,5,encoder,attack,5,0.43683087825775146
Edge-IIoTset,SNN_AE_T7,1,5,encoder,attack,6,0.44423896074295044
Edge-IIoTset,SNN_AE_T7,1,5,encoder,attack,7,0.4318878650665283
Edge-IIoTset,SNN_AE_T7,1,5,decoder,normal,1,0.34734123945236206
Edge-IIoTset,SNN_AE_T7,1,5,decoder,normal,2,0.5504589080810547
Edge-IIoTset,SNN_AE_T7,1,5,decoder,normal,3,0.5590609908103943
Edge-IIoTset,SNN_AE_T7,1,5,decoder,normal,4,0.5681142807006836
Edge-IIoTset,SNN_AE_T7,1,5,decoder,normal,5,0.5630428791046143
Edge-IIoTset,SNN_AE_T7,1,5,decoder,normal,6,0.5725602507591248
Edge-IIoTset,SNN_AE_T7,1,5,decoder,normal,7,0.561751663684845
Edge-IIoTset,SNN_AE_T7,1,5,decoder,attack,1,0.3459761142730713
Edge-IIoTset,SNN_AE_T7,1,5,decoder,attack,2,0.5166029334068298
Edge-IIoTset,SNN_AE_T7,1,5,decoder,attack,3,0.5277610421180725
Edge-IIoTset,SNN_AE_T7,1,5,decoder,attack,4,0.517084538936615
Edge-IIoTset,SNN_AE_T7,1,5,decoder,attack,5,0.5204099416732788
Edge-IIoTset,SNN_AE_T7,1,5,decoder,attack,6,0.54190993309021
Edge-IIoTset,SNN_AE_T7,1,5,decoder,attack,7,0.5076507329940796
Edge-IIoTset,SNN_AE_noBN,1,5,encoder,normal,1,0.4637483060359955
Edge-IIoTset,SNN_AE_noBN,1,5,encoder,normal,2,0.5626540780067444
Edge-IIoTset,SNN_AE_noBN,1,5,encoder,normal,3,0.5577037334442139
Edge-IIoTset,SNN_AE_noBN,1,5,encoder,attack,1,0.5092334747314453
Edge-IIoTset,SNN_AE_noBN,1,5,encoder,attack,2,0.5364668965339661
Edge-IIoTset,SNN_AE_noBN,1,5,encoder,attack,3,0.5321617722511292
Edge-IIoTset,SNN_AE_noBN,1,5,decoder,normal,1,0.42907947301864624
Edge-IIoTset,SNN_AE_noBN,1,5,decoder,normal,2,0.5573442578315735
Edge-IIoTset,SNN_AE_noBN,1,5,decoder,normal,3,0.575096845626831
Edge-IIoTset,SNN_AE_noBN,1,5,decoder,attack,1,0.45878493785858154
Edge-IIoTset,SNN_AE_noBN,1,5,decoder,attack,2,0.5483915209770203
Edge-IIoTset,SNN_AE_noBN,1,5,decoder,attack,3,0.5490661859512329
Edge-IIoTset,SNN_AE,1,6,encoder,normal,1,0.4301179349422455
Edge-IIoTset,SNN_AE,1,6,encoder,normal,2,0.5308412313461304
Edge-IIoTset,SNN_AE,1,6,encoder,normal,3,0.5206738710403442
Edge-IIoTset,SNN_AE,1,6,encoder,attack,1,0.5268713235855103
Edge-IIoTset,SNN_AE,1,6,encoder,attack,2,0.5656654238700867
Edge-IIoTset,SNN_AE,1,6,encoder,attack,3,0.5613419413566589
Edge-IIoTset,SNN_AE,1,6,decoder,normal,1,0.3854658603668213
Edge-IIoTset,SNN_AE,1,6,decoder,normal,2,0.5062490105628967
Edge-IIoTset,SNN_AE,1,6,decoder,normal,3,0.5162687301635742
Edge-IIoTset,SNN_AE,1,6,decoder,attack,1,0.4103584587574005
Edge-IIoTset,SNN_AE,1,6,decoder,attack,2,0.5034099221229553
Edge-IIoTset,SNN_AE,1,6,decoder,attack,3,0.5052444934844971
Edge-IIoTset,SNN_Dense,1,6,encoder,normal,1,0.26217737793922424
Edge-IIoTset,SNN_Dense,1,6,encoder,normal,2,0.48229455947875977
Edge-IIoTset,SNN_Dense,1,6,encoder,normal,3,0.4608811140060425
Edge-IIoTset,SNN_Dense,1,6,encoder,attack,1,0.5402352809906006
Edge-IIoTset,SNN_Dense,1,6,encoder,attack,2,0.5965514779090881
Edge-IIoTset,SNN_Dense,1,6,encoder,attack,3,0.5939724445343018
Edge-IIoTset,Dense_SNN,1,6,decoder,normal,1,0.45752930641174316
Edge-IIoTset,Dense_SNN,1,6,decoder,normal,2,0.5967150330543518
Edge-IIoTset,Dense_SNN,1,6,decoder,normal,3,0.5831755995750427
Edge-IIoTset,Dense_SNN,1,6,decoder,attack,1,0.5477959513664246
Edge-IIoTset,Dense_SNN,1,6,decoder,attack,2,0.5817003846168518
Edge-IIoTset,Dense_SNN,1,6,decoder,attack,3,0.5837371349334717
Edge-IIoTset,SNN_AE_T2,1,6,encoder,normal,1,0.46494871377944946
Edge-IIoTset,SNN_AE_T2,1,6,encoder,normal,2,0.5270195603370667
Edge-IIoTset,SNN_AE_T2,1,6,encoder,attack,1,0.6548125147819519
Edge-IIoTset,SNN_AE_T2,1,6,encoder,attack,2,0.677643358707428
Edge-IIoTset,SNN_AE_T2,1,6,decoder,normal,1,0.43815475702285767
Edge-IIoTset,SNN_AE_T2,1,6,decoder,normal,2,0.5164129137992859
Edge-IIoTset,SNN_AE_T2,1,6,decoder,attack,1,0.48727941513061523
Edge-IIoTset,SNN_AE_T2,1,6,decoder,attack,2,0.5288897156715393
Edge-IIoTset,SNN_AE_T5,1,6,encoder,normal,1,0.37374985218048096
Edge-IIoTset,SNN_AE_T5,1,6,encoder,normal,2,0.5075686573982239
Edge-IIoTset,SNN_AE_T5,1,6,encoder,normal,3,0.49819010496139526
Edge-IIoTset,SNN_AE_T5,1,6,encoder,normal,4,0.49921464920043945
Edge-IIoTset,SNN_AE_T5,1,6,encoder,normal,5,0.4886029064655304
Edge-IIoTset,SNN_AE_T5,1,6,encoder,attack,1,0.6010827422142029
Edge-IIoTset,SNN_AE_T5,1,6,encoder,attack,2,0.6405147314071655
Edge-IIoTset,SNN_AE_T5,1,6,encoder,attack,3,0.6366636157035828
Edge-IIoTset,SNN_AE_T5,1,6,encoder,attack,4,0.639972448348999
Edge-IIoTset,SNN_AE_T5,1,6,encoder,attack,5,0.6360992789268494
Edge-IIoTset,SNN_AE_T5,1,6,decoder,normal,1,0.38058575987815857
Edge-IIoTset,SNN_AE_T5,1,6,decoder,normal,2,0.5356178283691406
Edge-IIoTset,SNN_AE_T5,1,6,decoder,normal,3,0.5435070991516113
Edge-IIoTset,SNN_AE_T5,1,6,decoder,normal,4,0.550297200679779
Edge-IIoTset,SNN_AE_T5,1,6,decoder,normal,5,0.5469385981559753
Edge-IIoTset,SNN_AE_T5,1,6,decoder,attack,1,0.4513014853000641
Edge-IIoTset,SNN_AE_T5,1,6,decoder,attack,2,0.5915055274963379
Edge-IIoTset,SNN_AE_T5,1,6,decoder,attack,3,0.5710018277168274
Edge-IIoTset,SNN_AE_T5,1,6,decoder,attack,4,0.5807021856307983
Edge-IIoTset,SNN_AE_T5,1,6,decoder,attack,5,0.5857794284820557
Edge-IIoTset,SNN_AE_T7,1,6,encoder,normal,1,0.31975656747817993
Edge-IIoTset,SNN_AE_T7,1,6,encoder,normal,2,0.5184212923049927
Edge-IIoTset,SNN_AE_T7,1,6,encoder,normal,3,0.5038419961929321
Edge-IIoTset,SNN_AE_T7,1,6,encoder,normal,4,0.5045340657234192
Edge-IIoTset,SNN_AE_T7,1,6,encoder,normal,5,0.492200642824173
Edge-IIoTset,SNN_AE_T7,1,6,encoder,normal,6,0.5183822512626648
Edge-IIoTset,SNN_AE_T7,1,6,encoder,normal,7,0.47604894638061523
Edge-IIoTset,SNN_AE_T7,1,6,encoder,attack,1,0.6245386004447937
Edge-IIoTset,SNN_AE_T7,1,6,encoder,attack,2,0.668369472026825
Edge-IIoTset,SNN_AE_T7,1,6,encoder,attack,3,0.6616966724395752
Edge-IIoTset,SNN_AE_T7,1,6,encoder,attack,4,0.6653676629066467
Edge-IIoTset,SNN_AE_T7,1,6,encoder,attack,5,0.661766529083252
Edge-IIoTset,SNN_AE_T7,1,6,encoder,attack,6,0.6684522032737732
Edge-IIoTset,SNN_AE_T7,1,6,encoder,attack,7,0.6577867865562439
Edge-IIoTset,SNN_AE_T7,1,6,decoder,normal,1,0.345816045999527
Edge-IIoTset,SNN_AE_T7,1,6,decoder,normal,2,0.533677339553833
Edge-IIoTset,SNN_AE_T7,1,6,decoder,normal,3,0.5464178323745728
Edge-IIoTset,SNN_AE_T7,1,6,decoder,normal,4,0.5560339093208313
Edge-IIoTset,SNN_AE_T7,1,6,decoder,normal,5,0.5563765168190002
Edge-IIoTset,SNN_AE_T7,1,6,decoder,normal,6,0.5657975077629089
Edge-IIoTset,SNN_AE_T7,1,6,decoder,normal,7,0.5525074005126953
Edge-IIoTset,SNN_AE_T7,1,6,decoder,attack,1,0.45407170057296753
Edge-IIoTset,SNN_AE_T7,1,6,decoder,attack,2,0.6170184016227722
Edge-IIoTset,SNN_AE_T7,1,6,decoder,attack,3,0.6041470766067505
Edge-IIoTset,SNN_AE_T7,1,6,decoder,attack,4,0.600075364112854
Edge-IIoTset,SNN_AE_T7,1,6,decoder,attack,5,0.5913437604904175
Edge-IIoTset,SNN_AE_T7,1,6,decoder,attack,6,0.6199393272399902
Edge-IIoTset,SNN_AE_T7,1,6,decoder,attack,7,0.5943639874458313
Edge-IIoTset,SNN_AE_noBN,1,6,encoder,normal,1,0.47684958577156067
Edge-IIoTset,SNN_AE_noBN,1,6,encoder,normal,2,0.5806413888931274
Edge-IIoTset,SNN_AE_noBN,1,6,encoder,normal,3,0.5744059681892395
Edge-IIoTset,SNN_AE_noBN,1,6,encoder,attack,1,0.5123106837272644
Edge-IIoTset,SNN_AE_noBN,1,6,encoder,attack,2,0.538101077079773
Edge-IIoTset,SNN_AE_noBN,1,6,encoder,attack,3,0.5365588068962097
Edge-IIoTset,SNN_AE_noBN,1,6,decoder,normal,1,0.4156098961830139
Edge-IIoTset,SNN_AE_noBN,1,6,decoder,normal,2,0.5262528657913208
Edge-IIoTset,SNN_AE_noBN,1,6,decoder,normal,3,0.5331040024757385
Edge-IIoTset,SNN_AE_noBN,1,6,decoder,attack,1,0.4211580753326416
Edge-IIoTset,SNN_AE_noBN,1,6,decoder,attack,2,0.4924889802932739
Edge-IIoTset,SNN_AE_noBN,1,6,decoder,attack,3,0.5004246234893799
Edge-IIoTset,SNN_AE,1,7,encoder,normal,1,0.3497086763381958
Edge-IIoTset,SNN_AE,1,7,encoder,normal,2,0.4602288007736206
Edge-IIoTset,SNN_AE,1,7,encoder,normal,3,0.4537982642650604
Edge-IIoTset,SNN_AE,1,7,encoder,attack,1,0.42293381690979004
Edge-IIoTset,SNN_AE,1,7,encoder,attack,2,0.4549981653690338
Edge-IIoTset,SNN_AE,1,7,encoder,attack,3,0.4547904431819916
Edge-IIoTset,SNN_AE,1,7,decoder,normal,1,0.4255210757255554
Edge-IIoTset,SNN_AE,1,7,decoder,normal,2,0.5441166758537292
Edge-IIoTset,SNN_AE,1,7,decoder,normal,3,0.5546128749847412
Edge-IIoTset,SNN_AE,1,7,decoder,attack,1,0.44334742426872253
Edge-IIoTset,SNN_AE,1,7,decoder,attack,2,0.5619375109672546
Edge-IIoTset,SNN_AE,1,7,decoder,attack,3,0.5297058820724487
Edge-IIoTset,SNN_Dense,1,7,encoder,normal,1,0.25430816411972046
Edge-IIoTset,SNN_Dense,1,7,encoder,normal,2,0.46673765778541565
Edge-IIoTset,SNN_Dense,1,7,encoder,normal,3,0.44126731157302856
Edge-IIoTset,SNN_Dense,1,7,encoder,attack,1,0.29357168078422546
Edge-IIoTset,SNN_Dense,1,7,encoder,attack,2,0.3396948575973511
Edge-IIoTset,SNN_Dense,1,7,encoder,attack,3,0.33318567276000977
Edge-IIoTset,Dense_SNN,1,7,decoder,normal,1,0.4973815381526947
Edge-IIoTset,Dense_SNN,1,7,decoder,normal,2,0.6084760427474976
Edge-IIoTset,Dense_SNN,1,7,decoder,normal,3,0.600167453289032
Edge-IIoTset,Dense_SNN,1,7,decoder,attack,1,0.5565073490142822
Edge-IIoTset,Dense_SNN,1,7,decoder,attack,2,0.5982205867767334
Edge-IIoTset,Dense_SNN,1,7,decoder,attack,3,0.5961194634437561
Edge-IIoTset,SNN_AE_T2,1,7,encoder,normal,1,0.44985565543174744
Edge-IIoTset,SNN_AE_T2,1,7,encoder,normal,2,0.5153937339782715
Edge-IIoTset,SNN_AE_T2,1,7,encoder,attack,1,0.44234007596969604
Edge-IIoTset,SNN_AE_T2,1,7,encoder,attack,2,0.4614558815956116
Edge-IIoTset,SNN_AE_T2,1,7,decoder,normal,1,0.4728865921497345
Edge-IIoTset,SNN_AE_T2,1,7,decoder,normal,2,0.5548031330108643
Edge-IIoTset,SNN_AE_T2,1,7,decoder,attack,1,0.4619540572166443
Edge-IIoTset,SNN_AE_T2,1,7,decoder,attack,2,0.5529117584228516
Edge-IIoTset,SNN_AE_T5,1,7,encoder,normal,1,0.3600389361381531
Edge-IIoTset,SNN_AE_T5,1,7,encoder,normal,2,0.5174620151519775
Edge-IIoTset,SNN_AE_T5,1,7,encoder,normal,3,0.5087785720825195
Edge-IIoTset,SNN_AE_T5,1,7,encoder,normal,4,0.5117420554161072
Edge-IIoTset,SNN_AE_T5,1,7,encoder,normal,5,0.49540090560913086
Edge-IIoTset,SNN_AE_T5,1,7,encoder,attack,1,0.39743566513061523
Edge-IIoTset,SNN_AE_T5,1,7,encoder,attack,2,0.4275735318660736
Edge-IIoTset,SNN_AE_T5,1,7,encoder,attack,3,0.4289834499359131
Edge-IIoTset,SNN_AE_T5,1,7,encoder,attack,4,0.426990807056427
Edge-IIoTset,SNN_AE_T5,1,7,encoder,attack,5,0.4244228005409241
Edge-IIoTset,SNN_AE_T5,1,7,decoder,normal,1,0.3876633644104004
Edge-IIoTset,SNN_AE_T5,1,7,decoder,normal,2,0.5500454902648926
Edge-IIoTset,SNN_AE_T5,1,7,decoder,normal,3,0.5557636022567749
Edge-IIoTset,SNN_AE_T5,1,7,decoder,normal,4,0.5715638995170593
Edge-IIoTset,SNN_AE_T5,1,7,decoder,normal,5,0.5621829628944397
Edge-IIoTset,SNN_AE_T5,1,7,decoder,attack,1,0.3735661804676056
Edge-IIoTset,SNN_AE_T5,1,7,decoder,attack,2,0.5248271822929382
Edge-IIoTset,SNN_AE_T5,1,7,decoder,attack,3,0.5136323571205139
Edge-IIoTset,SNN_AE_T5,1,7,decoder,attack,4,0.5338106751441956
Edge-IIoTset,SNN_AE_T5,1,7,decoder,attack,5,0.5133143663406372
Edge-IIoTset,SNN_AE_T7,1,7,encoder,normal,1,0.3122389018535614
Edge-IIoTset,SNN_AE_T7,1,7,encoder,normal,2,0.49503350257873535
Edge-IIoTset,SNN_AE_T7,1,7,encoder,normal,3,0.47349271178245544
Edge-IIoTset,SNN_AE_T7,1,7,encoder,normal,4,0.4884425699710846
Edge-IIoTset,SNN_AE_T7,1,7,encoder,normal,5,0.4675993025302887
Edge-IIoTset,SNN_AE_T7,1,7,encoder,normal,6,0.49621590971946716
Edge-IIoTset,SNN_AE_T7,1,7,encoder,normal,7,0.45482587814331055
Edge-IIoTset,SNN_AE_T7,1,7,encoder,attack,1,0.35893934965133667
Edge-IIoTset,SNN_AE_T7,1,7,encoder,attack,2,0.4235735237598419
Edge-IIoTset,SNN_AE_T7,1,7,encoder,attack,3,0.42870405316352844
Edge-IIoTset,SNN_AE_T7,1,7,encoder,attack,4,0.4202077090740204
Edge-IIoTset,SNN_AE_T7,1,7,encoder,attack,5,0.41927942633628845
Edge-IIoTset,SNN_AE_T7,1,7,encoder,attack,6,0.43052205443382263
Edge-IIoTset,SNN_AE_T7,1,7,encoder,attack,7,0.4110790491104126
Edge-IIoTset,SNN_AE_T7,1,7,decoder,normal,1,0.3220301568508148
Edge-IIoTset,SNN_AE_T7,1,7,decoder,normal,2,0.5686563849449158
Edge-IIoTset,SNN_AE_T7,1,7,decoder,normal,3,0.5746337175369263
Edge-IIoTset,SNN_AE_T7,1,7,decoder,normal,4,0.5819613337516785
Edge-IIoTset,SNN_AE_T7,1,7,decoder,normal,5,0.5767486095428467
Edge-IIoTset,SNN_AE_T7,1,7,decoder,normal,6,0.5847942233085632
Edge-IIoTset,SNN_AE_T7,1,7,decoder,normal,7,0.5763289928436279
Edge-IIoTset,SNN_AE_T7,1,7,decoder,attack,1,0.3401966989040375
Edge-IIoTset,SNN_AE_T7,1,7,decoder,attack,2,0.5216838121414185
Edge-IIoTset,SNN_AE_T7,1,7,decoder,attack,3,0.5376304984092712
Edge-IIoTset,SNN_AE_T7,1,7,decoder,attack,4,0.5247352719306946
Edge-IIoTset,SNN_AE_T7,1,7,decoder,attack,5,0.5518345832824707
Edge-IIoTset,SNN_AE_T7,1,7,decoder,attack,6,0.5328161716461182
Edge-IIoTset,SNN_AE_T7,1,7,decoder,attack,7,0.52449631690979
Edge-IIoTset,SNN_AE_noBN,1,7,encoder,normal,1,0.39473921060562134
Edge-IIoTset,SNN_AE_noBN,1,7,encoder,normal,2,0.5059083104133606
Edge-IIoTset,SNN_AE_noBN,1,7,encoder,normal,3,0.4974430799484253
Edge-IIoTset,SNN_AE_noBN,1,7,encoder,attack,1,0.5093639492988586
Edge-IIoTset,SNN_AE_noBN,1,7,encoder,attack,2,0.5328768491744995
Edge-IIoTset,SNN_AE_noBN,1,7,encoder,attack,3,0.5328217148780823
Edge-IIoTset,SNN_AE_noBN,1,7,decoder,normal,1,0.39157241582870483
Edge-IIoTset,SNN_AE_noBN,1,7,decoder,normal,2,0.5302130579948425
Edge-IIoTset,SNN_AE_noBN,1,7,decoder,normal,3,0.5320743322372437
Edge-IIoTset,SNN_AE_noBN,1,7,decoder,attack,1,0.47533270716667175
Edge-IIoTset,SNN_AE_noBN,1,7,decoder,attack,2,0.5700643658638
Edge-IIoTset,SNN_AE_noBN,1,7,decoder,attack,3,0.5705551505088806
Edge-IIoTset,SNN_AE,1,8,encoder,normal,1,0.37983667850494385
Edge-IIoTset,SNN_AE,1,8,encoder,normal,2,0.47638943791389465
Edge-IIoTset,SNN_AE,1,8,encoder,normal,3,0.4730418026447296
Edge-IIoTset,SNN_AE,1,8,encoder,attack,1,0.3958180248737335
Edge-IIoTset,SNN_AE,1,8,encoder,attack,2,0.4261874854564667
Edge-IIoTset,SNN_AE,1,8,encoder,attack,3,0.4246525764465332
Edge-IIoTset,SNN_AE,1,8,decoder,normal,1,0.4184630215167999
Edge-IIoTset,SNN_AE,1,8,decoder,normal,2,0.5359728336334229
Edge-IIoTset,SNN_AE,1,8,decoder,normal,3,0.5511863827705383
Edge-IIoTset,SNN_AE,1,8,decoder,attack,1,0.4297279417514801
Edge-IIoTset,SNN_AE,1,8,decoder,attack,2,0.5536121129989624
Edge-IIoTset,SNN_AE,1,8,decoder,attack,3,0.5402500033378601
Edge-IIoTset,SNN_Dense,1,8,encoder,normal,1,0.2543869912624359
Edge-IIoTset,SNN_Dense,1,8,encoder,normal,2,0.4814780354499817
Edge-IIoTset,SNN_Dense,1,8,encoder,normal,3,0.46810248494148254
Edge-IIoTset,SNN_Dense,1,8,encoder,attack,1,0.39680513739585876
Edge-IIoTset,SNN_Dense,1,8,encoder,attack,2,0.4467628598213196
Edge-IIoTset,SNN_Dense,1,8,encoder,attack,3,0.4432867765426636
Edge-IIoTset,Dense_SNN,1,8,decoder,normal,1,0.4202954173088074
Edge-IIoTset,Dense_SNN,1,8,decoder,normal,2,0.6069762706756592
Edge-IIoTset,Dense_SNN,1,8,decoder,normal,3,0.5740524530410767
Edge-IIoTset,Dense_SNN,1,8,decoder,attack,1,0.5526066422462463
Edge-IIoTset,Dense_SNN,1,8,decoder,attack,2,0.5797610282897949
Edge-IIoTset,Dense_SNN,1,8,decoder,attack,3,0.5799521803855896
Edge-IIoTset,SNN_AE_T2,1,8,encoder,normal,1,0.46270227432250977
Edge-IIoTset,SNN_AE_T2,1,8,encoder,normal,2,0.5290835499763489
Edge-IIoTset,SNN_AE_T2,1,8,encoder,attack,1,0.4280385971069336
Edge-IIoTset,SNN_AE_T2,1,8,encoder,attack,2,0.4500202238559723
Edge-IIoTset,SNN_AE_T2,1,8,decoder,normal,1,0.4467815160751343
Edge-IIoTset,SNN_AE_T2,1,8,decoder,normal,2,0.5472939014434814
Edge-IIoTset,SNN_AE_T2,1,8,decoder,attack,1,0.42321324348449707
Edge-IIoTset,SNN_AE_T2,1,8,decoder,attack,2,0.5039669275283813
Edge-IIoTset,SNN_AE_T5,1,8,encoder,normal,1,0.34372201561927795
Edge-IIoTset,SNN_AE_T5,1,8,encoder,normal,2,0.4858724772930145
Edge-IIoTset,SNN_AE_T5,1,8,encoder,normal,3,0.48119625449180603
Edge-IIoTset,SNN_AE_T5,1,8,encoder,normal,4,0.4829727113246918
Edge-IIoTset,SNN_AE_T5,1,8,encoder,normal,5,0.46941056847572327
Edge-IIoTset,SNN_AE_T5,1,8,encoder,attack,1,0.36106249690055847
Edge-IIoTset,SNN_AE_T5,1,8,encoder,attack,2,0.40882351994514465
Edge-IIoTset,SNN_AE_T5,1,8,encoder,attack,3,0.4014154374599457
Edge-IIoTset,SNN_AE_T5,1,8,encoder,attack,4,0.4071231484413147
Edge-IIoTset,SNN_AE_T5,1,8,encoder,attack,5,0.39991360902786255
Edge-IIoTset,SNN_AE_T5,1,8,decoder,normal,1,0.36783453822135925
Edge-IIoTset,SNN_AE_T5,1,8,decoder,normal,2,0.5088149905204773
Edge-IIoTset,SNN_AE_T5,1,8,decoder,normal,3,0.5325244665145874
Edge-IIoTset,SNN_AE_T5,1,8,decoder,normal,4,0.5361650586128235
Edge-IIoTset,SNN_AE_T5,1,8,decoder,normal,5,0.534950315952301
Edge-IIoTset,SNN_AE_T5,1,8,decoder,attack,1,0.3319944739341736
Edge-IIoTset,SNN_AE_T5,1,8,decoder,attack,2,0.4687683880329132
Edge-IIoTset,SNN_AE_T5,1,8,decoder,attack,3,0.4765569865703583
Edge-IIoTset,SNN_AE_T5,1,8,decoder,attack,4,0.4921121299266815
Edge-IIoTset,SNN_AE_T5,1,8,decoder,attack,5,0.4750624895095825
Edge-IIoTset,SNN_AE_T7,1,8,encoder,normal,1,0.3129851520061493
Edge-IIoTset,SNN_AE_T7,1,8,encoder,normal,2,0.49799591302871704
Edge-IIoTset,SNN_AE_T7,1,8,encoder,normal,3,0.4913678467273712
Edge-IIoTset,SNN_AE_T7,1,8,encoder,normal,4,0.4947695732116699
Edge-IIoTset,SNN_AE_T7,1,8,encoder,normal,5,0.4751615822315216
Edge-IIoTset,SNN_AE_T7,1,8,encoder,normal,6,0.5037767887115479
Edge-IIoTset,SNN_AE_T7,1,8,encoder,normal,7,0.462894469499588
Edge-IIoTset,SNN_AE_T7,1,8,encoder,attack,1,0.3881966769695282
Edge-IIoTset,SNN_AE_T7,1,8,encoder,attack,2,0.4354521930217743
Edge-IIoTset,SNN_AE_T7,1,8,encoder,attack,3,0.4363878667354584
Edge-IIoTset,SNN_AE_T7,1,8,encoder,attack,4,0.43206802010536194
Edge-IIoTset,SNN_AE_T7,1,8,encoder,attack,5,0.42992278933525085
Edge-IIoTset,SNN_AE_T7,1,8,encoder,attack,6,0.4398731589317322
Edge-IIoTset,SNN_AE_T7,1,8,encoder,attack,7,0.4259797930717468
Edge-IIoTset,SNN_AE_T7,1,8,decoder,normal,1,0.33774518966674805
Edge-IIoTset,SNN_AE_T7,1,8,decoder,normal,2,0.5311100482940674
Edge-IIoTset,SNN_AE_T7,1,8,decoder,normal,3,0.5514868497848511
Edge-IIoTset,SNN_AE_T7,1,8,decoder,normal,4,0.5566313862800598
Edge-IIoTset,SNN_AE_T7,1,8,decoder,normal,5,0.5542130470275879
Edge-IIoTset,SNN_AE_T7,1,8,decoder,normal,6,0.5609903931617737
Edge-IIoTset,SNN_AE_T7,1,8,decoder,normal,7,0.55384361743927
Edge-IIoTset,SNN_AE_T7,1,8,decoder,attack,1,0.30193015933036804
Edge-IIoTset,SNN_AE_T7,1,8,decoder,attack,2,0.4838547706604004
Edge-IIoTset,SNN_AE_T7,1,8,decoder,attack,3,0.4992518424987793
Edge-IIoTset,SNN_AE_T7,1,8,decoder,attack,4,0.4705808758735657
Edge-IIoTset,SNN_AE_T7,1,8,decoder,attack,5,0.5030570030212402
Edge-IIoTset,SNN_AE_T7,1,8,decoder,attack,6,0.48688602447509766
Edge-IIoTset,SNN_AE_T7,1,8,decoder,attack,7,0.469001829624176
Edge-IIoTset,SNN_AE_noBN,1,8,encoder,normal,1,0.43363362550735474
Edge-IIoTset,SNN_AE_noBN,1,8,encoder,normal,2,0.5521734952926636
Edge-IIoTset,SNN_AE_noBN,1,8,encoder,normal,3,0.5470700263977051
Edge-IIoTset,SNN_AE_noBN,1,8,encoder,attack,1,0.4470238983631134
Edge-IIoTset,SNN_AE_noBN,1,8,encoder,attack,2,0.4780091941356659
Edge-IIoTset,SNN_AE_noBN,1,8,encoder,attack,3,0.47711214423179626
Edge-IIoTset,SNN_AE_noBN,1,8,decoder,normal,1,0.4302543103694916
Edge-IIoTset,SNN_AE_noBN,1,8,decoder,normal,2,0.5539312958717346
Edge-IIoTset,SNN_AE_noBN,1,8,decoder,normal,3,0.5633453130722046
Edge-IIoTset,SNN_AE_noBN,1,8,decoder,attack,1,0.44318199157714844
Edge-IIoTset,SNN_AE_noBN,1,8,decoder,attack,2,0.5218198299407959
Edge-IIoTset,SNN_AE_noBN,1,8,decoder,attack,3,0.5239375233650208
Edge-IIoTset,SNN_AE,1,9,encoder,normal,1,0.40146398544311523
Edge-IIoTset,SNN_AE,1,9,encoder,normal,2,0.499494343996048
Edge-IIoTset,SNN_AE,1,9,encoder,normal,3,0.49131426215171814
Edge-IIoTset,SNN_AE,1,9,encoder,attack,1,0.2896617650985718
Edge-IIoTset,SNN_AE,1,9,encoder,attack,2,0.3215974271297455
Edge-IIoTset,SNN_AE,1,9,encoder,attack,3,0.3249577283859253
Edge-IIoTset,SNN_AE,1,9,decoder,normal,1,0.43001028895378113
Edge-IIoTset,SNN_AE,1,9,decoder,normal,2,0.5643957257270813
Edge-IIoTset,SNN_AE,1,9,decoder,normal,3,0.5665900111198425
Edge-IIoTset,SNN_AE,1,9,decoder,attack,1,0.35690808296203613
Edge-IIoTset,SNN_AE,1,9,decoder,attack,2,0.46920403838157654
Edge-IIoTset,SNN_AE,1,9,decoder,attack,3,0.5016433596611023
Edge-IIoTset,SNN_Dense,1,9,encoder,normal,1,0.26175886392593384
Edge-IIoTset,SNN_Dense,1,9,encoder,normal,2,0.4883306920528412
Edge-IIoTset,SNN_Dense,1,9,encoder,normal,3,0.47460705041885376
Edge-IIoTset,SNN_Dense,1,9,encoder,attack,1,0.4853841960430145
Edge-IIoTset,SNN_Dense,1,9,encoder,attack,2,0.5287739038467407
Edge-IIoTset,SNN_Dense,1,9,encoder,attack,3,0.5266507267951965
Edge-IIoTset,Dense_SNN,1,9,decoder,normal,1,0.4145718812942505
Edge-IIoTset,Dense_SNN,1,9,decoder,normal,2,0.5853385329246521
Edge-IIoTset,Dense_SNN,1,9,decoder,normal,3,0.5716988444328308
Edge-IIoTset,Dense_SNN,1,9,decoder,attack,1,0.5376783013343811
Edge-IIoTset,Dense_SNN,1,9,decoder,attack,2,0.5630183815956116
Edge-IIoTset,Dense_SNN,1,9,decoder,attack,3,0.5669761300086975
Edge-IIoTset,SNN_AE_T2,1,9,encoder,normal,1,0.427482008934021
Edge-IIoTset,SNN_AE_T2,1,9,encoder,normal,2,0.4882952570915222
Edge-IIoTset,SNN_AE_T2,1,9,encoder,attack,1,0.32965993881225586
Edge-IIoTset,SNN_AE_T2,1,9,encoder,attack,2,0.3500569760799408
Edge-IIoTset,SNN_AE_T2,1,9,decoder,normal,1,0.4504343867301941
Edge-IIoTset,SNN_AE_T2,1,9,decoder,normal,2,0.5456565618515015
Edge-IIoTset,SNN_AE_T2,1,9,decoder,attack,1,0.3674283027648926
Edge-IIoTset,SNN_AE_T2,1,9,decoder,attack,2,0.4505091905593872
Edge-IIoTset,SNN_AE_T5,1,9,encoder,normal,1,0.34295886754989624
Edge-IIoTset,SNN_AE_T5,1,9,encoder,normal,2,0.5113651752471924
Edge-IIoTset,SNN_AE_T5,1,9,encoder,normal,3,0.4922696053981781
Edge-IIoTset,SNN_AE_T5,1,9,encoder,normal,4,0.4958670437335968
Edge-IIoTset,SNN_AE_T5,1,9,encoder,normal,5,0.4829214811325073
Edge-IIoTset,SNN_AE_T5,1,9,encoder,attack,1,0.32045772671699524
Edge-IIoTset,SNN_AE_T5,1,9,encoder,attack,2,0.35417094826698303
Edge-IIoTset,SNN_AE_T5,1,9,encoder,attack,3,0.3550882339477539
Edge-IIoTset,SNN_AE_T5,1,9,encoder,attack,4,0.3550202250480652
Edge-IIoTset,SNN_AE_T5,1,9,encoder,attack,5,0.35155513882637024
Edge-IIoTset,SNN_AE_T5,1,9,decoder,normal,1,0.3690702021121979
Edge-IIoTset,SNN_AE_T5,1,9,decoder,normal,2,0.5539019703865051
Edge-IIoTset,SNN_AE_T5,1,9,decoder,normal,3,0.5568071603775024
Edge-IIoTset,SNN_AE_T5,1,9,decoder,normal,4,0.565892219543457
Edge-IIoTset,SNN_AE_T5,1,9,decoder,normal,5,0.5643957257270813
Edge-IIoTset,SNN_AE_T5,1,9,decoder,attack,1,0.34315258264541626
Edge-IIoTset,SNN_AE_T5,1,9,decoder,attack,2,0.4916948676109314
Edge-IIoTset,SNN_AE_T5,1,9,decoder,attack,3,0.4969724118709564
Edge-IIoTset,SNN_AE_T5,1,9,decoder,attack,4,0.4823805093765259
Edge-IIoTset,SNN_AE_T5,1,9,decoder,attack,5,0.4796580970287323
Edge-IIoTset,SNN_AE_T7,1,9,encoder,normal,1,0.3253672122955322
Edge-IIoTset,SNN_AE_T7,1,9,encoder,normal,2,0.5049035549163818
Edge-IIoTset,SNN_AE_T7,1,9,encoder,normal,3,0.4925588071346283
Edge-IIoTset,SNN_AE_T7,1,9,encoder,normal,4,0.4982180595397949
Edge-IIoTset,SNN_AE_T7,1,9,encoder,normal,5,0.4792605936527252
Edge-IIoTset,SNN_AE_T7,1,9,encoder,normal,6,0.5123764872550964
Edge-IIoTset,SNN_AE_T7,1,9,encoder,normal,7,0.46836748719215393
Edge-IIoTset,SNN_AE_T7,1,9,encoder,attack,1,0.3048253655433655
Edge-IIoTset,SNN_AE_T7,1,9,encoder,attack,2,0.3668382465839386
Edge-IIoTset,SNN_AE_T7,1,9,encoder,attack,3,0.35706067085266113
Edge-IIoTset,SNN_AE_T7,1,9,encoder,attack,4,0.3595183789730072
Edge-IIoTset,SNN_AE_T7,1,9,encoder,attack,5,0.3556433916091919
Edge-IIoTset,SNN_AE_T7,1,9,encoder,attack,6,0.36426469683647156
Edge-IIoTset,SNN_AE_T7,1,9,encoder,attack,7,0.3507114052772522
Edge-IIoTset,SNN_AE_T7,1,9,decoder,normal,1,0.361908882856369
Edge-IIoTset,SNN_AE_T7,1,9,decoder,normal,2,0.5571280717849731
Edge-IIoTset,SNN_AE_T7,1,9,decoder,normal,3,0.57628333568573
Edge-IIoTset,SNN_AE_T7,1,9,decoder,normal,4,0.5758970975875854
Edge-IIoTset,SNN_AE_T7,1,9,decoder,normal,5,0.5776753425598145
Edge-IIoTset,SNN_AE_T7,1,9,decoder,normal,6,0.5836928486824036
Edge-IIoTset,SNN_AE_T7,1,9,decoder,normal,7,0.5760221481323242
Edge-IIoTset,SNN_AE_T7,1,9,decoder,attack,1,0.3034632205963135
Edge-IIoTset,SNN_AE_T7,1,9,decoder,attack,2,0.4784044027328491
Edge-IIoTset,SNN_AE_T7,1,9,decoder,attack,3,0.4698014557361603
Edge-IIoTset,SNN_AE_T7,1,9,decoder,attack,4,0.4861985146999359
Edge-IIoTset,SNN_AE_T7,1,9,decoder,attack,5,0.4745790362358093
Edge-IIoTset,SNN_AE_T7,1,9,decoder,attack,6,0.49375736713409424
Edge-IIoTset,SNN_AE_T7,1,9,decoder,attack,7,0.4640863835811615
Edge-IIoTset,SNN_AE_noBN,1,9,encoder,normal,1,0.4358113706111908
Edge-IIoTset,SNN_AE_noBN,1,9,encoder,normal,2,0.5420572757720947
Edge-IIoTset,SNN_AE_noBN,1,9,encoder,normal,3,0.5350116491317749
Edge-IIoTset,SNN_AE_noBN,1,9,encoder,attack,1,0.4483327269554138
Edge-IIoTset,SNN_AE_noBN,1,9,encoder,attack,2,0.4881378710269928
Edge-IIoTset,SNN_AE_noBN,1,9,encoder,attack,3,0.4807242751121521
Edge-IIoTset,SNN_AE_noBN,1,9,decoder,normal,1,0.46728527545928955
Edge-IIoTset,SNN_AE_noBN,1,9,decoder,normal,2,0.5867249369621277
Edge-IIoTset,SNN_AE_noBN,1,9,decoder,normal,3,0.5925856828689575
Edge-IIoTset,SNN_AE_noBN,1,9,decoder,attack,1,0.4908033013343811
Edge-IIoTset,SNN_AE_noBN,1,9,decoder,attack,2,0.5735808610916138
Edge-IIoTset,SNN_AE_noBN,1,9,decoder,attack,3,0.5552628636360168
Edge-IIoTset,SNN_AE,2,0,encoder,normal,1,0.3742237985134125
Edge-IIoTset,SNN_AE,2,0,encoder,normal,2,0.48796311020851135
Edge-IIoTset,SNN_AE,2,0,encoder,normal,3,0.47655877470970154
Edge-IIoTset,SNN_AE,2,0,encoder,attack,1,0.2811194956302643
Edge-IIoTset,SNN_AE,2,0,encoder,attack,2,0.30488234758377075
Edge-IIoTset,SNN_AE,2,0,encoder,attack,3,0.30426838994026184
Edge-IIoTset,SNN_AE,2,0,decoder,normal,1,0.44839683175086975
Edge-IIoTset,SNN_AE,2,0,decoder,normal,2,0.5739920735359192
Edge-IIoTset,SNN_AE,2,0,decoder,normal,3,0.5831685066223145
Edge-IIoTset,SNN_AE,2,0,decoder,attack,1,0.378251850605011
Edge-IIoTset,SNN_AE,2,0,decoder,attack,2,0.4877297878265381
Edge-IIoTset,SNN_AE,2,0,decoder,attack,3,0.48520588874816895
Edge-IIoTset,SNN_Dense,2,0,encoder,normal,1,0.243812695145607
Edge-IIoTset,SNN_Dense,2,0,encoder,normal,2,0.45614588260650635
Edge-IIoTset,SNN_Dense,2,0,encoder,normal,3,0.43813812732696533
Edge-IIoTset,SNN_Dense,2,0,encoder,attack,1,0.5235974192619324
Edge-IIoTset,SNN_Dense,2,0,encoder,attack,2,0.5667886137962341
Edge-IIoTset,SNN_Dense,2,0,encoder,attack,3,0.564795970916748
Edge-IIoTset,Dense_SNN,2,0,decoder,normal,1,0.5609643459320068
Edge-IIoTset,Dense_SNN,2,0,decoder,normal,2,0.7021640539169312
Edge-IIoTset,Dense_SNN,2,0,decoder,normal,3,0.6819806694984436
Edge-IIoTset,Dense_SNN,2,0,decoder,attack,1,0.7349779605865479
Edge-IIoTset,Dense_SNN,2,0,decoder,attack,2,0.7601231336593628
Edge-IIoTset,Dense_SNN,2,0,decoder,attack,3,0.760632336139679
Edge-IIoTset,SNN_AE_T2,2,0,encoder,normal,1,0.4114278554916382
Edge-IIoTset,SNN_AE_T2,2,0,encoder,normal,2,0.4845709204673767
Edge-IIoTset,SNN_AE_T2,2,0,encoder,attack,1,0.31909558176994324
Edge-IIoTset,SNN_AE_T2,2,0,encoder,attack,2,0.33658087253570557
Edge-IIoTset,SNN_AE_T2,2,0,decoder,normal,1,0.49530914425849915
Edge-IIoTset,SNN_AE_T2,2,0,decoder,normal,2,0.586590588092804
Edge-IIoTset,SNN_AE_T2,2,0,decoder,attack,1,0.4592389762401581
Edge-IIoTset,SNN_AE_T2,2,0,decoder,attack,2,0.531099259853363
Edge-IIoTset,SNN_AE_T5,2,0,encoder,normal,1,0.3327729403972626
Edge-IIoTset,SNN_AE_T5,2,0,encoder,normal,2,0.480141282081604
Edge-IIoTset,SNN_AE_T5,2,0,encoder,normal,3,0.4747787117958069
Edge-IIoTset,SNN_AE_T5,2,0,encoder,normal,4,0.47746559977531433
Edge-IIoTset,SNN_AE_T5,2,0,encoder,normal,5,0.46057552099227905
Edge-IIoTset,SNN_AE_T5,2,0,encoder,attack,1,0.2653602957725525
Edge-IIoTset,SNN_AE_T5,2,0,encoder,attack,2,0.32379594445228577
Edge-IIoTset,SNN_AE_T5,2,0,encoder,attack,3,0.3201507329940796
Edge-IIoTset,SNN_AE_T5,2,0,encoder,attack,4,0.3172316253185272
Edge-IIoTset,SNN_AE_T5,2,0,encoder,attack,5,0.3167647123336792
Edge-IIoTset,SNN_AE_T5,2,0,decoder,normal,1,0.38747909665107727
Edge-IIoTset,SNN_AE_T5,2,0,decoder,normal,2,0.5722007751464844
Edge-IIoTset,SNN_AE_T5,2,0,decoder,normal,3,0.5838924646377563
Edge-IIoTset,SNN_AE_T5,2,0,decoder,normal,4,0.5880142450332642
Edge-IIoTset,SNN_AE_T5,2,0,decoder,normal,5,0.5874096751213074
Edge-IIoTset,SNN_AE_T5,2,0,decoder,attack,1,0.3425863981246948
Edge-IIoTset,SNN_AE_T5,2,0,decoder,attack,2,0.467011034488678
Edge-IIoTset,SNN_AE_T5,2,0,decoder,attack,3,0.49979594349861145
Edge-IIoTset,SNN_AE_T5,2,0,decoder,attack,4,0.4674227833747864
Edge-IIoTset,SNN_AE_T5,2,0,decoder,attack,5,0.4920569956302643
Edge-IIoTset,SNN_AE_T7,2,0,encoder,normal,1,0.3072530925273895
Edge-IIoTset,SNN_AE_T7,2,0,encoder,normal,2,0.4724668562412262
Edge-IIoTset,SNN_AE_T7,2,0,encoder,normal,3,0.46560224890708923
Edge-IIoTset,SNN_AE_T7,2,0,encoder,normal,4,0.46530184149742126
Edge-IIoTset,SNN_AE_T7,2,0,encoder,normal,5,0.45177969336509705
Edge-IIoTset,SNN_AE_T7,2,0,encoder,normal,6,0.4787922501564026
Edge-IIoTset,SNN_AE_T7,2,0,encoder,normal,7,0.4371902644634247
Edge-IIoTset,SNN_AE_T7,2,0,encoder,attack,1,0.26787498593330383
Edge-IIoTset,SNN_AE_T7,2,0,encoder,attack,2,0.3300992548465729
Edge-IIoTset,SNN_AE_T7,2,0,encoder,attack,3,0.32461580634117126
Edge-IIoTset,SNN_AE_T7,2,0,encoder,attack,4,0.32638052105903625
Edge-IIoTset,SNN_AE_T7,2,0,encoder,attack,5,0.3208051323890686
Edge-IIoTset,SNN_AE_T7,2,0,encoder,attack,6,0.3295680284500122
Edge-IIoTset,SNN_AE_T7,2,0,encoder,attack,7,0.31649449467658997
Edge-IIoTset,SNN_AE_T7,2,0,decoder,normal,1,0.3669169545173645
Edge-IIoTset,SNN_AE_T7,2,0,decoder,normal,2,0.5850661396980286
Edge-IIoTset,SNN_AE_T7,2,0,decoder,normal,3,0.6009225249290466
Edge-IIoTset,SNN_AE_T7,2,0,decoder,normal,4,0.5992431640625
Edge-IIoTset,SNN_AE_T7,2,0,decoder,normal,5,0.5976422429084778
Edge-IIoTset,SNN_AE_T7,2,0,decoder,normal,6,0.6090092658996582
Edge-IIoTset,SNN_AE_T7,2,0,decoder,normal,7,0.5947426557540894
Edge-IIoTset,SNN_AE_T7,2,0,decoder,attack,1,0.26393014192581177
Edge-IIoTset,SNN_AE_T7,2,0,decoder,attack,2,0.46679410338401794
Edge-IIoTset,SNN_AE_T7,2,0,decoder,attack,3,0.44982168078422546
Edge-IIoTset,SNN_AE_T7,2,0,decoder,attack,4,0.4795772135257721
Edge-IIoTset,SNN_AE_T7,2,0,decoder,attack,5,0.4764062464237213
Edge-IIoTset,SNN_AE_T7,2,0,decoder,attack,6,0.47557535767555237
Edge-IIoTset,SNN_AE_T7,2,0,decoder,attack,7,0.45792096853256226
Edge-IIoTset,SNN_AE_noBN,2,0,encoder,normal,1,0.44840243458747864
Edge-IIoTset,SNN_AE_noBN,2,0,encoder,normal,2,0.5512206554412842
Edge-IIoTset,SNN_AE_noBN,2,0,encoder,normal,3,0.5426506400108337
Edge-IIoTset,SNN_AE_noBN,2,0,encoder,attack,1,0.509547770023346
Edge-IIoTset,SNN_AE_noBN,2,0,encoder,attack,2,0.5493897199630737
Edge-IIoTset,SNN_AE_noBN,2,0,encoder,attack,3,0.5431121587753296
Edge-IIoTset,SNN_AE_noBN,2,0,decoder,normal,1,0.4549573063850403
Edge-IIoTset,SNN_AE_noBN,2,0,decoder,normal,2,0.5818530321121216
Edge-IIoTset,SNN_AE_noBN,2,0,decoder,normal,3,0.5922330021858215
Edge-IIoTset,SNN_AE_noBN,2,0,decoder,attack,1,0.4873897135257721
Edge-IIoTset,SNN_AE_noBN,2,0,decoder,attack,2,0.5721323490142822
Edge-IIoTset,SNN_AE_noBN,2,0,decoder,attack,3,0.5725882649421692
Edge-IIoTset,SNN_AE,2,1,encoder,normal,1,0.34295135736465454
Edge-IIoTset,SNN_AE,2,1,encoder,normal,2,0.44311854243278503
Edge-IIoTset,SNN_AE,2,1,encoder,normal,3,0.4353466331958771
Edge-IIoTset,SNN_AE,2,1,encoder,attack,1,0.30695587396621704
Edge-IIoTset,SNN_AE,2,1,encoder,attack,2,0.33405882120132446
Edge-IIoTset,SNN_AE,2,1,encoder,attack,3,0.3307720720767975
Edge-IIoTset,SNN_AE,2,1,decoder,normal,1,0.4218124747276306
Edge-IIoTset,SNN_AE,2,1,decoder,normal,2,0.566737711429596
Edge-IIoTset,SNN_AE,2,1,decoder,normal,3,0.5825297236442566
Edge-IIoTset,SNN_AE,2,1,decoder,attack,1,0.38442462682724
Edge-IIoTset,SNN_AE,2,1,decoder,attack,2,0.48892462253570557
Edge-IIoTset,SNN_AE,2,1,decoder,attack,3,0.4868069887161255
Edge-IIoTset,SNN_Dense,2,1,encoder,normal,1,0.22019988298416138
Edge-IIoTset,SNN_Dense,2,1,encoder,normal,2,0.4617842137813568
Edge-IIoTset,SNN_Dense,2,1,encoder,normal,3,0.44114992022514343
Edge-IIoTset,SNN_Dense,2,1,encoder,attack,1,0.3640073537826538
Edge-IIoTset,SNN_Dense,2,1,encoder,attack,2,0.4242444932460785
Edge-IIoTset,SNN_Dense,2,1,encoder,attack,3,0.4255790412425995
Edge-IIoTset,Dense_SNN,2,1,decoder,normal,1,0.4343389868736267
Edge-IIoTset,Dense_SNN,2,1,decoder,normal,2,0.622527539730072
Edge-IIoTset,Dense_SNN,2,1,decoder,normal,3,0.6041156649589539
Edge-IIoTset,Dense_SNN,2,1,decoder,attack,1,0.5151157975196838
Edge-IIoTset,Dense_SNN,2,1,decoder,attack,2,0.5423731803894043
Edge-IIoTset,Dense_SNN,2,1,decoder,attack,3,0.5326672792434692
Edge-IIoTset,SNN_AE_T2,2,1,encoder,normal,1,0.4340180456638336
Edge-IIoTset,SNN_AE_T2,2,1,encoder,normal,2,0.49880948662757874
Edge-IIoTset,SNN_AE_T2,2,1,encoder,attack,1,0.34867095947265625
Edge-IIoTset,SNN_AE_T2,2,1,encoder,attack,2,0.3672224283218384
Edge-IIoTset,SNN_AE_T2,2,1,decoder,normal,1,0.45638397336006165
Edge-IIoTset,SNN_AE_T2,2,1,decoder,normal,2,0.5769223570823669
Edge-IIoTset,SNN_AE_T2,2,1,decoder,attack,1,0.4417022168636322
Edge-IIoTset,SNN_AE_T2,2,1,decoder,attack,2,0.5116102695465088
Edge-IIoTset,SNN_AE_T5,2,1,encoder,normal,1,0.31479892134666443
Edge-IIoTset,SNN_AE_T5,2,1,encoder,normal,2,0.4740065336227417
Edge-IIoTset,SNN_AE_T5,2,1,encoder,normal,3,0.45832276344299316
Edge-IIoTset,SNN_AE_T5,2,1,encoder,normal,4,0.46556100249290466
Edge-IIoTset,SNN_AE_T5,2,1,encoder,normal,5,0.4487762749195099
Edge-IIoTset,SNN_AE_T5,2,1,encoder,attack,1,0.30358272790908813
Edge-IIoTset,SNN_AE_T5,2,1,encoder,attack,2,0.34448346495628357
Edge-IIoTset,SNN_AE_T5,2,1,encoder,attack,3,0.33824631571769714
Edge-IIoTset,SNN_AE_T5,2,1,encoder,attack,4,0.3415900766849518
Edge-IIoTset,SNN_AE_T5,2,1,encoder,attack,5,0.33522242307662964
Edge-IIoTset,SNN_AE_T5,2,1,decoder,normal,1,0.3288443386554718
Edge-IIoTset,SNN_AE_T5,2,1,decoder,normal,2,0.5573441982269287
Edge-IIoTset,SNN_AE_T5,2,1,decoder,normal,3,0.5599547624588013
Edge-IIoTset,SNN_AE_T5,2,1,decoder,normal,4,0.5695889592170715
Edge-IIoTset,SNN_AE_T5,2,1,decoder,normal,5,0.5611658096313477
Edge-IIoTset,SNN_AE_T5,2,1,decoder,attack,1,0.27813050150871277
Edge-IIoTset,SNN_AE_T5,2,1,decoder,attack,2,0.4464227855205536
Edge-IIoTset,SNN_AE_T5,2,1,decoder,attack,3,0.4571691155433655
Edge-IIoTset,SNN_AE_T5,2,1,decoder,attack,4,0.46819669008255005
Edge-IIoTset,SNN_AE_T5,2,1,decoder,attack,5,0.4357720613479614
Edge-IIoTset,SNN_AE_T7,2,1,encoder,normal,1,0.28420016169548035
Edge-IIoTset,SNN_AE_T7,2,1,encoder,normal,2,0.47122806310653687
Edge-IIoTset,SNN_AE_T7,2,1,encoder,normal,3,0.45220038294792175
Edge-IIoTset,SNN_AE_T7,2,1,encoder,normal,4,0.46184951066970825
Edge-IIoTset,SNN_AE_T7,2,1,encoder,normal,5,0.4445124566555023
Edge-IIoTset,SNN_AE_T7,2,1,encoder,normal,6,0.47245216369628906
Edge-IIoTset,SNN_AE_T7,2,1,encoder,normal,7,0.43157729506492615
Edge-IIoTset,SNN_AE_T7,2,1,encoder,attack,1,0.2584705948829651
Edge-IIoTset,SNN_AE_T7,2,1,encoder,attack,2,0.3205753564834595
Edge-IIoTset,SNN_AE_T7,2,1,encoder,attack,3,0.31357353925704956
Edge-IIoTset,SNN_AE_T7,2,1,encoder,attack,4,0.31309375166893005
Edge-IIoTset,SNN_AE_T7,2,1,encoder,attack,5,0.3115110397338867
Edge-IIoTset,SNN_AE_T7,2,1,encoder,attack,6,0.3211948573589325
Edge-IIoTset,SNN_AE_T7,2,1,encoder,attack,7,0.30719485878944397
Edge-IIoTset,SNN_AE_T7,2,1,decoder,normal,1,0.3421918749809265
Edge-IIoTset,SNN_AE_T7,2,1,decoder,normal,2,0.5788872838020325
Edge-IIoTset,SNN_AE_T7,2,1,decoder,normal,3,0.5823449492454529
Edge-IIoTset,SNN_AE_T7,2,1,decoder,normal,4,0.5914678573608398
Edge-IIoTset,SNN_AE_T7,2,1,decoder,normal,5,0.5904042720794678
Edge-IIoTset,SNN_AE_T7,2,1,decoder,normal,6,0.60117107629776
Edge-IIoTset,SNN_AE_T7,2,1,decoder,normal,7,0.5868756175041199
Edge-IIoTset,SNN_AE_T7,2,1,decoder,attack,1,0.29723161458969116
Edge-IIoTset,SNN_AE_T7,2,1,decoder,attack,2,0.46859559416770935
Edge-IIoTset,SNN_AE_T7,2,1,decoder,attack,3,0.48099079728126526
Edge-IIoTset,SNN_AE_T7,2,1,decoder,attack,4,0.47325366735458374
Edge-IIoTset,SNN_AE_T7,2,1,decoder,attack,5,0.4699760973453522
Edge-IIoTset,SNN_AE_T7,2,1,decoder,attack,6,0.4852408170700073
Edge-IIoTset,SNN_AE_T7,2,1,decoder,attack,7,0.46357351541519165
Edge-IIoTset,SNN_AE_noBN,2,1,encoder,normal,1,0.3968733251094818
Edge-IIoTset,SNN_AE_noBN,2,1,encoder,normal,2,0.5084530115127563
Edge-IIoTset,SNN_AE_noBN,2,1,encoder,normal,3,0.5010785460472107
Edge-IIoTset,SNN_AE_noBN,2,1,encoder,attack,1,0.4723529517650604
Edge-IIoTset,SNN_AE_noBN,2,1,encoder,attack,2,0.5087518095970154
Edge-IIoTset,SNN_AE_noBN,2,1,encoder,attack,3,0.503727912902832
Edge-IIoTset,SNN_AE_noBN,2,1,decoder,normal,1,0.43341532349586487
Edge-IIoTset,SNN_AE_noBN,2,1,decoder,normal,2,0.576394259929657
Edge-IIoTset,SNN_AE_noBN,2,1,decoder,normal,3,0.5791652798652649
Edge-IIoTset,SNN_AE_noBN,2,1,decoder,attack,1,0.43723344802856445
Edge-IIoTset,SNN_AE_noBN,2,1,decoder,attack,2,0.5365900993347168
Edge-IIoTset,SNN_AE_noBN,2,1,decoder,attack,3,0.5299853086471558
Edge-IIoTset,SNN_AE,2,2,encoder,normal,1,0.36883923411369324
Edge-IIoTset,SNN_AE,2,2,encoder,normal,2,0.4737386703491211
Edge-IIoTset,SNN_AE,2,2,encoder,normal,3,0.46405139565467834
Edge-IIoTset,SNN_AE,2,2,encoder,attack,1,0.4248529374599457
Edge-IIoTset,SNN_AE,2,2,encoder,attack,2,0.4493180215358734
Edge-IIoTset,SNN_AE,2,2,encoder,attack,3,0.4494246244430542
Edge-IIoTset,SNN_AE,2,2,decoder,normal,1,0.4076392352581024
Edge-IIoTset,SNN_AE,2,2,decoder,normal,2,0.552015483379364
Edge-IIoTset,SNN_AE,2,2,decoder,normal,3,0.562812089920044
Edge-IIoTset,SNN_AE,2,2,decoder,attack,1,0.4520312547683716
Edge-IIoTset,SNN_AE,2,2,decoder,attack,2,0.5575496554374695
Edge-IIoTset,SNN_AE,2,2,decoder,attack,3,0.5680643320083618
Edge-IIoTset,SNN_Dense,2,2,encoder,normal,1,0.2588781714439392
Edge-IIoTset,SNN_Dense,2,2,encoder,normal,2,0.4755570590496063
Edge-IIoTset,SNN_Dense,2,2,encoder,normal,3,0.4548984169960022
Edge-IIoTset,SNN_Dense,2,2,encoder,attack,1,0.44216176867485046
Edge-IIoTset,SNN_Dense,2,2,encoder,attack,2,0.48391544818878174
Edge-IIoTset,SNN_Dense,2,2,encoder,attack,3,0.4799264669418335
Edge-IIoTset,Dense_SNN,2,2,decoder,normal,1,0.47439682483673096
Edge-IIoTset,Dense_SNN,2,2,decoder,normal,2,0.6226998567581177
Edge-IIoTset,Dense_SNN,2,2,decoder,normal,3,0.6107175946235657
Edge-IIoTset,Dense_SNN,2,2,decoder,attack,1,0.5077573657035828
Edge-IIoTset,Dense_SNN,2,2,decoder,attack,2,0.5523768663406372
Edge-IIoTset,Dense_SNN,2,2,decoder,attack,3,0.550253689289093
Edge-IIoTset,SNN_AE_T2,2,2,encoder,normal,1,0.395427942276001
Edge-IIoTset,SNN_AE_T2,2,2,encoder,normal,2,0.46066397428512573
Edge-IIoTset,SNN_AE_T2,2,2,encoder,attack,1,0.412045955657959
Edge-IIoTset,SNN_AE_T2,2,2,encoder,attack,2,0.4292297661304474
Edge-IIoTset,SNN_AE_T2,2,2,decoder,normal,1,0.44527560472488403
Edge-IIoTset,SNN_AE_T2,2,2,decoder,normal,2,0.5380604267120361
Edge-IIoTset,SNN_AE_T2,2,2,decoder,attack,1,0.40743565559387207
Edge-IIoTset,SNN_AE_T2,2,2,decoder,attack,2,0.5089503526687622
Edge-IIoTset,SNN_AE_T5,2,2,encoder,normal,1,0.33549603819847107
Edge-IIoTset,SNN_AE_T5,2,2,encoder,normal,2,0.48029977083206177
Edge-IIoTset,SNN_AE_T5,2,2,encoder,normal,3,0.46901291608810425
Edge-IIoTset,SNN_AE_T5,2,2,encoder,normal,4,0.4720899164676666
Edge-IIoTset,SNN_AE_T5,2,2,encoder,normal,5,0.46050283312797546
Edge-IIoTset,SNN_AE_T5,2,2,encoder,attack,1,0.3666691184043884
Edge-IIoTset,SNN_AE_T5,2,2,encoder,attack,2,0.4299485385417938
Edge-IIoTset,SNN_AE_T5,2,2,encoder,attack,3,0.42503494024276733
Edge-IIoTset,SNN_AE_T5,2,2,encoder,attack,4,0.42367830872535706
Edge-IIoTset,SNN_AE_T5,2,2,encoder,attack,5,0.4206066131591797
Edge-IIoTset,SNN_AE_T5,2,2,decoder,normal,1,0.3719806671142578
Edge-IIoTset,SNN_AE_T5,2,2,decoder,normal,2,0.5446012020111084
Edge-IIoTset,SNN_AE_T5,2,2,decoder,normal,3,0.5633583068847656
Edge-IIoTset,SNN_AE_T5,2,2,decoder,normal,4,0.5676379203796387
Edge-IIoTset,SNN_AE_T5,2,2,decoder,normal,5,0.5610683560371399
Edge-IIoTset,SNN_AE_T5,2,2,decoder,attack,1,0.3544430136680603
Edge-IIoTset,SNN_AE_T5,2,2,decoder,attack,2,0.539716899394989
Edge-IIoTset,SNN_AE_T5,2,2,decoder,attack,3,0.5548547506332397
Edge-IIoTset,SNN_AE_T5,2,2,decoder,attack,4,0.5499044060707092
Edge-IIoTset,SNN_AE_T5,2,2,decoder,attack,5,0.5438125133514404
Edge-IIoTset,SNN_AE_T7,2,2,encoder,normal,1,0.30033957958221436
Edge-IIoTset,SNN_AE_T7,2,2,encoder,normal,2,0.48492711782455444
Edge-IIoTset,SNN_AE_T7,2,2,encoder,normal,3,0.4691062271595001
Edge-IIoTset,SNN_AE_T7,2,2,encoder,normal,4,0.47200849652290344
Edge-IIoTset,SNN_AE_T7,2,2,encoder,normal,5,0.4535329341888428
Edge-IIoTset,SNN_AE_T7,2,2,encoder,normal,6,0.4822521507740021
Edge-IIoTset,SNN_AE_T7,2,2,encoder,normal,7,0.4450330436229706
Edge-IIoTset,SNN_AE_T7,2,2,encoder,attack,1,0.40292462706565857
Edge-IIoTset,SNN_AE_T7,2,2,encoder,attack,2,0.4490974247455597
Edge-IIoTset,SNN_AE_T7,2,2,encoder,attack,3,0.44174447655677795
Edge-IIoTset,SNN_AE_T7,2,2,encoder,attack,4,0.4501047730445862
Edge-IIoTset,SNN_AE_T7,2,2,encoder,attack,5,0.4418768286705017
Edge-IIoTset,SNN_AE_T7,2,2,encoder,attack,6,0.45269301533699036
Edge-IIoTset,SNN_AE_T7,2,2,encoder,attack,7,0.43938419222831726
Edge-IIoTset,SNN_AE_T7,2,2,decoder,normal,1,0.3190475106239319
Edge-IIoTset,SNN_AE_T7,2,2,decoder,normal,2,0.5579591393470764
Edge-IIoTset,SNN_AE_T7,2,2,decoder,normal,3,0.5720244646072388
Edge-IIoTset,SNN_AE_T7,2,2,decoder,normal,4,0.5749827027320862
Edge-IIoTset,SNN_AE_T7,2,2,decoder,normal,5,0.5726130604743958
Edge-IIoTset,SNN_AE_T7,2,2,decoder,normal,6,0.5822867751121521
Edge-IIoTset,SNN_AE_T7,2,2,decoder,normal,7,0.5705080032348633
Edge-IIoTset,SNN_AE_T7,2,2,decoder,attack,1,0.32534557580947876
Edge-IIoTset,SNN_AE_T7,2,2,decoder,attack,2,0.5345147252082825
Edge-IIoTset,SNN_AE_T7,2,2,decoder,attack,3,0.5152279138565063
Edge-IIoTset,SNN_AE_T7,2,2,decoder,attack,4,0.5249724388122559
Edge-IIoTset,SNN_AE_T7,2,2,decoder,attack,5,0.4990900754928589
Edge-IIoTset,SNN_AE_T7,2,2,decoder,attack,6,0.5235661864280701
Edge-IIoTset,SNN_AE_T7,2,2,decoder,attack,7,0.5179963111877441
Edge-IIoTset,SNN_AE_noBN,2,2,encoder,normal,1,0.4613441824913025
Edge-IIoTset,SNN_AE_noBN,2,2,encoder,normal,2,0.5515388250350952
Edge-IIoTset,SNN_AE_noBN,2,2,encoder,normal,3,0.5430169105529785
Edge-IIoTset,SNN_AE_noBN,2,2,encoder,attack,1,0.49767646193504333
Edge-IIoTset,SNN_AE_noBN,2,2,encoder,attack,2,0.529941201210022
Edge-IIoTset,SNN_AE_noBN,2,2,encoder,attack,3,0.5207886099815369
Edge-IIoTset,SNN_AE_noBN,2,2,decoder,normal,1,0.4861586093902588
Edge-IIoTset,SNN_AE_noBN,2,2,decoder,normal,2,0.571140706539154
Edge-IIoTset,SNN_AE_noBN,2,2,decoder,normal,3,0.5931563377380371
Edge-IIoTset,SNN_AE_noBN,2,2,decoder,attack,1,0.5151139497756958
Edge-IIoTset,SNN_AE_noBN,2,2,decoder,attack,2,0.5796911716461182
Edge-IIoTset,SNN_AE_noBN,2,2,decoder,attack,3,0.5928584337234497
Edge-IIoTset,SNN_AE,2,3,encoder,normal,1,0.3363027572631836
Edge-IIoTset,SNN_AE,2,3,encoder,normal,2,0.4478992521762848
Edge-IIoTset,SNN_AE,2,3,encoder,normal,3,0.44249528646469116
Edge-IIoTset,SNN_AE,2,3,encoder,attack,1,0.29938971996307373
Edge-IIoTset,SNN_AE,2,3,encoder,attack,2,0.3294540345668793
Edge-IIoTset,SNN_AE,2,3,encoder,attack,3,0.3263731598854065
Edge-IIoTset,SNN_AE,2,3,decoder,normal,1,0.37100115418434143
Edge-IIoTset,SNN_AE,2,3,decoder,normal,2,0.5255045890808105
Edge-IIoTset,SNN_AE,2,3,decoder,normal,3,0.5430935621261597
Edge-IIoTset,SNN_AE,2,3,decoder,attack,1,0.35030147433280945
Edge-IIoTset,SNN_AE,2,3,decoder,attack,2,0.4627334475517273
Edge-IIoTset,SNN_AE,2,3,decoder,attack,3,0.48906800150871277
Edge-IIoTset,SNN_Dense,2,3,encoder,normal,1,0.2529109716415405
Edge-IIoTset,SNN_Dense,2,3,encoder,normal,2,0.4524243175983429
Edge-IIoTset,SNN_Dense,2,3,encoder,normal,3,0.43755224347114563
Edge-IIoTset,SNN_Dense,2,3,encoder,attack,1,0.2576819956302643
Edge-IIoTset,SNN_Dense,2,3,encoder,attack,2,0.3054136037826538
Edge-IIoTset,SNN_Dense,2,3,encoder,attack,3,0.3075900673866272
Edge-IIoTset,Dense_SNN,2,3,decoder,normal,1,0.42097651958465576
Edge-IIoTset,Dense_SNN,2,3,decoder,normal,2,0.602813184261322
Edge-IIoTset,Dense_SNN,2,3,decoder,normal,3,0.5826771259307861
Edge-IIoTset,Dense_SNN,2,3,decoder,attack,1,0.595766544342041
Edge-IIoTset,Dense_SNN,2,3,decoder,attack,2,0.6195220351219177
Edge-IIoTset,Dense_SNN,2,3,decoder,attack,3,0.6170753836631775
Edge-IIoTset,SNN_AE_T2,2,3,encoder,normal,1,0.4162965714931488
Edge-IIoTset,SNN_AE_T2,2,3,encoder,normal,2,0.4934820532798767
Edge-IIoTset,SNN_AE_T2,2,3,encoder,attack,1,0.33709925413131714
Edge-IIoTset,SNN_AE_T2,2,3,encoder,attack,2,0.3586139678955078
Edge-IIoTset,SNN_AE_T2,2,3,decoder,normal,1,0.4456357955932617
Edge-IIoTset,SNN_AE_T2,2,3,decoder,normal,2,0.559383749961853
Edge-IIoTset,SNN_AE_T2,2,3,decoder,attack,1,0.3515165448188782
Edge-IIoTset,SNN_AE_T2,2,3,decoder,attack,2,0.4662904441356659
Edge-IIoTset,SNN_AE_T5,2,3,encoder,normal,1,0.3020746111869812
Edge-IIoTset,SNN_AE_T5,2,3,encoder,normal,2,0.4579962193965912
Edge-IIoTset,SNN_AE_T5,2,3,encoder,normal,3,0.44503119587898254
Edge-IIoTset,SNN_AE_T5,2,3,encoder,normal,4,0.4474252760410309
Edge-IIoTset,SNN_AE_T5,2,3,encoder,normal,5,0.4368058443069458
Edge-IIoTset,SNN_AE_T5,2,3,encoder,attack,1,0.28008273243904114
Edge-IIoTset,SNN_AE_T5,2,3,encoder,attack,2,0.32160478830337524
Edge-IIoTset,SNN_AE_T5,2,3,encoder,attack,3,0.32000550627708435
Edge-IIoTset,SNN_AE_T5,2,3,encoder,attack,4,0.32747793197631836
Edge-IIoTset,SNN_AE_T5,2,3,encoder,attack,5,0.315386027097702
Edge-IIoTset,SNN_AE_T5,2,3,decoder,normal,1,0.3243640661239624
Edge-IIoTset,SNN_AE_T5,2,3,decoder,normal,2,0.5550677180290222
Edge-IIoTset,SNN_AE_T5,2,3,decoder,normal,3,0.5580122470855713
Edge-IIoTset,SNN_AE_T5,2,3,decoder,normal,4,0.5588333010673523
Edge-IIoTset,SNN_AE_T5,2,3,decoder,normal,5,0.5524720549583435
Edge-IIoTset,SNN_AE_T5,2,3,decoder,attack,1,0.35123345255851746
Edge-IIoTset,SNN_AE_T5,2,3,decoder,attack,2,0.47691911458969116
Edge-IIoTset,SNN_AE_T5,2,3,decoder,attack,3,0.4698511064052582
Edge-IIoTset,SNN_AE_T5,2,3,decoder,attack,4,0.49940624833106995
Edge-IIoTset,SNN_AE_T5,2,3,decoder,attack,5,0.47420036792755127
Edge-IIoTset,SNN_AE_T7,2,3,encoder,normal,1,0.25941213965415955
Edge-IIoTset,SNN_AE_T7,2,3,encoder,normal,2,0.4675706923007965
Edge-IIoTset,SNN_AE_T7,2,3,encoder,normal,3,0.4560835659503937
Edge-IIoTset,SNN_AE_T7,2,3,encoder,normal,4,0.4508270025253296
Edge-IIoTset,SNN_AE_T7,2,3,encoder,normal,5,0.4376884698867798
Edge-IIoTset,SNN_AE_T7,2,3,encoder,normal,6,0.4691157341003418
Edge-IIoTset,SNN_AE_T7,2,3,encoder,normal,7,0.4223853647708893
Edge-IIoTset,SNN_AE_T7,2,3,encoder,attack,1,0.26538971066474915
Edge-IIoTset,SNN_AE_T7,2,3,encoder,attack,2,0.32249999046325684
Edge-IIoTset,SNN_AE_T7,2,3,encoder,attack,3,0.31562867760658264
Edge-IIoTset,SNN_AE_T7,2,3,encoder,attack,4,0.31927022337913513
Edge-IIoTset,SNN_AE_T7,2,3,encoder,attack,5,0.3110220730304718
Edge-IIoTset,SNN_AE_T7,2,3,encoder,attack,6,0.32196876406669617
Edge-IIoTset,SNN_AE_T7,2,3,encoder,attack,7,0.30787500739097595
Edge-IIoTset,SNN_AE_T7,2,3,decoder,normal,1,0.3299994170665741
Edge-IIoTset,SNN_AE_T7,2,3,decoder,normal,2,0.5717721581459045
Edge-IIoTset,SNN_AE_T7,2,3,decoder,normal,3,0.5910200476646423
Edge-IIoTset,SNN_AE_T7,2,3,decoder,normal,4,0.6004918813705444
Edge-IIoTset,SNN_AE_T7,2,3,decoder,normal,5,0.5953958034515381
Edge-IIoTset,SNN_AE_T7,2,3,decoder,normal,6,0.609642744064331
Edge-IIoTset,SNN_AE_T7,2,3,decoder,normal,7,0.5956626534461975
Edge-IIoTset,SNN_AE_T7,2,3,decoder,attack,1,0.3086875081062317
Edge-IIoTset,SNN_AE_T7,2,3,decoder,attack,2,0.4803088307380676
Edge-IIoTset,SNN_AE_T7,2,3,decoder,attack,3,0.4858051538467407
Edge-IIoTset,SNN_AE_T7,2,3,decoder,attack,4,0.4677187502384186
Edge-IIoTset,SNN_AE_T7,2,3,decoder,attack,5,0.48943567276000977
Edge-IIoTset,SNN_AE_T7,2,3,decoder,attack,6,0.48826470971107483
Edge-IIoTset,SNN_AE_T7,2,3,decoder,attack,7,0.46566542983055115
Edge-IIoTset,SNN_AE_noBN,2,3,encoder,normal,1,0.45526811480522156
Edge-IIoTset,SNN_AE_noBN,2,3,encoder,normal,2,0.5676333904266357
Edge-IIoTset,SNN_AE_noBN,2,3,encoder,normal,3,0.5553643703460693
Edge-IIoTset,SNN_AE_noBN,2,3,encoder,attack,1,0.43099817633628845
Edge-IIoTset,SNN_AE_noBN,2,3,encoder,attack,2,0.46149998903274536
Edge-IIoTset,SNN_AE_noBN,2,3,encoder,attack,3,0.4592132270336151
Edge-IIoTset,SNN_AE_noBN,2,3,decoder,normal,1,0.4751130938529968
Edge-IIoTset,SNN_AE_noBN,2,3,decoder,normal,2,0.5753828883171082
Edge-IIoTset,SNN_AE_noBN,2,3,decoder,normal,3,0.5842427015304565
Edge-IIoTset,SNN_AE_noBN,2,3,decoder,attack,1,0.4334448575973511
Edge-IIoTset,SNN_AE_noBN,2,3,decoder,attack,2,0.514968752861023
Edge-IIoTset,SNN_AE_noBN,2,3,decoder,attack,3,0.5339154601097107
Edge-IIoTset,SNN_AE,2,4,encoder,normal,1,0.3852904140949249
Edge-IIoTset,SNN_AE,2,4,encoder,normal,2,0.48182806372642517
Edge-IIoTset,SNN_AE,2,4,encoder,normal,3,0.47621357440948486
Edge-IIoTset,SNN_AE,2,4,encoder,attack,1,0.34171876311302185
Edge-IIoTset,SNN_AE,2,4,encoder,attack,2,0.37029412388801575
Edge-IIoTset,SNN_AE,2,4,encoder,attack,3,0.3693253695964813
Edge-IIoTset,SNN_AE,2,4,decoder,normal,1,0.41746774315834045
Edge-IIoTset,SNN_AE,2,4,decoder,normal,2,0.5352765917778015
Edge-IIoTset,SNN_AE,2,4,decoder,normal,3,0.5361162424087524
Edge-IIoTset,SNN_AE,2,4,decoder,attack,1,0.38617461919784546
Edge-IIoTset,SNN_AE,2,4,decoder,attack,2,0.5038823485374451
Edge-IIoTset,SNN_AE,2,4,decoder,attack,3,0.503349244594574
Edge-IIoTset,SNN_Dense,2,4,encoder,normal,1,0.25125014781951904
Edge-IIoTset,SNN_Dense,2,4,encoder,normal,2,0.450564980506897
Edge-IIoTset,SNN_Dense,2,4,encoder,normal,3,0.4312455356121063
Edge-IIoTset,SNN_Dense,2,4,encoder,attack,1,0.4750661849975586
Edge-IIoTset,SNN_Dense,2,4,encoder,attack,2,0.5275092124938965
Edge-IIoTset,SNN_Dense,2,4,encoder,attack,3,0.5260367393493652
Edge-IIoTset,Dense_SNN,2,4,decoder,normal,1,0.41452711820602417
Edge-IIoTset,Dense_SNN,2,4,decoder,normal,2,0.6196915507316589
Edge-IIoTset,Dense_SNN,2,4,decoder,normal,3,0.5872585773468018
Edge-IIoTset,Dense_SNN,2,4,decoder,attack,1,0.5892500281333923
Edge-IIoTset,Dense_SNN,2,4,decoder,attack,2,0.6334301233291626
Edge-IIoTset,Dense_SNN,2,4,decoder,attack,3,0.6277941465377808
Edge-IIoTset,SNN_AE_T2,2,4,encoder,normal,1,0.45911264419555664
Edge-IIoTset,SNN_AE_T2,2,4,encoder,normal,2,0.5379784107208252
Edge-IIoTset,SNN_AE_T2,2,4,encoder,attack,1,0.44596508145332336
Edge-IIoTset,SNN_AE_T2,2,4,encoder,attack,2,0.46852022409439087
Edge-IIoTset,SNN_AE_T2,2,4,decoder,normal,1,0.463594526052475
Edge-IIoTset,SNN_AE_T2,2,4,decoder,normal,2,0.5500414371490479
Edge-IIoTset,SNN_AE_T2,2,4,decoder,attack,1,0.4788437485694885
Edge-IIoTset,SNN_AE_T2,2,4,decoder,attack,2,0.5729613900184631
Edge-IIoTset,SNN_AE_T5,2,4,encoder,normal,1,0.3229900598526001
Edge-IIoTset,SNN_AE_T5,2,4,encoder,normal,2,0.49721983075141907
Edge-IIoTset,SNN_AE_T5,2,4,encoder,normal,3,0.48080554604530334
Edge-IIoTset,SNN_AE_T5,2,4,encoder,normal,4,0.4794415831565857
Edge-IIoTset,SNN_AE_T5,2,4,encoder,normal,5,0.46830591559410095
Edge-IIoTset,SNN_AE_T5,2,4,encoder,attack,1,0.34754228591918945
Edge-IIoTset,SNN_AE_T5,2,4,encoder,attack,2,0.3913455903530121
Edge-IIoTset,SNN_AE_T5,2,4,encoder,attack,3,0.3888768255710602
Edge-IIoTset,SNN_AE_T5,2,4,encoder,attack,4,0.38975000381469727
Edge-IIoTset,SNN_AE_T5,2,4,encoder,attack,5,0.3861103057861328
Edge-IIoTset,SNN_AE_T5,2,4,decoder,normal,1,0.4077501893043518
Edge-IIoTset,SNN_AE_T5,2,4,decoder,normal,2,0.5748261213302612
Edge-IIoTset,SNN_AE_T5,2,4,decoder,normal,3,0.5885348320007324
Edge-IIoTset,SNN_AE_T5,2,4,decoder,normal,4,0.5983232855796814
Edge-IIoTset,SNN_AE_T5,2,4,decoder,normal,5,0.5955281853675842
Edge-IIoTset,SNN_AE_T5,2,4,decoder,attack,1,0.37490442395210266
Edge-IIoTset,SNN_AE_T5,2,4,decoder,attack,2,0.5428805351257324
Edge-IIoTset,SNN_AE_T5,2,4,decoder,attack,3,0.5402022004127502
Edge-IIoTset,SNN_AE_T5,2,4,decoder,attack,4,0.5453749895095825
Edge-IIoTset,SNN_AE_T5,2,4,decoder,attack,5,0.5640330910682678
Edge-IIoTset,SNN_AE_T7,2,4,encoder,normal,1,0.3159855008125305
Edge-IIoTset,SNN_AE_T7,2,4,encoder,normal,2,0.5335916876792908
Edge-IIoTset,SNN_AE_T7,2,4,encoder,normal,3,0.513958752155304
Edge-IIoTset,SNN_AE_T7,2,4,encoder,normal,4,0.5157780051231384
Edge-IIoTset,SNN_AE_T7,2,4,encoder,normal,5,0.4988338053226471
Edge-IIoTset,SNN_AE_T7,2,4,encoder,normal,6,0.5266300439834595
Edge-IIoTset,SNN_AE_T7,2,4,encoder,normal,7,0.4815780222415924
Edge-IIoTset,SNN_AE_T7,2,4,encoder,attack,1,0.3564503788948059
Edge-IIoTset,SNN_AE_T7,2,4,encoder,attack,2,0.41506248712539673
Edge-IIoTset,SNN_AE_T7,2,4,encoder,attack,3,0.4108290374279022
Edge-IIoTset,SNN_AE_T7,2,4,encoder,attack,4,0.41052207350730896
Edge-IIoTset,SNN_AE_T7,2,4,encoder,attack,5,0.40379780530929565
Edge-IIoTset,SNN_AE_T7,2,4,encoder,attack,6,0.41642096638679504
Edge-IIoTset,SNN_AE_T7,2,4,encoder,attack,7,0.4002169072628021
Edge-IIoTset,SNN_AE_T7,2,4,decoder,normal,1,0.33871394395828247
Edge-IIoTset,SNN_AE_T7,2,4,decoder,normal,2,0.5505657196044922
Edge-IIoTset,SNN_AE_T7,2,4,decoder,normal,3,0.5647428035736084
Edge-IIoTset,SNN_AE_T7,2,4,decoder,normal,4,0.5759325623512268
Edge-IIoTset,SNN_AE_T7,2,4,decoder,normal,5,0.5710103511810303
Edge-IIoTset,SNN_AE_T7,2,4,decoder,normal,6,0.5783600807189941
Edge-IIoTset,SNN_AE_T7,2,4,decoder,normal,7,0.5692787766456604
Edge-IIoTset,SNN_AE_T7,2,4,decoder,attack,1,0.3436066210269928
Edge-IIoTset,SNN_AE_T7,2,4,decoder,attack,2,0.5039283037185669
Edge-IIoTset,SNN_AE_T7,2,4,decoder,attack,3,0.49633273482322693
Edge-IIoTset,SNN_AE_T7,2,4,decoder,attack,4,0.5106654167175293
Edge-IIoTset,SNN_AE_T7,2,4,decoder,attack,5,0.47913050651550293
Edge-IIoTset,SNN_AE_T7,2,4,decoder,attack,6,0.5356323719024658
Edge-IIoTset,SNN_AE_T7,2,4,decoder,attack,7,0.4833988845348358
Edge-IIoTset,SNN_AE_noBN,2,4,encoder,normal,1,0.4807756841182709
Edge-IIoTset,SNN_AE_noBN,2,4,encoder,normal,2,0.5869171023368835
Edge-IIoTset,SNN_AE_noBN,2,4,encoder,normal,3,0.5836853384971619
Edge-IIoTset,SNN_AE_noBN,2,4,encoder,attack,1,0.4834466874599457
Edge-IIoTset,SNN_AE_noBN,2,4,encoder,attack,2,0.5057463049888611
Edge-IIoTset,SNN_AE_noBN,2,4,encoder,attack,3,0.5101562738418579
Edge-IIoTset,SNN_AE_noBN,2,4,decoder,normal,1,0.4918777644634247
Edge-IIoTset,SNN_AE_noBN,2,4,decoder,normal,2,0.6135900616645813
Edge-IIoTset,SNN_AE_noBN,2,4,decoder,normal,3,0.6203576326370239
Edge-IIoTset,SNN_AE_noBN,2,4,decoder,attack,1,0.4766838252544403
Edge-IIoTset,SNN_AE_noBN,2,4,decoder,attack,2,0.5712775588035583
Edge-IIoTset,SNN_AE_noBN,2,4,decoder,attack,3,0.5700661540031433
Edge-IIoTset,SNN_AE,2,5,encoder,normal,1,0.41793492436408997
Edge-IIoTset,SNN_AE,2,5,encoder,normal,2,0.5149149894714355
Edge-IIoTset,SNN_AE,2,5,encoder,normal,3,0.5090146660804749
Edge-IIoTset,SNN_AE,2,5,encoder,attack,1,0.295325368642807
Edge-IIoTset,SNN_AE,2,5,encoder,attack,2,0.3331415355205536
Edge-IIoTset,SNN_AE,2,5,encoder,attack,3,0.3330790400505066
Edge-IIoTset,SNN_AE,2,5,decoder,normal,1,0.41891270875930786
Edge-IIoTset,SNN_AE,2,5,decoder,normal,2,0.5680755972862244
Edge-IIoTset,SNN_AE,2,5,decoder,normal,3,0.5659912824630737
Edge-IIoTset,SNN_AE,2,5,decoder,attack,1,0.31251102685928345
Edge-IIoTset,SNN_AE,2,5,decoder,attack,2,0.4178970456123352
Edge-IIoTset,SNN_AE,2,5,decoder,attack,3,0.44208088517189026
Edge-IIoTset,SNN_Dense,2,5,encoder,normal,1,0.2523996829986572
Edge-IIoTset,SNN_Dense,2,5,encoder,normal,2,0.46445444226264954
Edge-IIoTset,SNN_Dense,2,5,encoder,normal,3,0.44765666127204895
Edge-IIoTset,SNN_Dense,2,5,encoder,attack,1,0.4173639714717865
Edge-IIoTset,SNN_Dense,2,5,encoder,attack,2,0.4633511006832123
Edge-IIoTset,SNN_Dense,2,5,encoder,attack,3,0.460193008184433
Edge-IIoTset,Dense_SNN,2,5,decoder,normal,1,0.4807223081588745
Edge-IIoTset,Dense_SNN,2,5,decoder,normal,2,0.6221487522125244
Edge-IIoTset,Dense_SNN,2,5,decoder,normal,3,0.601813018321991
Edge-IIoTset,Dense_SNN,2,5,decoder,attack,1,0.5367279648780823
Edge-IIoTset,Dense_SNN,2,5,decoder,attack,2,0.5675698518753052
Edge-IIoTset,Dense_SNN,2,5,decoder,attack,3,0.5660440921783447
Edge-IIoTset,SNN_AE_T2,2,5,encoder,normal,1,0.44050052762031555
Edge-IIoTset,SNN_AE_T2,2,5,encoder,normal,2,0.5116028189659119
Edge-IIoTset,SNN_AE_T2,2,5,encoder,attack,1,0.3149227797985077
Edge-IIoTset,SNN_AE_T2,2,5,encoder,attack,2,0.33179596066474915
Edge-IIoTset,SNN_AE_T2,2,5,decoder,normal,1,0.4495096206665039
Edge-IIoTset,SNN_AE_T2,2,5,decoder,normal,2,0.5504661202430725
Edge-IIoTset,SNN_AE_T2,2,5,decoder,attack,1,0.3292683959007263
Edge-IIoTset,SNN_AE_T2,2,5,decoder,attack,2,0.4324375092983246
Edge-IIoTset,SNN_AE_T5,2,5,encoder,normal,1,0.36195847392082214
Edge-IIoTset,SNN_AE_T5,2,5,encoder,normal,2,0.5187888145446777
Edge-IIoTset,SNN_AE_T5,2,5,encoder,normal,3,0.5054431557655334
Edge-IIoTset,SNN_AE_T5,2,5,encoder,normal,4,0.5079883933067322
Edge-IIoTset,SNN_AE_T5,2,5,encoder,normal,5,0.49411460757255554
Edge-IIoTset,SNN_AE_T5,2,5,encoder,attack,1,0.2919834554195404
Edge-IIoTset,SNN_AE_T5,2,5,encoder,attack,2,0.33165258169174194
Edge-IIoTset,SNN_AE_T5,2,5,encoder,attack,3,0.3308069705963135
Edge-IIoTset,SNN_AE_T5,2,5,encoder,attack,4,0.33129045367240906
Edge-IIoTset,SNN_AE_T5,2,5,encoder,attack,5,0.3287334442138672
Edge-IIoTset,SNN_AE_T5,2,5,decoder,normal,1,0.4155147075653076
Edge-IIoTset,SNN_AE_T5,2,5,decoder,normal,2,0.5941493511199951
Edge-IIoTset,SNN_AE_T5,2,5,decoder,normal,3,0.6028262376785278
Edge-IIoTset,SNN_AE_T5,2,5,decoder,normal,4,0.614356279373169
Edge-IIoTset,SNN_AE_T5,2,5,decoder,normal,5,0.606345534324646
Edge-IIoTset,SNN_AE_T5,2,5,decoder,attack,1,0.36889705061912537
Edge-IIoTset,SNN_AE_T5,2,5,decoder,attack,2,0.5212298035621643
Edge-IIoTset,SNN_AE_T5,2,5,decoder,attack,3,0.5125882625579834
Edge-IIoTset,SNN_AE_T5,2,5,decoder,attack,4,0.532181978225708
Edge-IIoTset,SNN_AE_T5,2,5,decoder,attack,5,0.49323344230651855
Edge-IIoTset,SNN_AE_T7,2,5,encoder,normal,1,0.34616461396217346
Edge-IIoTset,SNN_AE_T7,2,5,encoder,normal,2,0.5154020190238953
Edge-IIoTset,SNN_AE_T7,2,5,encoder,normal,3,0.50287926197052
Edge-IIoTset,SNN_AE_T7,2,5,encoder,normal,4,0.507419228553772
Edge-IIoTset,SNN_AE_T7,2,5,encoder,normal,5,0.49108049273490906
Edge-IIoTset,SNN_AE_T7,2,5,encoder,normal,6,0.5185033082962036
Edge-IIoTset,SNN_AE_T7,2,5,encoder,normal,7,0.4773074984550476
Edge-IIoTset,SNN_AE_T7,2,5,encoder,attack,1,0.2844172716140747
Edge-IIoTset,SNN_AE_T7,2,5,encoder,attack,2,0.338821679353714
Edge-IIoTset,SNN_AE_T7,2,5,encoder,attack,3,0.3353014588356018
Edge-IIoTset,SNN_AE_T7,2,5,encoder,attack,4,0.33586397767066956
Edge-IIoTset,SNN_AE_T7,2,5,encoder,attack,5,0.32808271050453186
Edge-IIoTset,SNN_AE_T7,2,5,encoder,attack,6,0.33982905745506287
Edge-IIoTset,SNN_AE_T7,2,5,encoder,attack,7,0.33035844564437866
Edge-IIoTset,SNN_AE_T7,2,5,decoder,normal,1,0.36916500329971313
Edge-IIoTset,SNN_AE_T7,2,5,decoder,normal,2,0.5872301459312439
Edge-IIoTset,SNN_AE_T7,2,5,decoder,normal,3,0.6023504137992859
Edge-IIoTset,SNN_AE_T7,2,5,decoder,normal,4,0.6011543273925781
Edge-IIoTset,SNN_AE_T7,2,5,decoder,normal,5,0.603988766670227
Edge-IIoTset,SNN_AE_T7,2,5,decoder,normal,6,0.6118465065956116
Edge-IIoTset,SNN_AE_T7,2,5,decoder,normal,7,0.6006038188934326
Edge-IIoTset,SNN_AE_T7,2,5,decoder,attack,1,0.291419118642807
Edge-IIoTset,SNN_AE_T7,2,5,decoder,attack,2,0.47316545248031616
Edge-IIoTset,SNN_AE_T7,2,5,decoder,attack,3,0.4711470603942871
Edge-IIoTset,SNN_AE_T7,2,5,decoder,attack,4,0.498136043548584
Edge-IIoTset,SNN_AE_T7,2,5,decoder,attack,5,0.4743088185787201
Edge-IIoTset,SNN_AE_T7,2,5,decoder,attack,6,0.4841341972351074
Edge-IIoTset,SNN_AE_T7,2,5,decoder,attack,7,0.4706580936908722
Edge-IIoTset,SNN_AE_noBN,2,5,encoder,normal,1,0.36917993426322937
Edge-IIoTset,SNN_AE_noBN,2,5,encoder,normal,2,0.507182240486145
Edge-IIoTset,SNN_AE_noBN,2,5,encoder,normal,3,0.4957287013530731
Edge-IIoTset,SNN_AE_noBN,2,5,encoder,attack,1,0.45005881786346436
Edge-IIoTset,SNN_AE_noBN,2,5,encoder,attack,2,0.48689523339271545
Edge-IIoTset,SNN_AE_noBN,2,5,encoder,attack,3,0.4882463216781616
Edge-IIoTset,SNN_AE_noBN,2,5,decoder,normal,1,0.41258883476257324
Edge-IIoTset,SNN_AE_noBN,2,5,decoder,normal,2,0.5336776971817017
Edge-IIoTset,SNN_AE_noBN,2,5,decoder,normal,3,0.5529161691665649
Edge-IIoTset,SNN_AE_noBN,2,5,decoder,attack,1,0.43146875500679016
Edge-IIoTset,SNN_AE_noBN,2,5,decoder,attack,2,0.508091926574707
Edge-IIoTset,SNN_AE_noBN,2,5,decoder,attack,3,0.5065202116966248
Edge-IIoTset,SNN_AE,2,6,encoder,normal,1,0.3749943971633911
Edge-IIoTset,SNN_AE,2,6,encoder,normal,2,0.48516201972961426
Edge-IIoTset,SNN_AE,2,6,encoder,normal,3,0.4764711260795593
Edge-IIoTset,SNN_AE,2,6,encoder,attack,1,0.4980110228061676
Edge-IIoTset,SNN_AE,2,6,encoder,attack,2,0.543549656867981
Edge-IIoTset,SNN_AE,2,6,encoder,attack,3,0.5445238947868347
Edge-IIoTset,SNN_AE,2,6,decoder,normal,1,0.41174617409706116
Edge-IIoTset,SNN_AE,2,6,decoder,normal,2,0.542406439781189
Edge-IIoTset,SNN_AE,2,6,decoder,normal,3,0.5545178055763245
Edge-IIoTset,SNN_AE,2,6,decoder,attack,1,0.45606064796447754
Edge-IIoTset,SNN_AE,2,6,decoder,attack,2,0.5489301681518555
Edge-IIoTset,SNN_AE,2,6,decoder,attack,3,0.5627224445343018
Edge-IIoTset,SNN_Dense,2,6,encoder,normal,1,0.2610035240650177
Edge-IIoTset,SNN_Dense,2,6,encoder,normal,2,0.4809284806251526
Edge-IIoTset,SNN_Dense,2,6,encoder,normal,3,0.46013742685317993
Edge-IIoTset,SNN_Dense,2,6,encoder,attack,1,0.3521727919578552
Edge-IIoTset,SNN_Dense,2,6,encoder,attack,2,0.39543381333351135
Edge-IIoTset,SNN_Dense,2,6,encoder,attack,3,0.3981139659881592
Edge-IIoTset,Dense_SNN,2,6,decoder,normal,1,0.43204113841056824
Edge-IIoTset,Dense_SNN,2,6,decoder,normal,2,0.6179186105728149
Edge-IIoTset,Dense_SNN,2,6,decoder,normal,3,0.5903649926185608
Edge-IIoTset,Dense_SNN,2,6,decoder,attack,1,0.554533064365387
Edge-IIoTset,Dense_SNN,2,6,decoder,attack,2,0.5866819620132446
Edge-IIoTset,Dense_SNN,2,6,decoder,attack,3,0.5865533351898193
Edge-IIoTset,SNN_AE_T2,2,6,encoder,normal,1,0.4178074300289154
Edge-IIoTset,SNN_AE_T2,2,6,encoder,normal,2,0.4900614023208618
Edge-IIoTset,SNN_AE_T2,2,6,encoder,attack,1,0.5377371311187744
Edge-IIoTset,SNN_AE_T2,2,6,encoder,attack,2,0.5670220851898193
Edge-IIoTset,SNN_AE_T2,2,6,decoder,normal,1,0.42861512303352356
Edge-IIoTset,SNN_AE_T2,2,6,decoder,normal,2,0.5319494009017944
Edge-IIoTset,SNN_AE_T2,2,6,decoder,attack,1,0.4792941212654114
Edge-IIoTset,SNN_AE_T2,2,6,decoder,attack,2,0.5477647185325623
Edge-IIoTset,SNN_AE_T5,2,6,encoder,normal,1,0.3001350164413452
Edge-IIoTset,SNN_AE_T5,2,6,encoder,normal,2,0.46464699506759644
Edge-IIoTset,SNN_AE_T5,2,6,encoder,normal,3,0.45251327753067017
Edge-IIoTset,SNN_AE_T5,2,6,encoder,normal,4,0.4562395513057709
Edge-IIoTset,SNN_AE_T5,2,6,encoder,normal,5,0.4399935007095337
Edge-IIoTset,SNN_AE_T5,2,6,encoder,attack,1,0.5027775764465332
Edge-IIoTset,SNN_AE_T5,2,6,encoder,attack,2,0.5481250286102295
Edge-IIoTset,SNN_AE_T5,2,6,encoder,attack,3,0.5452867746353149
Edge-IIoTset,SNN_AE_T5,2,6,encoder,attack,4,0.5484540462493896
Edge-IIoTset,SNN_AE_T5,2,6,encoder,attack,5,0.543928325176239
Edge-IIoTset,SNN_AE_T5,2,6,decoder,normal,1,0.34251537919044495
Edge-IIoTset,SNN_AE_T5,2,6,decoder,normal,2,0.5316565632820129
Edge-IIoTset,SNN_AE_T5,2,6,decoder,normal,3,0.545940637588501
Edge-IIoTset,SNN_AE_T5,2,6,decoder,normal,4,0.5510861873626709
Edge-IIoTset,SNN_AE_T5,2,6,decoder,normal,5,0.5463584065437317
Edge-IIoTset,SNN_AE_T5,2,6,decoder,attack,1,0.4473382234573364
Edge-IIoTset,SNN_AE_T5,2,6,decoder,attack,2,0.5982316136360168
Edge-IIoTset,SNN_AE_T5,2,6,decoder,attack,3,0.6033878922462463
Edge-IIoTset,SNN_AE_T5,2,6,decoder,attack,4,0.587775707244873
Edge-IIoTset,SNN_AE_T5,2,6,decoder,attack,5,0.5995073318481445
Edge-IIoTset,SNN_AE_T7,2,6,encoder,normal,1,0.2919663190841675
Edge-IIoTset,SNN_AE_T7,2,6,encoder,normal,2,0.497127890586853
Edge-IIoTset,SNN_AE_T7,2,6,encoder,normal,3,0.48255103826522827
Edge-IIoTset,SNN_AE_T7,2,6,encoder,normal,4,0.48244473338127136
Edge-IIoTset,SNN_AE_T7,2,6,encoder,normal,5,0.4678249657154083
Edge-IIoTset,SNN_AE_T7,2,6,encoder,normal,6,0.4921390116214752
Edge-IIoTset,SNN_AE_T7,2,6,encoder,normal,7,0.45263078808784485
Edge-IIoTset,SNN_AE_T7,2,6,encoder,attack,1,0.501862108707428
Edge-IIoTset,SNN_AE_T7,2,6,encoder,attack,2,0.5664485096931458
Edge-IIoTset,SNN_AE_T7,2,6,encoder,attack,3,0.5626341700553894
Edge-IIoTset,SNN_AE_T7,2,6,encoder,attack,4,0.5595625042915344
Edge-IIoTset,SNN_AE_T7,2,6,encoder,attack,5,0.5560956001281738
Edge-IIoTset,SNN_AE_T7,2,6,encoder,attack,6,0.5660238862037659
Edge-IIoTset,SNN_AE_T7,2,6,encoder,attack,7,0.5537150502204895
Edge-IIoTset,SNN_AE_T7,2,6,decoder,normal,1,0.37150683999061584
Edge-IIoTset,SNN_AE_T7,2,6,decoder,normal,2,0.5737180113792419
Edge-IIoTset,SNN_AE_T7,2,6,decoder,normal,3,0.5865771770477295
Edge-IIoTset,SNN_AE_T7,2,6,decoder,normal,4,0.5977709293365479
Edge-IIoTset,SNN_AE_T7,2,6,decoder,normal,5,0.5958574414253235
Edge-IIoTset,SNN_AE_T7,2,6,decoder,normal,6,0.603966474533081
Edge-IIoTset,SNN_AE_T7,2,6,decoder,normal,7,0.5914299488067627
Edge-IIoTset,SNN_AE_T7,2,6,decoder,attack,1,0.46852388978004456
Edge-IIoTset,SNN_AE_T7,2,6,decoder,attack,2,0.610080897808075
Edge-IIoTset,SNN_AE_T7,2,6,decoder,attack,3,0.6187922954559326
Edge-IIoTset,SNN_AE_T7,2,6,decoder,attack,4,0.6315422654151917
Edge-IIoTset,SNN_AE_T7,2,6,decoder,attack,5,0.6197022199630737
Edge-IIoTset,SNN_AE_T7,2,6,decoder,attack,6,0.6228033304214478
Edge-IIoTset,SNN_AE_T7,2,6,decoder,attack,7,0.6185312271118164
Edge-IIoTset,SNN_AE_noBN,2,6,encoder,normal,1,0.4494490921497345
Edge-IIoTset,SNN_AE_noBN,2,6,encoder,normal,2,0.5654821395874023
Edge-IIoTset,SNN_AE_noBN,2,6,encoder,normal,3,0.5544730424880981
Edge-IIoTset,SNN_AE_noBN,2,6,encoder,attack,1,0.49516358971595764
Edge-IIoTset,SNN_AE_noBN,2,6,encoder,attack,2,0.5144724249839783
Edge-IIoTset,SNN_AE_noBN,2,6,encoder,attack,3,0.5143529176712036
Edge-IIoTset,SNN_AE_noBN,2,6,decoder,normal,1,0.46381333470344543
Edge-IIoTset,SNN_AE_noBN,2,6,decoder,normal,2,0.5965866446495056
Edge-IIoTset,SNN_AE_noBN,2,6,decoder,normal,3,0.5990596413612366
Edge-IIoTset,SNN_AE_noBN,2,6,decoder,attack,1,0.46769118309020996
Edge-IIoTset,SNN_AE_noBN,2,6,decoder,attack,2,0.5577757358551025
Edge-IIoTset,SNN_AE_noBN,2,6,decoder,attack,3,0.5674356818199158
Edge-IIoTset,SNN_AE,2,7,encoder,normal,1,0.3773438334465027
Edge-IIoTset,SNN_AE,2,7,encoder,normal,2,0.49466851353645325
Edge-IIoTset,SNN_AE,2,7,encoder,normal,3,0.4847221076488495
Edge-IIoTset,SNN_AE,2,7,encoder,attack,1,0.5123547911643982
Edge-IIoTset,SNN_AE,2,7,encoder,attack,2,0.5479173064231873
Edge-IIoTset,SNN_AE,2,7,encoder,attack,3,0.5479264855384827
Edge-IIoTset,SNN_AE,2,7,decoder,normal,1,0.4204007685184479
Edge-IIoTset,SNN_AE,2,7,decoder,normal,2,0.5762420892715454
Edge-IIoTset,SNN_AE,2,7,decoder,normal,3,0.5826167464256287
Edge-IIoTset,SNN_AE,2,7,decoder,attack,1,0.4426654279232025
Edge-IIoTset,SNN_AE,2,7,decoder,attack,2,0.5400790572166443
Edge-IIoTset,SNN_AE,2,7,decoder,attack,3,0.5494264960289001
Edge-IIoTset,SNN_Dense,2,7,encoder,normal,1,0.2663975656032562
Edge-IIoTset,SNN_Dense,2,7,encoder,normal,2,0.4916118085384369
Edge-IIoTset,SNN_Dense,2,7,encoder,normal,3,0.47123193740844727
Edge-IIoTset,SNN_Dense,2,7,encoder,attack,1,0.5198878645896912
Edge-IIoTset,SNN_Dense,2,7,encoder,attack,2,0.5800937414169312
Edge-IIoTset,SNN_Dense,2,7,encoder,attack,3,0.5729081034660339
Edge-IIoTset,Dense_SNN,2,7,decoder,normal,1,0.42499327659606934
Edge-IIoTset,Dense_SNN,2,7,decoder,normal,2,0.6122264266014099
Edge-IIoTset,Dense_SNN,2,7,decoder,normal,3,0.5980178117752075
Edge-IIoTset,Dense_SNN,2,7,decoder,attack,1,0.5790073275566101
Edge-IIoTset,Dense_SNN,2,7,decoder,attack,2,0.6120073795318604
Edge-IIoTset,Dense_SNN,2,7,decoder,attack,3,0.6052481532096863
Edge-IIoTset,SNN_AE_T2,2,7,encoder,normal,1,0.4396367073059082
Edge-IIoTset,SNN_AE_T2,2,7,encoder,normal,2,0.5013771653175354
Edge-IIoTset,SNN_AE_T2,2,7,encoder,attack,1,0.5287702083587646
Edge-IIoTset,SNN_AE_T2,2,7,encoder,attack,2,0.5486966967582703
Edge-IIoTset,SNN_AE_T2,2,7,decoder,normal,1,0.4844496548175812
Edge-IIoTset,SNN_AE_T2,2,7,decoder,normal,2,0.5734671950340271
Edge-IIoTset,SNN_AE_T2,2,7,decoder,attack,1,0.4783860146999359
Edge-IIoTset,SNN_AE_T2,2,7,decoder,attack,2,0.550783097743988
Edge-IIoTset,SNN_AE_T5,2,7,encoder,normal,1,0.31581610441207886
Edge-IIoTset,SNN_AE_T5,2,7,encoder,normal,2,0.4909549355506897
Edge-IIoTset,SNN_AE_T5,2,7,encoder,normal,3,0.47985899448394775
Edge-IIoTset,SNN_AE_T5,2,7,encoder,normal,4,0.4811130166053772
Edge-IIoTset,SNN_AE_T5,2,7,encoder,normal,5,0.46670472621917725
Edge-IIoTset,SNN_AE_T5,2,7,encoder,attack,1,0.458858460187912
Edge-IIoTset,SNN_AE_T5,2,7,encoder,attack,2,0.499595582485199
Edge-IIoTset,SNN_AE_T5,2,7,encoder,attack,3,0.4987757205963135
Edge-IIoTset,SNN_AE_T5,2,7,encoder,attack,4,0.5033014416694641
Edge-IIoTset,SNN_AE_T5,2,7,encoder,attack,5,0.49899816513061523
Edge-IIoTset,SNN_AE_T5,2,7,decoder,normal,1,0.37894684076309204
Edge-IIoTset,SNN_AE_T5,2,7,decoder,normal,2,0.5750477910041809
Edge-IIoTset,SNN_AE_T5,2,7,decoder,normal,3,0.5893926024436951
Edge-IIoTset,SNN_AE_T5,2,7,decoder,normal,4,0.5958344340324402
Edge-IIoTset,SNN_AE_T5,2,7,decoder,normal,5,0.5958512425422668
Edge-IIoTset,SNN_AE_T5,2,7,decoder,attack,1,0.4257867634296417
Edge-IIoTset,SNN_AE_T5,2,7,decoder,attack,2,0.5792849063873291
Edge-IIoTset,SNN_AE_T5,2,7,decoder,attack,3,0.584979772567749
Edge-IIoTset,SNN_AE_T5,2,7,decoder,attack,4,0.5815974473953247
Edge-IIoTset,SNN_AE_T5,2,7,decoder,attack,5,0.5757996439933777
Edge-IIoTset,SNN_AE_T7,2,7,encoder,normal,1,0.29614534974098206
Edge-IIoTset,SNN_AE_T7,2,7,encoder,normal,2,0.4865061044692993
Edge-IIoTset,SNN_AE_T7,2,7,encoder,normal,3,0.47206610441207886
Edge-IIoTset,SNN_AE_T7,2,7,encoder,normal,4,0.48139479756355286
Edge-IIoTset,SNN_AE_T7,2,7,encoder,normal,5,0.4624294638633728
Edge-IIoTset,SNN_AE_T7,2,7,encoder,normal,6,0.491781622171402
Edge-IIoTset,SNN_AE_T7,2,7,encoder,normal,7,0.44655439257621765
Edge-IIoTset,SNN_AE_T7,2,7,encoder,attack,1,0.5004246234893799
Edge-IIoTset,SNN_AE_T7,2,7,encoder,attack,2,0.5694411993026733
Edge-IIoTset,SNN_AE_T7,2,7,encoder,attack,3,0.5658327341079712
Edge-IIoTset,SNN_AE_T7,2,7,encoder,attack,4,0.5703511238098145
Edge-IIoTset,SNN_AE_T7,2,7,encoder,attack,5,0.5629209280014038
Edge-IIoTset,SNN_AE_T7,2,7,encoder,attack,6,0.5731121301651001
Edge-IIoTset,SNN_AE_T7,2,7,encoder,attack,7,0.5584301352500916
Edge-IIoTset,SNN_AE_T7,2,7,decoder,normal,1,0.3662833571434021
Edge-IIoTset,SNN_AE_T7,2,7,decoder,normal,2,0.6008617877960205
Edge-IIoTset,SNN_AE_T7,2,7,decoder,normal,3,0.6129449009895325
Edge-IIoTset,SNN_AE_T7,2,7,decoder,normal,4,0.6230200529098511
Edge-IIoTset,SNN_AE_T7,2,7,decoder,normal,5,0.6163673400878906
Edge-IIoTset,SNN_AE_T7,2,7,decoder,normal,6,0.6253303289413452
Edge-IIoTset,SNN_AE_T7,2,7,decoder,normal,7,0.6167536377906799
Edge-IIoTset,SNN_AE_T7,2,7,decoder,attack,1,0.47209927439689636
Edge-IIoTset,SNN_AE_T7,2,7,decoder,attack,2,0.6304779648780823
Edge-IIoTset,SNN_AE_T7,2,7,decoder,attack,3,0.6055367588996887
Edge-IIoTset,SNN_AE_T7,2,7,decoder,attack,4,0.641707718372345
Edge-IIoTset,SNN_AE_T7,2,7,decoder,attack,5,0.6248400807380676
Edge-IIoTset,SNN_AE_T7,2,7,decoder,attack,6,0.6216654181480408
Edge-IIoTset,SNN_AE_T7,2,7,decoder,attack,7,0.6200312376022339
Edge-IIoTset,SNN_AE_noBN,2,7,encoder,normal,1,0.4584956765174866
Edge-IIoTset,SNN_AE_noBN,2,7,encoder,normal,2,0.5612198710441589
Edge-IIoTset,SNN_AE_noBN,2,7,encoder,normal,3,0.5529454946517944
Edge-IIoTset,SNN_AE_noBN,2,7,encoder,attack,1,0.42891359329223633
Edge-IIoTset,SNN_AE_noBN,2,7,encoder,attack,2,0.4637095630168915
Edge-IIoTset,SNN_AE_noBN,2,7,encoder,attack,3,0.4566452205181122
Edge-IIoTset,SNN_AE_noBN,2,7,decoder,normal,1,0.41024163365364075
Edge-IIoTset,SNN_AE_noBN,2,7,decoder,normal,2,0.529279351234436
Edge-IIoTset,SNN_AE_noBN,2,7,decoder,normal,3,0.5445833802223206
Edge-IIoTset,SNN_AE_noBN,2,7,decoder,attack,1,0.4222021996974945
Edge-IIoTset,SNN_AE_noBN,2,7,decoder,attack,2,0.50589519739151
Edge-IIoTset,SNN_AE_noBN,2,7,decoder,attack,3,0.4957922697067261
Edge-IIoTset,SNN_AE,2,8,encoder,normal,1,0.38410574197769165
Edge-IIoTset,SNN_AE,2,8,encoder,normal,2,0.4787280559539795
Edge-IIoTset,SNN_AE,2,8,encoder,normal,3,0.47148337960243225
Edge-IIoTset,SNN_AE,2,8,encoder,attack,1,0.32984375953674316
Edge-IIoTset,SNN_AE,2,8,encoder,attack,2,0.356740802526474
Edge-IIoTset,SNN_AE,2,8,encoder,attack,3,0.35531800985336304
Edge-IIoTset,SNN_AE,2,8,decoder,normal,1,0.42446884512901306
Edge-IIoTset,SNN_AE,2,8,decoder,normal,2,0.5556046366691589
Edge-IIoTset,SNN_AE,2,8,decoder,normal,3,0.5624796748161316
Edge-IIoTset,SNN_AE,2,8,decoder,attack,1,0.31764888763427734
Edge-IIoTset,SNN_AE,2,8,decoder,attack,2,0.4612426459789276
Edge-IIoTset,SNN_AE,2,8,decoder,attack,3,0.4505477845668793
Edge-IIoTset,SNN_Dense,2,8,encoder,normal,1,0.251971960067749
Edge-IIoTset,SNN_Dense,2,8,encoder,normal,2,0.4468090236186981
Edge-IIoTset,SNN_Dense,2,8,encoder,normal,3,0.4377790689468384
Edge-IIoTset,SNN_Dense,2,8,encoder,attack,1,0.37343382835388184
Edge-IIoTset,SNN_Dense,2,8,encoder,attack,2,0.4397408068180084
Edge-IIoTset,SNN_Dense,2,8,encoder,attack,3,0.4385257363319397
Edge-IIoTset,Dense_SNN,2,8,decoder,normal,1,0.4810603857040405
Edge-IIoTset,Dense_SNN,2,8,decoder,normal,2,0.6361386775970459
Edge-IIoTset,Dense_SNN,2,8,decoder,normal,3,0.6182321310043335
Edge-IIoTset,Dense_SNN,2,8,decoder,attack,1,0.46099814772605896
Edge-IIoTset,Dense_SNN,2,8,decoder,attack,2,0.5154154300689697
Edge-IIoTset,Dense_SNN,2,8,decoder,attack,3,0.4927352964878082
Edge-IIoTset,SNN_AE_T2,2,8,encoder,normal,1,0.43230122327804565
Edge-IIoTset,SNN_AE_T2,2,8,encoder,normal,2,0.4940545856952667
Edge-IIoTset,SNN_AE_T2,2,8,encoder,attack,1,0.3331746459007263
Edge-IIoTset,SNN_AE_T2,2,8,encoder,attack,2,0.35113051533699036
Edge-IIoTset,SNN_AE_T2,2,8,decoder,normal,1,0.4763365685939789
Edge-IIoTset,SNN_AE_T2,2,8,decoder,normal,2,0.5662147402763367
Edge-IIoTset,SNN_AE_T2,2,8,decoder,attack,1,0.39997610449790955
Edge-IIoTset,SNN_AE_T2,2,8,decoder,attack,2,0.4991176426410675
Edge-IIoTset,SNN_AE_T5,2,8,encoder,normal,1,0.3514825701713562
Edge-IIoTset,SNN_AE_T5,2,8,encoder,normal,2,0.5063501596450806
Edge-IIoTset,SNN_AE_T5,2,8,encoder,normal,3,0.49926814436912537
Edge-IIoTset,SNN_AE_T5,2,8,encoder,normal,4,0.4971649646759033
Edge-IIoTset,SNN_AE_T5,2,8,encoder,normal,5,0.4847289025783539
Edge-IIoTset,SNN_AE_T5,2,8,encoder,attack,1,0.33304595947265625
Edge-IIoTset,SNN_AE_T5,2,8,encoder,attack,2,0.3968510925769806
Edge-IIoTset,SNN_AE_T5,2,8,encoder,attack,3,0.3896360397338867
Edge-IIoTset,SNN_AE_T5,2,8,encoder,attack,4,0.3984319865703583
Edge-IIoTset,SNN_AE_T5,2,8,encoder,attack,5,0.3852224349975586
Edge-IIoTset,SNN_AE_T5,2,8,decoder,normal,1,0.4365241825580597
Edge-IIoTset,SNN_AE_T5,2,8,decoder,normal,2,0.5939995050430298
Edge-IIoTset,SNN_AE_T5,2,8,decoder,normal,3,0.6089656352996826
Edge-IIoTset,SNN_AE_T5,2,8,decoder,normal,4,0.6070953607559204
Edge-IIoTset,SNN_AE_T5,2,8,decoder,normal,5,0.6071988344192505
Edge-IIoTset,SNN_AE_T5,2,8,decoder,attack,1,0.3770257234573364
Edge-IIoTset,SNN_AE_T5,2,8,decoder,attack,2,0.5317316055297852
Edge-IIoTset,SNN_AE_T5,2,8,decoder,attack,3,0.53286212682724
Edge-IIoTset,SNN_AE_T5,2,8,decoder,attack,4,0.551283061504364
Edge-IIoTset,SNN_AE_T5,2,8,decoder,attack,5,0.5396636128425598
Edge-IIoTset,SNN_AE_T7,2,8,encoder,normal,1,0.3068890869617462
Edge-IIoTset,SNN_AE_T7,2,8,encoder,normal,2,0.5107172727584839
Edge-IIoTset,SNN_AE_T7,2,8,encoder,normal,3,0.49019014835357666
Edge-IIoTset,SNN_AE_T7,2,8,encoder,normal,4,0.49418577551841736
Edge-IIoTset,SNN_AE_T7,2,8,encoder,normal,5,0.4786190092563629
Edge-IIoTset,SNN_AE_T7,2,8,encoder,normal,6,0.5063686370849609
Edge-IIoTset,SNN_AE_T7,2,8,encoder,normal,7,0.46622729301452637
Edge-IIoTset,SNN_AE_T7,2,8,encoder,attack,1,0.2642536759376526
Edge-IIoTset,SNN_AE_T7,2,8,encoder,attack,2,0.3233547806739807
Edge-IIoTset,SNN_AE_T7,2,8,encoder,attack,3,0.31922242045402527
Edge-IIoTset,SNN_AE_T7,2,8,encoder,attack,4,0.32351839542388916
Edge-IIoTset,SNN_AE_T7,2,8,encoder,attack,5,0.31470221281051636
Edge-IIoTset,SNN_AE_T7,2,8,encoder,attack,6,0.3210661709308624
Edge-IIoTset,SNN_AE_T7,2,8,encoder,attack,7,0.3141360282897949
Edge-IIoTset,SNN_AE_T7,2,8,decoder,normal,1,0.373238742351532
Edge-IIoTset,SNN_AE_T7,2,8,decoder,normal,2,0.5833690762519836
Edge-IIoTset,SNN_AE_T7,2,8,decoder,normal,3,0.6067293882369995
Edge-IIoTset,SNN_AE_T7,2,8,decoder,normal,4,0.6135268211364746
Edge-IIoTset,SNN_AE_T7,2,8,decoder,normal,5,0.6088547706604004
Edge-IIoTset,SNN_AE_T7,2,8,decoder,normal,6,0.6213425397872925
Edge-IIoTset,SNN_AE_T7,2,8,decoder,normal,7,0.6086810231208801
Edge-IIoTset,SNN_AE_T7,2,8,decoder,attack,1,0.32196691632270813
Edge-IIoTset,SNN_AE_T7,2,8,decoder,attack,2,0.5251396894454956
Edge-IIoTset,SNN_AE_T7,2,8,decoder,attack,3,0.5020661950111389
Edge-IIoTset,SNN_AE_T7,2,8,decoder,attack,4,0.5419264435768127
Edge-IIoTset,SNN_AE_T7,2,8,decoder,attack,5,0.5005367398262024
Edge-IIoTset,SNN_AE_T7,2,8,decoder,attack,6,0.5414136052131653
Edge-IIoTset,SNN_AE_T7,2,8,decoder,attack,7,0.49683454632759094
Edge-IIoTset,SNN_AE_noBN,2,8,encoder,normal,1,0.44332531094551086
Edge-IIoTset,SNN_AE_noBN,2,8,encoder,normal,2,0.5687374472618103
Edge-IIoTset,SNN_AE_noBN,2,8,encoder,normal,3,0.5638214349746704
Edge-IIoTset,SNN_AE_noBN,2,8,encoder,attack,1,0.47321873903274536
Edge-IIoTset,SNN_AE_noBN,2,8,encoder,attack,2,0.5170900821685791
Edge-IIoTset,SNN_AE_noBN,2,8,encoder,attack,3,0.5151305198669434
Edge-IIoTset,SNN_AE_noBN,2,8,decoder,normal,1,0.4369511008262634
Edge-IIoTset,SNN_AE_noBN,2,8,decoder,normal,2,0.5435881018638611
Edge-IIoTset,SNN_AE_noBN,2,8,decoder,normal,3,0.555767297744751
Edge-IIoTset,SNN_AE_noBN,2,8,decoder,attack,1,0.4917077124118805
Edge-IIoTset,SNN_AE_noBN,2,8,decoder,attack,2,0.5730459690093994
Edge-IIoTset,SNN_AE_noBN,2,8,decoder,attack,3,0.5702168941497803
Edge-IIoTset,SNN_AE,2,9,encoder,normal,1,0.3966226279735565
Edge-IIoTset,SNN_AE,2,9,encoder,normal,2,0.4986702501773834
Edge-IIoTset,SNN_AE,2,9,encoder,normal,3,0.4909301996231079
Edge-IIoTset,SNN_AE,2,9,encoder,attack,1,0.48081985116004944
Edge-IIoTset,SNN_AE,2,9,encoder,attack,2,0.510884165763855
Edge-IIoTset,SNN_AE,2,9,encoder,attack,3,0.5084319710731506
Edge-IIoTset,SNN_AE,2,9,decoder,normal,1,0.37590789794921875
Edge-IIoTset,SNN_AE,2,9,decoder,normal,2,0.5075272917747498
Edge-IIoTset,SNN_AE,2,9,decoder,normal,3,0.5143135786056519
Edge-IIoTset,SNN_AE,2,9,decoder,attack,1,0.44322794675827026
Edge-IIoTset,SNN_AE,2,9,decoder,attack,2,0.5196029543876648
Edge-IIoTset,SNN_AE,2,9,decoder,attack,3,0.5246507525444031
Edge-IIoTset,SNN_Dense,2,9,encoder,normal,1,0.24691681563854218
Edge-IIoTset,SNN_Dense,2,9,encoder,normal,2,0.52110356092453
Edge-IIoTset,SNN_Dense,2,9,encoder,normal,3,0.49470484256744385
Edge-IIoTset,SNN_Dense,2,9,encoder,attack,1,0.4840385913848877
Edge-IIoTset,SNN_Dense,2,9,encoder,attack,2,0.5500202178955078
Edge-IIoTset,SNN_Dense,2,9,encoder,attack,3,0.5389007329940796
Edge-IIoTset,Dense_SNN,2,9,decoder,normal,1,0.47091978788375854
Edge-IIoTset,Dense_SNN,2,9,decoder,normal,2,0.6486511826515198
Edge-IIoTset,Dense_SNN,2,9,decoder,normal,3,0.6153102517127991
Edge-IIoTset,Dense_SNN,2,9,decoder,attack,1,0.6512554883956909
Edge-IIoTset,Dense_SNN,2,9,decoder,attack,2,0.6778033375740051
Edge-IIoTset,Dense_SNN,2,9,decoder,attack,3,0.6826176643371582
Edge-IIoTset,SNN_AE_T2,2,9,encoder,normal,1,0.45560476183891296
Edge-IIoTset,SNN_AE_T2,2,9,encoder,normal,2,0.5250799655914307
Edge-IIoTset,SNN_AE_T2,2,9,encoder,attack,1,0.40829595923423767
Edge-IIoTset,SNN_AE_T2,2,9,encoder,attack,2,0.4273988902568817
Edge-IIoTset,SNN_AE_T2,2,9,decoder,normal,1,0.44603607058525085
Edge-IIoTset,SNN_AE_T2,2,9,decoder,normal,2,0.5639434456825256
Edge-IIoTset,SNN_AE_T2,2,9,decoder,attack,1,0.46159374713897705
Edge-IIoTset,SNN_AE_T2,2,9,decoder,attack,2,0.5812812447547913
Edge-IIoTset,SNN_AE_T5,2,9,encoder,normal,1,0.30487000942230225
Edge-IIoTset,SNN_AE_T5,2,9,encoder,normal,2,0.48014548420906067
Edge-IIoTset,SNN_AE_T5,2,9,encoder,normal,3,0.4610447883605957
Edge-IIoTset,SNN_AE_T5,2,9,encoder,normal,4,0.4663197696208954
Edge-IIoTset,SNN_AE_T5,2,9,encoder,normal,5,0.45371007919311523
Edge-IIoTset,SNN_AE_T5,2,9,encoder,attack,1,0.35880330204963684
Edge-IIoTset,SNN_AE_T5,2,9,encoder,attack,2,0.4158805012702942
Edge-IIoTset,SNN_AE_T5,2,9,encoder,attack,3,0.41101470589637756
Edge-IIoTset,SNN_AE_T5,2,9,encoder,attack,4,0.41013604402542114
Edge-IIoTset,SNN_AE_T5,2,9,encoder,attack,5,0.4096452295780182
Edge-IIoTset,SNN_AE_T5,2,9,decoder,normal,1,0.3577444553375244
Edge-IIoTset,SNN_AE_T5,2,9,decoder,normal,2,0.5562785863876343
Edge-IIoTset,SNN_AE_T5,2,9,decoder,normal,3,0.5695724487304688
Edge-IIoTset,SNN_AE_T5,2,9,decoder,normal,4,0.5769456624984741
Edge-IIoTset,SNN_AE_T5,2,9,decoder,normal,5,0.575782835483551
Edge-IIoTset,SNN_AE_T5,2,9,decoder,attack,1,0.38677021861076355
Edge-IIoTset,SNN_AE_T5,2,9,decoder,attack,2,0.4962683916091919
Edge-IIoTset,SNN_AE_T5,2,9,decoder,attack,3,0.5159503817558289
Edge-IIoTset,SNN_AE_T5,2,9,decoder,attack,4,0.5118621587753296
Edge-IIoTset,SNN_AE_T5,2,9,decoder,attack,5,0.5195091962814331
Edge-IIoTset,SNN_AE_T7,2,9,encoder,normal,1,0.27313026785850525
Edge-IIoTset,SNN_AE_T7,2,9,encoder,normal,2,0.4669286906719208
Edge-IIoTset,SNN_AE_T7,2,9,encoder,normal,3,0.45285722613334656
Edge-IIoTset,SNN_AE_T7,2,9,encoder,normal,4,0.4550471603870392
Edge-IIoTset,SNN_AE_T7,2,9,encoder,normal,5,0.43991556763648987
Edge-IIoTset,SNN_AE_T7,2,9,encoder,normal,6,0.46684983372688293
Edge-IIoTset,SNN_AE_T7,2,9,encoder,normal,7,0.4261412024497986
Edge-IIoTset,SNN_AE_T7,2,9,encoder,attack,1,0.2564025819301605
Edge-IIoTset,SNN_AE_T7,2,9,encoder,attack,2,0.3098805248737335
Edge-IIoTset,SNN_AE_T7,2,9,encoder,attack,3,0.3059779405593872
Edge-IIoTset,SNN_AE_T7,2,9,encoder,attack,4,0.3116709589958191
Edge-IIoTset,SNN_AE_T7,2,9,encoder,attack,5,0.30282169580459595
Edge-IIoTset,SNN_AE_T7,2,9,encoder,attack,6,0.31520405411720276
Edge-IIoTset,SNN_AE_T7,2,9,encoder,attack,7,0.300529420375824
Edge-IIoTset,SNN_AE_T7,2,9,decoder,normal,1,0.31748518347740173
Edge-IIoTset,SNN_AE_T7,2,9,decoder,normal,2,0.5672063827514648
Edge-IIoTset,SNN_AE_T7,2,9,decoder,normal,3,0.57912278175354
Edge-IIoTset,SNN_AE_T7,2,9,decoder,normal,4,0.5885336995124817
Edge-IIoTset,SNN_AE_T7,2,9,decoder,normal,5,0.5842730402946472
Edge-IIoTset,SNN_AE_T7,2,9,decoder,normal,6,0.5935189127922058
Edge-IIoTset,SNN_AE_T7,2,9,decoder,normal,7,0.581299901008606
Edge-IIoTset,SNN_AE_T7,2,9,decoder,attack,1,0.3128492534160614
Edge-IIoTset,SNN_AE_T7,2,9,decoder,attack,2,0.49503859877586365
Edge-IIoTset,SNN_AE_T7,2,9,decoder,attack,3,0.5049558877944946
Edge-IIoTset,SNN_AE_T7,2,9,decoder,attack,4,0.5082021951675415
Edge-IIoTset,SNN_AE_T7,2,9,decoder,attack,5,0.505545973777771
Edge-IIoTset,SNN_AE_T7,2,9,decoder,attack,6,0.5232445001602173
Edge-IIoTset,SNN_AE_T7,2,9,decoder,attack,7,0.4965147078037262
Edge-IIoTset,SNN_AE_noBN,2,9,encoder,normal,1,0.4518704414367676
Edge-IIoTset,SNN_AE_noBN,2,9,encoder,normal,2,0.5531055331230164
Edge-IIoTset,SNN_AE_noBN,2,9,encoder,normal,3,0.5479809641838074
Edge-IIoTset,SNN_AE_noBN,2,9,encoder,attack,1,0.5210624933242798
Edge-IIoTset,SNN_AE_noBN,2,9,encoder,attack,2,0.5678161978721619
Edge-IIoTset,SNN_AE_noBN,2,9,encoder,attack,3,0.5617169141769409
Edge-IIoTset,SNN_AE_noBN,2,9,decoder,normal,1,0.46702590584754944
Edge-IIoTset,SNN_AE_noBN,2,9,decoder,normal,2,0.5650494694709778
Edge-IIoTset,SNN_AE_noBN,2,9,decoder,normal,3,0.5819418430328369
Edge-IIoTset,SNN_AE_noBN,2,9,decoder,attack,1,0.4695698618888855
Edge-IIoTset,SNN_AE_noBN,2,9,decoder,attack,2,0.583367645740509
Edge-IIoTset,SNN_AE_noBN,2,9,decoder,attack,3,0.5896856784820557
CICIoT2023,SNN_AE,0,0,encoder,normal,1,0.029756566509604454
CICIoT2023,SNN_AE,0,0,encoder,normal,2,0.47583308815956116
CICIoT2023,SNN_AE,0,0,encoder,normal,3,0.4297228455543518
CICIoT2023,SNN_AE,0,0,encoder,attack,1,0.11941764503717422
CICIoT2023,SNN_AE,0,0,encoder,attack,2,0.36627793312072754
CICIoT2023,SNN_AE,0,0,encoder,attack,3,0.3705735206604004
CICIoT2023,SNN_AE,0,0,decoder,normal,1,0.01326787006109953
CICIoT2023,SNN_AE,0,0,decoder,normal,2,0.3607933819293976
CICIoT2023,SNN_AE,0,0,decoder,normal,3,0.4005891978740692
CICIoT2023,SNN_AE,0,0,decoder,attack,1,0.0572102926671505
CICIoT2023,SNN_AE,0,0,decoder,attack,2,0.32243824005126953
CICIoT2023,SNN_AE,0,0,decoder,attack,3,0.3755985200405121
CICIoT2023,SNN_Dense,0,0,encoder,normal,1,0.009710242971777916
CICIoT2023,SNN_Dense,0,0,encoder,normal,2,0.37281882762908936
CICIoT2023,SNN_Dense,0,0,encoder,normal,3,0.39166563749313354
CICIoT2023,SNN_Dense,0,0,encoder,attack,1,0.07177548855543137
CICIoT2023,SNN_Dense,0,0,encoder,attack,2,0.34459802508354187
CICIoT2023,SNN_Dense,0,0,encoder,attack,3,0.3628205955028534
CICIoT2023,Dense_SNN,0,0,decoder,normal,1,0.00703434506431222
CICIoT2023,Dense_SNN,0,0,decoder,normal,2,0.3793920874595642
CICIoT2023,Dense_SNN,0,0,decoder,normal,3,0.3635721206665039
CICIoT2023,Dense_SNN,0,0,decoder,attack,1,0.12589509785175323
CICIoT2023,Dense_SNN,0,0,decoder,attack,2,0.340677946805954
CICIoT2023,Dense_SNN,0,0,decoder,attack,3,0.3612578511238098
CICIoT2023,SNN_AE_T2,0,0,encoder,normal,1,0.824196457862854
CICIoT2023,SNN_AE_T2,0,0,encoder,normal,2,0.9011467695236206
CICIoT2023,SNN_AE_T2,0,0,encoder,attack,1,0.6422519683837891
CICIoT2023,SNN_AE_T2,0,0,encoder,attack,2,0.713205873966217
CICIoT2023,SNN_AE_T2,0,0,decoder,normal,1,0.3092518746852875
CICIoT2023,SNN_AE_T2,0,0,decoder,normal,2,0.4515262842178345
CICIoT2023,SNN_AE_T2,0,0,decoder,attack,1,0.19247695803642273
CICIoT2023,SNN_AE_T2,0,0,decoder,attack,2,0.37946420907974243
CICIoT2023,SNN_AE_T5,0,0,encoder,normal,1,0.009485057555139065
CICIoT2023,SNN_AE_T5,0,0,encoder,normal,2,0.3690018951892853
CICIoT2023,SNN_AE_T5,0,0,encoder,normal,3,0.37602698802948
CICIoT2023,SNN_AE_T5,0,0,encoder,normal,4,0.3705601692199707
CICIoT2023,SNN_AE_T5,0,0,encoder,normal,5,0.3530483841896057
CICIoT2023,SNN_AE_T5,0,0,encoder,attack,1,0.05327647179365158
CICIoT2023,SNN_AE_T5,0,0,encoder,attack,2,0.2337009757757187
CICIoT2023,SNN_AE_T5,0,0,encoder,attack,3,0.23394069075584412
CICIoT2023,SNN_AE_T5,0,0,encoder,attack,4,0.2491612732410431
CICIoT2023,SNN_AE_T5,0,0,encoder,attack,5,0.22912009060382843
CICIoT2023,SNN_AE_T5,0,0,decoder,normal,1,0.0006828656769357622
CICIoT2023,SNN_AE_T5,0,0,decoder,normal,2,0.2607152760028839
CICIoT2023,SNN_AE_T5,0,0,decoder,normal,3,0.2877262532711029
CICIoT2023,SNN_AE_T5,0,0,decoder,normal,4,0.3099054992198944
CICIoT2023,SNN_AE_T5,0,0,decoder,normal,5,0.29395928978919983
CICIoT2023,SNN_AE_T5,0,0,decoder,attack,1,0.014666176401078701
CICIoT2023,SNN_AE_T5,0,0,decoder,attack,2,0.19989117980003357
CICIoT2023,SNN_AE_T5,0,0,decoder,attack,3,0.26463234424591064
CICIoT2023,SNN_AE_T5,0,0,decoder,attack,4,0.2957730293273926
CICIoT2023,SNN_AE_T5,0,0,decoder,attack,5,0.2936289310455322
CICIoT2023,SNN_AE_T7,0,0,encoder,normal,1,0.0006550831603817642
CICIoT2023,SNN_AE_T7,0,0,encoder,normal,2,0.10025794059038162
CICIoT2023,SNN_AE_T7,0,0,encoder,normal,3,0.14616785943508148
CICIoT2023,SNN_AE_T7,0,0,encoder,normal,4,0.13849890232086182
CICIoT2023,SNN_AE_T7,0,0,encoder,normal,5,0.14061379432678223
CICIoT2023,SNN_AE_T7,0,0,encoder,normal,6,0.15559296309947968
CICIoT2023,SNN_AE_T7,0,0,encoder,normal,7,0.12549959123134613
CICIoT2023,SNN_AE_T7,0,0,encoder,attack,1,0.1391504853963852
CICIoT2023,SNN_AE_T7,0,0,encoder,attack,2,0.24658235907554626
CICIoT2023,SNN_AE_T7,0,0,encoder,attack,3,0.26470834016799927
CICIoT2023,SNN_AE_T7,0,0,encoder,attack,4,0.26440295577049255
CICIoT2023,SNN_AE_T7,0,0,encoder,attack,5,0.26467499136924744
CICIoT2023,SNN_AE_T7,0,0,encoder,attack,6,0.274077445268631
CICIoT2023,SNN_AE_T7,0,0,encoder,attack,7,0.2541857957839966
CICIoT2023,SNN_AE_T7,0,0,decoder,normal,1,0.0001184413704322651
CICIoT2023,SNN_AE_T7,0,0,decoder,normal,2,0.1251160055398941
CICIoT2023,SNN_AE_T7,0,0,decoder,normal,3,0.2313125878572464
CICIoT2023,SNN_AE_T7,0,0,decoder,normal,4,0.23301658034324646
CICIoT2023,SNN_AE_T7,0,0,decoder,normal,5,0.23963028192520142
CICIoT2023,SNN_AE_T7,0,0,decoder,normal,6,0.2544325292110443
CICIoT2023,SNN_AE_T7,0,0,decoder,normal,7,0.23180048167705536
CICIoT2023,SNN_AE_T7,0,0,decoder,attack,1,0.040564216673374176
CICIoT2023,SNN_AE_T7,0,0,decoder,attack,2,0.2026931345462799
CICIoT2023,SNN_AE_T7,0,0,decoder,attack,3,0.27381470799446106
CICIoT2023,SNN_AE_T7,0,0,decoder,attack,4,0.2595956027507782
CICIoT2023,SNN_AE_T7,0,0,decoder,attack,5,0.266071081161499
CICIoT2023,SNN_AE_T7,0,0,decoder,attack,6,0.2723284363746643
CICIoT2023,SNN_AE_T7,0,0,decoder,attack,7,0.26557794213294983
CICIoT2023,SNN_AE_noBN,0,0,encoder,normal,1,0.012353483587503433
CICIoT2023,SNN_AE_noBN,0,0,encoder,normal,2,0.4475212097167969
CICIoT2023,SNN_AE_noBN,0,0,encoder,normal,3,0.4245148301124573
CICIoT2023,SNN_AE_noBN,0,0,encoder,attack,1,0.085958331823349
CICIoT2023,SNN_AE_noBN,0,0,encoder,attack,2,0.40213480591773987
CICIoT2023,SNN_AE_noBN,0,0,encoder,attack,3,0.41007694602012634
CICIoT2023,SNN_AE_noBN,0,0,decoder,normal,1,0.0030668028630316257
CICIoT2023,SNN_AE_noBN,0,0,decoder,normal,2,0.3564753830432892
CICIoT2023,SNN_AE_noBN,0,0,decoder,normal,3,0.3748094141483307
CICIoT2023,SNN_AE_noBN,0,0,decoder,attack,1,0.048311274498701096
CICIoT2023,SNN_AE_noBN,0,0,decoder,attack,2,0.30576765537261963
CICIoT2023,SNN_AE_noBN,0,0,decoder,attack,3,0.37130245566368103
CICIoT2023,SNN_AE,0,1,encoder,normal,1,0.01979384385049343
CICIoT2023,SNN_AE,0,1,encoder,normal,2,0.45957493782043457
CICIoT2023,SNN_AE,0,1,encoder,normal,3,0.44674816727638245
CICIoT2023,SNN_AE,0,1,encoder,attack,1,0.21982745826244354
CICIoT2023,SNN_AE,0,1,encoder,attack,2,0.4840411841869354
CICIoT2023,SNN_AE,0,1,encoder,attack,3,0.45606470108032227
CICIoT2023,SNN_AE,0,1,decoder,normal,1,0.002157290233299136
CICIoT2023,SNN_AE,0,1,decoder,normal,2,0.3347660005092621
CICIoT2023,SNN_AE,0,1,decoder,normal,3,0.3777860403060913
CICIoT2023,SNN_AE,0,1,decoder,attack,1,0.06964411586523056
CICIoT2023,SNN_AE,0,1,decoder,attack,2,0.3401225507259369
CICIoT2023,SNN_AE,0,1,decoder,attack,3,0.3513936400413513
CICIoT2023,SNN_Dense,0,1,encoder,normal,1,0.004547563847154379
CICIoT2023,SNN_Dense,0,1,encoder,normal,2,0.43822479248046875
CICIoT2023,SNN_Dense,0,1,encoder,normal,3,0.4437349736690521
CICIoT2023,SNN_Dense,0,1,encoder,attack,1,0.07569804042577744
CICIoT2023,SNN_Dense,0,1,encoder,attack,2,0.3583480417728424
CICIoT2023,SNN_Dense,0,1,encoder,attack,3,0.34999018907546997
CICIoT2023,Dense_SNN,0,1,decoder,normal,1,0.004957478027790785
CICIoT2023,Dense_SNN,0,1,decoder,normal,2,0.33403390645980835
CICIoT2023,Dense_SNN,0,1,decoder,normal,3,0.34978076815605164
CICIoT2023,Dense_SNN,0,1,decoder,attack,1,0.14879460632801056
CICIoT2023,Dense_SNN,0,1,decoder,attack,2,0.3609382212162018
CICIoT2023,Dense_SNN,0,1,decoder,attack,3,0.3666117787361145
CICIoT2023,SNN_AE_T2,0,1,encoder,normal,1,0.8648788928985596
CICIoT2023,SNN_AE_T2,0,1,encoder,normal,2,0.9184504151344299
CICIoT2023,SNN_AE_T2,0,1,encoder,attack,1,0.7204161882400513
CICIoT2023,SNN_AE_T2,0,1,encoder,attack,2,0.7865073680877686
CICIoT2023,SNN_AE_T2,0,1,decoder,normal,1,0.31224313378334045
CICIoT2023,SNN_AE_T2,0,1,decoder,normal,2,0.4818633496761322
CICIoT2023,SNN_AE_T2,0,1,decoder,attack,1,0.21070833504199982
CICIoT2023,SNN_AE_T2,0,1,decoder,attack,2,0.4232529401779175
CICIoT2023,SNN_AE_T5,0,1,encoder,normal,1,0.008097880519926548
CICIoT2023,SNN_AE_T5,0,1,encoder,normal,2,0.3212573528289795
CICIoT2023,SNN_AE_T5,0,1,encoder,normal,3,0.33533287048339844
CICIoT2023,SNN_AE_T5,0,1,encoder,normal,4,0.3332998752593994
CICIoT2023,SNN_AE_T5,0,1,encoder,normal,5,0.3287245035171509
CICIoT2023,SNN_AE_T5,0,1,encoder,attack,1,0.23230735957622528
CICIoT2023,SNN_AE_T5,0,1,encoder,attack,2,0.4141181409358978
CICIoT2023,SNN_AE_T5,0,1,encoder,attack,3,0.4193681478500366
CICIoT2023,SNN_AE_T5,0,1,encoder,attack,4,0.41460832953453064
CICIoT2023,SNN_AE_T5,0,1,encoder,attack,5,0.4082529544830322
CICIoT2023,SNN_AE_T5,0,1,decoder,normal,1,0.0001564595877425745
CICIoT2023,SNN_AE_T5,0,1,decoder,normal,2,0.2872193455696106
CICIoT2023,SNN_AE_T5,0,1,decoder,normal,3,0.3122752904891968
CICIoT2023,SNN_AE_T5,0,1,decoder,normal,4,0.3307053744792938
CICIoT2023,SNN_AE_T5,0,1,decoder,normal,5,0.3252619504928589
CICIoT2023,SNN_AE_T5,0,1,decoder,attack,1,0.07415097951889038
CICIoT2023,SNN_AE_T5,0,1,decoder,attack,2,0.2824794054031372
CICIoT2023,SNN_AE_T5,0,1,decoder,attack,3,0.32007941603660583
CICIoT2023,SNN_AE_T5,0,1,decoder,attack,4,0.314548522233963
CICIoT2023,SNN_AE_T5,0,1,decoder,attack,5,0.3330828547477722
CICIoT2023,SNN_AE_T7,0,1,encoder,normal,1,0.0018487577326595783
CICIoT2023,SNN_AE_T7,0,1,encoder,normal,2,0.11271621286869049
CICIoT2023,SNN_AE_T7,0,1,encoder,normal,3,0.1431410312652588
CICIoT2023,SNN_AE_T7,0,1,encoder,normal,4,0.16715197265148163
CICIoT2023,SNN_AE_T7,0,1,encoder,normal,5,0.15560124814510345
CICIoT2023,SNN_AE_T7,0,1,encoder,normal,6,0.163627490401268
CICIoT2023,SNN_AE_T7,0,1,encoder,normal,7,0.1481623500585556
CICIoT2023,SNN_AE_T7,0,1,encoder,attack,1,0.1694348007440567
CICIoT2023,SNN_AE_T7,0,1,encoder,attack,2,0.28007450699806213
CICIoT2023,SNN_AE_T7,0,1,encoder,attack,3,0.29026567935943604
CICIoT2023,SNN_AE_T7,0,1,encoder,attack,4,0.2999142110347748
CICIoT2023,SNN_AE_T7,0,1,encoder,attack,5,0.2879588305950165
CICIoT2023,SNN_AE_T7,0,1,encoder,attack,6,0.30756959319114685
CICIoT2023,SNN_AE_T7,0,1,encoder,attack,7,0.28236812353134155
CICIoT2023,SNN_AE_T7,0,1,decoder,normal,1,0.00023200860596261919
CICIoT2023,SNN_AE_T7,0,1,decoder,normal,2,0.14695551991462708
CICIoT2023,SNN_AE_T7,0,1,decoder,normal,3,0.1978999376296997
CICIoT2023,SNN_AE_T7,0,1,decoder,normal,4,0.2304483950138092
CICIoT2023,SNN_AE_T7,0,1,decoder,normal,5,0.22454388439655304
CICIoT2023,SNN_AE_T7,0,1,decoder,normal,6,0.23391050100326538
CICIoT2023,SNN_AE_T7,0,1,decoder,normal,7,0.22550895810127258
CICIoT2023,SNN_AE_T7,0,1,decoder,attack,1,0.04362254962325096
CICIoT2023,SNN_AE_T7,0,1,decoder,attack,2,0.22324950993061066
CICIoT2023,SNN_AE_T7,0,1,decoder,attack,3,0.253195583820343
CICIoT2023,SNN_AE_T7,0,1,decoder,attack,4,0.2776568531990051
CICIoT2023,SNN_AE_T7,0,1,decoder,attack,5,0.266568124294281
CICIoT2023,SNN_AE_T7,0,1,decoder,attack,6,0.268334299325943
CICIoT2023,SNN_AE_T7,0,1,decoder,attack,7,0.2710544168949127
CICIoT2023,SNN_AE_noBN,0,1,encoder,normal,1,0.014695015735924244
CICIoT2023,SNN_AE_noBN,0,1,encoder,normal,2,0.5052728056907654
CICIoT2023,SNN_AE_noBN,0,1,encoder,normal,3,0.4744751453399658
CICIoT2023,SNN_AE_noBN,0,1,encoder,attack,1,0.11325637251138687
CICIoT2023,SNN_AE_noBN,0,1,encoder,attack,2,0.4131784439086914
CICIoT2023,SNN_AE_noBN,0,1,encoder,attack,3,0.4324745237827301
CICIoT2023,SNN_AE_noBN,0,1,decoder,normal,1,0.004768849350512028
CICIoT2023,SNN_AE_noBN,0,1,decoder,normal,2,0.31255021691322327
CICIoT2023,SNN_AE_noBN,0,1,decoder,normal,3,0.3400968313217163
CICIoT2023,SNN_AE_noBN,0,1,decoder,attack,1,0.039533331990242004
CICIoT2023,SNN_AE_noBN,0,1,decoder,attack,2,0.2617308795452118
CICIoT2023,SNN_AE_noBN,0,1,decoder,attack,3,0.32938235998153687
CICIoT2023,SNN_AE,0,2,encoder,normal,1,0.006191629450768232
CICIoT2023,SNN_AE,0,2,encoder,normal,2,0.44581323862075806
CICIoT2023,SNN_AE,0,2,encoder,normal,3,0.43023696541786194
CICIoT2023,SNN_AE,0,2,encoder,attack,1,0.173557847738266
CICIoT2023,SNN_AE,0,2,encoder,attack,2,0.45268088579177856
CICIoT2023,SNN_AE,0,2,encoder,attack,3,0.4430828392505646
CICIoT2023,SNN_AE,0,2,decoder,normal,1,1.2542451258923393e-05
CICIoT2023,SNN_AE,0,2,decoder,normal,2,0.36639636754989624
CICIoT2023,SNN_AE,0,2,decoder,normal,3,0.2937678396701813
CICIoT2023,SNN_AE,0,2,decoder,attack,1,0.05791225656867027
CICIoT2023,SNN_AE,0,2,decoder,attack,2,0.36266225576400757
CICIoT2023,SNN_AE,0,2,decoder,attack,3,0.3993808925151825
CICIoT2023,SNN_Dense,0,2,encoder,normal,1,6.898348510731012e-05
CICIoT2023,SNN_Dense,0,2,encoder,normal,2,0.3804709315299988
CICIoT2023,SNN_Dense,0,2,encoder,normal,3,0.4106200933456421
CICIoT2023,SNN_Dense,0,2,encoder,attack,1,0.24207696318626404
CICIoT2023,SNN_Dense,0,2,encoder,attack,2,0.5172313451766968
CICIoT2023,SNN_Dense,0,2,encoder,attack,3,0.5201103091239929
CICIoT2023,Dense_SNN,0,2,decoder,normal,1,0.000378685537725687
CICIoT2023,Dense_SNN,0,2,decoder,normal,2,0.3349466323852539
CICIoT2023,Dense_SNN,0,2,decoder,normal,3,0.33945998549461365
CICIoT2023,Dense_SNN,0,2,decoder,attack,1,0.1584416627883911
CICIoT2023,Dense_SNN,0,2,decoder,attack,2,0.40113627910614014
CICIoT2023,Dense_SNN,0,2,decoder,attack,3,0.3998710811138153
CICIoT2023,SNN_AE_T2,0,2,encoder,normal,1,0.9154093861579895
CICIoT2023,SNN_AE_T2,0,2,encoder,normal,2,0.9666269421577454
CICIoT2023,SNN_AE_T2,0,2,encoder,attack,1,0.5275254845619202
CICIoT2023,SNN_AE_T2,0,2,encoder,attack,2,0.6042646765708923
CICIoT2023,SNN_AE_T2,0,2,decoder,normal,1,0.23674455285072327
CICIoT2023,SNN_AE_T2,0,2,decoder,normal,2,0.4397667944431305
CICIoT2023,SNN_AE_T2,0,2,decoder,attack,1,0.13604362308979034
CICIoT2023,SNN_AE_T2,0,2,decoder,attack,2,0.29040735960006714
CICIoT2023,SNN_AE_T5,0,2,encoder,normal,1,1.5919265933916904e-05
CICIoT2023,SNN_AE_T5,0,2,encoder,normal,2,0.36879873275756836
CICIoT2023,SNN_AE_T5,0,2,encoder,normal,3,0.4274250268936157
CICIoT2023,SNN_AE_T5,0,2,encoder,normal,4,0.3756521940231323
CICIoT2023,SNN_AE_T5,0,2,encoder,normal,5,0.4266420900821686
CICIoT2023,SNN_AE_T5,0,2,encoder,attack,1,0.14165784418582916
CICIoT2023,SNN_AE_T5,0,2,encoder,attack,2,0.34818235039711
CICIoT2023,SNN_AE_T5,0,2,encoder,attack,3,0.35349658131599426
CICIoT2023,SNN_AE_T5,0,2,encoder,attack,4,0.3490220606327057
CICIoT2023,SNN_AE_T5,0,2,encoder,attack,5,0.3412097990512848
CICIoT2023,SNN_AE_T5,0,2,decoder,normal,1,0.0
CICIoT2023,SNN_AE_T5,0,2,decoder,normal,2,0.25434353947639465
CICIoT2023,SNN_AE_T5,0,2,decoder,normal,3,0.250819593667984
CICIoT2023,SNN_AE_T5,0,2,decoder,normal,4,0.30733636021614075
CICIoT2023,SNN_AE_T5,0,2,decoder,normal,5,0.30698275566101074
CICIoT2023,SNN_AE_T5,0,2,decoder,attack,1,0.039283331483602524
CICIoT2023,SNN_AE_T5,0,2,decoder,attack,2,0.2885701060295105
CICIoT2023,SNN_AE_T5,0,2,decoder,attack,3,0.3403720557689667
CICIoT2023,SNN_AE_T5,0,2,decoder,attack,4,0.35495540499687195
CICIoT2023,SNN_AE_T5,0,2,decoder,attack,5,0.34256812930107117
CICIoT2023,SNN_AE_T7,0,2,encoder,normal,1,3.859215667034732e-06
CICIoT2023,SNN_AE_T7,0,2,encoder,normal,2,0.0743381455540657
CICIoT2023,SNN_AE_T7,0,2,encoder,normal,3,0.12946462631225586
CICIoT2023,SNN_AE_T7,0,2,encoder,normal,4,0.12525373697280884
CICIoT2023,SNN_AE_T7,0,2,encoder,normal,5,0.12923163175582886
CICIoT2023,SNN_AE_T7,0,2,encoder,normal,6,0.1482638418674469
CICIoT2023,SNN_AE_T7,0,2,encoder,normal,7,0.11203400045633316
CICIoT2023,SNN_AE_T7,0,2,encoder,attack,1,0.15181715786457062
CICIoT2023,SNN_AE_T7,0,2,encoder,attack,2,0.26913970708847046
CICIoT2023,SNN_AE_T7,0,2,encoder,attack,3,0.2765558958053589
CICIoT2023,SNN_AE_T7,0,2,encoder,attack,4,0.2759647071361542
CICIoT2023,SNN_AE_T7,0,2,encoder,attack,5,0.27527207136154175
CICIoT2023,SNN_AE_T7,0,2,encoder,attack,6,0.289290189743042
CICIoT2023,SNN_AE_T7,0,2,encoder,attack,7,0.26612842082977295
CICIoT2023,SNN_AE_T7,0,2,decoder,normal,1,0.0
CICIoT2023,SNN_AE_T7,0,2,decoder,normal,2,0.1284337341785431
CICIoT2023,SNN_AE_T7,0,2,decoder,normal,3,0.2702271044254303
CICIoT2023,SNN_AE_T7,0,2,decoder,normal,4,0.27585095167160034
CICIoT2023,SNN_AE_T7,0,2,decoder,normal,5,0.28787580132484436
CICIoT2023,SNN_AE_T7,0,2,decoder,normal,6,0.27766960859298706
CICIoT2023,SNN_AE_T7,0,2,decoder,normal,7,0.25113508105278015
CICIoT2023,SNN_AE_T7,0,2,decoder,attack,1,0.05888529494404793
CICIoT2023,SNN_AE_T7,0,2,decoder,attack,2,0.26735439896583557
CICIoT2023,SNN_AE_T7,0,2,decoder,attack,3,0.30609607696533203
CICIoT2023,SNN_AE_T7,0,2,decoder,attack,4,0.3170279264450073
CICIoT2023,SNN_AE_T7,0,2,decoder,attack,5,0.31577157974243164
CICIoT2023,SNN_AE_T7,0,2,decoder,attack,6,0.31658822298049927
CICIoT2023,SNN_AE_T7,0,2,decoder,attack,7,0.30522990226745605
CICIoT2023,SNN_AE_noBN,0,2,encoder,normal,1,0.0006469010259024799
CICIoT2023,SNN_AE_noBN,0,2,encoder,normal,2,0.48719319701194763
CICIoT2023,SNN_AE_noBN,0,2,encoder,normal,3,0.49599993228912354
CICIoT2023,SNN_AE_noBN,0,2,encoder,attack,1,0.10822401940822601
CICIoT2023,SNN_AE_noBN,0,2,encoder,attack,2,0.42491960525512695
CICIoT2023,SNN_AE_noBN,0,2,encoder,attack,3,0.4291985332965851
CICIoT2023,SNN_AE_noBN,0,2,decoder,normal,1,0.0
CICIoT2023,SNN_AE_noBN,0,2,decoder,normal,2,0.3909694254398346
CICIoT2023,SNN_AE_noBN,0,2,decoder,normal,3,0.39998891949653625
CICIoT2023,SNN_AE_noBN,0,2,decoder,attack,1,0.03884999826550484
CICIoT2023,SNN_AE_noBN,0,2,decoder,attack,2,0.2650749981403351
CICIoT2023,SNN_AE_noBN,0,2,decoder,attack,3,0.32706665992736816
CICIoT2023,SNN_AE,0,3,encoder,normal,1,0.058544643223285675
CICIoT2023,SNN_AE,0,3,encoder,normal,2,0.4258703291416168
CICIoT2023,SNN_AE,0,3,encoder,normal,3,0.4051606357097626
CICIoT2023,SNN_AE,0,3,encoder,attack,1,0.23533578217029572
CICIoT2023,SNN_AE,0,3,encoder,attack,2,0.49691274762153625
CICIoT2023,SNN_AE,0,3,encoder,attack,3,0.5004000067710876
CICIoT2023,SNN_AE,0,3,decoder,normal,1,0.022865520790219307
CICIoT2023,SNN_AE,0,3,decoder,normal,2,0.4151618480682373
CICIoT2023,SNN_AE,0,3,decoder,normal,3,0.432714581489563
CICIoT2023,SNN_AE,0,3,decoder,attack,1,0.1137838214635849
CICIoT2023,SNN_AE,0,3,decoder,attack,2,0.43023431301116943
CICIoT2023,SNN_AE,0,3,decoder,attack,3,0.482740193605423
CICIoT2023,SNN_Dense,0,3,encoder,normal,1,0.019412687048316002
CICIoT2023,SNN_Dense,0,3,encoder,normal,2,0.29917460680007935
CICIoT2023,SNN_Dense,0,3,encoder,normal,3,0.32018163800239563
CICIoT2023,SNN_Dense,0,3,encoder,attack,1,0.19255195558071136
CICIoT2023,SNN_Dense,0,3,encoder,attack,2,0.3977779448032379
CICIoT2023,SNN_Dense,0,3,encoder,attack,3,0.39266127347946167
CICIoT2023,Dense_SNN,0,3,decoder,normal,1,0.006152614951133728
CICIoT2023,Dense_SNN,0,3,decoder,normal,2,0.3686105012893677
CICIoT2023,Dense_SNN,0,3,decoder,normal,3,0.34404537081718445
CICIoT2023,Dense_SNN,0,3,decoder,attack,1,0.21150392293930054
CICIoT2023,Dense_SNN,0,3,decoder,attack,2,0.46164020895957947
CICIoT2023,Dense_SNN,0,3,decoder,attack,3,0.4535338282585144
CICIoT2023,SNN_AE_T2,0,3,encoder,normal,1,0.7583474516868591
CICIoT2023,SNN_AE_T2,0,3,encoder,normal,2,0.829077422618866
CICIoT2023,SNN_AE_T2,0,3,encoder,attack,1,0.8045333623886108
CICIoT2023,SNN_AE_T2,0,3,encoder,attack,2,0.8657421469688416
CICIoT2023,SNN_AE_T2,0,3,decoder,normal,1,0.2931862473487854
CICIoT2023,SNN_AE_T2,0,3,decoder,normal,2,0.4457811415195465
CICIoT2023,SNN_AE_T2,0,3,decoder,attack,1,0.22561520338058472
CICIoT2023,SNN_AE_T2,0,3,decoder,attack,2,0.46820932626724243
CICIoT2023,SNN_AE_T5,0,3,encoder,normal,1,0.03150540590286255
CICIoT2023,SNN_AE_T5,0,3,encoder,normal,2,0.34667545557022095
CICIoT2023,SNN_AE_T5,0,3,encoder,normal,3,0.3197726905345917
CICIoT2023,SNN_AE_T5,0,3,encoder,normal,4,0.36304423213005066
CICIoT2023,SNN_AE_T5,0,3,encoder,normal,5,0.3199910521507263
CICIoT2023,SNN_AE_T5,0,3,encoder,attack,1,0.29573333263397217
CICIoT2023,SNN_AE_T5,0,3,encoder,attack,2,0.5048034191131592
CICIoT2023,SNN_AE_T5,0,3,encoder,attack,3,0.49568676948547363
CICIoT2023,SNN_AE_T5,0,3,encoder,attack,4,0.5037539005279541
CICIoT2023,SNN_AE_T5,0,3,encoder,attack,5,0.483885794878006
CICIoT2023,SNN_AE_T5,0,3,decoder,normal,1,0.004444719757884741
CICIoT2023,SNN_AE_T5,0,3,decoder,normal,2,0.28079476952552795
CICIoT2023,SNN_AE_T5,0,3,decoder,normal,3,0.3526901304721832
CICIoT2023,SNN_AE_T5,0,3,decoder,normal,4,0.34647268056869507
CICIoT2023,SNN_AE_T5,0,3,decoder,normal,5,0.3633040487766266
CICIoT2023,SNN_AE_T5,0,3,decoder,attack,1,0.11270539462566376
CICIoT2023,SNN_AE_T5,0,3,decoder,attack,2,0.34685882925987244
CICIoT2023,SNN_AE_T5,0,3,decoder,attack,3,0.3974107801914215
CICIoT2023,SNN_AE_T5,0,3,decoder,attack,4,0.4039514660835266
CICIoT2023,SNN_AE_T5,0,3,decoder,attack,5,0.39329853653907776
CICIoT2023,SNN_AE_T7,0,3,encoder,normal,1,0.002087102737277746
CICIoT2023,SNN_AE_T7,0,3,encoder,normal,2,0.12665671110153198
CICIoT2023,SNN_AE_T7,0,3,encoder,normal,3,0.1456131786108017
CICIoT2023,SNN_AE_T7,0,3,encoder,normal,4,0.14033742249011993
CICIoT2023,SNN_AE_T7,0,3,encoder,normal,5,0.15182135999202728
CICIoT2023,SNN_AE_T7,0,3,encoder,normal,6,0.15290391445159912
CICIoT2023,SNN_AE_T7,0,3,encoder,normal,7,0.1374470740556717
CICIoT2023,SNN_AE_T7,0,3,encoder,attack,1,0.12980979681015015
CICIoT2023,SNN_AE_T7,0,3,encoder,attack,2,0.2262745052576065
CICIoT2023,SNN_AE_T7,0,3,encoder,attack,3,0.23474852740764618
CICIoT2023,SNN_AE_T7,0,3,encoder,attack,4,0.2359333336353302
CICIoT2023,SNN_AE_T7,0,3,encoder,attack,5,0.2336583286523819
CICIoT2023,SNN_AE_T7,0,3,encoder,attack,6,0.2429259866476059
CICIoT2023,SNN_AE_T7,0,3,encoder,attack,7,0.2270568609237671
CICIoT2023,SNN_AE_T7,0,3,decoder,normal,1,0.0002700268232729286
CICIoT2023,SNN_AE_T7,0,3,decoder,normal,2,0.13421648740768433
CICIoT2023,SNN_AE_T7,0,3,decoder,normal,3,0.1988869458436966
CICIoT2023,SNN_AE_T7,0,3,decoder,normal,4,0.22741036117076874
CICIoT2023,SNN_AE_T7,0,3,decoder,normal,5,0.223933145403862
CICIoT2023,SNN_AE_T7,0,3,decoder,normal,6,0.2251434028148651
CICIoT2023,SNN_AE_T7,0,3,decoder,normal,7,0.213020458817482
CICIoT2023,SNN_AE_T7,0,3,decoder,attack,1,0.046656373888254166
CICIoT2023,SNN_AE_T7,0,3,decoder,attack,2,0.21216274797916412
CICIoT2023,SNN_AE_T7,0,3,decoder,attack,3,0.2692166566848755
CICIoT2023,SNN_AE_T7,0,3,decoder,attack,4,0.27074018120765686
CICIoT2023,SNN_AE_T7,0,3,decoder,attack,5,0.2680220603942871
CICIoT2023,SNN_AE_T7,0,3,decoder,attack,6,0.2758166790008545
CICIoT2023,SNN_AE_T7,0,3,decoder,attack,7,0.2572352886199951
CICIoT2023,SNN_AE_noBN,0,3,encoder,normal,1,0.05269763618707657
CICIoT2023,SNN_AE_noBN,0,3,encoder,normal,2,0.48129746317863464
CICIoT2023,SNN_AE_noBN,0,3,encoder,normal,3,0.5231248140335083
CICIoT2023,SNN_AE_noBN,0,3,encoder,attack,1,0.12838970124721527
CICIoT2023,SNN_AE_noBN,0,3,encoder,attack,2,0.44183334708213806
CICIoT2023,SNN_AE_noBN,0,3,encoder,attack,3,0.4513176381587982
CICIoT2023,SNN_AE_noBN,0,3,decoder,normal,1,0.030553486198186874
CICIoT2023,SNN_AE_noBN,0,3,decoder,normal,2,0.362914115190506
CICIoT2023,SNN_AE_noBN,0,3,decoder,normal,3,0.38679051399230957
CICIoT2023,SNN_AE_noBN,0,3,decoder,attack,1,0.06061617657542229
CICIoT2023,SNN_AE_noBN,0,3,decoder,attack,2,0.31462401151657104
CICIoT2023,SNN_AE_noBN,0,3,decoder,attack,3,0.3796735405921936
CICIoT2023,SNN_AE,0,4,encoder,normal,1,0.044924646615982056
CICIoT2023,SNN_AE,0,4,encoder,normal,2,0.451905757188797
CICIoT2023,SNN_AE,0,4,encoder,normal,3,0.46086668968200684
CICIoT2023,SNN_AE,0,4,encoder,attack,1,0.2722318768501282
CICIoT2023,SNN_AE,0,4,encoder,attack,2,0.5042333602905273
CICIoT2023,SNN_AE,0,4,encoder,attack,3,0.5029602646827698
CICIoT2023,SNN_AE,0,4,decoder,normal,1,0.02523687854409218
CICIoT2023,SNN_AE,0,4,decoder,normal,2,0.3678848445415497
CICIoT2023,SNN_AE,0,4,decoder,normal,3,0.40492475032806396
CICIoT2023,SNN_AE,0,4,decoder,attack,1,0.10081078112125397
CICIoT2023,SNN_AE,0,4,decoder,attack,2,0.42501911520957947
CICIoT2023,SNN_AE,0,4,decoder,attack,3,0.46490344405174255
CICIoT2023,SNN_Dense,0,4,encoder,normal,1,0.008649497292935848
CICIoT2023,SNN_Dense,0,4,encoder,normal,2,0.3567325174808502
CICIoT2023,SNN_Dense,0,4,encoder,normal,3,0.38588961958885193
CICIoT2023,SNN_Dense,0,4,encoder,attack,1,0.20678381621837616
CICIoT2023,SNN_Dense,0,4,encoder,attack,2,0.4254622459411621
CICIoT2023,SNN_Dense,0,4,encoder,attack,3,0.4309024512767792
CICIoT2023,Dense_SNN,0,4,decoder,normal,1,0.018002808094024658
CICIoT2023,Dense_SNN,0,4,decoder,normal,2,0.3816832900047302
CICIoT2023,Dense_SNN,0,4,decoder,normal,3,0.35974422097206116
CICIoT2023,Dense_SNN,0,4,decoder,attack,1,0.1465490162372589
CICIoT2023,Dense_SNN,0,4,decoder,attack,2,0.35182204842567444
CICIoT2023,Dense_SNN,0,4,decoder,attack,3,0.357121080160141
CICIoT2023,SNN_AE_T2,0,4,encoder,normal,1,0.8044997453689575
CICIoT2023,SNN_AE_T2,0,4,encoder,normal,2,0.8683474063873291
CICIoT2023,SNN_AE_T2,0,4,encoder,attack,1,0.723389208316803
CICIoT2023,SNN_AE_T2,0,4,encoder,attack,2,0.7806377410888672
CICIoT2023,SNN_AE_T2,0,4,decoder,normal,1,0.1832093745470047
CICIoT2023,SNN_AE_T2,0,4,decoder,normal,2,0.40240874886512756
CICIoT2023,SNN_AE_T2,0,4,decoder,attack,1,0.14648675918579102
CICIoT2023,SNN_AE_T2,0,4,decoder,attack,2,0.40950244665145874
CICIoT2023,SNN_AE_T5,0,4,encoder,normal,1,0.015297220088541508
CICIoT2023,SNN_AE_T5,0,4,encoder,normal,2,0.3519876301288605
CICIoT2023,SNN_AE_T5,0,4,encoder,normal,3,0.3735499680042267
CICIoT2023,SNN_AE_T5,0,4,encoder,normal,4,0.3689030408859253
CICIoT2023,SNN_AE_T5,0,4,encoder,normal,5,0.3511790335178375
CICIoT2023,SNN_AE_T5,0,4,encoder,attack,1,0.24045294523239136
CICIoT2023,SNN_AE_T5,0,4,encoder,attack,2,0.43529656529426575
CICIoT2023,SNN_AE_T5,0,4,encoder,attack,3,0.4432397186756134
CICIoT2023,SNN_AE_T5,0,4,encoder,attack,4,0.4408259689807892
CICIoT2023,SNN_AE_T5,0,4,encoder,attack,5,0.43451520800590515
CICIoT2023,SNN_AE_T5,0,4,decoder,normal,1,0.000317300931783393
CICIoT2023,SNN_AE_T5,0,4,decoder,normal,2,0.2607039213180542
CICIoT2023,SNN_AE_T5,0,4,decoder,normal,3,0.30551254749298096
CICIoT2023,SNN_AE_T5,0,4,decoder,normal,4,0.3091968595981598
CICIoT2023,SNN_AE_T5,0,4,decoder,normal,5,0.32231196761131287
CICIoT2023,SNN_AE_T5,0,4,decoder,attack,1,0.08257941156625748
CICIoT2023,SNN_AE_T5,0,4,decoder,attack,2,0.328867644071579
CICIoT2023,SNN_AE_T5,0,4,decoder,attack,3,0.35019952058792114
CICIoT2023,SNN_AE_T5,0,4,decoder,attack,4,0.3663034439086914
CICIoT2023,SNN_AE_T5,0,4,decoder,attack,5,0.35118627548217773
CICIoT2023,SNN_AE_T7,0,4,encoder,normal,1,0.004447574727237225
CICIoT2023,SNN_AE_T7,0,4,encoder,normal,2,0.14142799377441406
CICIoT2023,SNN_AE_T7,0,4,encoder,normal,3,0.17481526732444763
CICIoT2023,SNN_AE_T7,0,4,encoder,normal,4,0.16908971965312958
CICIoT2023,SNN_AE_T7,0,4,encoder,normal,5,0.174516499042511
CICIoT2023,SNN_AE_T7,0,4,encoder,normal,6,0.19297745823860168
CICIoT2023,SNN_AE_T7,0,4,encoder,normal,7,0.16405969858169556
CICIoT2023,SNN_AE_T7,0,4,encoder,attack,1,0.18617303669452667
CICIoT2023,SNN_AE_T7,0,4,encoder,attack,2,0.28657498955726624
CICIoT2023,SNN_AE_T7,0,4,encoder,attack,3,0.2944813668727875
CICIoT2023,SNN_AE_T7,0,4,encoder,attack,4,0.2957897186279297
CICIoT2023,SNN_AE_T7,0,4,encoder,attack,5,0.29555392265319824
CICIoT2023,SNN_AE_T7,0,4,encoder,attack,6,0.3073294162750244
CICIoT2023,SNN_AE_T7,0,4,encoder,attack,7,0.2886578440666199
CICIoT2023,SNN_AE_T7,0,4,decoder,normal,1,0.00025637526414357126
CICIoT2023,SNN_AE_T7,0,4,decoder,normal,2,0.16596300899982452
CICIoT2023,SNN_AE_T7,0,4,decoder,normal,3,0.2423209249973297
CICIoT2023,SNN_AE_T7,0,4,decoder,normal,4,0.24584437906742096
CICIoT2023,SNN_AE_T7,0,4,decoder,normal,5,0.24872787296772003
CICIoT2023,SNN_AE_T7,0,4,decoder,normal,6,0.2610670328140259
CICIoT2023,SNN_AE_T7,0,4,decoder,normal,7,0.2556212544441223
CICIoT2023,SNN_AE_T7,0,4,decoder,attack,1,0.05797500163316727
CICIoT2023,SNN_AE_T7,0,4,decoder,attack,2,0.25901079177856445
CICIoT2023,SNN_AE_T7,0,4,decoder,attack,3,0.3127205967903137
CICIoT2023,SNN_AE_T7,0,4,decoder,attack,4,0.30072206258773804
CICIoT2023,SNN_AE_T7,0,4,decoder,attack,5,0.30223676562309265
CICIoT2023,SNN_AE_T7,0,4,decoder,attack,6,0.31864508986473083
CICIoT2023,SNN_AE_T7,0,4,decoder,attack,7,0.3123539090156555
CICIoT2023,SNN_AE_noBN,0,4,encoder,normal,1,0.013235494494438171
CICIoT2023,SNN_AE_noBN,0,4,encoder,normal,2,0.5245052576065063
CICIoT2023,SNN_AE_noBN,0,4,encoder,normal,3,0.4694898724555969
CICIoT2023,SNN_AE_noBN,0,4,encoder,attack,1,0.10226519405841827
CICIoT2023,SNN_AE_noBN,0,4,encoder,attack,2,0.4142450988292694
CICIoT2023,SNN_AE_noBN,0,4,encoder,attack,3,0.4066563844680786
CICIoT2023,SNN_AE_noBN,0,4,decoder,normal,1,0.003119882196187973
CICIoT2023,SNN_AE_noBN,0,4,decoder,normal,2,0.3852428197860718
CICIoT2023,SNN_AE_noBN,0,4,decoder,normal,3,0.40501540899276733
CICIoT2023,SNN_AE_noBN,0,4,decoder,attack,1,0.03380244970321655
CICIoT2023,SNN_AE_noBN,0,4,decoder,attack,2,0.27812057733535767
CICIoT2023,SNN_AE_noBN,0,4,decoder,attack,3,0.35091373324394226
CICIoT2023,SNN_AE,0,5,encoder,normal,1,0.019341524690389633
CICIoT2023,SNN_AE,0,5,encoder,normal,2,0.5136012434959412
CICIoT2023,SNN_AE,0,5,encoder,normal,3,0.49562740325927734
CICIoT2023,SNN_AE,0,5,encoder,attack,1,0.16545097529888153
CICIoT2023,SNN_AE,0,5,encoder,attack,2,0.422410786151886
CICIoT2023,SNN_AE,0,5,encoder,attack,3,0.4225480258464813
CICIoT2023,SNN_AE,0,5,decoder,normal,1,0.0035313074477016926
CICIoT2023,SNN_AE,0,5,decoder,normal,2,0.3317260146141052
CICIoT2023,SNN_AE,0,5,decoder,normal,3,0.34804996848106384
CICIoT2023,SNN_AE,0,5,decoder,attack,1,0.05387696251273155
CICIoT2023,SNN_AE,0,5,decoder,attack,2,0.312782347202301
CICIoT2023,SNN_AE,0,5,decoder,attack,3,0.35479655861854553
CICIoT2023,SNN_Dense,0,5,encoder,normal,1,0.004570959601551294
CICIoT2023,SNN_Dense,0,5,encoder,normal,2,0.37128007411956787
CICIoT2023,SNN_Dense,0,5,encoder,normal,3,0.33422449231147766
CICIoT2023,SNN_Dense,0,5,encoder,attack,1,0.24275833368301392
CICIoT2023,SNN_Dense,0,5,encoder,attack,2,0.45682597160339355
CICIoT2023,SNN_Dense,0,5,encoder,attack,3,0.4692049026489258
CICIoT2023,Dense_SNN,0,5,decoder,normal,1,0.005389326252043247
CICIoT2023,Dense_SNN,0,5,decoder,normal,2,0.3331911563873291
CICIoT2023,Dense_SNN,0,5,decoder,normal,3,0.32194265723228455
CICIoT2023,Dense_SNN,0,5,decoder,attack,1,0.16329999268054962
CICIoT2023,Dense_SNN,0,5,decoder,attack,2,0.35620343685150146
CICIoT2023,Dense_SNN,0,5,decoder,attack,3,0.367825984954834
CICIoT2023,SNN_AE_T2,0,5,encoder,normal,1,0.8473490476608276
CICIoT2023,SNN_AE_T2,0,5,encoder,normal,2,0.9112406373023987
CICIoT2023,SNN_AE_T2,0,5,encoder,attack,1,0.5776259899139404
CICIoT2023,SNN_AE_T2,0,5,encoder,attack,2,0.6469945907592773
CICIoT2023,SNN_AE_T2,0,5,decoder,normal,1,0.22155408561229706
CICIoT2023,SNN_AE_T2,0,5,decoder,normal,2,0.4155854284763336
CICIoT2023,SNN_AE_T2,0,5,decoder,attack,1,0.1288137286901474
CICIoT2023,SNN_AE_T2,0,5,decoder,attack,2,0.34532156586647034
CICIoT2023,SNN_AE_T5,0,5,encoder,normal,1,0.003504987107589841
CICIoT2023,SNN_AE_T5,0,5,encoder,normal,2,0.4078940451145172
CICIoT2023,SNN_AE_T5,0,5,encoder,normal,3,0.40203583240509033
CICIoT2023,SNN_AE_T5,0,5,encoder,normal,4,0.42738667130470276
CICIoT2023,SNN_AE_T5,0,5,encoder,normal,5,0.3465370237827301
CICIoT2023,SNN_AE_T5,0,5,encoder,attack,1,0.1319132298231125
CICIoT2023,SNN_AE_T5,0,5,encoder,attack,2,0.3153117597103119
CICIoT2023,SNN_AE_T5,0,5,encoder,attack,3,0.32185098528862
CICIoT2023,SNN_AE_T5,0,5,encoder,attack,4,0.3299279510974884
CICIoT2023,SNN_AE_T5,0,5,encoder,attack,5,0.3125784397125244
CICIoT2023,SNN_AE_T5,0,5,decoder,normal,1,0.00030170867103151977
CICIoT2023,SNN_AE_T5,0,5,decoder,normal,2,0.28104040026664734
CICIoT2023,SNN_AE_T5,0,5,decoder,normal,3,0.3434804677963257
CICIoT2023,SNN_AE_T5,0,5,decoder,normal,4,0.34067246317863464
CICIoT2023,SNN_AE_T5,0,5,decoder,normal,5,0.30803725123405457
CICIoT2023,SNN_AE_T5,0,5,decoder,attack,1,0.03424117714166641
CICIoT2023,SNN_AE_T5,0,5,decoder,attack,2,0.26725342869758606
CICIoT2023,SNN_AE_T5,0,5,decoder,attack,3,0.3316132426261902
CICIoT2023,SNN_AE_T5,0,5,decoder,attack,4,0.3447529375553131
CICIoT2023,SNN_AE_T5,0,5,decoder,attack,5,0.3330210745334625
CICIoT2023,SNN_AE_T7,0,5,encoder,normal,1,0.0033719234634190798
CICIoT2023,SNN_AE_T7,0,5,encoder,normal,2,0.1301402598619461
CICIoT2023,SNN_AE_T7,0,5,encoder,normal,3,0.17400547862052917
CICIoT2023,SNN_AE_T7,0,5,encoder,normal,4,0.18159888684749603
CICIoT2023,SNN_AE_T7,0,5,encoder,normal,5,0.16489280760288239
CICIoT2023,SNN_AE_T7,0,5,encoder,normal,6,0.1843245029449463
CICIoT2023,SNN_AE_T7,0,5,encoder,normal,7,0.17536000907421112
CICIoT2023,SNN_AE_T7,0,5,encoder,attack,1,0.1425509750843048
CICIoT2023,SNN_AE_T7,0,5,encoder,attack,2,0.24803872406482697
CICIoT2023,SNN_AE_T7,0,5,encoder,attack,3,0.256113737821579
CICIoT2023,SNN_AE_T7,0,5,encoder,attack,4,0.2641725540161133
CICIoT2023,SNN_AE_T7,0,5,encoder,attack,5,0.2555980384349823
CICIoT2023,SNN_AE_T7,0,5,encoder,attack,6,0.26631224155426025
CICIoT2023,SNN_AE_T7,0,5,encoder,attack,7,0.2504313588142395
CICIoT2023,SNN_AE_T7,0,5,decoder,normal,1,6.433852104237303e-05
CICIoT2023,SNN_AE_T7,0,5,decoder,normal,2,0.1752167046070099
CICIoT2023,SNN_AE_T7,0,5,decoder,normal,3,0.24657592177391052
CICIoT2023,SNN_AE_T7,0,5,decoder,normal,4,0.2819674611091614
CICIoT2023,SNN_AE_T7,0,5,decoder,normal,5,0.25638169050216675
CICIoT2023,SNN_AE_T7,0,5,decoder,normal,6,0.2775261700153351
CICIoT2023,SNN_AE_T7,0,5,decoder,normal,7,0.261454701423645
CICIoT2023,SNN_AE_T7,0,5,decoder,attack,1,0.0557534322142601
CICIoT2023,SNN_AE_T7,0,5,decoder,attack,2,0.24564902484416962
CICIoT2023,SNN_AE_T7,0,5,decoder,attack,3,0.2724705934524536
CICIoT2023,SNN_AE_T7,0,5,decoder,attack,4,0.3036039173603058
CICIoT2023,SNN_AE_T7,0,5,decoder,attack,5,0.2920529544353485
CICIoT2023,SNN_AE_T7,0,5,decoder,attack,6,0.29216861724853516
CICIoT2023,SNN_AE_T7,0,5,decoder,attack,7,0.2941896915435791
CICIoT2023,SNN_AE_noBN,0,5,encoder,normal,1,0.018566537648439407
CICIoT2023,SNN_AE_noBN,0,5,encoder,normal,2,0.5304784178733826
CICIoT2023,SNN_AE_noBN,0,5,encoder,normal,3,0.5189598798751831
CICIoT2023,SNN_AE_noBN,0,5,encoder,attack,1,0.11696323752403259
CICIoT2023,SNN_AE_noBN,0,5,encoder,attack,2,0.4424656927585602
CICIoT2023,SNN_AE_noBN,0,5,encoder,attack,3,0.44817695021629333
CICIoT2023,SNN_AE_noBN,0,5,decoder,normal,1,0.008722743950784206
CICIoT2023,SNN_AE_noBN,0,5,decoder,normal,2,0.33708804845809937
CICIoT2023,SNN_AE_noBN,0,5,decoder,normal,3,0.3512400686740875
CICIoT2023,SNN_AE_noBN,0,5,decoder,attack,1,0.04094019532203674
CICIoT2023,SNN_AE_noBN,0,5,decoder,attack,2,0.2931200861930847
CICIoT2023,SNN_AE_noBN,0,5,decoder,attack,3,0.3608343005180359
CICIoT2023,SNN_AE,0,6,encoder,normal,1,0.03402825444936752
CICIoT2023,SNN_AE,0,6,encoder,normal,2,0.4309827983379364
CICIoT2023,SNN_AE,0,6,encoder,normal,3,0.3890267610549927
CICIoT2023,SNN_AE,0,6,encoder,attack,1,0.16004803776741028
CICIoT2023,SNN_AE,0,6,encoder,attack,2,0.39799657464027405
CICIoT2023,SNN_AE,0,6,encoder,attack,3,0.38813039660453796
CICIoT2023,SNN_AE,0,6,decoder,normal,1,0.0010630479082465172
CICIoT2023,SNN_AE,0,6,decoder,normal,2,0.33320775628089905
CICIoT2023,SNN_AE,0,6,decoder,normal,3,0.3720516264438629
CICIoT2023,SNN_AE,0,6,decoder,attack,1,0.04614853113889694
CICIoT2023,SNN_AE,0,6,decoder,attack,2,0.31531766057014465
CICIoT2023,SNN_AE,0,6,decoder,attack,3,0.3647235333919525
CICIoT2023,SNN_Dense,0,6,encoder,normal,1,0.011887029744684696
CICIoT2023,SNN_Dense,0,6,encoder,normal,2,0.3313541114330292
CICIoT2023,SNN_Dense,0,6,encoder,normal,3,0.3387593924999237
CICIoT2023,SNN_Dense,0,6,encoder,attack,1,0.15458431839942932
CICIoT2023,SNN_Dense,0,6,encoder,attack,2,0.38286420702934265
CICIoT2023,SNN_Dense,0,6,encoder,attack,3,0.3597240149974823
CICIoT2023,Dense_SNN,0,6,decoder,normal,1,0.004324816167354584
CICIoT2023,Dense_SNN,0,6,decoder,normal,2,0.3695560693740845
CICIoT2023,Dense_SNN,0,6,decoder,normal,3,0.397370308637619
CICIoT2023,Dense_SNN,0,6,decoder,attack,1,0.20389804244041443
CICIoT2023,Dense_SNN,0,6,decoder,attack,2,0.4460897147655487
CICIoT2023,Dense_SNN,0,6,decoder,attack,3,0.4415647089481354
CICIoT2023,SNN_AE_T2,0,6,encoder,normal,1,0.8398833274841309
CICIoT2023,SNN_AE_T2,0,6,encoder,normal,2,0.9076308608055115
CICIoT2023,SNN_AE_T2,0,6,encoder,attack,1,0.7434926629066467
CICIoT2023,SNN_AE_T2,0,6,encoder,attack,2,0.7948362827301025
CICIoT2023,SNN_AE_T2,0,6,decoder,normal,1,0.19692997634410858
CICIoT2023,SNN_AE_T2,0,6,decoder,normal,2,0.41828373074531555
CICIoT2023,SNN_AE_T2,0,6,decoder,attack,1,0.14627352356910706
CICIoT2023,SNN_AE_T2,0,6,decoder,attack,2,0.4021058678627014
CICIoT2023,SNN_AE_T5,0,6,encoder,normal,1,0.009860365651547909
CICIoT2023,SNN_AE_T5,0,6,encoder,normal,2,0.3342103660106659
CICIoT2023,SNN_AE_T5,0,6,encoder,normal,3,0.3559582233428955
CICIoT2023,SNN_AE_T5,0,6,encoder,normal,4,0.3563510775566101
CICIoT2023,SNN_AE_T5,0,6,encoder,normal,5,0.32649850845336914
CICIoT2023,SNN_AE_T5,0,6,encoder,attack,1,0.04247402027249336
CICIoT2023,SNN_AE_T5,0,6,encoder,attack,2,0.2540813684463501
CICIoT2023,SNN_AE_T5,0,6,encoder,attack,3,0.2561745047569275
CICIoT2023,SNN_AE_T5,0,6,encoder,attack,4,0.2636715769767761
CICIoT2023,SNN_AE_T5,0,6,encoder,attack,5,0.24631667137145996
CICIoT2023,SNN_AE_T5,0,6,decoder,normal,1,3.753080454771407e-05
CICIoT2023,SNN_AE_T5,0,6,decoder,normal,2,0.24142932891845703
CICIoT2023,SNN_AE_T5,0,6,decoder,normal,3,0.3084495961666107
CICIoT2023,SNN_AE_T5,0,6,decoder,normal,4,0.32225459814071655
CICIoT2023,SNN_AE_T5,0,6,decoder,normal,5,0.32201674580574036
CICIoT2023,SNN_AE_T5,0,6,decoder,attack,1,0.004105392377823591
CICIoT2023,SNN_AE_T5,0,6,decoder,attack,2,0.20272989571094513
CICIoT2023,SNN_AE_T5,0,6,decoder,attack,3,0.2561107873916626
CICIoT2023,SNN_AE_T5,0,6,decoder,attack,4,0.2910446226596832
CICIoT2023,SNN_AE_T5,0,6,decoder,attack,5,0.289619117975235
CICIoT2023,SNN_AE_T7,0,6,encoder,normal,1,0.005506792571395636
CICIoT2023,SNN_AE_T7,0,6,encoder,normal,2,0.09593897312879562
CICIoT2023,SNN_AE_T7,0,6,encoder,normal,3,0.14650514721870422
CICIoT2023,SNN_AE_T7,0,6,encoder,normal,4,0.13235847651958466
CICIoT2023,SNN_AE_T7,0,6,encoder,normal,5,0.1335170567035675
CICIoT2023,SNN_AE_T7,0,6,encoder,normal,6,0.1547136753797531
CICIoT2023,SNN_AE_T7,0,6,encoder,normal,7,0.127594992518425
CICIoT2023,SNN_AE_T7,0,6,encoder,attack,1,0.155593141913414
CICIoT2023,SNN_AE_T7,0,6,encoder,attack,2,0.2513298988342285
CICIoT2023,SNN_AE_T7,0,6,encoder,attack,3,0.26727351546287537
CICIoT2023,SNN_AE_T7,0,6,encoder,attack,4,0.26850539445877075
CICIoT2023,SNN_AE_T7,0,6,encoder,attack,5,0.2626078426837921
CICIoT2023,SNN_AE_T7,0,6,encoder,attack,6,0.2737446129322052
CICIoT2023,SNN_AE_T7,0,6,encoder,attack,7,0.2573985159397125
CICIoT2023,SNN_AE_T7,0,6,decoder,normal,1,0.00012623997463379055
CICIoT2023,SNN_AE_T7,0,6,decoder,normal,2,0.1075296550989151
CICIoT2023,SNN_AE_T7,0,6,decoder,normal,3,0.250162810087204
CICIoT2023,SNN_AE_T7,0,6,decoder,normal,4,0.2457273304462433
CICIoT2023,SNN_AE_T7,0,6,decoder,normal,5,0.2561667561531067
CICIoT2023,SNN_AE_T7,0,6,decoder,normal,6,0.24919967353343964
CICIoT2023,SNN_AE_T7,0,6,decoder,normal,7,0.24965539574623108
CICIoT2023,SNN_AE_T7,0,6,decoder,attack,1,0.06799755245447159
CICIoT2023,SNN_AE_T7,0,6,decoder,attack,2,0.24406716227531433
CICIoT2023,SNN_AE_T7,0,6,decoder,attack,3,0.30670687556266785
CICIoT2023,SNN_AE_T7,0,6,decoder,attack,4,0.31845638155937195
CICIoT2023,SNN_AE_T7,0,6,decoder,attack,5,0.31505391001701355
CICIoT2023,SNN_AE_T7,0,6,decoder,attack,6,0.32202988862991333
CICIoT2023,SNN_AE_T7,0,6,decoder,attack,7,0.3080750107765198
CICIoT2023,SNN_AE_noBN,0,6,encoder,normal,1,0.0064835683442652225
CICIoT2023,SNN_AE_noBN,0,6,encoder,normal,2,0.4266570210456848
CICIoT2023,SNN_AE_noBN,0,6,encoder,normal,3,0.41556885838508606
CICIoT2023,SNN_AE_noBN,0,6,encoder,attack,1,0.06893676519393921
CICIoT2023,SNN_AE_noBN,0,6,encoder,attack,2,0.35790881514549255
CICIoT2023,SNN_AE_noBN,0,6,encoder,attack,3,0.363472044467926
CICIoT2023,SNN_AE_noBN,0,6,decoder,normal,1,2.534547820687294e-05
CICIoT2023,SNN_AE_noBN,0,6,decoder,normal,2,0.3363398611545563
CICIoT2023,SNN_AE_noBN,0,6,decoder,normal,3,0.370516300201416
CICIoT2023,SNN_AE_noBN,0,6,decoder,attack,1,0.019730882719159126
CICIoT2023,SNN_AE_noBN,0,6,decoder,attack,2,0.23527254164218903
CICIoT2023,SNN_AE_noBN,0,6,decoder,attack,3,0.3161269724369049
CICIoT2023,SNN_AE,0,7,encoder,normal,1,0.05877232179045677
CICIoT2023,SNN_AE,0,7,encoder,normal,2,0.4482433795928955
CICIoT2023,SNN_AE,0,7,encoder,normal,3,0.41233232617378235
CICIoT2023,SNN_AE,0,7,encoder,attack,1,0.16560392081737518
CICIoT2023,SNN_AE,0,7,encoder,attack,2,0.3979872465133667
CICIoT2023,SNN_AE,0,7,encoder,attack,3,0.3834289312362671
CICIoT2023,SNN_AE,0,7,decoder,normal,1,0.015001852065324783
CICIoT2023,SNN_AE,0,7,decoder,normal,2,0.34172824025154114
CICIoT2023,SNN_AE,0,7,decoder,normal,3,0.39525899291038513
CICIoT2023,SNN_AE,0,7,decoder,attack,1,0.05859558656811714
CICIoT2023,SNN_AE,0,7,decoder,attack,2,0.3284347951412201
CICIoT2023,SNN_AE,0,7,decoder,attack,3,0.3668397068977356
CICIoT2023,SNN_Dense,0,7,encoder,normal,1,0.02565751038491726
CICIoT2023,SNN_Dense,0,7,encoder,normal,2,0.43233349919319153
CICIoT2023,SNN_Dense,0,7,encoder,normal,3,0.4234125316143036
CICIoT2023,SNN_Dense,0,7,encoder,attack,1,0.202057346701622
CICIoT2023,SNN_Dense,0,7,encoder,attack,2,0.45836716890335083
CICIoT2023,SNN_Dense,0,7,encoder,attack,3,0.4520004987716675
CICIoT2023,Dense_SNN,0,7,decoder,normal,1,0.025799833238124847
CICIoT2023,Dense_SNN,0,7,decoder,normal,2,0.33235397934913635
CICIoT2023,Dense_SNN,0,7,decoder,normal,3,0.3660166263580322
CICIoT2023,Dense_SNN,0,7,decoder,attack,1,0.2118191123008728
CICIoT2023,Dense_SNN,0,7,decoder,attack,2,0.4499509930610657
CICIoT2023,Dense_SNN,0,7,decoder,attack,3,0.4598877429962158
CICIoT2023,SNN_AE_T2,0,7,encoder,normal,1,0.7301830649375916
CICIoT2023,SNN_AE_T2,0,7,encoder,normal,2,0.7994097471237183
CICIoT2023,SNN_AE_T2,0,7,encoder,attack,1,0.5583029389381409
CICIoT2023,SNN_AE_T2,0,7,encoder,attack,2,0.6170573234558105
CICIoT2023,SNN_AE_T2,0,7,decoder,normal,1,0.22789664566516876
CICIoT2023,SNN_AE_T2,0,7,decoder,normal,2,0.3818373382091522
CICIoT2023,SNN_AE_T2,0,7,decoder,attack,1,0.13566814363002777
CICIoT2023,SNN_AE_T2,0,7,decoder,attack,2,0.31259068846702576
CICIoT2023,SNN_AE_T5,0,7,encoder,normal,1,0.02509845606982708
CICIoT2023,SNN_AE_T5,0,7,encoder,normal,2,0.3981049656867981
CICIoT2023,SNN_AE_T5,0,7,encoder,normal,3,0.36312389373779297
CICIoT2023,SNN_AE_T5,0,7,encoder,normal,4,0.37624192237854004
CICIoT2023,SNN_AE_T5,0,7,encoder,normal,5,0.3524019420146942
CICIoT2023,SNN_AE_T5,0,7,encoder,attack,1,0.15464313328266144
CICIoT2023,SNN_AE_T5,0,7,encoder,attack,2,0.3796387314796448
CICIoT2023,SNN_AE_T5,0,7,encoder,attack,3,0.37059706449508667
CICIoT2023,SNN_AE_T5,0,7,encoder,attack,4,0.3712852895259857
CICIoT2023,SNN_AE_T5,0,7,encoder,attack,5,0.3648759722709656
CICIoT2023,SNN_AE_T5,0,7,decoder,normal,1,0.005974615924060345
CICIoT2023,SNN_AE_T5,0,7,decoder,normal,2,0.27981019020080566
CICIoT2023,SNN_AE_T5,0,7,decoder,normal,3,0.3201795518398285
CICIoT2023,SNN_AE_T5,0,7,decoder,normal,4,0.32451891899108887
CICIoT2023,SNN_AE_T5,0,7,decoder,normal,5,0.3353783190250397
CICIoT2023,SNN_AE_T5,0,7,decoder,attack,1,0.047366175800561905
CICIoT2023,SNN_AE_T5,0,7,decoder,attack,2,0.2652578353881836
CICIoT2023,SNN_AE_T5,0,7,decoder,attack,3,0.29998186230659485
CICIoT2023,SNN_AE_T5,0,7,decoder,attack,4,0.311599999666214
CICIoT2023,SNN_AE_T5,0,7,decoder,attack,5,0.31554314494132996
CICIoT2023,SNN_AE_T7,0,7,encoder,normal,1,0.019032694399356842
CICIoT2023,SNN_AE_T7,0,7,encoder,normal,2,0.15791156888008118
CICIoT2023,SNN_AE_T7,0,7,encoder,normal,3,0.17100133001804352
CICIoT2023,SNN_AE_T7,0,7,encoder,normal,4,0.18649838864803314
CICIoT2023,SNN_AE_T7,0,7,encoder,normal,5,0.17507895827293396
CICIoT2023,SNN_AE_T7,0,7,encoder,normal,6,0.18770812451839447
CICIoT2023,SNN_AE_T7,0,7,encoder,normal,7,0.1721447855234146
CICIoT2023,SNN_AE_T7,0,7,encoder,attack,1,0.13935832679271698
CICIoT2023,SNN_AE_T7,0,7,encoder,attack,2,0.2495049089193344
CICIoT2023,SNN_AE_T7,0,7,encoder,attack,3,0.2553142011165619
CICIoT2023,SNN_AE_T7,0,7,encoder,attack,4,0.2593553960323334
CICIoT2023,SNN_AE_T7,0,7,encoder,attack,5,0.2561495006084442
CICIoT2023,SNN_AE_T7,0,7,encoder,attack,6,0.2720073461532593
CICIoT2023,SNN_AE_T7,0,7,encoder,attack,7,0.2475201040506363
CICIoT2023,SNN_AE_T7,0,7,decoder,normal,1,0.00818451214581728
CICIoT2023,SNN_AE_T7,0,7,decoder,normal,2,0.20396357774734497
CICIoT2023,SNN_AE_T7,0,7,decoder,normal,3,0.2538958191871643
CICIoT2023,SNN_AE_T7,0,7,decoder,normal,4,0.2598056197166443
CICIoT2023,SNN_AE_T7,0,7,decoder,normal,5,0.2640021741390228
CICIoT2023,SNN_AE_T7,0,7,decoder,normal,6,0.271328866481781
CICIoT2023,SNN_AE_T7,0,7,decoder,normal,7,0.2598075866699219
CICIoT2023,SNN_AE_T7,0,7,decoder,attack,1,0.061717648059129715
CICIoT2023,SNN_AE_T7,0,7,decoder,attack,2,0.2598073482513428
CICIoT2023,SNN_AE_T7,0,7,decoder,attack,3,0.289165198802948
CICIoT2023,SNN_AE_T7,0,7,decoder,attack,4,0.3114181458950043
CICIoT2023,SNN_AE_T7,0,7,decoder,attack,5,0.296380877494812
CICIoT2023,SNN_AE_T7,0,7,decoder,attack,6,0.29725000262260437
CICIoT2023,SNN_AE_T7,0,7,decoder,attack,7,0.29436421394348145
CICIoT2023,SNN_AE_noBN,0,7,encoder,normal,1,0.03704768791794777
CICIoT2023,SNN_AE_noBN,0,7,encoder,normal,2,0.47605180740356445
CICIoT2023,SNN_AE_noBN,0,7,encoder,normal,3,0.4672166109085083
CICIoT2023,SNN_AE_noBN,0,7,encoder,attack,1,0.12179607897996902
CICIoT2023,SNN_AE_noBN,0,7,encoder,attack,2,0.4115843176841736
CICIoT2023,SNN_AE_noBN,0,7,encoder,attack,3,0.41831666231155396
CICIoT2023,SNN_AE_noBN,0,7,decoder,normal,1,0.01257847249507904
CICIoT2023,SNN_AE_noBN,0,7,decoder,normal,2,0.341636598110199
CICIoT2023,SNN_AE_noBN,0,7,decoder,normal,3,0.3984953761100769
CICIoT2023,SNN_AE_noBN,0,7,decoder,attack,1,0.05314411595463753
CICIoT2023,SNN_AE_noBN,0,7,decoder,attack,2,0.28325146436691284
CICIoT2023,SNN_AE_noBN,0,7,decoder,attack,3,0.35001862049102783
CICIoT2023,SNN_AE,0,8,encoder,normal,1,0.032362762838602066
CICIoT2023,SNN_AE,0,8,encoder,normal,2,0.4352286458015442
CICIoT2023,SNN_AE,0,8,encoder,normal,3,0.4099007248878479
CICIoT2023,SNN_AE,0,8,encoder,attack,1,0.23159754276275635
CICIoT2023,SNN_AE,0,8,encoder,attack,2,0.4588671624660492
CICIoT2023,SNN_AE,0,8,encoder,attack,3,0.445739209651947
CICIoT2023,SNN_AE,0,8,decoder,normal,1,0.0006921265157870948
CICIoT2023,SNN_AE,0,8,decoder,normal,2,0.34042438864707947
CICIoT2023,SNN_AE,0,8,decoder,normal,3,0.36320558190345764
CICIoT2023,SNN_AE,0,8,decoder,attack,1,0.08487352728843689
CICIoT2023,SNN_AE,0,8,decoder,attack,2,0.3341352939605713
CICIoT2023,SNN_AE,0,8,decoder,attack,3,0.37554508447647095
CICIoT2023,SNN_Dense,0,8,encoder,normal,1,0.00590939586982131
CICIoT2023,SNN_Dense,0,8,encoder,normal,2,0.29476985335350037
CICIoT2023,SNN_Dense,0,8,encoder,normal,3,0.307708740234375
CICIoT2023,SNN_Dense,0,8,encoder,attack,1,0.09441715478897095
CICIoT2023,SNN_Dense,0,8,encoder,attack,2,0.2638593018054962
CICIoT2023,SNN_Dense,0,8,encoder,attack,3,0.27204999327659607
CICIoT2023,Dense_SNN,0,8,decoder,normal,1,0.003329518483951688
CICIoT2023,Dense_SNN,0,8,decoder,normal,2,0.33759981393814087
CICIoT2023,Dense_SNN,0,8,decoder,normal,3,0.3229330778121948
CICIoT2023,Dense_SNN,0,8,decoder,attack,1,0.14867353439331055
CICIoT2023,Dense_SNN,0,8,decoder,attack,2,0.33617401123046875
CICIoT2023,Dense_SNN,0,8,decoder,attack,3,0.34318920969963074
CICIoT2023,SNN_AE_T2,0,8,encoder,normal,1,0.8827035427093506
CICIoT2023,SNN_AE_T2,0,8,encoder,normal,2,0.9328944087028503
CICIoT2023,SNN_AE_T2,0,8,encoder,attack,1,0.6496157050132751
CICIoT2023,SNN_AE_T2,0,8,encoder,attack,2,0.727354884147644
CICIoT2023,SNN_AE_T2,0,8,decoder,normal,1,0.23793311417102814
CICIoT2023,SNN_AE_T2,0,8,decoder,normal,2,0.40443292260169983
CICIoT2023,SNN_AE_T2,0,8,decoder,attack,1,0.15772059559822083
CICIoT2023,SNN_AE_T2,0,8,decoder,attack,2,0.33402499556541443
CICIoT2023,SNN_AE_T5,0,8,encoder,normal,1,0.007847350090742111
CICIoT2023,SNN_AE_T5,0,8,encoder,normal,2,0.35416942834854126
CICIoT2023,SNN_AE_T5,0,8,encoder,normal,3,0.3509061932563782
CICIoT2023,SNN_AE_T5,0,8,encoder,normal,4,0.38177308440208435
CICIoT2023,SNN_AE_T5,0,8,encoder,normal,5,0.36336982250213623
CICIoT2023,SNN_AE_T5,0,8,encoder,attack,1,0.2196524441242218
CICIoT2023,SNN_AE_T5,0,8,encoder,attack,2,0.42532989382743835
CICIoT2023,SNN_AE_T5,0,8,encoder,attack,3,0.4207691252231598
CICIoT2023,SNN_AE_T5,0,8,encoder,attack,4,0.4297078549861908
CICIoT2023,SNN_AE_T5,0,8,encoder,attack,5,0.4144730269908905
CICIoT2023,SNN_AE_T5,0,8,decoder,normal,1,0.00029196040122769773
CICIoT2023,SNN_AE_T5,0,8,decoder,normal,2,0.2475224733352661
CICIoT2023,SNN_AE_T5,0,8,decoder,normal,3,0.2705649435520172
CICIoT2023,SNN_AE_T5,0,8,decoder,normal,4,0.28975340723991394
CICIoT2023,SNN_AE_T5,0,8,decoder,normal,5,0.28622210025787354
CICIoT2023,SNN_AE_T5,0,8,decoder,attack,1,0.06861862540245056
CICIoT2023,SNN_AE_T5,0,8,decoder,attack,2,0.280638724565506
CICIoT2023,SNN_AE_T5,0,8,decoder,attack,3,0.31661078333854675
CICIoT2023,SNN_AE_T5,0,8,decoder,attack,4,0.3326970636844635
CICIoT2023,SNN_AE_T5,0,8,decoder,attack,5,0.32155001163482666
CICIoT2023,SNN_AE_T7,0,8,encoder,normal,1,0.001803428283892572
CICIoT2023,SNN_AE_T7,0,8,encoder,normal,2,0.12085698544979095
CICIoT2023,SNN_AE_T7,0,8,encoder,normal,3,0.14571847021579742
CICIoT2023,SNN_AE_T7,0,8,encoder,normal,4,0.1713705211877823
CICIoT2023,SNN_AE_T7,0,8,encoder,normal,5,0.14095692336559296
CICIoT2023,SNN_AE_T7,0,8,encoder,normal,6,0.17873680591583252
CICIoT2023,SNN_AE_T7,0,8,encoder,normal,7,0.13413363695144653
CICIoT2023,SNN_AE_T7,0,8,encoder,attack,1,0.16492989659309387
CICIoT2023,SNN_AE_T7,0,8,encoder,attack,2,0.27157795429229736
CICIoT2023,SNN_AE_T7,0,8,encoder,attack,3,0.29110392928123474
CICIoT2023,SNN_AE_T7,0,8,encoder,attack,4,0.2868681252002716
CICIoT2023,SNN_AE_T7,0,8,encoder,attack,5,0.284821093082428
CICIoT2023,SNN_AE_T7,0,8,encoder,attack,6,0.3013470470905304
CICIoT2023,SNN_AE_T7,0,8,encoder,attack,7,0.2779735326766968
CICIoT2023,SNN_AE_T7,0,8,decoder,normal,1,0.0001125924100051634
CICIoT2023,SNN_AE_T7,0,8,decoder,normal,2,0.17621590197086334
CICIoT2023,SNN_AE_T7,0,8,decoder,normal,3,0.254789799451828
CICIoT2023,SNN_AE_T7,0,8,decoder,normal,4,0.26685231924057007
CICIoT2023,SNN_AE_T7,0,8,decoder,normal,5,0.25909852981567383
CICIoT2023,SNN_AE_T7,0,8,decoder,normal,6,0.27302783727645874
CICIoT2023,SNN_AE_T7,0,8,decoder,normal,7,0.25751981139183044
CICIoT2023,SNN_AE_T7,0,8,decoder,attack,1,0.09495294094085693
CICIoT2023,SNN_AE_T7,0,8,decoder,attack,2,0.26696667075157166
CICIoT2023,SNN_AE_T7,0,8,decoder,attack,3,0.30584216117858887
CICIoT2023,SNN_AE_T7,0,8,decoder,attack,4,0.31593871116638184
CICIoT2023,SNN_AE_T7,0,8,decoder,attack,5,0.31513628363609314
CICIoT2023,SNN_AE_T7,0,8,decoder,attack,6,0.31269314885139465
CICIoT2023,SNN_AE_T7,0,8,decoder,attack,7,0.3004588186740875
CICIoT2023,SNN_AE_noBN,0,8,encoder,normal,1,0.010162562131881714
CICIoT2023,SNN_AE_noBN,0,8,encoder,normal,2,0.5561991930007935
CICIoT2023,SNN_AE_noBN,0,8,encoder,normal,3,0.4803236126899719
CICIoT2023,SNN_AE_noBN,0,8,encoder,attack,1,0.1047196090221405
CICIoT2023,SNN_AE_noBN,0,8,encoder,attack,2,0.4252362847328186
CICIoT2023,SNN_AE_noBN,0,8,encoder,attack,3,0.4277215600013733
CICIoT2023,SNN_AE_noBN,0,8,decoder,normal,1,0.00021494914835784584
CICIoT2023,SNN_AE_noBN,0,8,decoder,normal,2,0.3042661249637604
CICIoT2023,SNN_AE_noBN,0,8,decoder,normal,3,0.33078041672706604
CICIoT2023,SNN_AE_noBN,0,8,decoder,attack,1,0.045098528265953064
CICIoT2023,SNN_AE_noBN,0,8,decoder,attack,2,0.24261029064655304
CICIoT2023,SNN_AE_noBN,0,8,decoder,attack,3,0.31485047936439514
CICIoT2023,SNN_AE,0,9,encoder,normal,1,0.03877565637230873
CICIoT2023,SNN_AE,0,9,encoder,normal,2,0.4196021854877472
CICIoT2023,SNN_AE,0,9,encoder,normal,3,0.43305137753486633
CICIoT2023,SNN_AE,0,9,encoder,attack,1,0.16372990608215332
CICIoT2023,SNN_AE,0,9,encoder,attack,2,0.4039529263973236
CICIoT2023,SNN_AE,0,9,encoder,attack,3,0.3950764834880829
CICIoT2023,SNN_AE,0,9,decoder,normal,1,0.014919713139533997
CICIoT2023,SNN_AE,0,9,decoder,normal,2,0.3008498549461365
CICIoT2023,SNN_AE,0,9,decoder,normal,3,0.3146997094154358
CICIoT2023,SNN_AE,0,9,decoder,attack,1,0.04452941194176674
CICIoT2023,SNN_AE,0,9,decoder,attack,2,0.29204460978507996
CICIoT2023,SNN_AE,0,9,decoder,attack,3,0.3084048926830292
CICIoT2023,SNN_Dense,0,9,encoder,normal,1,0.012292069382965565
CICIoT2023,SNN_Dense,0,9,encoder,normal,2,0.39520376920700073
CICIoT2023,SNN_Dense,0,9,encoder,normal,3,0.38515281677246094
CICIoT2023,SNN_Dense,0,9,encoder,attack,1,0.18250146508216858
CICIoT2023,SNN_Dense,0,9,encoder,attack,2,0.4461583197116852
CICIoT2023,SNN_Dense,0,9,encoder,attack,3,0.4432377517223358
CICIoT2023,Dense_SNN,0,9,decoder,normal,1,0.010601233690977097
CICIoT2023,Dense_SNN,0,9,decoder,normal,2,0.3302140533924103
CICIoT2023,Dense_SNN,0,9,decoder,normal,3,0.31982094049453735
CICIoT2023,Dense_SNN,0,9,decoder,attack,1,0.16398774087429047
CICIoT2023,Dense_SNN,0,9,decoder,attack,2,0.4219975471496582
CICIoT2023,Dense_SNN,0,9,decoder,attack,3,0.401984304189682
CICIoT2023,SNN_AE_T2,0,9,encoder,normal,1,0.7962905764579773
CICIoT2023,SNN_AE_T2,0,9,encoder,normal,2,0.8833913207054138
CICIoT2023,SNN_AE_T2,0,9,encoder,attack,1,0.6242137551307678
CICIoT2023,SNN_AE_T2,0,9,encoder,attack,2,0.7158524394035339
CICIoT2023,SNN_AE_T2,0,9,decoder,normal,1,0.3069634735584259
CICIoT2023,SNN_AE_T2,0,9,decoder,normal,2,0.408209890127182
CICIoT2023,SNN_AE_T2,0,9,decoder,attack,1,0.21041128039360046
CICIoT2023,SNN_AE_T2,0,9,decoder,attack,2,0.3543303906917572
CICIoT2023,SNN_AE_T5,0,9,encoder,normal,1,0.020183773711323738
CICIoT2023,SNN_AE_T5,0,9,encoder,normal,2,0.332986444234848
CICIoT2023,SNN_AE_T5,0,9,encoder,normal,3,0.33298060297966003
CICIoT2023,SNN_AE_T5,0,9,encoder,normal,4,0.3650314211845398
CICIoT2023,SNN_AE_T5,0,9,encoder,normal,5,0.30737096071243286
CICIoT2023,SNN_AE_T5,0,9,encoder,attack,1,0.22271665930747986
CICIoT2023,SNN_AE_T5,0,9,encoder,attack,2,0.4202710688114166
CICIoT2023,SNN_AE_T5,0,9,encoder,attack,3,0.42475834488868713
CICIoT2023,SNN_AE_T5,0,9,encoder,attack,4,0.43075981736183167
CICIoT2023,SNN_AE_T5,0,9,encoder,attack,5,0.4130161702632904
CICIoT2023,SNN_AE_T5,0,9,decoder,normal,1,0.0017668722430244088
CICIoT2023,SNN_AE_T5,0,9,decoder,normal,2,0.22453218698501587
CICIoT2023,SNN_AE_T5,0,9,decoder,normal,3,0.28342482447624207
CICIoT2023,SNN_AE_T5,0,9,decoder,normal,4,0.2867509424686432
CICIoT2023,SNN_AE_T5,0,9,decoder,normal,5,0.27212610840797424
CICIoT2023,SNN_AE_T5,0,9,decoder,attack,1,0.061926960945129395
CICIoT2023,SNN_AE_T5,0,9,decoder,attack,2,0.2696617543697357
CICIoT2023,SNN_AE_T5,0,9,decoder,attack,3,0.3155338168144226
CICIoT2023,SNN_AE_T5,0,9,decoder,attack,4,0.3215843141078949
CICIoT2023,SNN_AE_T5,0,9,decoder,attack,5,0.31735488772392273
CICIoT2023,SNN_AE_T7,0,9,encoder,normal,1,0.004977949429303408
CICIoT2023,SNN_AE_T7,0,9,encoder,normal,2,0.12670838832855225
CICIoT2023,SNN_AE_T7,0,9,encoder,normal,3,0.14544892311096191
CICIoT2023,SNN_AE_T7,0,9,encoder,normal,4,0.1558600664138794
CICIoT2023,SNN_AE_T7,0,9,encoder,normal,5,0.15242283046245575
CICIoT2023,SNN_AE_T7,0,9,encoder,normal,6,0.1686205416917801
CICIoT2023,SNN_AE_T7,0,9,encoder,normal,7,0.144703671336174
CICIoT2023,SNN_AE_T7,0,9,encoder,attack,1,0.18301813304424286
CICIoT2023,SNN_AE_T7,0,9,encoder,attack,2,0.3117014765739441
CICIoT2023,SNN_AE_T7,0,9,encoder,attack,3,0.31119951605796814
CICIoT2023,SNN_AE_T7,0,9,encoder,attack,4,0.31769412755966187
CICIoT2023,SNN_AE_T7,0,9,encoder,attack,5,0.31117498874664307
CICIoT2023,SNN_AE_T7,0,9,encoder,attack,6,0.32543137669563293
CICIoT2023,SNN_AE_T7,0,9,encoder,attack,7,0.3067191243171692
CICIoT2023,SNN_AE_T7,0,9,decoder,normal,1,0.005177301354706287
CICIoT2023,SNN_AE_T7,0,9,decoder,normal,2,0.17578503489494324
CICIoT2023,SNN_AE_T7,0,9,decoder,normal,3,0.2371649593114853
CICIoT2023,SNN_AE_T7,0,9,decoder,normal,4,0.25571054220199585
CICIoT2023,SNN_AE_T7,0,9,decoder,normal,5,0.2688775062561035
CICIoT2023,SNN_AE_T7,0,9,decoder,normal,6,0.2679816484451294
CICIoT2023,SNN_AE_T7,0,9,decoder,normal,7,0.26721590757369995
CICIoT2023,SNN_AE_T7,0,9,decoder,attack,1,0.06889166682958603
CICIoT2023,SNN_AE_T7,0,9,decoder,attack,2,0.2676323652267456
CICIoT2023,SNN_AE_T7,0,9,decoder,attack,3,0.28991469740867615
CICIoT2023,SNN_AE_T7,0,9,decoder,attack,4,0.3099774420261383
CICIoT2023,SNN_AE_T7,0,9,decoder,attack,5,0.30545341968536377
CICIoT2023,SNN_AE_T7,0,9,decoder,attack,6,0.31890344619750977
CICIoT2023,SNN_AE_T7,0,9,decoder,attack,7,0.3122691214084625
CICIoT2023,SNN_AE_noBN,0,9,encoder,normal,1,0.013160152360796928
CICIoT2023,SNN_AE_noBN,0,9,encoder,normal,2,0.473768413066864
CICIoT2023,SNN_AE_noBN,0,9,encoder,normal,3,0.4300888776779175
CICIoT2023,SNN_AE_noBN,0,9,encoder,attack,1,0.09970980137586594
CICIoT2023,SNN_AE_noBN,0,9,encoder,attack,2,0.4212549030780792
CICIoT2023,SNN_AE_noBN,0,9,encoder,attack,3,0.4170401990413666
CICIoT2023,SNN_AE_noBN,0,9,decoder,normal,1,0.0008032566984184086
CICIoT2023,SNN_AE_noBN,0,9,decoder,normal,2,0.2869702875614166
CICIoT2023,SNN_AE_noBN,0,9,decoder,normal,3,0.31299227476119995
CICIoT2023,SNN_AE_noBN,0,9,decoder,attack,1,0.03322499990463257
CICIoT2023,SNN_AE_noBN,0,9,decoder,attack,2,0.26649755239486694
CICIoT2023,SNN_AE_noBN,0,9,decoder,attack,3,0.30955246090888977
CICIoT2023,SNN_AE,1,0,encoder,normal,1,0.03573761135339737
CICIoT2023,SNN_AE,1,0,encoder,normal,2,0.4579230844974518
CICIoT2023,SNN_AE,1,0,encoder,normal,3,0.42114681005477905
CICIoT2023,SNN_AE,1,0,encoder,attack,1,0.2179529368877411
CICIoT2023,SNN_AE,1,0,encoder,attack,2,0.4305279552936554
CICIoT2023,SNN_AE,1,0,encoder,attack,3,0.41782596707344055
CICIoT2023,SNN_AE,1,0,decoder,normal,1,0.009369540959596634
CICIoT2023,SNN_AE,1,0,decoder,normal,2,0.37874674797058105
CICIoT2023,SNN_AE,1,0,decoder,normal,3,0.41870585083961487
CICIoT2023,SNN_AE,1,0,decoder,attack,1,0.10990147292613983
CICIoT2023,SNN_AE,1,0,decoder,attack,2,0.366059809923172
CICIoT2023,SNN_AE,1,0,decoder,attack,3,0.4249245226383209
CICIoT2023,SNN_Dense,1,0,encoder,normal,1,0.005168527830392122
CICIoT2023,SNN_Dense,1,0,encoder,normal,2,0.3952661454677582
CICIoT2023,SNN_Dense,1,0,encoder,normal,3,0.38173410296440125
CICIoT2023,SNN_Dense,1,0,encoder,attack,1,0.18045735359191895
CICIoT2023,SNN_Dense,1,0,encoder,attack,2,0.4211828410625458
CICIoT2023,SNN_Dense,1,0,encoder,attack,3,0.4267122447490692
CICIoT2023,Dense_SNN,1,0,decoder,normal,1,0.006052207667380571
CICIoT2023,Dense_SNN,1,0,decoder,normal,2,0.4097003936767578
CICIoT2023,Dense_SNN,1,0,decoder,normal,3,0.38350924849510193
CICIoT2023,Dense_SNN,1,0,decoder,attack,1,0.10480931401252747
CICIoT2023,Dense_SNN,1,0,decoder,attack,2,0.3670499920845032
CICIoT2023,Dense_SNN,1,0,decoder,attack,3,0.36834704875946045
CICIoT2023,SNN_AE_T2,1,0,encoder,normal,1,0.7960264086723328
CICIoT2023,SNN_AE_T2,1,0,encoder,normal,2,0.8712975978851318
CICIoT2023,SNN_AE_T2,1,0,encoder,attack,1,0.6294764876365662
CICIoT2023,SNN_AE_T2,1,0,encoder,attack,2,0.7104054093360901
CICIoT2023,SNN_AE_T2,1,0,decoder,normal,1,0.1913032829761505
CICIoT2023,SNN_AE_T2,1,0,decoder,normal,2,0.41310352087020874
CICIoT2023,SNN_AE_T2,1,0,decoder,attack,1,0.1118980422616005
CICIoT2023,SNN_AE_T2,1,0,decoder,attack,2,0.34521716833114624
CICIoT2023,SNN_AE_T5,1,0,encoder,normal,1,0.0064153303392231464
CICIoT2023,SNN_AE_T5,1,0,encoder,normal,2,0.3153206706047058
CICIoT2023,SNN_AE_T5,1,0,encoder,normal,3,0.31072288751602173
CICIoT2023,SNN_AE_T5,1,0,encoder,normal,4,0.33254826068878174
CICIoT2023,SNN_AE_T5,1,0,encoder,normal,5,0.30816057324409485
CICIoT2023,SNN_AE_T5,1,0,encoder,attack,1,0.2250254899263382
CICIoT2023,SNN_AE_T5,1,0,encoder,attack,2,0.4023784399032593
CICIoT2023,SNN_AE_T5,1,0,encoder,attack,3,0.4161583185195923
CICIoT2023,SNN_AE_T5,1,0,encoder,attack,4,0.4120901823043823
CICIoT2023,SNN_AE_T5,1,0,encoder,attack,5,0.4052029550075531
CICIoT2023,SNN_AE_T5,1,0,decoder,normal,1,0.000288061099126935
CICIoT2023,SNN_AE_T5,1,0,decoder,normal,2,0.2751251757144928
CICIoT2023,SNN_AE_T5,1,0,decoder,normal,3,0.304421603679657
CICIoT2023,SNN_AE_T5,1,0,decoder,normal,4,0.34156638383865356
CICIoT2023,SNN_AE_T5,1,0,decoder,normal,5,0.3362175226211548
CICIoT2023,SNN_AE_T5,1,0,decoder,attack,1,0.089032843708992
CICIoT2023,SNN_AE_T5,1,0,decoder,attack,2,0.3140627443790436
CICIoT2023,SNN_AE_T5,1,0,decoder,attack,3,0.35021764039993286
CICIoT2023,SNN_AE_T5,1,0,decoder,attack,4,0.37847793102264404
CICIoT2023,SNN_AE_T5,1,0,decoder,attack,5,0.3571632206439972
CICIoT2023,SNN_AE_T7,1,0,encoder,normal,1,0.0013896145392209291
CICIoT2023,SNN_AE_T7,1,0,encoder,normal,2,0.10873308032751083
CICIoT2023,SNN_AE_T7,1,0,encoder,normal,3,0.14198097586631775
CICIoT2023,SNN_AE_T7,1,0,encoder,normal,4,0.14436247944831848
CICIoT2023,SNN_AE_T7,1,0,encoder,normal,5,0.14612935483455658
CICIoT2023,SNN_AE_T7,1,0,encoder,normal,6,0.15824644267559052
CICIoT2023,SNN_AE_T7,1,0,encoder,normal,7,0.13605599105358124
CICIoT2023,SNN_AE_T7,1,0,encoder,attack,1,0.14074069261550903
CICIoT2023,SNN_AE_T7,1,0,encoder,attack,2,0.2544132471084595
CICIoT2023,SNN_AE_T7,1,0,encoder,attack,3,0.2616024613380432
CICIoT2023,SNN_AE_T7,1,0,encoder,attack,4,0.2700921595096588
CICIoT2023,SNN_AE_T7,1,0,encoder,attack,5,0.26424410939216614
CICIoT2023,SNN_AE_T7,1,0,encoder,attack,6,0.27627694606781006
CICIoT2023,SNN_AE_T7,1,0,encoder,attack,7,0.2576853036880493
CICIoT2023,SNN_AE_T7,1,0,decoder,normal,1,0.00013160152593627572
CICIoT2023,SNN_AE_T7,1,0,decoder,normal,2,0.1591501086950302
CICIoT2023,SNN_AE_T7,1,0,decoder,normal,3,0.24314892292022705
CICIoT2023,SNN_AE_T7,1,0,decoder,normal,4,0.2619016468524933
CICIoT2023,SNN_AE_T7,1,0,decoder,normal,5,0.2665174603462219
CICIoT2023,SNN_AE_T7,1,0,decoder,normal,6,0.2624012529850006
CICIoT2023,SNN_AE_T7,1,0,decoder,normal,7,0.25642311573028564
CICIoT2023,SNN_AE_T7,1,0,decoder,attack,1,0.06234362721443176
CICIoT2023,SNN_AE_T7,1,0,decoder,attack,2,0.24105587601661682
CICIoT2023,SNN_AE_T7,1,0,decoder,attack,3,0.2827269732952118
CICIoT2023,SNN_AE_T7,1,0,decoder,attack,4,0.2910137176513672
CICIoT2023,SNN_AE_T7,1,0,decoder,attack,5,0.29250049591064453
CICIoT2023,SNN_AE_T7,1,0,decoder,attack,6,0.2813916802406311
CICIoT2023,SNN_AE_T7,1,0,decoder,attack,7,0.29167646169662476
CICIoT2023,SNN_AE_noBN,1,0,encoder,normal,1,0.012735128402709961
CICIoT2023,SNN_AE_noBN,1,0,encoder,normal,2,0.5082548260688782
CICIoT2023,SNN_AE_noBN,1,0,encoder,normal,3,0.4844125211238861
CICIoT2023,SNN_AE_noBN,1,0,encoder,attack,1,0.11715245246887207
CICIoT2023,SNN_AE_noBN,1,0,encoder,attack,2,0.42287108302116394
CICIoT2023,SNN_AE_noBN,1,0,encoder,attack,3,0.43785637617111206
CICIoT2023,SNN_AE_noBN,1,0,decoder,normal,1,0.0009670275030657649
CICIoT2023,SNN_AE_noBN,1,0,decoder,normal,2,0.3616853356361389
CICIoT2023,SNN_AE_noBN,1,0,decoder,normal,3,0.4186268746852875
CICIoT2023,SNN_AE_noBN,1,0,decoder,attack,1,0.051973529160022736
CICIoT2023,SNN_AE_noBN,1,0,decoder,attack,2,0.312788724899292
CICIoT2023,SNN_AE_noBN,1,0,decoder,attack,3,0.3802539110183716
CICIoT2023,SNN_AE,1,1,encoder,normal,1,0.03469162434339523
CICIoT2023,SNN_AE,1,1,encoder,normal,2,0.47360706329345703
CICIoT2023,SNN_AE,1,1,encoder,normal,3,0.4254029095172882
CICIoT2023,SNN_AE,1,1,encoder,attack,1,0.16128627955913544
CICIoT2023,SNN_AE,1,1,encoder,attack,2,0.4076480269432068
CICIoT2023,SNN_AE,1,1,encoder,attack,3,0.41310587525367737
CICIoT2023,SNN_AE,1,1,decoder,normal,1,0.014265605248510838
CICIoT2023,SNN_AE,1,1,decoder,normal,2,0.3951511085033417
CICIoT2023,SNN_AE,1,1,decoder,normal,3,0.40077197551727295
CICIoT2023,SNN_AE,1,1,decoder,attack,1,0.07694412022829056
CICIoT2023,SNN_AE,1,1,decoder,attack,2,0.3445098102092743
CICIoT2023,SNN_AE,1,1,decoder,attack,3,0.3812112808227539
CICIoT2023,SNN_Dense,1,1,encoder,normal,1,0.01502986904233694
CICIoT2023,SNN_Dense,1,1,encoder,normal,2,0.37824761867523193
CICIoT2023,SNN_Dense,1,1,encoder,normal,3,0.3742235600948334
CICIoT2023,SNN_Dense,1,1,encoder,attack,1,0.22825686633586884
CICIoT2023,SNN_Dense,1,1,encoder,attack,2,0.47459903359413147
CICIoT2023,SNN_Dense,1,1,encoder,attack,3,0.46490293741226196
CICIoT2023,Dense_SNN,1,1,decoder,normal,1,0.007534430827945471
CICIoT2023,Dense_SNN,1,1,decoder,normal,2,0.3386029303073883
CICIoT2023,Dense_SNN,1,1,decoder,normal,3,0.3785010874271393
CICIoT2023,Dense_SNN,1,1,decoder,attack,1,0.18055735528469086
CICIoT2023,Dense_SNN,1,1,decoder,attack,2,0.4056764841079712
CICIoT2023,Dense_SNN,1,1,decoder,attack,3,0.40652891993522644
CICIoT2023,SNN_AE_T2,1,1,encoder,normal,1,0.8519989848136902
CICIoT2023,SNN_AE_T2,1,1,encoder,normal,2,0.9133287072181702
CICIoT2023,SNN_AE_T2,1,1,encoder,attack,1,0.600676953792572
CICIoT2023,SNN_AE_T2,1,1,encoder,attack,2,0.6711392402648926
CICIoT2023,SNN_AE_T2,1,1,decoder,normal,1,0.2718370854854584
CICIoT2023,SNN_AE_T2,1,1,decoder,normal,2,0.41227248311042786
CICIoT2023,SNN_AE_T2,1,1,decoder,attack,1,0.15301911532878876
CICIoT2023,SNN_AE_T2,1,1,decoder,attack,2,0.3254828453063965
CICIoT2023,SNN_AE_T5,1,1,encoder,normal,1,0.010902942158281803
CICIoT2023,SNN_AE_T5,1,1,encoder,normal,2,0.3806856870651245
CICIoT2023,SNN_AE_T5,1,1,encoder,normal,3,0.3472057580947876
CICIoT2023,SNN_AE_T5,1,1,encoder,normal,4,0.3870970904827118
CICIoT2023,SNN_AE_T5,1,1,encoder,normal,5,0.33795759081840515
CICIoT2023,SNN_AE_T5,1,1,encoder,attack,1,0.19376960396766663
CICIoT2023,SNN_AE_T5,1,1,encoder,attack,2,0.42020294070243835
CICIoT2023,SNN_AE_T5,1,1,encoder,attack,3,0.40365147590637207
CICIoT2023,SNN_AE_T5,1,1,encoder,attack,4,0.41564851999282837
CICIoT2023,SNN_AE_T5,1,1,encoder,attack,5,0.40316030383110046
CICIoT2023,SNN_AE_T5,1,1,decoder,normal,1,0.00046109274262562394
CICIoT2023,SNN_AE_T5,1,1,decoder,normal,2,0.2655874788761139
CICIoT2023,SNN_AE_T5,1,1,decoder,normal,3,0.28091415762901306
CICIoT2023,SNN_AE_T5,1,1,decoder,normal,4,0.3199949562549591
CICIoT2023,SNN_AE_T5,1,1,decoder,normal,5,0.3115982711315155
CICIoT2023,SNN_AE_T5,1,1,decoder,attack,1,0.05348333343863487
CICIoT2023,SNN_AE_T5,1,1,decoder,attack,2,0.29093775153160095
CICIoT2023,SNN_AE_T5,1,1,decoder,attack,3,0.3148406744003296
CICIoT2023,SNN_AE_T5,1,1,decoder,attack,4,0.3439740240573883
CICIoT2023,SNN_AE_T5,1,1,decoder,attack,5,0.3215019702911377
CICIoT2023,SNN_AE_T7,1,1,encoder,normal,1,0.007459856569766998
CICIoT2023,SNN_AE_T7,1,1,encoder,normal,2,0.10188833624124527
CICIoT2023,SNN_AE_T7,1,1,encoder,normal,3,0.1390155553817749
CICIoT2023,SNN_AE_T7,1,1,encoder,normal,4,0.1373295933008194
CICIoT2023,SNN_AE_T7,1,1,encoder,normal,5,0.1413663625717163
CICIoT2023,SNN_AE_T7,1,1,encoder,normal,6,0.15494763851165771
CICIoT2023,SNN_AE_T7,1,1,encoder,normal,7,0.13847647607326508
CICIoT2023,SNN_AE_T7,1,1,encoder,attack,1,0.18871617317199707
CICIoT2023,SNN_AE_T7,1,1,encoder,attack,2,0.29698726534843445
CICIoT2023,SNN_AE_T7,1,1,encoder,attack,3,0.3090382218360901
CICIoT2023,SNN_AE_T7,1,1,encoder,attack,4,0.30670294165611267
CICIoT2023,SNN_AE_T7,1,1,encoder,attack,5,0.30401813983917236
CICIoT2023,SNN_AE_T7,1,1,encoder,attack,6,0.31566569209098816
CICIoT2023,SNN_AE_T7,1,1,encoder,attack,7,0.29752305150032043
CICIoT2023,SNN_AE_T7,1,1,decoder,normal,1,0.00047815218567848206
CICIoT2023,SNN_AE_T7,1,1,decoder,normal,2,0.15057943761348724
CICIoT2023,SNN_AE_T7,1,1,decoder,normal,3,0.25394561886787415
CICIoT2023,SNN_AE_T7,1,1,decoder,normal,4,0.26066166162490845
CICIoT2023,SNN_AE_T7,1,1,decoder,normal,5,0.26489484310150146
CICIoT2023,SNN_AE_T7,1,1,decoder,normal,6,0.2665306031703949
CICIoT2023,SNN_AE_T7,1,1,decoder,normal,7,0.26611143350601196
CICIoT2023,SNN_AE_T7,1,1,decoder,attack,1,0.07688333094120026
CICIoT2023,SNN_AE_T7,1,1,decoder,attack,2,0.28537991642951965
CICIoT2023,SNN_AE_T7,1,1,decoder,attack,3,0.31745490431785583
CICIoT2023,SNN_AE_T7,1,1,decoder,attack,4,0.3334617614746094
CICIoT2023,SNN_AE_T7,1,1,decoder,attack,5,0.33541175723075867
CICIoT2023,SNN_AE_T7,1,1,decoder,attack,6,0.33375442028045654
CICIoT2023,SNN_AE_T7,1,1,decoder,attack,7,0.3387083411216736
CICIoT2023,SNN_AE_noBN,1,1,encoder,normal,1,0.01714426651597023
CICIoT2023,SNN_AE_noBN,1,1,encoder,normal,2,0.5000609159469604
CICIoT2023,SNN_AE_noBN,1,1,encoder,normal,3,0.4857114851474762
CICIoT2023,SNN_AE_noBN,1,1,encoder,attack,1,0.10950490087270737
CICIoT2023,SNN_AE_noBN,1,1,encoder,attack,2,0.43810001015663147
CICIoT2023,SNN_AE_noBN,1,1,encoder,attack,3,0.442996084690094
CICIoT2023,SNN_AE_noBN,1,1,decoder,normal,1,0.0014212963869795203
CICIoT2023,SNN_AE_noBN,1,1,decoder,normal,2,0.3560025990009308
CICIoT2023,SNN_AE_noBN,1,1,decoder,normal,3,0.3959558308124542
CICIoT2023,SNN_AE_noBN,1,1,decoder,attack,1,0.03357255086302757
CICIoT2023,SNN_AE_noBN,1,1,decoder,attack,2,0.2778485417366028
CICIoT2023,SNN_AE_noBN,1,1,decoder,attack,3,0.33508872985839844
CICIoT2023,SNN_AE,1,2,encoder,normal,1,0.05225019156932831
CICIoT2023,SNN_AE,1,2,encoder,normal,2,0.43794453144073486
CICIoT2023,SNN_AE,1,2,encoder,normal,3,0.4153933823108673
CICIoT2023,SNN_AE,1,2,encoder,attack,1,0.29624509811401367
CICIoT2023,SNN_AE,1,2,encoder,attack,2,0.5555387139320374
CICIoT2023,SNN_AE,1,2,encoder,attack,3,0.5353068709373474
CICIoT2023,SNN_AE,1,2,decoder,normal,1,0.005480472464114428
CICIoT2023,SNN_AE,1,2,decoder,normal,2,0.33457493782043457
CICIoT2023,SNN_AE,1,2,decoder,normal,3,0.35986095666885376
CICIoT2023,SNN_AE,1,2,decoder,attack,1,0.09961813688278198
CICIoT2023,SNN_AE,1,2,decoder,attack,2,0.3436078429222107
CICIoT2023,SNN_AE,1,2,decoder,attack,3,0.3947887122631073
CICIoT2023,SNN_Dense,1,2,encoder,normal,1,0.011601892299950123
CICIoT2023,SNN_Dense,1,2,encoder,normal,2,0.41184014081954956
CICIoT2023,SNN_Dense,1,2,encoder,normal,3,0.4221464991569519
CICIoT2023,SNN_Dense,1,2,encoder,attack,1,0.10440882295370102
CICIoT2023,SNN_Dense,1,2,encoder,attack,2,0.374051958322525
CICIoT2023,SNN_Dense,1,2,encoder,attack,3,0.38245096802711487
CICIoT2023,Dense_SNN,1,2,decoder,normal,1,0.006466021295636892
CICIoT2023,Dense_SNN,1,2,decoder,normal,2,0.33882468938827515
CICIoT2023,Dense_SNN,1,2,decoder,normal,3,0.3605647683143616
CICIoT2023,Dense_SNN,1,2,decoder,attack,1,0.18326176702976227
CICIoT2023,Dense_SNN,1,2,decoder,attack,2,0.417484313249588
CICIoT2023,Dense_SNN,1,2,decoder,attack,3,0.41909462213516235
CICIoT2023,SNN_AE_T2,1,2,encoder,normal,1,0.8574662804603577
CICIoT2023,SNN_AE_T2,1,2,encoder,normal,2,0.9018759727478027
CICIoT2023,SNN_AE_T2,1,2,encoder,attack,1,0.7677245140075684
CICIoT2023,SNN_AE_T2,1,2,encoder,attack,2,0.8140431642532349
CICIoT2023,SNN_AE_T2,1,2,decoder,normal,1,0.23247799277305603
CICIoT2023,SNN_AE_T2,1,2,decoder,normal,2,0.44681933522224426
CICIoT2023,SNN_AE_T2,1,2,decoder,attack,1,0.18111519515514374
CICIoT2023,SNN_AE_T2,1,2,decoder,attack,2,0.41762107610702515
CICIoT2023,SNN_AE_T5,1,2,encoder,normal,1,0.01365243922919035
CICIoT2023,SNN_AE_T5,1,2,encoder,normal,2,0.3685173988342285
CICIoT2023,SNN_AE_T5,1,2,encoder,normal,3,0.3749995231628418
CICIoT2023,SNN_AE_T5,1,2,encoder,normal,4,0.39708662033081055
CICIoT2023,SNN_AE_T5,1,2,encoder,normal,5,0.357027143239975
CICIoT2023,SNN_AE_T5,1,2,encoder,attack,1,0.28517842292785645
CICIoT2023,SNN_AE_T5,1,2,encoder,attack,2,0.5268078446388245
CICIoT2023,SNN_AE_T5,1,2,encoder,attack,3,0.5177921652793884
CICIoT2023,SNN_AE_T5,1,2,encoder,attack,4,0.5183730125427246
CICIoT2023,SNN_AE_T5,1,2,encoder,attack,5,0.5067887306213379
CICIoT2023,SNN_AE_T5,1,2,decoder,normal,1,0.0023122874554246664
CICIoT2023,SNN_AE_T5,1,2,decoder,normal,2,0.26851925253868103
CICIoT2023,SNN_AE_T5,1,2,decoder,normal,3,0.31267741322517395
CICIoT2023,SNN_AE_T5,1,2,decoder,normal,4,0.3221873342990875
CICIoT2023,SNN_AE_T5,1,2,decoder,normal,5,0.30632203817367554
CICIoT2023,SNN_AE_T5,1,2,decoder,attack,1,0.07746470719575882
CICIoT2023,SNN_AE_T5,1,2,decoder,attack,2,0.3082936406135559
CICIoT2023,SNN_AE_T5,1,2,decoder,attack,3,0.3385053873062134
CICIoT2023,SNN_AE_T5,1,2,decoder,attack,4,0.3585578501224518
CICIoT2023,SNN_AE_T5,1,2,decoder,attack,5,0.34831273555755615
CICIoT2023,SNN_AE_T7,1,2,encoder,normal,1,0.005170965101569891
CICIoT2023,SNN_AE_T7,1,2,encoder,normal,2,0.12761497497558594
CICIoT2023,SNN_AE_T7,1,2,encoder,normal,3,0.15619638562202454
CICIoT2023,SNN_AE_T7,1,2,encoder,normal,4,0.16026286780834198
CICIoT2023,SNN_AE_T7,1,2,encoder,normal,5,0.15418434143066406
CICIoT2023,SNN_AE_T7,1,2,encoder,normal,6,0.17043858766555786
CICIoT2023,SNN_AE_T7,1,2,encoder,normal,7,0.14286856353282928
CICIoT2023,SNN_AE_T7,1,2,encoder,attack,1,0.13942843675613403
CICIoT2023,SNN_AE_T7,1,2,encoder,attack,2,0.27795979380607605
CICIoT2023,SNN_AE_T7,1,2,encoder,attack,3,0.29107940196990967
CICIoT2023,SNN_AE_T7,1,2,encoder,attack,4,0.28661322593688965
CICIoT2023,SNN_AE_T7,1,2,encoder,attack,5,0.28580930829048157
CICIoT2023,SNN_AE_T7,1,2,encoder,attack,6,0.3023343086242676
CICIoT2023,SNN_AE_T7,1,2,encoder,attack,7,0.2743240296840668
CICIoT2023,SNN_AE_T7,1,2,decoder,normal,1,0.0023561546113342047
CICIoT2023,SNN_AE_T7,1,2,decoder,normal,2,0.20938387513160706
CICIoT2023,SNN_AE_T7,1,2,decoder,normal,3,0.2506248652935028
CICIoT2023,SNN_AE_T7,1,2,decoder,normal,4,0.2764109671115875
CICIoT2023,SNN_AE_T7,1,2,decoder,normal,5,0.27286648750305176
CICIoT2023,SNN_AE_T7,1,2,decoder,normal,6,0.2812071144580841
CICIoT2023,SNN_AE_T7,1,2,decoder,normal,7,0.2737618684768677
CICIoT2023,SNN_AE_T7,1,2,decoder,attack,1,0.06138823553919792
CICIoT2023,SNN_AE_T7,1,2,decoder,attack,2,0.3100181519985199
CICIoT2023,SNN_AE_T7,1,2,decoder,attack,3,0.3215681314468384
CICIoT2023,SNN_AE_T7,1,2,decoder,attack,4,0.3314720690250397
CICIoT2023,SNN_AE_T7,1,2,decoder,attack,5,0.33521175384521484
CICIoT2023,SNN_AE_T7,1,2,decoder,attack,6,0.3342205882072449
CICIoT2023,SNN_AE_T7,1,2,decoder,attack,7,0.33310097455978394
CICIoT2023,SNN_AE_noBN,1,2,encoder,normal,1,0.01069043017923832
CICIoT2023,SNN_AE_noBN,1,2,encoder,normal,2,0.46079200506210327
CICIoT2023,SNN_AE_noBN,1,2,encoder,normal,3,0.46346157789230347
CICIoT2023,SNN_AE_noBN,1,2,encoder,attack,1,0.10320784151554108
CICIoT2023,SNN_AE_noBN,1,2,encoder,attack,2,0.43047842383384705
CICIoT2023,SNN_AE_noBN,1,2,encoder,attack,3,0.4396073520183563
CICIoT2023,SNN_AE_noBN,1,2,decoder,normal,1,0.0003138940082862973
CICIoT2023,SNN_AE_noBN,1,2,decoder,normal,2,0.3024972975254059
CICIoT2023,SNN_AE_noBN,1,2,decoder,normal,3,0.35358795523643494
CICIoT2023,SNN_AE_noBN,1,2,decoder,attack,1,0.0236323531717062
CICIoT2023,SNN_AE_noBN,1,2,decoder,attack,2,0.2546735405921936
CICIoT2023,SNN_AE_noBN,1,2,decoder,attack,3,0.3340529501438141
CICIoT2023,SNN_AE,1,3,encoder,normal,1,0.02815302647650242
CICIoT2023,SNN_AE,1,3,encoder,normal,2,0.4525052607059479
CICIoT2023,SNN_AE,1,3,encoder,normal,3,0.4630780518054962
CICIoT2023,SNN_AE,1,3,encoder,attack,1,0.1320965737104416
CICIoT2023,SNN_AE,1,3,encoder,attack,2,0.3552995026111603
CICIoT2023,SNN_AE,1,3,encoder,attack,3,0.3660995066165924
CICIoT2023,SNN_AE,1,3,decoder,normal,1,0.0169037077575922
CICIoT2023,SNN_AE,1,3,decoder,normal,2,0.39839106798171997
CICIoT2023,SNN_AE,1,3,decoder,normal,3,0.4190429449081421
CICIoT2023,SNN_AE,1,3,decoder,attack,1,0.06790538877248764
CICIoT2023,SNN_AE,1,3,decoder,attack,2,0.34209802746772766
CICIoT2023,SNN_AE,1,3,decoder,attack,3,0.4075396955013275
CICIoT2023,SNN_Dense,1,3,encoder,normal,1,0.01388130709528923
CICIoT2023,SNN_Dense,1,3,encoder,normal,2,0.420966237783432
CICIoT2023,SNN_Dense,1,3,encoder,normal,3,0.3958614468574524
CICIoT2023,SNN_Dense,1,3,encoder,attack,1,0.12665146589279175
CICIoT2023,SNN_Dense,1,3,encoder,attack,2,0.39043185114860535
CICIoT2023,SNN_Dense,1,3,encoder,attack,3,0.3805411756038666
CICIoT2023,Dense_SNN,1,3,decoder,normal,1,0.010070770978927612
CICIoT2023,Dense_SNN,1,3,decoder,normal,2,0.36175671219825745
CICIoT2023,Dense_SNN,1,3,decoder,normal,3,0.3187558352947235
CICIoT2023,Dense_SNN,1,3,decoder,attack,1,0.16737647354602814
CICIoT2023,Dense_SNN,1,3,decoder,attack,2,0.3972460925579071
CICIoT2023,Dense_SNN,1,3,decoder,attack,3,0.40137597918510437
CICIoT2023,SNN_AE_T2,1,3,encoder,normal,1,0.7212533354759216
CICIoT2023,SNN_AE_T2,1,3,encoder,normal,2,0.7933464050292969
CICIoT2023,SNN_AE_T2,1,3,encoder,attack,1,0.4992406964302063
CICIoT2023,SNN_AE_T2,1,3,encoder,attack,2,0.5715063810348511
CICIoT2023,SNN_AE_T2,1,3,decoder,normal,1,0.28477150201797485
CICIoT2023,SNN_AE_T2,1,3,decoder,normal,2,0.48242855072021484
CICIoT2023,SNN_AE_T2,1,3,decoder,attack,1,0.151903435587883
CICIoT2023,SNN_AE_T2,1,3,decoder,attack,2,0.3929789364337921
CICIoT2023,SNN_AE_T5,1,3,encoder,normal,1,0.00894778873771429
CICIoT2023,SNN_AE_T5,1,3,encoder,normal,2,0.33935263752937317
CICIoT2023,SNN_AE_T5,1,3,encoder,normal,3,0.35448217391967773
CICIoT2023,SNN_AE_T5,1,3,encoder,normal,4,0.3353724777698517
CICIoT2023,SNN_AE_T5,1,3,encoder,normal,5,0.3211080729961395
CICIoT2023,SNN_AE_T5,1,3,encoder,attack,1,0.21309460699558258
CICIoT2023,SNN_AE_T5,1,3,encoder,attack,2,0.3926999866962433
CICIoT2023,SNN_AE_T5,1,3,encoder,attack,3,0.38481077551841736
CICIoT2023,SNN_AE_T5,1,3,encoder,attack,4,0.3886524438858032
CICIoT2023,SNN_AE_T5,1,3,encoder,attack,5,0.3827328383922577
CICIoT2023,SNN_AE_T5,1,3,decoder,normal,1,0.000705275684595108
CICIoT2023,SNN_AE_T5,1,3,decoder,normal,2,0.2739720642566681
CICIoT2023,SNN_AE_T5,1,3,decoder,normal,3,0.32673126459121704
CICIoT2023,SNN_AE_T5,1,3,decoder,normal,4,0.3377666175365448
CICIoT2023,SNN_AE_T5,1,3,decoder,normal,5,0.3228861093521118
CICIoT2023,SNN_AE_T5,1,3,decoder,attack,1,0.08225686103105545
CICIoT2023,SNN_AE_T5,1,3,decoder,attack,2,0.32155686616897583
CICIoT2023,SNN_AE_T5,1,3,decoder,attack,3,0.3499411642551422
CICIoT2023,SNN_AE_T5,1,3,decoder,attack,4,0.3584705889225006
CICIoT2023,SNN_AE_T5,1,3,decoder,attack,5,0.37591665983200073
CICIoT2023,SNN_AE_T7,1,3,encoder,normal,1,0.0009133978164754808
CICIoT2023,SNN_AE_T7,1,3,encoder,normal,2,0.13110913336277008
CICIoT2023,SNN_AE_T7,1,3,encoder,normal,3,0.15820693969726562
CICIoT2023,SNN_AE_T7,1,3,encoder,normal,4,0.16799403727054596
CICIoT2023,SNN_AE_T7,1,3,encoder,normal,5,0.15356439352035522
CICIoT2023,SNN_AE_T7,1,3,encoder,normal,6,0.17732492089271545
CICIoT2023,SNN_AE_T7,1,3,encoder,normal,7,0.15732423961162567
CICIoT2023,SNN_AE_T7,1,3,encoder,attack,1,0.21146078407764435
CICIoT2023,SNN_AE_T7,1,3,encoder,attack,2,0.3189151883125305
CICIoT2023,SNN_AE_T7,1,3,encoder,attack,3,0.3359343111515045
CICIoT2023,SNN_AE_T7,1,3,encoder,attack,4,0.3351406753063202
CICIoT2023,SNN_AE_T7,1,3,encoder,attack,5,0.33549606800079346
CICIoT2023,SNN_AE_T7,1,3,encoder,attack,6,0.34150490164756775
CICIoT2023,SNN_AE_T7,1,3,encoder,attack,7,0.32596421241760254
CICIoT2023,SNN_AE_T7,1,3,decoder,normal,1,7.603524863952771e-05
CICIoT2023,SNN_AE_T7,1,3,decoder,normal,2,0.14991909265518188
CICIoT2023,SNN_AE_T7,1,3,decoder,normal,3,0.23239393532276154
CICIoT2023,SNN_AE_T7,1,3,decoder,normal,4,0.26423224806785583
CICIoT2023,SNN_AE_T7,1,3,decoder,normal,5,0.25151291489601135
CICIoT2023,SNN_AE_T7,1,3,decoder,normal,6,0.2539669871330261
CICIoT2023,SNN_AE_T7,1,3,decoder,normal,7,0.24136365950107574
CICIoT2023,SNN_AE_T7,1,3,decoder,attack,1,0.05138480290770531
CICIoT2023,SNN_AE_T7,1,3,decoder,attack,2,0.23444657027721405
CICIoT2023,SNN_AE_T7,1,3,decoder,attack,3,0.30155980587005615
CICIoT2023,SNN_AE_T7,1,3,decoder,attack,4,0.3065774440765381
CICIoT2023,SNN_AE_T7,1,3,decoder,attack,5,0.30232205986976624
CICIoT2023,SNN_AE_T7,1,3,decoder,attack,6,0.30215540528297424
CICIoT2023,SNN_AE_T7,1,3,decoder,attack,7,0.2989274561405182
CICIoT2023,SNN_AE_noBN,1,3,encoder,normal,1,0.01843074895441532
CICIoT2023,SNN_AE_noBN,1,3,encoder,normal,2,0.4668603241443634
CICIoT2023,SNN_AE_noBN,1,3,encoder,normal,3,0.4602038264274597
CICIoT2023,SNN_AE_noBN,1,3,encoder,attack,1,0.09431666880846024
CICIoT2023,SNN_AE_noBN,1,3,encoder,attack,2,0.4023970663547516
CICIoT2023,SNN_AE_noBN,1,3,encoder,attack,3,0.4154411852359772
CICIoT2023,SNN_AE_noBN,1,3,decoder,normal,1,0.006649184972047806
CICIoT2023,SNN_AE_noBN,1,3,decoder,normal,2,0.3253275454044342
CICIoT2023,SNN_AE_noBN,1,3,decoder,normal,3,0.36034420132637024
CICIoT2023,SNN_AE_noBN,1,3,decoder,attack,1,0.03329607844352722
CICIoT2023,SNN_AE_noBN,1,3,decoder,attack,2,0.2868093252182007
CICIoT2023,SNN_AE_noBN,1,3,decoder,attack,3,0.345885306596756
CICIoT2023,SNN_AE,1,4,encoder,normal,1,0.046488482505083084
CICIoT2023,SNN_AE,1,4,encoder,normal,2,0.462698757648468
CICIoT2023,SNN_AE,1,4,encoder,normal,3,0.431069552898407
CICIoT2023,SNN_AE,1,4,encoder,attack,1,0.22355195879936218
CICIoT2023,SNN_AE,1,4,encoder,attack,2,0.4683372676372528
CICIoT2023,SNN_AE,1,4,encoder,attack,3,0.45604607462882996
CICIoT2023,SNN_AE,1,4,decoder,normal,1,0.0164487287402153
CICIoT2023,SNN_AE,1,4,decoder,normal,2,0.3326365053653717
CICIoT2023,SNN_AE,1,4,decoder,normal,3,0.3752393126487732
CICIoT2023,SNN_AE,1,4,decoder,attack,1,0.06755097955465317
CICIoT2023,SNN_AE,1,4,decoder,attack,2,0.3307676613330841
CICIoT2023,SNN_AE,1,4,decoder,attack,3,0.3715142011642456
CICIoT2023,SNN_Dense,1,4,encoder,normal,1,0.02594597078859806
CICIoT2023,SNN_Dense,1,4,encoder,normal,2,0.3708067834377289
CICIoT2023,SNN_Dense,1,4,encoder,normal,3,0.41482701897621155
CICIoT2023,SNN_Dense,1,4,encoder,attack,1,0.1992710828781128
CICIoT2023,SNN_Dense,1,4,encoder,attack,2,0.42208677530288696
CICIoT2023,SNN_Dense,1,4,encoder,attack,3,0.42746666073799133
CICIoT2023,Dense_SNN,1,4,decoder,normal,1,0.021393045783042908
CICIoT2023,Dense_SNN,1,4,decoder,normal,2,0.3801734149456024
CICIoT2023,Dense_SNN,1,4,decoder,normal,3,0.40199440717697144
CICIoT2023,Dense_SNN,1,4,decoder,attack,1,0.22222499549388885
CICIoT2023,Dense_SNN,1,4,decoder,attack,2,0.4547191262245178
CICIoT2023,Dense_SNN,1,4,decoder,attack,3,0.47825145721435547
CICIoT2023,SNN_AE_T2,1,4,encoder,normal,1,0.8653541207313538
CICIoT2023,SNN_AE_T2,1,4,encoder,normal,2,0.9274134635925293
CICIoT2023,SNN_AE_T2,1,4,encoder,attack,1,0.723180890083313
CICIoT2023,SNN_AE_T2,1,4,encoder,attack,2,0.7870107889175415
CICIoT2023,SNN_AE_T2,1,4,decoder,normal,1,0.27199694514274597
CICIoT2023,SNN_AE_T2,1,4,decoder,normal,2,0.466313898563385
CICIoT2023,SNN_AE_T2,1,4,decoder,attack,1,0.20083577930927277
CICIoT2023,SNN_AE_T2,1,4,decoder,attack,2,0.40502500534057617
CICIoT2023,SNN_AE_T5,1,4,encoder,normal,1,0.021549992263317108
CICIoT2023,SNN_AE_T5,1,4,encoder,normal,2,0.3703242540359497
CICIoT2023,SNN_AE_T5,1,4,encoder,normal,3,0.35330426692962646
CICIoT2023,SNN_AE_T5,1,4,encoder,normal,4,0.37671470642089844
CICIoT2023,SNN_AE_T5,1,4,encoder,normal,5,0.336288183927536
CICIoT2023,SNN_AE_T5,1,4,encoder,attack,1,0.2659710645675659
CICIoT2023,SNN_AE_T5,1,4,encoder,attack,2,0.4647352993488312
CICIoT2023,SNN_AE_T5,1,4,encoder,attack,3,0.4624563753604889
CICIoT2023,SNN_AE_T5,1,4,encoder,attack,4,0.4689980447292328
CICIoT2023,SNN_AE_T5,1,4,encoder,attack,5,0.45362940430641174
CICIoT2023,SNN_AE_T5,1,4,decoder,normal,1,0.006239861715584993
CICIoT2023,SNN_AE_T5,1,4,decoder,normal,2,0.3156053125858307
CICIoT2023,SNN_AE_T5,1,4,decoder,normal,3,0.34886783361434937
CICIoT2023,SNN_AE_T5,1,4,decoder,normal,4,0.3683589994907379
CICIoT2023,SNN_AE_T5,1,4,decoder,normal,5,0.3581998348236084
CICIoT2023,SNN_AE_T5,1,4,decoder,attack,1,0.09652990102767944
CICIoT2023,SNN_AE_T5,1,4,decoder,attack,2,0.328206866979599
CICIoT2023,SNN_AE_T5,1,4,decoder,attack,3,0.36151322722435
CICIoT2023,SNN_AE_T5,1,4,decoder,attack,4,0.37217792868614197
CICIoT2023,SNN_AE_T5,1,4,decoder,attack,5,0.37054020166397095
CICIoT2023,SNN_AE_T7,1,4,encoder,normal,1,0.009431442245841026
CICIoT2023,SNN_AE_T7,1,4,encoder,normal,2,0.14778412878513336
CICIoT2023,SNN_AE_T7,1,4,encoder,normal,3,0.20332776010036469
CICIoT2023,SNN_AE_T7,1,4,encoder,normal,4,0.18161886930465698
CICIoT2023,SNN_AE_T7,1,4,encoder,normal,5,0.18081317842006683
CICIoT2023,SNN_AE_T7,1,4,encoder,normal,6,0.210976243019104
CICIoT2023,SNN_AE_T7,1,4,encoder,normal,7,0.1668059080839157
CICIoT2023,SNN_AE_T7,1,4,encoder,attack,1,0.16723382472991943
CICIoT2023,SNN_AE_T7,1,4,encoder,attack,2,0.27211371064186096
CICIoT2023,SNN_AE_T7,1,4,encoder,attack,3,0.2812348008155823
CICIoT2023,SNN_AE_T7,1,4,encoder,attack,4,0.2871946096420288
CICIoT2023,SNN_AE_T7,1,4,encoder,attack,5,0.2771936357021332
CICIoT2023,SNN_AE_T7,1,4,encoder,attack,6,0.29360538721084595
CICIoT2023,SNN_AE_T7,1,4,encoder,attack,7,0.27489998936653137
CICIoT2023,SNN_AE_T7,1,4,decoder,normal,1,0.0006970006506890059
CICIoT2023,SNN_AE_T7,1,4,decoder,normal,2,0.18625271320343018
CICIoT2023,SNN_AE_T7,1,4,decoder,normal,3,0.27478983998298645
CICIoT2023,SNN_AE_T7,1,4,decoder,normal,4,0.2929167151451111
CICIoT2023,SNN_AE_T7,1,4,decoder,normal,5,0.2838440239429474
CICIoT2023,SNN_AE_T7,1,4,decoder,normal,6,0.29410210251808167
CICIoT2023,SNN_AE_T7,1,4,decoder,normal,7,0.27886897325515747
CICIoT2023,SNN_AE_T7,1,4,decoder,attack,1,0.06884068995714188
CICIoT2023,SNN_AE_T7,1,4,decoder,attack,2,0.2513730525970459
CICIoT2023,SNN_AE_T7,1,4,decoder,attack,3,0.29951128363609314
CICIoT2023,SNN_AE_T7,1,4,decoder,attack,4,0.30282795429229736
CICIoT2023,SNN_AE_T7,1,4,decoder,attack,5,0.30221667885780334
CICIoT2023,SNN_AE_T7,1,4,decoder,attack,6,0.3058318495750427
CICIoT2023,SNN_AE_T7,1,4,decoder,attack,7,0.30086323618888855
CICIoT2023,SNN_AE_noBN,1,4,encoder,normal,1,0.024310212582349777
CICIoT2023,SNN_AE_noBN,1,4,encoder,normal,2,0.4856203496456146
CICIoT2023,SNN_AE_noBN,1,4,encoder,normal,3,0.48678916692733765
CICIoT2023,SNN_AE_noBN,1,4,encoder,attack,1,0.11401765048503876
CICIoT2023,SNN_AE_noBN,1,4,encoder,attack,2,0.4167098104953766
CICIoT2023,SNN_AE_noBN,1,4,encoder,attack,3,0.4505803883075714
CICIoT2023,SNN_AE_noBN,1,4,decoder,normal,1,0.008152470923960209
CICIoT2023,SNN_AE_noBN,1,4,decoder,normal,2,0.34322360157966614
CICIoT2023,SNN_AE_noBN,1,4,decoder,normal,3,0.3753840923309326
CICIoT2023,SNN_AE_noBN,1,4,decoder,attack,1,0.044799018651247025
CICIoT2023,SNN_AE_noBN,1,4,decoder,attack,2,0.28818872570991516
CICIoT2023,SNN_AE_noBN,1,4,decoder,attack,3,0.3374769687652588
CICIoT2023,SNN_AE,1,5,encoder,normal,1,0.03008020855486393
CICIoT2023,SNN_AE,1,5,encoder,normal,2,0.494744211435318
CICIoT2023,SNN_AE,1,5,encoder,normal,3,0.45341306924819946
CICIoT2023,SNN_AE,1,5,encoder,attack,1,0.2551044225692749
CICIoT2023,SNN_AE,1,5,encoder,attack,2,0.48423823714256287
CICIoT2023,SNN_AE,1,5,encoder,attack,3,0.47569361329078674
CICIoT2023,SNN_AE,1,5,decoder,normal,1,0.010655337013304234
CICIoT2023,SNN_AE,1,5,decoder,normal,2,0.3820596933364868
CICIoT2023,SNN_AE,1,5,decoder,normal,3,0.4101259112358093
CICIoT2023,SNN_AE,1,5,decoder,attack,1,0.1025465652346611
CICIoT2023,SNN_AE,1,5,decoder,attack,2,0.364864706993103
CICIoT2023,SNN_AE,1,5,decoder,attack,3,0.40605440735816956
CICIoT2023,SNN_Dense,1,5,encoder,normal,1,0.002937638433650136
CICIoT2023,SNN_Dense,1,5,encoder,normal,2,0.39355435967445374
CICIoT2023,SNN_Dense,1,5,encoder,normal,3,0.42873242497444153
CICIoT2023,SNN_Dense,1,5,encoder,attack,1,0.22987549006938934
CICIoT2023,SNN_Dense,1,5,encoder,attack,2,0.49045881628990173
CICIoT2023,SNN_Dense,1,5,encoder,attack,3,0.5106980204582214
CICIoT2023,Dense_SNN,1,5,decoder,normal,1,0.002999052405357361
CICIoT2023,Dense_SNN,1,5,decoder,normal,2,0.3508935272693634
CICIoT2023,Dense_SNN,1,5,decoder,normal,3,0.3408786356449127
CICIoT2023,Dense_SNN,1,5,decoder,attack,1,0.1642460823059082
CICIoT2023,Dense_SNN,1,5,decoder,attack,2,0.3668539226055145
CICIoT2023,Dense_SNN,1,5,decoder,attack,3,0.38797351717948914
CICIoT2023,SNN_AE_T2,1,5,encoder,normal,1,0.8402884006500244
CICIoT2023,SNN_AE_T2,1,5,encoder,normal,2,0.8829931020736694
CICIoT2023,SNN_AE_T2,1,5,encoder,attack,1,0.6712382435798645
CICIoT2023,SNN_AE_T2,1,5,encoder,attack,2,0.7390132546424866
CICIoT2023,SNN_AE_T2,1,5,decoder,normal,1,0.29521486163139343
CICIoT2023,SNN_AE_T2,1,5,decoder,normal,2,0.49907878041267395
CICIoT2023,SNN_AE_T2,1,5,decoder,attack,1,0.19167451560497284
CICIoT2023,SNN_AE_T2,1,5,decoder,attack,2,0.41267499327659607
CICIoT2023,SNN_AE_T5,1,5,encoder,normal,1,0.01333805825561285
CICIoT2023,SNN_AE_T5,1,5,encoder,normal,2,0.3615386188030243
CICIoT2023,SNN_AE_T5,1,5,encoder,normal,3,0.36218395829200745
CICIoT2023,SNN_AE_T5,1,5,encoder,normal,4,0.3668826222419739
CICIoT2023,SNN_AE_T5,1,5,encoder,normal,5,0.3240726590156555
CICIoT2023,SNN_AE_T5,1,5,encoder,attack,1,0.2602779269218445
CICIoT2023,SNN_AE_T5,1,5,encoder,attack,2,0.45334410667419434
CICIoT2023,SNN_AE_T5,1,5,encoder,attack,3,0.45516371726989746
CICIoT2023,SNN_AE_T5,1,5,encoder,attack,4,0.45930635929107666
CICIoT2023,SNN_AE_T5,1,5,encoder,attack,5,0.44472402334213257
CICIoT2023,SNN_AE_T5,1,5,decoder,normal,1,0.0009904232574626803
CICIoT2023,SNN_AE_T5,1,5,decoder,normal,2,0.2591862678527832
CICIoT2023,SNN_AE_T5,1,5,decoder,normal,3,0.28873032331466675
CICIoT2023,SNN_AE_T5,1,5,decoder,normal,4,0.2958148717880249
CICIoT2023,SNN_AE_T5,1,5,decoder,normal,5,0.2955682575702667
CICIoT2023,SNN_AE_T5,1,5,decoder,attack,1,0.0739411786198616
CICIoT2023,SNN_AE_T5,1,5,decoder,attack,2,0.27785980701446533
CICIoT2023,SNN_AE_T5,1,5,decoder,attack,3,0.311848521232605
CICIoT2023,SNN_AE_T5,1,5,decoder,attack,4,0.3208892047405243
CICIoT2023,SNN_AE_T5,1,5,decoder,attack,5,0.31300196051597595
CICIoT2023,SNN_AE_T7,1,5,encoder,normal,1,0.004160557873547077
CICIoT2023,SNN_AE_T7,1,5,encoder,normal,2,0.11940449476242065
CICIoT2023,SNN_AE_T7,1,5,encoder,normal,3,0.15498028695583344
CICIoT2023,SNN_AE_T7,1,5,encoder,normal,4,0.1500813066959381
CICIoT2023,SNN_AE_T7,1,5,encoder,normal,5,0.14947739243507385
CICIoT2023,SNN_AE_T7,1,5,encoder,normal,6,0.18402327597141266
CICIoT2023,SNN_AE_T7,1,5,encoder,normal,7,0.13137730956077576
CICIoT2023,SNN_AE_T7,1,5,encoder,attack,1,0.14340293407440186
CICIoT2023,SNN_AE_T7,1,5,encoder,attack,2,0.2651132345199585
CICIoT2023,SNN_AE_T7,1,5,encoder,attack,3,0.2653382420539856
CICIoT2023,SNN_AE_T7,1,5,encoder,attack,4,0.27859020233154297
CICIoT2023,SNN_AE_T7,1,5,encoder,attack,5,0.2711573541164398
CICIoT2023,SNN_AE_T7,1,5,encoder,attack,6,0.2830744981765747
CICIoT2023,SNN_AE_T7,1,5,encoder,attack,7,0.2639867663383484
CICIoT2023,SNN_AE_T7,1,5,decoder,normal,1,0.00026271562092006207
CICIoT2023,SNN_AE_T7,1,5,decoder,normal,2,0.17080366611480713
CICIoT2023,SNN_AE_T7,1,5,decoder,normal,3,0.2271101027727127
CICIoT2023,SNN_AE_T7,1,5,decoder,normal,4,0.26061928272247314
CICIoT2023,SNN_AE_T7,1,5,decoder,normal,5,0.26438844203948975
CICIoT2023,SNN_AE_T7,1,5,decoder,normal,6,0.27004438638687134
CICIoT2023,SNN_AE_T7,1,5,decoder,normal,7,0.25649333000183105
CICIoT2023,SNN_AE_T7,1,5,decoder,attack,1,0.07725392282009125
CICIoT2023,SNN_AE_T7,1,5,decoder,attack,2,0.24583333730697632
CICIoT2023,SNN_AE_T7,1,5,decoder,attack,3,0.28373774886131287
CICIoT2023,SNN_AE_T7,1,5,decoder,attack,4,0.29870980978012085
CICIoT2023,SNN_AE_T7,1,5,decoder,attack,5,0.29594460129737854
CICIoT2023,SNN_AE_T7,1,5,decoder,attack,6,0.3057152032852173
CICIoT2023,SNN_AE_T7,1,5,decoder,attack,7,0.28773775696754456
CICIoT2023,SNN_AE_noBN,1,5,encoder,normal,1,0.009437290951609612
CICIoT2023,SNN_AE_noBN,1,5,encoder,normal,2,0.4905383288860321
CICIoT2023,SNN_AE_noBN,1,5,encoder,normal,3,0.48853799700737
CICIoT2023,SNN_AE_noBN,1,5,encoder,attack,1,0.12671177089214325
CICIoT2023,SNN_AE_noBN,1,5,encoder,attack,2,0.4481254816055298
CICIoT2023,SNN_AE_noBN,1,5,encoder,attack,3,0.46002304553985596
CICIoT2023,SNN_AE_noBN,1,5,decoder,normal,1,0.0028382062446326017
CICIoT2023,SNN_AE_noBN,1,5,decoder,normal,2,0.32064905762672424
CICIoT2023,SNN_AE_noBN,1,5,decoder,normal,3,0.3507360816001892
CICIoT2023,SNN_AE_noBN,1,5,decoder,attack,1,0.03826470673084259
CICIoT2023,SNN_AE_noBN,1,5,decoder,attack,2,0.2841794192790985
CICIoT2023,SNN_AE_noBN,1,5,decoder,attack,3,0.31902599334716797
CICIoT2023,SNN_AE,1,6,encoder,normal,1,0.040560562163591385
CICIoT2023,SNN_AE,1,6,encoder,normal,2,0.44901514053344727
CICIoT2023,SNN_AE,1,6,encoder,normal,3,0.3996445834636688
CICIoT2023,SNN_AE,1,6,encoder,attack,1,0.20235882699489594
CICIoT2023,SNN_AE,1,6,encoder,attack,2,0.4446191191673279
CICIoT2023,SNN_AE,1,6,encoder,attack,3,0.4270794093608856
CICIoT2023,SNN_AE,1,6,decoder,normal,1,0.0076270392164587975
CICIoT2023,SNN_AE,1,6,decoder,normal,2,0.3371445834636688
CICIoT2023,SNN_AE,1,6,decoder,normal,3,0.36041659116744995
CICIoT2023,SNN_AE,1,6,decoder,attack,1,0.06342892348766327
CICIoT2023,SNN_AE,1,6,decoder,attack,2,0.3564195930957794
CICIoT2023,SNN_AE,1,6,decoder,attack,3,0.3884254992008209
CICIoT2023,SNN_Dense,1,6,encoder,normal,1,0.007370172534137964
CICIoT2023,SNN_Dense,1,6,encoder,normal,2,0.3806520402431488
CICIoT2023,SNN_Dense,1,6,encoder,normal,3,0.34411752223968506
CICIoT2023,SNN_Dense,1,6,encoder,attack,1,0.18241126835346222
CICIoT2023,SNN_Dense,1,6,encoder,attack,2,0.39440637826919556
CICIoT2023,SNN_Dense,1,6,encoder,attack,3,0.40046226978302
CICIoT2023,Dense_SNN,1,6,decoder,normal,1,0.008800730109214783
CICIoT2023,Dense_SNN,1,6,decoder,normal,2,0.35959044098854065
CICIoT2023,Dense_SNN,1,6,decoder,normal,3,0.38507628440856934
CICIoT2023,Dense_SNN,1,6,decoder,attack,1,0.14028970897197723
CICIoT2023,Dense_SNN,1,6,decoder,attack,2,0.3973083198070526
CICIoT2023,Dense_SNN,1,6,decoder,attack,3,0.3922500014305115
CICIoT2023,SNN_AE_T2,1,6,encoder,normal,1,0.843663215637207
CICIoT2023,SNN_AE_T2,1,6,encoder,normal,2,0.9020431637763977
CICIoT2023,SNN_AE_T2,1,6,encoder,attack,1,0.6254862546920776
CICIoT2023,SNN_AE_T2,1,6,encoder,attack,2,0.6936779618263245
CICIoT2023,SNN_AE_T2,1,6,decoder,normal,1,0.23852044343948364
CICIoT2023,SNN_AE_T2,1,6,decoder,normal,2,0.43170562386512756
CICIoT2023,SNN_AE_T2,1,6,decoder,attack,1,0.1345558762550354
CICIoT2023,SNN_AE_T2,1,6,decoder,attack,2,0.36131274700164795
CICIoT2023,SNN_AE_T5,1,6,encoder,normal,1,0.00818171538412571
CICIoT2023,SNN_AE_T5,1,6,encoder,normal,2,0.3540743887424469
CICIoT2023,SNN_AE_T5,1,6,encoder,normal,3,0.3363340198993683
CICIoT2023,SNN_AE_T5,1,6,encoder,normal,4,0.36944252252578735
CICIoT2023,SNN_AE_T5,1,6,encoder,normal,5,0.35233625769615173
CICIoT2023,SNN_AE_T5,1,6,encoder,attack,1,0.15767940878868103
CICIoT2023,SNN_AE_T5,1,6,encoder,attack,2,0.35075685381889343
CICIoT2023,SNN_AE_T5,1,6,encoder,attack,3,0.3478671610355377
CICIoT2023,SNN_AE_T5,1,6,encoder,attack,4,0.3507769703865051
CICIoT2023,SNN_AE_T5,1,6,encoder,attack,5,0.3461872637271881
CICIoT2023,SNN_AE_T5,1,6,decoder,normal,1,0.0006117033772170544
CICIoT2023,SNN_AE_T5,1,6,decoder,normal,2,0.26777350902557373
CICIoT2023,SNN_AE_T5,1,6,decoder,normal,3,0.3121125102043152
CICIoT2023,SNN_AE_T5,1,6,decoder,normal,4,0.31271493434906006
CICIoT2023,SNN_AE_T5,1,6,decoder,normal,5,0.3136844038963318
CICIoT2023,SNN_AE_T5,1,6,decoder,attack,1,0.04815392196178436
CICIoT2023,SNN_AE_T5,1,6,decoder,attack,2,0.2771916687488556
CICIoT2023,SNN_AE_T5,1,6,decoder,attack,3,0.3114509880542755
CICIoT2023,SNN_AE_T5,1,6,decoder,attack,4,0.3138377368450165
CICIoT2023,SNN_AE_T5,1,6,decoder,attack,5,0.31439706683158875
CICIoT2023,SNN_AE_T7,1,6,encoder,normal,1,0.0024926303885877132
CICIoT2023,SNN_AE_T7,1,6,encoder,normal,2,0.13413217663764954
CICIoT2023,SNN_AE_T7,1,6,encoder,normal,3,0.1617860347032547
CICIoT2023,SNN_AE_T7,1,6,encoder,normal,4,0.16430401802062988
CICIoT2023,SNN_AE_T7,1,6,encoder,normal,5,0.16383755207061768
CICIoT2023,SNN_AE_T7,1,6,encoder,normal,6,0.185226708650589
CICIoT2023,SNN_AE_T7,1,6,encoder,normal,7,0.1515800952911377
CICIoT2023,SNN_AE_T7,1,6,encoder,attack,1,0.16764019429683685
CICIoT2023,SNN_AE_T7,1,6,encoder,attack,2,0.30587106943130493
CICIoT2023,SNN_AE_T7,1,6,encoder,attack,3,0.31827598810195923
CICIoT2023,SNN_AE_T7,1,6,encoder,attack,4,0.3198975622653961
CICIoT2023,SNN_AE_T7,1,6,encoder,attack,5,0.31573283672332764
CICIoT2023,SNN_AE_T7,1,6,encoder,attack,6,0.33149608969688416
CICIoT2023,SNN_AE_T7,1,6,encoder,attack,7,0.3072965741157532
CICIoT2023,SNN_AE_T7,1,6,decoder,normal,1,0.0002885485300794244
CICIoT2023,SNN_AE_T7,1,6,decoder,normal,2,0.1767013669013977
CICIoT2023,SNN_AE_T7,1,6,decoder,normal,3,0.24421684443950653
CICIoT2023,SNN_AE_T7,1,6,decoder,normal,4,0.2567214369773865
CICIoT2023,SNN_AE_T7,1,6,decoder,normal,5,0.2588031589984894
CICIoT2023,SNN_AE_T7,1,6,decoder,normal,6,0.26034143567085266
CICIoT2023,SNN_AE_T7,1,6,decoder,normal,7,0.2455289661884308
CICIoT2023,SNN_AE_T7,1,6,decoder,attack,1,0.06073186174035072
CICIoT2023,SNN_AE_T7,1,6,decoder,attack,2,0.25378236174583435
CICIoT2023,SNN_AE_T7,1,6,decoder,attack,3,0.29211029410362244
CICIoT2023,SNN_AE_T7,1,6,decoder,attack,4,0.2941455841064453
CICIoT2023,SNN_AE_T7,1,6,decoder,attack,5,0.2823563814163208
CICIoT2023,SNN_AE_T7,1,6,decoder,attack,6,0.29298627376556396
CICIoT2023,SNN_AE_T7,1,6,decoder,attack,7,0.2882225513458252
CICIoT2023,SNN_AE_noBN,1,6,encoder,normal,1,0.012743414379656315
CICIoT2023,SNN_AE_noBN,1,6,encoder,normal,2,0.4862924814224243
CICIoT2023,SNN_AE_noBN,1,6,encoder,normal,3,0.4496375620365143
CICIoT2023,SNN_AE_noBN,1,6,encoder,attack,1,0.09846225380897522
CICIoT2023,SNN_AE_noBN,1,6,encoder,attack,2,0.43084216117858887
CICIoT2023,SNN_AE_noBN,1,6,encoder,attack,3,0.4377828538417816
CICIoT2023,SNN_AE_noBN,1,6,decoder,normal,1,0.0020110663026571274
CICIoT2023,SNN_AE_noBN,1,6,decoder,normal,2,0.37395450472831726
CICIoT2023,SNN_AE_noBN,1,6,decoder,normal,3,0.3559704124927521
CICIoT2023,SNN_AE_noBN,1,6,decoder,attack,1,0.03150686249136925
CICIoT2023,SNN_AE_noBN,1,6,decoder,attack,2,0.27165687084198
CICIoT2023,SNN_AE_noBN,1,6,decoder,attack,3,0.34634214639663696
CICIoT2023,SNN_AE,1,7,encoder,normal,1,0.0330154113471508
CICIoT2023,SNN_AE,1,7,encoder,normal,2,0.46284401416778564
CICIoT2023,SNN_AE,1,7,encoder,normal,3,0.4499455988407135
CICIoT2023,SNN_AE,1,7,encoder,attack,1,0.1921941190958023
CICIoT2023,SNN_AE,1,7,encoder,attack,2,0.4125514626502991
CICIoT2023,SNN_AE,1,7,encoder,attack,3,0.3988857865333557
CICIoT2023,SNN_AE,1,7,decoder,normal,1,0.01745816133916378
CICIoT2023,SNN_AE,1,7,decoder,normal,2,0.3640049397945404
CICIoT2023,SNN_AE,1,7,decoder,normal,3,0.36905744671821594
CICIoT2023,SNN_AE,1,7,decoder,attack,1,0.07938186079263687
CICIoT2023,SNN_AE,1,7,decoder,attack,2,0.3167847990989685
CICIoT2023,SNN_AE,1,7,decoder,attack,3,0.361795574426651
CICIoT2023,SNN_Dense,1,7,encoder,normal,1,0.0035547034349292517
CICIoT2023,SNN_Dense,1,7,encoder,normal,2,0.40089869499206543
CICIoT2023,SNN_Dense,1,7,encoder,normal,3,0.36054039001464844
CICIoT2023,SNN_Dense,1,7,encoder,attack,1,0.15529754757881165
CICIoT2023,SNN_Dense,1,7,encoder,attack,2,0.40309804677963257
CICIoT2023,SNN_Dense,1,7,encoder,attack,3,0.40870392322540283
CICIoT2023,Dense_SNN,1,7,decoder,normal,1,0.008646219968795776
CICIoT2023,Dense_SNN,1,7,decoder,normal,2,0.3430373966693878
CICIoT2023,Dense_SNN,1,7,decoder,normal,3,0.3415010869503021
CICIoT2023,Dense_SNN,1,7,decoder,attack,1,0.25544363260269165
CICIoT2023,Dense_SNN,1,7,decoder,attack,2,0.4681519567966461
CICIoT2023,Dense_SNN,1,7,decoder,attack,3,0.46943235397338867
CICIoT2023,SNN_AE_T2,1,7,encoder,normal,1,0.8507950901985168
CICIoT2023,SNN_AE_T2,1,7,encoder,normal,2,0.911573052406311
CICIoT2023,SNN_AE_T2,1,7,encoder,attack,1,0.6387308835983276
CICIoT2023,SNN_AE_T2,1,7,encoder,attack,2,0.7178598046302795
CICIoT2023,SNN_AE_T2,1,7,decoder,normal,1,0.2123907208442688
CICIoT2023,SNN_AE_T2,1,7,decoder,normal,2,0.38008859753608704
CICIoT2023,SNN_AE_T2,1,7,decoder,attack,1,0.13131126761436462
CICIoT2023,SNN_AE_T2,1,7,decoder,attack,2,0.3461088240146637
CICIoT2023,SNN_AE_T5,1,7,encoder,normal,1,0.0050154803320765495
CICIoT2023,SNN_AE_T5,1,7,encoder,normal,2,0.35142090916633606
CICIoT2023,SNN_AE_T5,1,7,encoder,normal,3,0.33658114075660706
CICIoT2023,SNN_AE_T5,1,7,encoder,normal,4,0.3671014606952667
CICIoT2023,SNN_AE_T5,1,7,encoder,normal,5,0.333139032125473
CICIoT2023,SNN_AE_T5,1,7,encoder,attack,1,0.14020784199237823
CICIoT2023,SNN_AE_T5,1,7,encoder,attack,2,0.333574503660202
CICIoT2023,SNN_AE_T5,1,7,encoder,attack,3,0.3326132297515869
CICIoT2023,SNN_AE_T5,1,7,encoder,attack,4,0.332390695810318
CICIoT2023,SNN_AE_T5,1,7,encoder,attack,5,0.3263024389743805
CICIoT2023,SNN_AE_T5,1,7,decoder,normal,1,0.0004498822381719947
CICIoT2023,SNN_AE_T5,1,7,decoder,normal,2,0.26151806116104126
CICIoT2023,SNN_AE_T5,1,7,decoder,normal,3,0.284145712852478
CICIoT2023,SNN_AE_T5,1,7,decoder,normal,4,0.3191312551498413
CICIoT2023,SNN_AE_T5,1,7,decoder,normal,5,0.3090803027153015
CICIoT2023,SNN_AE_T5,1,7,decoder,attack,1,0.035675980150699615
CICIoT2023,SNN_AE_T5,1,7,decoder,attack,2,0.24264608323574066
CICIoT2023,SNN_AE_T5,1,7,decoder,attack,3,0.29417794942855835
CICIoT2023,SNN_AE_T5,1,7,decoder,attack,4,0.3090514838695526
CICIoT2023,SNN_AE_T5,1,7,decoder,attack,5,0.28614217042922974
CICIoT2023,SNN_AE_T7,1,7,encoder,normal,1,0.002223578281700611
CICIoT2023,SNN_AE_T7,1,7,encoder,normal,2,0.11120377480983734
CICIoT2023,SNN_AE_T7,1,7,encoder,normal,3,0.16414901614189148
CICIoT2023,SNN_AE_T7,1,7,encoder,normal,4,0.1521654725074768
CICIoT2023,SNN_AE_T7,1,7,encoder,normal,5,0.1469077467918396
CICIoT2023,SNN_AE_T7,1,7,encoder,normal,6,0.17193835973739624
CICIoT2023,SNN_AE_T7,1,7,encoder,normal,7,0.14348368346691132
CICIoT2023,SNN_AE_T7,1,7,encoder,attack,1,0.15268774330615997
CICIoT2023,SNN_AE_T7,1,7,encoder,attack,2,0.27144312858581543
CICIoT2023,SNN_AE_T7,1,7,encoder,attack,3,0.2878764569759369
CICIoT2023,SNN_AE_T7,1,7,encoder,attack,4,0.28622400760650635
CICIoT2023,SNN_AE_T7,1,7,encoder,attack,5,0.2825980484485626
CICIoT2023,SNN_AE_T7,1,7,encoder,attack,6,0.2968593239784241
CICIoT2023,SNN_AE_T7,1,7,encoder,attack,7,0.27307647466659546
CICIoT2023,SNN_AE_T7,1,7,decoder,normal,1,0.00014622391609009355
CICIoT2023,SNN_AE_T7,1,7,decoder,normal,2,0.18085460364818573
CICIoT2023,SNN_AE_T7,1,7,decoder,normal,3,0.24482709169387817
CICIoT2023,SNN_AE_T7,1,7,decoder,normal,4,0.26259133219718933
CICIoT2023,SNN_AE_T7,1,7,decoder,normal,5,0.25626814365386963
CICIoT2023,SNN_AE_T7,1,7,decoder,normal,6,0.27609366178512573
CICIoT2023,SNN_AE_T7,1,7,decoder,normal,7,0.26855483651161194
CICIoT2023,SNN_AE_T7,1,7,decoder,attack,1,0.06662843376398087
CICIoT2023,SNN_AE_T7,1,7,decoder,attack,2,0.2646774649620056
CICIoT2023,SNN_AE_T7,1,7,decoder,attack,3,0.3111313581466675
CICIoT2023,SNN_AE_T7,1,7,decoder,attack,4,0.32995882630348206
CICIoT2023,SNN_AE_T7,1,7,decoder,attack,5,0.31170687079429626
CICIoT2023,SNN_AE_T7,1,7,decoder,attack,6,0.32472696900367737
CICIoT2023,SNN_AE_T7,1,7,decoder,attack,7,0.31697893142700195
CICIoT2023,SNN_AE_noBN,1,7,encoder,normal,1,0.0082636009901762
CICIoT2023,SNN_AE_noBN,1,7,encoder,normal,2,0.44851991534233093
CICIoT2023,SNN_AE_noBN,1,7,encoder,normal,3,0.4564647674560547
CICIoT2023,SNN_AE_noBN,1,7,encoder,attack,1,0.10740294307470322
CICIoT2023,SNN_AE_noBN,1,7,encoder,attack,2,0.4093441069126129
CICIoT2023,SNN_AE_noBN,1,7,encoder,attack,3,0.4389744997024536
CICIoT2023,SNN_AE_noBN,1,7,decoder,normal,1,0.0004976487252861261
CICIoT2023,SNN_AE_noBN,1,7,decoder,normal,2,0.3601246476173401
CICIoT2023,SNN_AE_noBN,1,7,decoder,normal,3,0.3753952980041504
CICIoT2023,SNN_AE_noBN,1,7,decoder,attack,1,0.03637254983186722
CICIoT2023,SNN_AE_noBN,1,7,decoder,attack,2,0.2766166627407074
CICIoT2023,SNN_AE_noBN,1,7,decoder,attack,3,0.3493676483631134
CICIoT2023,SNN_AE,1,8,encoder,normal,1,0.04535600170493126
CICIoT2023,SNN_AE,1,8,encoder,normal,2,0.4517887830734253
CICIoT2023,SNN_AE,1,8,encoder,normal,3,0.40418389439582825
CICIoT2023,SNN_AE,1,8,encoder,attack,1,0.2188544124364853
CICIoT2023,SNN_AE,1,8,encoder,attack,2,0.47095587849617004
CICIoT2023,SNN_AE,1,8,encoder,attack,3,0.46389803290367126
CICIoT2023,SNN_AE,1,8,decoder,normal,1,0.015190478414297104
CICIoT2023,SNN_AE,1,8,decoder,normal,2,0.34070080518722534
CICIoT2023,SNN_AE,1,8,decoder,normal,3,0.3250609338283539
CICIoT2023,SNN_AE,1,8,decoder,attack,1,0.0681186243891716
CICIoT2023,SNN_AE,1,8,decoder,attack,2,0.3347882330417633
CICIoT2023,SNN_AE,1,8,decoder,attack,3,0.35468921065330505
CICIoT2023,SNN_Dense,1,8,encoder,normal,1,0.04160541668534279
CICIoT2023,SNN_Dense,1,8,encoder,normal,2,0.3588278889656067
CICIoT2023,SNN_Dense,1,8,encoder,normal,3,0.3560287058353424
CICIoT2023,SNN_Dense,1,8,encoder,attack,1,0.09800637513399124
CICIoT2023,SNN_Dense,1,8,encoder,attack,2,0.3586632311344147
CICIoT2023,SNN_Dense,1,8,encoder,attack,3,0.3560514748096466
CICIoT2023,Dense_SNN,1,8,decoder,normal,1,0.039950188249349594
CICIoT2023,Dense_SNN,1,8,decoder,normal,2,0.34616997838020325
CICIoT2023,Dense_SNN,1,8,decoder,normal,3,0.3553712069988251
CICIoT2023,Dense_SNN,1,8,decoder,attack,1,0.12798137962818146
CICIoT2023,Dense_SNN,1,8,decoder,attack,2,0.340423047542572
CICIoT2023,Dense_SNN,1,8,decoder,attack,3,0.32836371660232544
CICIoT2023,SNN_AE_T2,1,8,encoder,normal,1,0.7391142845153809
CICIoT2023,SNN_AE_T2,1,8,encoder,normal,2,0.8002198338508606
CICIoT2023,SNN_AE_T2,1,8,encoder,attack,1,0.5950965881347656
CICIoT2023,SNN_AE_T2,1,8,encoder,attack,2,0.6720078587532043
CICIoT2023,SNN_AE_T2,1,8,decoder,normal,1,0.2044607400894165
CICIoT2023,SNN_AE_T2,1,8,decoder,normal,2,0.4011693000793457
CICIoT2023,SNN_AE_T2,1,8,decoder,attack,1,0.15257108211517334
CICIoT2023,SNN_AE_T2,1,8,decoder,attack,2,0.37646520137786865
CICIoT2023,SNN_AE_T5,1,8,encoder,normal,1,0.013884718529880047
CICIoT2023,SNN_AE_T5,1,8,encoder,normal,2,0.3319884240627289
CICIoT2023,SNN_AE_T5,1,8,encoder,normal,3,0.3105723261833191
CICIoT2023,SNN_AE_T5,1,8,encoder,normal,4,0.3433161973953247
CICIoT2023,SNN_AE_T5,1,8,encoder,normal,5,0.28563469648361206
CICIoT2023,SNN_AE_T5,1,8,encoder,attack,1,0.18524068593978882
CICIoT2023,SNN_AE_T5,1,8,encoder,attack,2,0.35731273889541626
CICIoT2023,SNN_AE_T5,1,8,encoder,attack,3,0.3541671633720398
CICIoT2023,SNN_AE_T5,1,8,encoder,attack,4,0.36371469497680664
CICIoT2023,SNN_AE_T5,1,8,encoder,attack,5,0.35140490531921387
CICIoT2023,SNN_AE_T5,1,8,decoder,normal,1,0.00012867503392044455
CICIoT2023,SNN_AE_T5,1,8,decoder,normal,2,0.26863399147987366
CICIoT2023,SNN_AE_T5,1,8,decoder,normal,3,0.3032578229904175
CICIoT2023,SNN_AE_T5,1,8,decoder,normal,4,0.3237507939338684
CICIoT2023,SNN_AE_T5,1,8,decoder,normal,5,0.31054842472076416
CICIoT2023,SNN_AE_T5,1,8,decoder,attack,1,0.05670441314578056
CICIoT2023,SNN_AE_T5,1,8,decoder,attack,2,0.2668191194534302
CICIoT2023,SNN_AE_T5,1,8,decoder,attack,3,0.3164122402667999
CICIoT2023,SNN_AE_T5,1,8,decoder,attack,4,0.3302789330482483
CICIoT2023,SNN_AE_T5,1,8,decoder,attack,5,0.32834118604660034
CICIoT2023,SNN_AE_T7,1,8,encoder,normal,1,0.027878129854798317
CICIoT2023,SNN_AE_T7,1,8,encoder,normal,2,0.15767858922481537
CICIoT2023,SNN_AE_T7,1,8,encoder,normal,3,0.171909362077713
CICIoT2023,SNN_AE_T7,1,8,encoder,normal,4,0.18291302025318146
CICIoT2023,SNN_AE_T7,1,8,encoder,normal,5,0.16150763630867004
CICIoT2023,SNN_AE_T7,1,8,encoder,normal,6,0.19755615293979645
CICIoT2023,SNN_AE_T7,1,8,encoder,normal,7,0.1698705404996872
CICIoT2023,SNN_AE_T7,1,8,encoder,attack,1,0.15906912088394165
CICIoT2023,SNN_AE_T7,1,8,encoder,attack,2,0.2592098116874695
CICIoT2023,SNN_AE_T7,1,8,encoder,attack,3,0.26296618580818176
CICIoT2023,SNN_AE_T7,1,8,encoder,attack,4,0.27183136343955994
CICIoT2023,SNN_AE_T7,1,8,encoder,attack,5,0.2628210783004761
CICIoT2023,SNN_AE_T7,1,8,encoder,attack,6,0.27558186650276184
CICIoT2023,SNN_AE_T7,1,8,encoder,attack,7,0.25831371545791626
CICIoT2023,SNN_AE_T7,1,8,decoder,normal,1,4.289167918614112e-05
CICIoT2023,SNN_AE_T7,1,8,decoder,normal,2,0.2153303623199463
CICIoT2023,SNN_AE_T7,1,8,decoder,normal,3,0.26564231514930725
CICIoT2023,SNN_AE_T7,1,8,decoder,normal,4,0.27425330877304077
CICIoT2023,SNN_AE_T7,1,8,decoder,normal,5,0.2602335512638092
CICIoT2023,SNN_AE_T7,1,8,decoder,normal,6,0.2891591191291809
CICIoT2023,SNN_AE_T7,1,8,decoder,normal,7,0.2741991877555847
CICIoT2023,SNN_AE_T7,1,8,decoder,attack,1,0.0693696066737175
CICIoT2023,SNN_AE_T7,1,8,decoder,attack,2,0.23985832929611206
CICIoT2023,SNN_AE_T7,1,8,decoder,attack,3,0.29585734009742737
CICIoT2023,SNN_AE_T7,1,8,decoder,attack,4,0.3087019622325897
CICIoT2023,SNN_AE_T7,1,8,decoder,attack,5,0.30358579754829407
CICIoT2023,SNN_AE_T7,1,8,decoder,attack,6,0.3045857846736908
CICIoT2023,SNN_AE_T7,1,8,decoder,attack,7,0.31142354011535645
CICIoT2023,SNN_AE_noBN,1,8,encoder,normal,1,0.042559754103422165
CICIoT2023,SNN_AE_noBN,1,8,encoder,normal,2,0.5541366338729858
CICIoT2023,SNN_AE_noBN,1,8,encoder,normal,3,0.5017449259757996
CICIoT2023,SNN_AE_noBN,1,8,encoder,attack,1,0.1090250015258789
CICIoT2023,SNN_AE_noBN,1,8,encoder,attack,2,0.42178136110305786
CICIoT2023,SNN_AE_noBN,1,8,encoder,attack,3,0.43576961755752563
CICIoT2023,SNN_AE_noBN,1,8,decoder,normal,1,0.011532987467944622
CICIoT2023,SNN_AE_noBN,1,8,decoder,normal,2,0.3405209481716156
CICIoT2023,SNN_AE_noBN,1,8,decoder,normal,3,0.35349664092063904
CICIoT2023,SNN_AE_noBN,1,8,decoder,attack,1,0.03520539030432701
CICIoT2023,SNN_AE_noBN,1,8,decoder,attack,2,0.2742725610733032
CICIoT2023,SNN_AE_noBN,1,8,decoder,attack,3,0.3135034441947937
CICIoT2023,SNN_AE,1,9,encoder,normal,1,0.006807174067944288
CICIoT2023,SNN_AE,1,9,encoder,normal,2,0.44802215695381165
CICIoT2023,SNN_AE,1,9,encoder,normal,3,0.49053236842155457
CICIoT2023,SNN_AE,1,9,encoder,attack,1,0.1293872594833374
CICIoT2023,SNN_AE,1,9,encoder,attack,2,0.36471518874168396
CICIoT2023,SNN_AE,1,9,encoder,attack,3,0.375775009393692
CICIoT2023,SNN_AE,1,9,decoder,normal,1,0.003321337513625622
CICIoT2023,SNN_AE,1,9,decoder,normal,2,0.3200380206108093
CICIoT2023,SNN_AE,1,9,decoder,normal,3,0.3456853926181793
CICIoT2023,SNN_AE,1,9,decoder,attack,1,0.04971078410744667
CICIoT2023,SNN_AE,1,9,decoder,attack,2,0.3297269642353058
CICIoT2023,SNN_AE,1,9,decoder,attack,3,0.35885685682296753
CICIoT2023,SNN_Dense,1,9,encoder,normal,1,0.0011765784583985806
CICIoT2023,SNN_Dense,1,9,encoder,normal,2,0.4106731414794922
CICIoT2023,SNN_Dense,1,9,encoder,normal,3,0.44317352771759033
CICIoT2023,SNN_Dense,1,9,encoder,attack,1,0.1661112755537033
CICIoT2023,SNN_Dense,1,9,encoder,attack,2,0.41845834255218506
CICIoT2023,SNN_Dense,1,9,encoder,attack,3,0.40236029028892517
CICIoT2023,Dense_SNN,1,9,decoder,normal,1,7.236029341584072e-05
CICIoT2023,Dense_SNN,1,9,decoder,normal,2,0.32465651631355286
CICIoT2023,Dense_SNN,1,9,decoder,normal,3,0.2933732569217682
CICIoT2023,Dense_SNN,1,9,decoder,attack,1,0.16455195844173431
CICIoT2023,Dense_SNN,1,9,decoder,attack,2,0.41817596554756165
CICIoT2023,Dense_SNN,1,9,decoder,attack,3,0.41013726592063904
CICIoT2023,SNN_AE_T2,1,9,encoder,normal,1,0.8032634258270264
CICIoT2023,SNN_AE_T2,1,9,encoder,normal,2,0.8692391514778137
CICIoT2023,SNN_AE_T2,1,9,encoder,attack,1,0.41659215092658997
CICIoT2023,SNN_AE_T2,1,9,encoder,attack,2,0.5040500164031982
CICIoT2023,SNN_AE_T2,1,9,decoder,normal,1,0.216657817363739
CICIoT2023,SNN_AE_T2,1,9,decoder,normal,2,0.32722532749176025
CICIoT2023,SNN_AE_T2,1,9,decoder,attack,1,0.08871078491210938
CICIoT2023,SNN_AE_T2,1,9,decoder,attack,2,0.2582593262195587
CICIoT2023,SNN_AE_T5,1,9,encoder,normal,1,0.0011317150201648474
CICIoT2023,SNN_AE_T5,1,9,encoder,normal,2,0.33922073245048523
CICIoT2023,SNN_AE_T5,1,9,encoder,normal,3,0.3644382953643799
CICIoT2023,SNN_AE_T5,1,9,encoder,normal,4,0.3807598650455475
CICIoT2023,SNN_AE_T5,1,9,encoder,normal,5,0.32587411999702454
CICIoT2023,SNN_AE_T5,1,9,encoder,attack,1,0.11154068261384964
CICIoT2023,SNN_AE_T5,1,9,encoder,attack,2,0.29272109270095825
CICIoT2023,SNN_AE_T5,1,9,encoder,attack,3,0.29315733909606934
CICIoT2023,SNN_AE_T5,1,9,encoder,attack,4,0.2947588264942169
CICIoT2023,SNN_AE_T5,1,9,encoder,attack,5,0.283792644739151
CICIoT2023,SNN_AE_T5,1,9,decoder,normal,1,2.412009962426964e-06
CICIoT2023,SNN_AE_T5,1,9,decoder,normal,2,0.2565707862377167
CICIoT2023,SNN_AE_T5,1,9,decoder,normal,3,0.24721702933311462
CICIoT2023,SNN_AE_T5,1,9,decoder,normal,4,0.2755374014377594
CICIoT2023,SNN_AE_T5,1,9,decoder,normal,5,0.25621286034584045
CICIoT2023,SNN_AE_T5,1,9,decoder,attack,1,0.044655393809080124
CICIoT2023,SNN_AE_T5,1,9,decoder,attack,2,0.25653186440467834
CICIoT2023,SNN_AE_T5,1,9,decoder,attack,3,0.30133381485939026
CICIoT2023,SNN_AE_T5,1,9,decoder,attack,4,0.3093034327030182
CICIoT2023,SNN_AE_T5,1,9,decoder,attack,5,0.30574265122413635
CICIoT2023,SNN_AE_T7,1,9,encoder,normal,1,0.0013020029291510582
CICIoT2023,SNN_AE_T7,1,9,encoder,normal,2,0.10839331150054932
CICIoT2023,SNN_AE_T7,1,9,encoder,normal,3,0.16393804550170898
CICIoT2023,SNN_AE_T7,1,9,encoder,normal,4,0.1511722356081009
CICIoT2023,SNN_AE_T7,1,9,encoder,normal,5,0.1540907621383667
CICIoT2023,SNN_AE_T7,1,9,encoder,normal,6,0.1655145287513733
CICIoT2023,SNN_AE_T7,1,9,encoder,normal,7,0.1485011726617813
CICIoT2023,SNN_AE_T7,1,9,encoder,attack,1,0.17680637538433075
CICIoT2023,SNN_AE_T7,1,9,encoder,attack,2,0.2889249920845032
CICIoT2023,SNN_AE_T7,1,9,encoder,attack,3,0.2934455871582031
CICIoT2023,SNN_AE_T7,1,9,encoder,attack,4,0.2949480414390564
CICIoT2023,SNN_AE_T7,1,9,encoder,attack,5,0.2933279275894165
CICIoT2023,SNN_AE_T7,1,9,encoder,attack,6,0.3011637330055237
CICIoT2023,SNN_AE_T7,1,9,encoder,attack,7,0.2902372479438782
CICIoT2023,SNN_AE_T7,1,9,decoder,normal,1,0.0
CICIoT2023,SNN_AE_T7,1,9,decoder,normal,2,0.11308853328227997
CICIoT2023,SNN_AE_T7,1,9,decoder,normal,3,0.23330165445804596
CICIoT2023,SNN_AE_T7,1,9,decoder,normal,4,0.25703004002571106
CICIoT2023,SNN_AE_T7,1,9,decoder,normal,5,0.250808984041214
CICIoT2023,SNN_AE_T7,1,9,decoder,normal,6,0.23697997629642487
CICIoT2023,SNN_AE_T7,1,9,decoder,normal,7,0.2291944921016693
CICIoT2023,SNN_AE_T7,1,9,decoder,attack,1,0.06911470741033554
CICIoT2023,SNN_AE_T7,1,9,decoder,attack,2,0.26665636897087097
CICIoT2023,SNN_AE_T7,1,9,decoder,attack,3,0.3025387227535248
CICIoT2023,SNN_AE_T7,1,9,decoder,attack,4,0.31257352232933044
CICIoT2023,SNN_AE_T7,1,9,decoder,attack,5,0.30486422777175903
CICIoT2023,SNN_AE_T7,1,9,decoder,attack,6,0.3196176588535309
CICIoT2023,SNN_AE_T7,1,9,decoder,attack,7,0.3059142231941223
CICIoT2023,SNN_AE_noBN,1,9,encoder,normal,1,0.00374150974676013
CICIoT2023,SNN_AE_noBN,1,9,encoder,normal,2,0.504072904586792
CICIoT2023,SNN_AE_noBN,1,9,encoder,normal,3,0.4369814097881317
CICIoT2023,SNN_AE_noBN,1,9,encoder,attack,1,0.10730784386396408
CICIoT2023,SNN_AE_noBN,1,9,encoder,attack,2,0.42721912264823914
CICIoT2023,SNN_AE_noBN,1,9,encoder,attack,3,0.42315489053726196
CICIoT2023,SNN_AE_noBN,1,9,decoder,normal,1,0.0
CICIoT2023,SNN_AE_noBN,1,9,decoder,normal,2,0.3309928774833679
CICIoT2023,SNN_AE_noBN,1,9,decoder,normal,3,0.3245137333869934
CICIoT2023,SNN_AE_noBN,1,9,decoder,attack,1,0.042512744665145874
CICIoT2023,SNN_AE_noBN,1,9,decoder,attack,2,0.29727205634117126
CICIoT2023,SNN_AE_noBN,1,9,decoder,attack,3,0.368238240480423
CICIoT2023,SNN_AE,2,0,encoder,normal,1,0.03498797118663788
CICIoT2023,SNN_AE,2,0,encoder,normal,2,0.4504968822002411
CICIoT2023,SNN_AE,2,0,encoder,normal,3,0.4398157000541687
CICIoT2023,SNN_AE,2,0,encoder,attack,1,0.21315637230873108
CICIoT2023,SNN_AE,2,0,encoder,attack,2,0.4340499937534332
CICIoT2023,SNN_AE,2,0,encoder,attack,3,0.42807891964912415
CICIoT2023,SNN_AE,2,0,decoder,normal,1,0.0038447140250355005
CICIoT2023,SNN_AE,2,0,decoder,normal,2,0.3831363916397095
CICIoT2023,SNN_AE,2,0,decoder,normal,3,0.43099305033683777
CICIoT2023,SNN_AE,2,0,decoder,attack,1,0.06882254779338837
CICIoT2023,SNN_AE,2,0,decoder,attack,2,0.3634504973888397
CICIoT2023,SNN_AE,2,0,decoder,attack,3,0.4083000123500824
CICIoT2023,SNN_Dense,2,0,encoder,normal,1,0.008288946002721786
CICIoT2023,SNN_Dense,2,0,encoder,normal,2,0.34396836161613464
CICIoT2023,SNN_Dense,2,0,encoder,normal,3,0.3711153268814087
CICIoT2023,SNN_Dense,2,0,encoder,attack,1,0.20922891795635223
CICIoT2023,SNN_Dense,2,0,encoder,attack,2,0.4306544065475464
CICIoT2023,SNN_Dense,2,0,encoder,attack,3,0.4434622526168823
CICIoT2023,Dense_SNN,2,0,decoder,normal,1,0.00924525037407875
CICIoT2023,Dense_SNN,2,0,decoder,normal,2,0.32794174551963806
CICIoT2023,Dense_SNN,2,0,decoder,normal,3,0.3633747100830078
CICIoT2023,Dense_SNN,2,0,decoder,attack,1,0.24818137288093567
CICIoT2023,Dense_SNN,2,0,decoder,attack,2,0.4625975489616394
CICIoT2023,Dense_SNN,2,0,decoder,attack,3,0.47108137607574463
CICIoT2023,SNN_AE_T2,2,0,encoder,normal,1,0.7942532300949097
CICIoT2023,SNN_AE_T2,2,0,encoder,normal,2,0.8620352745056152
CICIoT2023,SNN_AE_T2,2,0,encoder,attack,1,0.6881568431854248
CICIoT2023,SNN_AE_T2,2,0,encoder,attack,2,0.7527764439582825
CICIoT2023,SNN_AE_T2,2,0,decoder,normal,1,0.2909095585346222
CICIoT2023,SNN_AE_T2,2,0,decoder,normal,2,0.4815918803215027
CICIoT2023,SNN_AE_T2,2,0,decoder,attack,1,0.2177421599626541
CICIoT2023,SNN_AE_T2,2,0,decoder,attack,2,0.4553799033164978
CICIoT2023,SNN_AE_T5,2,0,encoder,normal,1,0.008525341749191284
CICIoT2023,SNN_AE_T5,2,0,encoder,normal,2,0.3303188383579254
CICIoT2023,SNN_AE_T5,2,0,encoder,normal,3,0.33254680037498474
CICIoT2023,SNN_AE_T5,2,0,encoder,normal,4,0.3341255486011505
CICIoT2023,SNN_AE_T5,2,0,encoder,normal,5,0.30485737323760986
CICIoT2023,SNN_AE_T5,2,0,encoder,attack,1,0.1747651994228363
CICIoT2023,SNN_AE_T5,2,0,encoder,attack,2,0.3443867564201355
CICIoT2023,SNN_AE_T5,2,0,encoder,attack,3,0.33724069595336914
CICIoT2023,SNN_AE_T5,2,0,encoder,attack,4,0.34806618094444275
CICIoT2023,SNN_AE_T5,2,0,encoder,attack,5,0.3357789218425751
CICIoT2023,SNN_AE_T5,2,0,decoder,normal,1,0.00028708629542961717
CICIoT2023,SNN_AE_T5,2,0,decoder,normal,2,0.2781427502632141
CICIoT2023,SNN_AE_T5,2,0,decoder,normal,3,0.30675241351127625
CICIoT2023,SNN_AE_T5,2,0,decoder,normal,4,0.3408099114894867
CICIoT2023,SNN_AE_T5,2,0,decoder,normal,5,0.33062249422073364
CICIoT2023,SNN_AE_T5,2,0,decoder,attack,1,0.06317353248596191
CICIoT2023,SNN_AE_T5,2,0,decoder,attack,2,0.28915244340896606
CICIoT2023,SNN_AE_T5,2,0,decoder,attack,3,0.3529622554779053
CICIoT2023,SNN_AE_T5,2,0,decoder,attack,4,0.3559759855270386
CICIoT2023,SNN_AE_T5,2,0,decoder,attack,5,0.3548029363155365
CICIoT2023,SNN_AE_T7,2,0,encoder,normal,1,0.002904006978496909
CICIoT2023,SNN_AE_T7,2,0,encoder,normal,2,0.12650415301322937
CICIoT2023,SNN_AE_T7,2,0,encoder,normal,3,0.16226224601268768
CICIoT2023,SNN_AE_T7,2,0,encoder,normal,4,0.1799626499414444
CICIoT2023,SNN_AE_T7,2,0,encoder,normal,5,0.1390194594860077
CICIoT2023,SNN_AE_T7,2,0,encoder,normal,6,0.19636116921901703
CICIoT2023,SNN_AE_T7,2,0,encoder,normal,7,0.15078511834144592
CICIoT2023,SNN_AE_T7,2,0,encoder,attack,1,0.14658284187316895
CICIoT2023,SNN_AE_T7,2,0,encoder,attack,2,0.23157794773578644
CICIoT2023,SNN_AE_T7,2,0,encoder,attack,3,0.2506784200668335
CICIoT2023,SNN_AE_T7,2,0,encoder,attack,4,0.24898725748062134
CICIoT2023,SNN_AE_T7,2,0,encoder,attack,5,0.24704019725322723
CICIoT2023,SNN_AE_T7,2,0,encoder,attack,6,0.25798577070236206
CICIoT2023,SNN_AE_T7,2,0,encoder,attack,7,0.23886322975158691
CICIoT2023,SNN_AE_T7,2,0,decoder,normal,1,8.578469714848325e-05
CICIoT2023,SNN_AE_T7,2,0,decoder,normal,2,0.15761378407478333
CICIoT2023,SNN_AE_T7,2,0,decoder,normal,3,0.2618865370750427
CICIoT2023,SNN_AE_T7,2,0,decoder,normal,4,0.2882784903049469
CICIoT2023,SNN_AE_T7,2,0,decoder,normal,5,0.25099432468414307
CICIoT2023,SNN_AE_T7,2,0,decoder,normal,6,0.2684627175331116
CICIoT2023,SNN_AE_T7,2,0,decoder,normal,7,0.26913535594940186
CICIoT2023,SNN_AE_T7,2,0,decoder,attack,1,0.053888726979494095
CICIoT2023,SNN_AE_T7,2,0,decoder,attack,2,0.23074902594089508
CICIoT2023,SNN_AE_T7,2,0,decoder,attack,3,0.28531715273857117
CICIoT2023,SNN_AE_T7,2,0,decoder,attack,4,0.29614999890327454
CICIoT2023,SNN_AE_T7,2,0,decoder,attack,5,0.2925083339214325
CICIoT2023,SNN_AE_T7,2,0,decoder,attack,6,0.2909255027770996
CICIoT2023,SNN_AE_T7,2,0,decoder,attack,7,0.2894338369369507
CICIoT2023,SNN_AE_noBN,2,0,encoder,normal,1,0.007421351037919521
CICIoT2023,SNN_AE_noBN,2,0,encoder,normal,2,0.4950454533100128
CICIoT2023,SNN_AE_noBN,2,0,encoder,normal,3,0.4390387535095215
CICIoT2023,SNN_AE_noBN,2,0,encoder,attack,1,0.11492598056793213
CICIoT2023,SNN_AE_noBN,2,0,encoder,attack,2,0.42179805040359497
CICIoT2023,SNN_AE_noBN,2,0,encoder,attack,3,0.44917353987693787
CICIoT2023,SNN_AE_noBN,2,0,decoder,normal,1,0.0008022818947210908
CICIoT2023,SNN_AE_noBN,2,0,decoder,normal,2,0.3786790072917938
CICIoT2023,SNN_AE_noBN,2,0,decoder,normal,3,0.39744147658348083
CICIoT2023,SNN_AE_noBN,2,0,decoder,attack,1,0.05492941290140152
CICIoT2023,SNN_AE_noBN,2,0,decoder,attack,2,0.341993123292923
CICIoT2023,SNN_AE_noBN,2,0,decoder,attack,3,0.42240098118782043
CICIoT2023,SNN_AE,2,1,encoder,normal,1,0.026734188199043274
CICIoT2023,SNN_AE,2,1,encoder,normal,2,0.44606614112854004
CICIoT2023,SNN_AE,2,1,encoder,normal,3,0.4595282971858978
CICIoT2023,SNN_AE,2,1,encoder,attack,1,0.0831284299492836
CICIoT2023,SNN_AE,2,1,encoder,attack,2,0.35557451844215393
CICIoT2023,SNN_AE,2,1,encoder,attack,3,0.3399514853954315
CICIoT2023,SNN_AE,2,1,decoder,normal,1,0.011532012373209
CICIoT2023,SNN_AE,2,1,decoder,normal,2,0.3644111156463623
CICIoT2023,SNN_AE,2,1,decoder,normal,3,0.40839263796806335
CICIoT2023,SNN_AE,2,1,decoder,attack,1,0.03375588357448578
CICIoT2023,SNN_AE,2,1,decoder,attack,2,0.3230181336402893
CICIoT2023,SNN_AE,2,1,decoder,attack,3,0.3877377510070801
CICIoT2023,SNN_Dense,2,1,encoder,normal,1,0.0053799813613295555
CICIoT2023,SNN_Dense,2,1,encoder,normal,2,0.3822789192199707
CICIoT2023,SNN_Dense,2,1,encoder,normal,3,0.4505283534526825
CICIoT2023,SNN_Dense,2,1,encoder,attack,1,0.15022891759872437
CICIoT2023,SNN_Dense,2,1,encoder,attack,2,0.3903828561306
CICIoT2023,SNN_Dense,2,1,encoder,attack,3,0.40059950947761536
CICIoT2023,Dense_SNN,2,1,decoder,normal,1,0.004767312668263912
CICIoT2023,Dense_SNN,2,1,decoder,normal,2,0.4249463975429535
CICIoT2023,Dense_SNN,2,1,decoder,normal,3,0.42606204748153687
CICIoT2023,Dense_SNN,2,1,decoder,attack,1,0.2827264666557312
CICIoT2023,Dense_SNN,2,1,decoder,attack,2,0.5504573583602905
CICIoT2023,Dense_SNN,2,1,decoder,attack,3,0.5309597849845886
CICIoT2023,SNN_AE_T2,2,1,encoder,normal,1,0.8581859469413757
CICIoT2023,SNN_AE_T2,2,1,encoder,normal,2,0.9037530422210693
CICIoT2023,SNN_AE_T2,2,1,encoder,attack,1,0.5360367894172668
CICIoT2023,SNN_AE_T2,2,1,encoder,attack,2,0.6145034432411194
CICIoT2023,SNN_AE_T2,2,1,decoder,normal,1,0.27048271894454956
CICIoT2023,SNN_AE_T2,2,1,decoder,normal,2,0.4968571960926056
CICIoT2023,SNN_AE_T2,2,1,decoder,attack,1,0.13659313321113586
CICIoT2023,SNN_AE_T2,2,1,decoder,attack,2,0.34125736355781555
CICIoT2023,SNN_AE_T5,2,1,encoder,normal,1,0.008006609044969082
CICIoT2023,SNN_AE_T5,2,1,encoder,normal,2,0.4018443524837494
CICIoT2023,SNN_AE_T5,2,1,encoder,normal,3,0.4150545001029968
CICIoT2023,SNN_AE_T5,2,1,encoder,normal,4,0.4026782810688019
CICIoT2023,SNN_AE_T5,2,1,encoder,normal,5,0.3904989957809448
CICIoT2023,SNN_AE_T5,2,1,encoder,attack,1,0.12603725492954254
CICIoT2023,SNN_AE_T5,2,1,encoder,attack,2,0.34550783038139343
CICIoT2023,SNN_AE_T5,2,1,encoder,attack,3,0.33798089623451233
CICIoT2023,SNN_AE_T5,2,1,encoder,attack,4,0.34542059898376465
CICIoT2023,SNN_AE_T5,2,1,encoder,attack,5,0.3282102942466736
CICIoT2023,SNN_AE_T5,2,1,decoder,normal,1,7.116119377315044e-05
CICIoT2023,SNN_AE_T5,2,1,decoder,normal,2,0.30149877071380615
CICIoT2023,SNN_AE_T5,2,1,decoder,normal,3,0.3237649202346802
CICIoT2023,SNN_AE_T5,2,1,decoder,normal,4,0.3356800377368927
CICIoT2023,SNN_AE_T5,2,1,decoder,normal,5,0.3483842611312866
CICIoT2023,SNN_AE_T5,2,1,decoder,attack,1,0.03590882197022438
CICIoT2023,SNN_AE_T5,2,1,decoder,attack,2,0.26307255029678345
CICIoT2023,SNN_AE_T5,2,1,decoder,attack,3,0.3109857738018036
CICIoT2023,SNN_AE_T5,2,1,decoder,attack,4,0.29976028203964233
CICIoT2023,SNN_AE_T5,2,1,decoder,attack,5,0.319680392742157
CICIoT2023,SNN_AE_T7,2,1,encoder,normal,1,0.0015772440237924457
CICIoT2023,SNN_AE_T7,2,1,encoder,normal,2,0.11446375399827957
CICIoT2023,SNN_AE_T7,2,1,encoder,normal,3,0.1357399821281433
CICIoT2023,SNN_AE_T7,2,1,encoder,normal,4,0.16248928010463715
CICIoT2023,SNN_AE_T7,2,1,encoder,normal,5,0.14338639378547668
CICIoT2023,SNN_AE_T7,2,1,encoder,normal,6,0.16213200986385345
CICIoT2023,SNN_AE_T7,2,1,encoder,normal,7,0.13556402921676636
CICIoT2023,SNN_AE_T7,2,1,encoder,attack,1,0.1815759837627411
CICIoT2023,SNN_AE_T7,2,1,encoder,attack,2,0.29684263467788696
CICIoT2023,SNN_AE_T7,2,1,encoder,attack,3,0.2961568534374237
CICIoT2023,SNN_AE_T7,2,1,encoder,attack,4,0.3143852949142456
CICIoT2023,SNN_AE_T7,2,1,encoder,attack,5,0.300563246011734
CICIoT2023,SNN_AE_T7,2,1,encoder,attack,6,0.31732842326164246
CICIoT2023,SNN_AE_T7,2,1,encoder,attack,7,0.29362452030181885
CICIoT2023,SNN_AE_T7,2,1,decoder,normal,1,7.457303581759334e-05
CICIoT2023,SNN_AE_T7,2,1,decoder,normal,2,0.14758197963237762
CICIoT2023,SNN_AE_T7,2,1,decoder,normal,3,0.26242348551750183
CICIoT2023,SNN_AE_T7,2,1,decoder,normal,4,0.28340384364128113
CICIoT2023,SNN_AE_T7,2,1,decoder,normal,5,0.2713356912136078
CICIoT2023,SNN_AE_T7,2,1,decoder,normal,6,0.2812202572822571
CICIoT2023,SNN_AE_T7,2,1,decoder,normal,7,0.2742381989955902
CICIoT2023,SNN_AE_T7,2,1,decoder,attack,1,0.06849313527345657
CICIoT2023,SNN_AE_T7,2,1,decoder,attack,2,0.255736768245697
CICIoT2023,SNN_AE_T7,2,1,decoder,attack,3,0.3093470633029938
CICIoT2023,SNN_AE_T7,2,1,decoder,attack,4,0.31518086791038513
CICIoT2023,SNN_AE_T7,2,1,decoder,attack,5,0.3094828426837921
CICIoT2023,SNN_AE_T7,2,1,decoder,attack,6,0.3143661618232727
CICIoT2023,SNN_AE_T7,2,1,decoder,attack,7,0.31386324763298035
CICIoT2023,SNN_AE_noBN,2,1,encoder,normal,1,0.0088064419105649
CICIoT2023,SNN_AE_noBN,2,1,encoder,normal,2,0.5145441889762878
CICIoT2023,SNN_AE_noBN,2,1,encoder,normal,3,0.49316510558128357
CICIoT2023,SNN_AE_noBN,2,1,encoder,attack,1,0.11331667006015778
CICIoT2023,SNN_AE_noBN,2,1,encoder,attack,2,0.4160274565219879
CICIoT2023,SNN_AE_noBN,2,1,encoder,attack,3,0.429056853055954
CICIoT2023,SNN_AE_noBN,2,1,decoder,normal,1,0.0012419091071933508
CICIoT2023,SNN_AE_noBN,2,1,decoder,normal,2,0.35037580132484436
CICIoT2023,SNN_AE_noBN,2,1,decoder,normal,3,0.3685472309589386
CICIoT2023,SNN_AE_noBN,2,1,decoder,attack,1,0.03225294128060341
CICIoT2023,SNN_AE_noBN,2,1,decoder,attack,2,0.2778818607330322
CICIoT2023,SNN_AE_noBN,2,1,decoder,attack,3,0.3551887273788452
CICIoT2023,SNN_AE,2,2,encoder,normal,1,0.05898331478238106
CICIoT2023,SNN_AE,2,2,encoder,normal,2,0.4813569486141205
CICIoT2023,SNN_AE,2,2,encoder,normal,3,0.48898738622665405
CICIoT2023,SNN_AE,2,2,encoder,attack,1,0.09730294346809387
CICIoT2023,SNN_AE,2,2,encoder,attack,2,0.3470088243484497
CICIoT2023,SNN_AE,2,2,encoder,attack,3,0.346902459859848
CICIoT2023,SNN_AE,2,2,decoder,normal,1,0.028139330446720123
CICIoT2023,SNN_AE,2,2,decoder,normal,2,0.3469664454460144
CICIoT2023,SNN_AE,2,2,decoder,normal,3,0.40088698267936707
CICIoT2023,SNN_AE,2,2,decoder,attack,1,0.055537253618240356
CICIoT2023,SNN_AE,2,2,decoder,attack,2,0.2958696186542511
CICIoT2023,SNN_AE,2,2,decoder,attack,3,0.35938185453414917
CICIoT2023,SNN_Dense,2,2,encoder,normal,1,0.004923846572637558
CICIoT2023,SNN_Dense,2,2,encoder,normal,2,0.3890092372894287
CICIoT2023,SNN_Dense,2,2,encoder,normal,3,0.36181938648223877
CICIoT2023,SNN_Dense,2,2,encoder,attack,1,0.23958039283752441
CICIoT2023,SNN_Dense,2,2,encoder,attack,2,0.522753894329071
CICIoT2023,SNN_Dense,2,2,encoder,attack,3,0.49761274456977844
CICIoT2023,Dense_SNN,2,2,decoder,normal,1,0.0049711256287992
CICIoT2023,Dense_SNN,2,2,decoder,normal,2,0.38487157225608826
CICIoT2023,Dense_SNN,2,2,decoder,normal,3,0.38004666566848755
CICIoT2023,Dense_SNN,2,2,decoder,attack,1,0.1942647099494934
CICIoT2023,Dense_SNN,2,2,decoder,attack,2,0.4425245225429535
CICIoT2023,Dense_SNN,2,2,decoder,attack,3,0.4385230243206024
CICIoT2023,SNN_AE_T2,2,2,encoder,normal,1,0.8724006414413452
CICIoT2023,SNN_AE_T2,2,2,encoder,normal,2,0.9160386919975281
CICIoT2023,SNN_AE_T2,2,2,encoder,attack,1,0.5767391920089722
CICIoT2023,SNN_AE_T2,2,2,encoder,attack,2,0.6311337947845459
CICIoT2023,SNN_AE_T2,2,2,decoder,normal,1,0.25540345907211304
CICIoT2023,SNN_AE_T2,2,2,decoder,normal,2,0.49519363045692444
CICIoT2023,SNN_AE_T2,2,2,decoder,attack,1,0.1598607897758484
CICIoT2023,SNN_AE_T2,2,2,decoder,attack,2,0.36160293221473694
CICIoT2023,SNN_AE_T5,2,2,encoder,normal,1,0.003816444193944335
CICIoT2023,SNN_AE_T5,2,2,encoder,normal,2,0.37917616963386536
CICIoT2023,SNN_AE_T5,2,2,encoder,normal,3,0.3308764398097992
CICIoT2023,SNN_AE_T5,2,2,encoder,normal,4,0.364478200674057
CICIoT2023,SNN_AE_T5,2,2,encoder,normal,5,0.3404029309749603
CICIoT2023,SNN_AE_T5,2,2,encoder,attack,1,0.06267450749874115
CICIoT2023,SNN_AE_T5,2,2,encoder,attack,2,0.22730833292007446
CICIoT2023,SNN_AE_T5,2,2,encoder,attack,3,0.22718332707881927
CICIoT2023,SNN_AE_T5,2,2,encoder,attack,4,0.22909264266490936
CICIoT2023,SNN_AE_T5,2,2,encoder,attack,5,0.22107598185539246
CICIoT2023,SNN_AE_T5,2,2,decoder,normal,1,0.00020373865845613182
CICIoT2023,SNN_AE_T5,2,2,decoder,normal,2,0.2623593211174011
CICIoT2023,SNN_AE_T5,2,2,decoder,normal,3,0.3031553030014038
CICIoT2023,SNN_AE_T5,2,2,decoder,normal,4,0.3103100657463074
CICIoT2023,SNN_AE_T5,2,2,decoder,normal,5,0.30969542264938354
CICIoT2023,SNN_AE_T5,2,2,decoder,attack,1,0.016797548159956932
CICIoT2023,SNN_AE_T5,2,2,decoder,attack,2,0.19359755516052246
CICIoT2023,SNN_AE_T5,2,2,decoder,attack,3,0.2600460648536682
CICIoT2023,SNN_AE_T5,2,2,decoder,attack,4,0.2724544107913971
CICIoT2023,SNN_AE_T5,2,2,decoder,attack,5,0.2796750068664551
CICIoT2023,SNN_AE_T7,2,2,encoder,normal,1,0.0017239799490198493
CICIoT2023,SNN_AE_T7,2,2,encoder,normal,2,0.11862415075302124
CICIoT2023,SNN_AE_T7,2,2,encoder,normal,3,0.14449992775917053
CICIoT2023,SNN_AE_T7,2,2,encoder,normal,4,0.1624552607536316
CICIoT2023,SNN_AE_T7,2,2,encoder,normal,5,0.15421554446220398
CICIoT2023,SNN_AE_T7,2,2,encoder,normal,6,0.17715612053871155
CICIoT2023,SNN_AE_T7,2,2,encoder,normal,7,0.1361086368560791
CICIoT2023,SNN_AE_T7,2,2,encoder,attack,1,0.2145882397890091
CICIoT2023,SNN_AE_T7,2,2,encoder,attack,2,0.3365313708782196
CICIoT2023,SNN_AE_T7,2,2,encoder,attack,3,0.34856128692626953
CICIoT2023,SNN_AE_T7,2,2,encoder,attack,4,0.3468225598335266
CICIoT2023,SNN_AE_T7,2,2,encoder,attack,5,0.34270980954170227
CICIoT2023,SNN_AE_T7,2,2,encoder,attack,6,0.3588005006313324
CICIoT2023,SNN_AE_T7,2,2,encoder,attack,7,0.33432891964912415
CICIoT2023,SNN_AE_T7,2,2,decoder,normal,1,0.00010479380580363795
CICIoT2023,SNN_AE_T7,2,2,decoder,normal,2,0.1429831087589264
CICIoT2023,SNN_AE_T7,2,2,decoder,normal,3,0.2279392033815384
CICIoT2023,SNN_AE_T7,2,2,decoder,normal,4,0.24863572418689728
CICIoT2023,SNN_AE_T7,2,2,decoder,normal,5,0.24127385020256042
CICIoT2023,SNN_AE_T7,2,2,decoder,normal,6,0.2579365372657776
CICIoT2023,SNN_AE_T7,2,2,decoder,normal,7,0.23202811181545258
CICIoT2023,SNN_AE_T7,2,2,decoder,attack,1,0.09511078149080276
CICIoT2023,SNN_AE_T7,2,2,decoder,attack,2,0.25681421160697937
CICIoT2023,SNN_AE_T7,2,2,decoder,attack,3,0.30693432688713074
CICIoT2023,SNN_AE_T7,2,2,decoder,attack,4,0.3036558926105499
CICIoT2023,SNN_AE_T7,2,2,decoder,attack,5,0.3072872459888458
CICIoT2023,SNN_AE_T7,2,2,decoder,attack,6,0.31166961789131165
CICIoT2023,SNN_AE_T7,2,2,decoder,attack,7,0.3021200895309448
CICIoT2023,SNN_AE_noBN,2,2,encoder,normal,1,0.019573045894503593
CICIoT2023,SNN_AE_noBN,2,2,encoder,normal,2,0.5025199055671692
CICIoT2023,SNN_AE_noBN,2,2,encoder,normal,3,0.4857495129108429
CICIoT2023,SNN_AE_noBN,2,2,encoder,attack,1,0.11734264343976974
CICIoT2023,SNN_AE_noBN,2,2,encoder,attack,2,0.4072960913181305
CICIoT2023,SNN_AE_noBN,2,2,encoder,attack,3,0.43222206830978394
CICIoT2023,SNN_AE_noBN,2,2,decoder,normal,1,0.001349646714515984
CICIoT2023,SNN_AE_noBN,2,2,decoder,normal,2,0.3818773925304413
CICIoT2023,SNN_AE_noBN,2,2,decoder,normal,3,0.38894975185394287
CICIoT2023,SNN_AE_noBN,2,2,decoder,attack,1,0.04671274498105049
CICIoT2023,SNN_AE_noBN,2,2,decoder,attack,2,0.32496127486228943
CICIoT2023,SNN_AE_noBN,2,2,decoder,attack,3,0.37400785088539124
CICIoT2023,SNN_AE,2,3,encoder,normal,1,0.06766657531261444
CICIoT2023,SNN_AE,2,3,encoder,normal,2,0.3772333264350891
CICIoT2023,SNN_AE,2,3,encoder,normal,3,0.33246442675590515
CICIoT2023,SNN_AE,2,3,encoder,attack,1,0.23850686848163605
CICIoT2023,SNN_AE,2,3,encoder,attack,2,0.4379328489303589
CICIoT2023,SNN_AE,2,3,encoder,attack,3,0.4351421594619751
CICIoT2023,SNN_AE,2,3,decoder,normal,1,0.028597010299563408
CICIoT2023,SNN_AE,2,3,decoder,normal,2,0.2737886905670166
CICIoT2023,SNN_AE,2,3,decoder,normal,3,0.352152019739151
CICIoT2023,SNN_AE,2,3,decoder,attack,1,0.1052735298871994
CICIoT2023,SNN_AE,2,3,decoder,attack,2,0.3501720726490021
CICIoT2023,SNN_AE,2,3,decoder,attack,3,0.411871075630188
CICIoT2023,SNN_Dense,2,3,encoder,normal,1,0.03026835061609745
CICIoT2023,SNN_Dense,2,3,encoder,normal,2,0.35814329981803894
CICIoT2023,SNN_Dense,2,3,encoder,normal,3,0.3842988610267639
CICIoT2023,SNN_Dense,2,3,encoder,attack,1,0.1294098049402237
CICIoT2023,SNN_Dense,2,3,encoder,attack,2,0.34143921732902527
CICIoT2023,SNN_Dense,2,3,encoder,attack,3,0.3337838351726532
CICIoT2023,Dense_SNN,2,3,decoder,normal,1,0.03656962513923645
CICIoT2023,Dense_SNN,2,3,decoder,normal,2,0.34298279881477356
CICIoT2023,Dense_SNN,2,3,decoder,normal,3,0.3923601806163788
CICIoT2023,Dense_SNN,2,3,decoder,attack,1,0.17137548327445984
CICIoT2023,Dense_SNN,2,3,decoder,attack,2,0.3933735191822052
CICIoT2023,Dense_SNN,2,3,decoder,attack,3,0.3889249861240387
CICIoT2023,SNN_AE_T2,2,3,encoder,normal,1,0.8230651617050171
CICIoT2023,SNN_AE_T2,2,3,encoder,normal,2,0.8580438494682312
CICIoT2023,SNN_AE_T2,2,3,encoder,attack,1,0.6489877700805664
CICIoT2023,SNN_AE_T2,2,3,encoder,attack,2,0.6945000290870667
CICIoT2023,SNN_AE_T2,2,3,decoder,normal,1,0.2072485089302063
CICIoT2023,SNN_AE_T2,2,3,decoder,normal,2,0.4332590103149414
CICIoT2023,SNN_AE_T2,2,3,decoder,attack,1,0.14663773775100708
CICIoT2023,SNN_AE_T2,2,3,decoder,attack,2,0.37082991003990173
CICIoT2023,SNN_AE_T5,2,3,encoder,normal,1,0.0354110449552536
CICIoT2023,SNN_AE_T5,2,3,encoder,normal,2,0.34047263860702515
CICIoT2023,SNN_AE_T5,2,3,encoder,normal,3,0.32300519943237305
CICIoT2023,SNN_AE_T5,2,3,encoder,normal,4,0.3380662798881531
CICIoT2023,SNN_AE_T5,2,3,encoder,normal,5,0.31165871024131775
CICIoT2023,SNN_AE_T5,2,3,encoder,attack,1,0.2039019614458084
CICIoT2023,SNN_AE_T5,2,3,encoder,attack,2,0.3888044059276581
CICIoT2023,SNN_AE_T5,2,3,encoder,attack,3,0.37999704480171204
CICIoT2023,SNN_AE_T5,2,3,encoder,attack,4,0.38645294308662415
CICIoT2023,SNN_AE_T5,2,3,encoder,attack,5,0.3782813847064972
CICIoT2023,SNN_AE_T5,2,3,decoder,normal,1,0.00804182793945074
CICIoT2023,SNN_AE_T5,2,3,decoder,normal,2,0.27824023365974426
CICIoT2023,SNN_AE_T5,2,3,decoder,normal,3,0.29729124903678894
CICIoT2023,SNN_AE_T5,2,3,decoder,normal,4,0.3281732499599457
CICIoT2023,SNN_AE_T5,2,3,decoder,normal,5,0.3145052194595337
CICIoT2023,SNN_AE_T5,2,3,decoder,attack,1,0.07367058843374252
CICIoT2023,SNN_AE_T5,2,3,decoder,attack,2,0.2775803804397583
CICIoT2023,SNN_AE_T5,2,3,decoder,attack,3,0.29444754123687744
CICIoT2023,SNN_AE_T5,2,3,decoder,attack,4,0.3216303884983063
CICIoT2023,SNN_AE_T5,2,3,decoder,attack,5,0.2960779368877411
CICIoT2023,SNN_AE_T7,2,3,encoder,normal,1,0.018972065299749374
CICIoT2023,SNN_AE_T7,2,3,encoder,normal,2,0.1608394831418991
CICIoT2023,SNN_AE_T7,2,3,encoder,normal,3,0.1592339426279068
CICIoT2023,SNN_AE_T7,2,3,encoder,normal,4,0.17425064742565155
CICIoT2023,SNN_AE_T7,2,3,encoder,normal,5,0.1819644570350647
CICIoT2023,SNN_AE_T7,2,3,encoder,normal,6,0.1797632873058319
CICIoT2023,SNN_AE_T7,2,3,encoder,normal,7,0.16183818876743317
CICIoT2023,SNN_AE_T7,2,3,encoder,attack,1,0.176958829164505
CICIoT2023,SNN_AE_T7,2,3,encoder,attack,2,0.27599018812179565
CICIoT2023,SNN_AE_T7,2,3,encoder,attack,3,0.2825583219528198
CICIoT2023,SNN_AE_T7,2,3,encoder,attack,4,0.29137060046195984
CICIoT2023,SNN_AE_T7,2,3,encoder,attack,5,0.2829088270664215
CICIoT2023,SNN_AE_T7,2,3,encoder,attack,6,0.2966897189617157
CICIoT2023,SNN_AE_T7,2,3,encoder,attack,7,0.27582892775535583
CICIoT2023,SNN_AE_T7,2,3,decoder,normal,1,0.031082330271601677
CICIoT2023,SNN_AE_T7,2,3,decoder,normal,2,0.22761408984661102
CICIoT2023,SNN_AE_T7,2,3,decoder,normal,3,0.2695510983467102
CICIoT2023,SNN_AE_T7,2,3,decoder,normal,4,0.29144522547721863
CICIoT2023,SNN_AE_T7,2,3,decoder,normal,5,0.30252605676651
CICIoT2023,SNN_AE_T7,2,3,decoder,normal,6,0.29183709621429443
CICIoT2023,SNN_AE_T7,2,3,decoder,normal,7,0.2852925956249237
CICIoT2023,SNN_AE_T7,2,3,decoder,attack,1,0.05317499861121178
CICIoT2023,SNN_AE_T7,2,3,decoder,attack,2,0.25608184933662415
CICIoT2023,SNN_AE_T7,2,3,decoder,attack,3,0.28630489110946655
CICIoT2023,SNN_AE_T7,2,3,decoder,attack,4,0.2830348014831543
CICIoT2023,SNN_AE_T7,2,3,decoder,attack,5,0.29278579354286194
CICIoT2023,SNN_AE_T7,2,3,decoder,attack,6,0.29618480801582336
CICIoT2023,SNN_AE_T7,2,3,decoder,attack,7,0.2804519534111023
CICIoT2023,SNN_AE_noBN,2,3,encoder,normal,1,0.04481811821460724
CICIoT2023,SNN_AE_noBN,2,3,encoder,normal,2,0.560356855392456
CICIoT2023,SNN_AE_noBN,2,3,encoder,normal,3,0.47006553411483765
CICIoT2023,SNN_AE_noBN,2,3,encoder,attack,1,0.11080637574195862
CICIoT2023,SNN_AE_noBN,2,3,encoder,attack,2,0.4270446002483368
CICIoT2023,SNN_AE_noBN,2,3,encoder,attack,3,0.4368279278278351
CICIoT2023,SNN_AE_noBN,2,3,decoder,normal,1,0.006090226117521524
CICIoT2023,SNN_AE_noBN,2,3,decoder,normal,2,0.358828604221344
CICIoT2023,SNN_AE_noBN,2,3,decoder,normal,3,0.3414299190044403
CICIoT2023,SNN_AE_noBN,2,3,decoder,attack,1,0.03238039091229439
CICIoT2023,SNN_AE_noBN,2,3,decoder,attack,2,0.26892009377479553
CICIoT2023,SNN_AE_noBN,2,3,decoder,attack,3,0.3282833397388458
CICIoT2023,SNN_AE,2,4,encoder,normal,1,0.004159752279520035
CICIoT2023,SNN_AE,2,4,encoder,normal,2,0.5000260472297668
CICIoT2023,SNN_AE,2,4,encoder,normal,3,0.43088963627815247
CICIoT2023,SNN_AE,2,4,encoder,attack,1,0.23438186943531036
CICIoT2023,SNN_AE,2,4,encoder,attack,2,0.526366651058197
CICIoT2023,SNN_AE,2,4,encoder,attack,3,0.5087450742721558
CICIoT2023,SNN_AE,2,4,decoder,normal,1,0.004000077024102211
CICIoT2023,SNN_AE,2,4,decoder,normal,2,0.37696531414985657
CICIoT2023,SNN_AE,2,4,decoder,normal,3,0.44429752230644226
CICIoT2023,SNN_AE,2,4,decoder,attack,1,0.08890735357999802
CICIoT2023,SNN_AE,2,4,decoder,attack,2,0.38858234882354736
CICIoT2023,SNN_AE,2,4,decoder,attack,3,0.42678725719451904
CICIoT2023,SNN_Dense,2,4,encoder,normal,1,0.0027960019651800394
CICIoT2023,SNN_Dense,2,4,encoder,normal,2,0.35077378153800964
CICIoT2023,SNN_Dense,2,4,encoder,normal,3,0.4497385323047638
CICIoT2023,SNN_Dense,2,4,encoder,attack,1,0.2257602959871292
CICIoT2023,SNN_Dense,2,4,encoder,attack,2,0.5228063464164734
CICIoT2023,SNN_Dense,2,4,encoder,attack,3,0.5145333409309387
CICIoT2023,Dense_SNN,2,4,decoder,normal,1,0.0001596750516910106
CICIoT2023,Dense_SNN,2,4,decoder,normal,2,0.40401551127433777
CICIoT2023,Dense_SNN,2,4,decoder,normal,3,0.3069629967212677
CICIoT2023,Dense_SNN,2,4,decoder,attack,1,0.20052598416805267
CICIoT2023,Dense_SNN,2,4,decoder,attack,2,0.4288274645805359
CICIoT2023,Dense_SNN,2,4,decoder,attack,3,0.41962891817092896
CICIoT2023,SNN_AE_T2,2,4,encoder,normal,1,0.8852481245994568
CICIoT2023,SNN_AE_T2,2,4,encoder,normal,2,0.9546730518341064
CICIoT2023,SNN_AE_T2,2,4,encoder,attack,1,0.6295053958892822
CICIoT2023,SNN_AE_T2,2,4,encoder,attack,2,0.7061328291893005
CICIoT2023,SNN_AE_T2,2,4,decoder,normal,1,0.2378140389919281
CICIoT2023,SNN_AE_T2,2,4,decoder,normal,2,0.42667973041534424
CICIoT2023,SNN_AE_T2,2,4,decoder,attack,1,0.13420931994915009
CICIoT2023,SNN_AE_T2,2,4,decoder,attack,2,0.36992648243904114
CICIoT2023,SNN_AE_T5,2,4,encoder,normal,1,0.0004698595148511231
CICIoT2023,SNN_AE_T5,2,4,encoder,normal,2,0.4211605489253998
CICIoT2023,SNN_AE_T5,2,4,encoder,normal,3,0.4596084952354431
CICIoT2023,SNN_AE_T5,2,4,encoder,normal,4,0.3994355797767639
CICIoT2023,SNN_AE_T5,2,4,encoder,normal,5,0.4482199251651764
CICIoT2023,SNN_AE_T5,2,4,encoder,attack,1,0.2295362800359726
CICIoT2023,SNN_AE_T5,2,4,encoder,attack,2,0.45685049891471863
CICIoT2023,SNN_AE_T5,2,4,encoder,attack,3,0.45401322841644287
CICIoT2023,SNN_AE_T5,2,4,encoder,attack,4,0.4508034288883209
CICIoT2023,SNN_AE_T5,2,4,encoder,attack,5,0.4410299062728882
CICIoT2023,SNN_AE_T5,2,4,decoder,normal,1,0.0
CICIoT2023,SNN_AE_T5,2,4,decoder,normal,2,0.30833831429481506
CICIoT2023,SNN_AE_T5,2,4,decoder,normal,3,0.33037057518959045
CICIoT2023,SNN_AE_T5,2,4,decoder,normal,4,0.37100860476493835
CICIoT2023,SNN_AE_T5,2,4,decoder,normal,5,0.3449642062187195
CICIoT2023,SNN_AE_T5,2,4,decoder,attack,1,0.08795147389173508
CICIoT2023,SNN_AE_T5,2,4,decoder,attack,2,0.31513479351997375
CICIoT2023,SNN_AE_T5,2,4,decoder,attack,3,0.3486333191394806
CICIoT2023,SNN_AE_T5,2,4,decoder,attack,4,0.3622014820575714
CICIoT2023,SNN_AE_T5,2,4,decoder,attack,5,0.3736078441143036
CICIoT2023,SNN_AE_T7,2,4,encoder,normal,1,3.859215667034732e-06
CICIoT2023,SNN_AE_T7,2,4,encoder,normal,2,0.07312779873609543
CICIoT2023,SNN_AE_T7,2,4,encoder,normal,3,0.18088288605213165
CICIoT2023,SNN_AE_T7,2,4,encoder,normal,4,0.13512368500232697
CICIoT2023,SNN_AE_T7,2,4,encoder,normal,5,0.1475050151348114
CICIoT2023,SNN_AE_T7,2,4,encoder,normal,6,0.14590393006801605
CICIoT2023,SNN_AE_T7,2,4,encoder,normal,7,0.12885728478431702
CICIoT2023,SNN_AE_T7,2,4,encoder,attack,1,0.14221324026584625
CICIoT2023,SNN_AE_T7,2,4,encoder,attack,2,0.263702929019928
CICIoT2023,SNN_AE_T7,2,4,encoder,attack,3,0.28189215064048767
CICIoT2023,SNN_AE_T7,2,4,encoder,attack,4,0.27703285217285156
CICIoT2023,SNN_AE_T7,2,4,encoder,attack,5,0.2752799093723297
CICIoT2023,SNN_AE_T7,2,4,encoder,attack,6,0.28833135962486267
CICIoT2023,SNN_AE_T7,2,4,encoder,attack,7,0.2666117548942566
CICIoT2023,SNN_AE_T7,2,4,decoder,normal,1,0.0
CICIoT2023,SNN_AE_T7,2,4,decoder,normal,2,0.09702454507350922
CICIoT2023,SNN_AE_T7,2,4,decoder,normal,3,0.23474645614624023
CICIoT2023,SNN_AE_T7,2,4,decoder,normal,4,0.24536605179309845
CICIoT2023,SNN_AE_T7,2,4,decoder,normal,5,0.25441399216651917
CICIoT2023,SNN_AE_T7,2,4,decoder,normal,6,0.24031047523021698
CICIoT2023,SNN_AE_T7,2,4,decoder,normal,7,0.23931045830249786
CICIoT2023,SNN_AE_T7,2,4,decoder,attack,1,0.06277745217084885
CICIoT2023,SNN_AE_T7,2,4,decoder,attack,2,0.26183921098709106
CICIoT2023,SNN_AE_T7,2,4,decoder,attack,3,0.2832769751548767
CICIoT2023,SNN_AE_T7,2,4,decoder,attack,4,0.31330734491348267
CICIoT2023,SNN_AE_T7,2,4,decoder,attack,5,0.2979147136211395
CICIoT2023,SNN_AE_T7,2,4,decoder,attack,6,0.312053918838501
CICIoT2023,SNN_AE_T7,2,4,decoder,attack,7,0.2855205833911896
CICIoT2023,SNN_AE_noBN,2,4,encoder,normal,1,0.0011640359880402684
CICIoT2023,SNN_AE_noBN,2,4,encoder,normal,2,0.5193192362785339
CICIoT2023,SNN_AE_noBN,2,4,encoder,normal,3,0.46727046370506287
CICIoT2023,SNN_AE_noBN,2,4,encoder,attack,1,0.11218137294054031
CICIoT2023,SNN_AE_noBN,2,4,encoder,attack,2,0.4143308699131012
CICIoT2023,SNN_AE_noBN,2,4,encoder,attack,3,0.43024852871894836
CICIoT2023,SNN_AE_noBN,2,4,decoder,normal,1,0.0008934084326028824
CICIoT2023,SNN_AE_noBN,2,4,decoder,normal,2,0.34925806522369385
CICIoT2023,SNN_AE_noBN,2,4,decoder,normal,3,0.40271738171577454
CICIoT2023,SNN_AE_noBN,2,4,decoder,attack,1,0.04997793957591057
CICIoT2023,SNN_AE_noBN,2,4,decoder,attack,2,0.2951749861240387
CICIoT2023,SNN_AE_noBN,2,4,decoder,attack,3,0.36801421642303467
CICIoT2023,SNN_AE,2,5,encoder,normal,1,0.02613711729645729
CICIoT2023,SNN_AE,2,5,encoder,normal,2,0.4559902250766754
CICIoT2023,SNN_AE,2,5,encoder,normal,3,0.4503333866596222
CICIoT2023,SNN_AE,2,5,encoder,attack,1,0.12219951301813126
CICIoT2023,SNN_AE,2,5,encoder,attack,2,0.3992730379104614
CICIoT2023,SNN_AE,2,5,encoder,attack,3,0.38815146684646606
CICIoT2023,SNN_AE,2,5,decoder,normal,1,0.010279867798089981
CICIoT2023,SNN_AE,2,5,decoder,normal,2,0.34108975529670715
CICIoT2023,SNN_AE,2,5,decoder,normal,3,0.35164400935173035
CICIoT2023,SNN_AE,2,5,decoder,attack,1,0.04484117776155472
CICIoT2023,SNN_AE,2,5,decoder,attack,2,0.27278971672058105
CICIoT2023,SNN_AE,2,5,decoder,attack,3,0.3258465826511383
CICIoT2023,SNN_Dense,2,5,encoder,normal,1,0.013491869904100895
CICIoT2023,SNN_Dense,2,5,encoder,normal,2,0.37824076414108276
CICIoT2023,SNN_Dense,2,5,encoder,normal,3,0.3880556523799896
CICIoT2023,SNN_Dense,2,5,encoder,attack,1,0.11665637046098709
CICIoT2023,SNN_Dense,2,5,encoder,attack,2,0.36065930128097534
CICIoT2023,SNN_Dense,2,5,encoder,attack,3,0.37091177701950073
CICIoT2023,Dense_SNN,2,5,decoder,normal,1,0.011028035543859005
CICIoT2023,Dense_SNN,2,5,decoder,normal,2,0.34679287672042847
CICIoT2023,Dense_SNN,2,5,decoder,normal,3,0.35128772258758545
CICIoT2023,Dense_SNN,2,5,decoder,attack,1,0.1670387238264084
CICIoT2023,Dense_SNN,2,5,decoder,attack,2,0.3716362714767456
CICIoT2023,Dense_SNN,2,5,decoder,attack,3,0.3770955801010132
CICIoT2023,SNN_AE_T2,2,5,encoder,normal,1,0.7901514768600464
CICIoT2023,SNN_AE_T2,2,5,encoder,normal,2,0.8465750217437744
CICIoT2023,SNN_AE_T2,2,5,encoder,attack,1,0.529524028301239
CICIoT2023,SNN_AE_T2,2,5,encoder,attack,2,0.6005539298057556
CICIoT2023,SNN_AE_T2,2,5,decoder,normal,1,0.20047716796398163
CICIoT2023,SNN_AE_T2,2,5,decoder,normal,2,0.39138558506965637
CICIoT2023,SNN_AE_T2,2,5,decoder,attack,1,0.09430196136236191
CICIoT2023,SNN_AE_T2,2,5,decoder,attack,2,0.26787254214286804
CICIoT2023,SNN_AE_T5,2,5,encoder,normal,1,0.01021553110331297
CICIoT2023,SNN_AE_T5,2,5,encoder,normal,2,0.3541746139526367
CICIoT2023,SNN_AE_T5,2,5,encoder,normal,3,0.35947224497795105
CICIoT2023,SNN_AE_T5,2,5,encoder,normal,4,0.38922053575515747
CICIoT2023,SNN_AE_T5,2,5,encoder,normal,5,0.34904518723487854
CICIoT2023,SNN_AE_T5,2,5,encoder,attack,1,0.19583871960639954
CICIoT2023,SNN_AE_T5,2,5,encoder,attack,2,0.397635281085968
CICIoT2023,SNN_AE_T5,2,5,encoder,attack,3,0.395469605922699
CICIoT2023,SNN_AE_T5,2,5,encoder,attack,4,0.39856910705566406
CICIoT2023,SNN_AE_T5,2,5,encoder,attack,5,0.3904627561569214
CICIoT2023,SNN_AE_T5,2,5,decoder,normal,1,0.001730776741169393
CICIoT2023,SNN_AE_T5,2,5,decoder,normal,2,0.24733437597751617
CICIoT2023,SNN_AE_T5,2,5,decoder,normal,3,0.2847953736782074
CICIoT2023,SNN_AE_T5,2,5,decoder,normal,4,0.3028479218482971
CICIoT2023,SNN_AE_T5,2,5,decoder,normal,5,0.3018389940261841
CICIoT2023,SNN_AE_T5,2,5,decoder,attack,1,0.04986274614930153
CICIoT2023,SNN_AE_T5,2,5,decoder,attack,2,0.263290673494339
CICIoT2023,SNN_AE_T5,2,5,decoder,attack,3,0.30221226811408997
CICIoT2023,SNN_AE_T5,2,5,decoder,attack,4,0.3211936354637146
CICIoT2023,SNN_AE_T5,2,5,decoder,attack,5,0.31808382272720337
CICIoT2023,SNN_AE_T7,2,5,encoder,normal,1,0.005469176452606916
CICIoT2023,SNN_AE_T7,2,5,encoder,normal,2,0.12536701560020447
CICIoT2023,SNN_AE_T7,2,5,encoder,normal,3,0.15302921831607819
CICIoT2023,SNN_AE_T7,2,5,encoder,normal,4,0.14686451852321625
CICIoT2023,SNN_AE_T7,2,5,encoder,normal,5,0.14996296167373657
CICIoT2023,SNN_AE_T7,2,5,encoder,normal,6,0.17135128378868103
CICIoT2023,SNN_AE_T7,2,5,encoder,normal,7,0.14246812462806702
CICIoT2023,SNN_AE_T7,2,5,encoder,attack,1,0.16908088326454163
CICIoT2023,SNN_AE_T7,2,5,encoder,attack,2,0.28968921303749084
CICIoT2023,SNN_AE_T7,2,5,encoder,attack,3,0.29625147581100464
CICIoT2023,SNN_AE_T7,2,5,encoder,attack,4,0.3006848096847534
CICIoT2023,SNN_AE_T7,2,5,encoder,attack,5,0.2948593199253082
CICIoT2023,SNN_AE_T7,2,5,encoder,attack,6,0.3090994954109192
CICIoT2023,SNN_AE_T7,2,5,encoder,attack,7,0.2875044047832489
CICIoT2023,SNN_AE_T7,2,5,decoder,normal,1,0.0028483974747359753
CICIoT2023,SNN_AE_T7,2,5,decoder,normal,2,0.1670318990945816
CICIoT2023,SNN_AE_T7,2,5,decoder,normal,3,0.24076707661151886
CICIoT2023,SNN_AE_T7,2,5,decoder,normal,4,0.269206702709198
CICIoT2023,SNN_AE_T7,2,5,decoder,normal,5,0.2552342414855957
CICIoT2023,SNN_AE_T7,2,5,decoder,normal,6,0.25745731592178345
CICIoT2023,SNN_AE_T7,2,5,decoder,normal,7,0.2512687146663666
CICIoT2023,SNN_AE_T7,2,5,decoder,attack,1,0.0590352937579155
CICIoT2023,SNN_AE_T7,2,5,decoder,attack,2,0.2365485280752182
CICIoT2023,SNN_AE_T7,2,5,decoder,attack,3,0.2683558762073517
CICIoT2023,SNN_AE_T7,2,5,decoder,attack,4,0.2774308919906616
CICIoT2023,SNN_AE_T7,2,5,decoder,attack,5,0.2772328555583954
CICIoT2023,SNN_AE_T7,2,5,decoder,attack,6,0.28503236174583435
CICIoT2023,SNN_AE_T7,2,5,decoder,attack,7,0.27580392360687256
CICIoT2023,SNN_AE_noBN,2,5,encoder,normal,1,0.015188528224825859
CICIoT2023,SNN_AE_noBN,2,5,encoder,normal,2,0.46384376287460327
CICIoT2023,SNN_AE_noBN,2,5,encoder,normal,3,0.46746617555618286
CICIoT2023,SNN_AE_noBN,2,5,encoder,attack,1,0.11091960966587067
CICIoT2023,SNN_AE_noBN,2,5,encoder,attack,2,0.4081343114376068
CICIoT2023,SNN_AE_noBN,2,5,encoder,attack,3,0.4236195981502533
CICIoT2023,SNN_AE_noBN,2,5,decoder,normal,1,0.0022518131881952286
CICIoT2023,SNN_AE_noBN,2,5,decoder,normal,2,0.35094165802001953
CICIoT2023,SNN_AE_noBN,2,5,decoder,normal,3,0.3842938542366028
CICIoT2023,SNN_AE_noBN,2,5,decoder,attack,1,0.05353676527738571
CICIoT2023,SNN_AE_noBN,2,5,decoder,attack,2,0.32592499256134033
CICIoT2023,SNN_AE_noBN,2,5,decoder,attack,3,0.36508578062057495
CICIoT2023,SNN_AE,2,6,encoder,normal,1,0.039150964468717575
CICIoT2023,SNN_AE,2,6,encoder,normal,2,0.4700104594230652
CICIoT2023,SNN_AE,2,6,encoder,normal,3,0.42374080419540405
CICIoT2023,SNN_AE,2,6,encoder,attack,1,0.10495489835739136
CICIoT2023,SNN_AE,2,6,encoder,attack,2,0.3197328448295593
CICIoT2023,SNN_AE,2,6,encoder,attack,3,0.3084048926830292
CICIoT2023,SNN_AE,2,6,decoder,normal,1,0.002115860115736723
CICIoT2023,SNN_AE,2,6,decoder,normal,2,0.36732178926467896
CICIoT2023,SNN_AE,2,6,decoder,normal,3,0.3700235188007355
CICIoT2023,SNN_AE,2,6,decoder,attack,1,0.02397303842008114
CICIoT2023,SNN_AE,2,6,decoder,attack,2,0.2688475549221039
CICIoT2023,SNN_AE,2,6,decoder,attack,3,0.3462289273738861
CICIoT2023,SNN_Dense,2,6,encoder,normal,1,0.008610638789832592
CICIoT2023,SNN_Dense,2,6,encoder,normal,2,0.44470688700675964
CICIoT2023,SNN_Dense,2,6,encoder,normal,3,0.3965914249420166
CICIoT2023,SNN_Dense,2,6,encoder,attack,1,0.2103451043367386
CICIoT2023,SNN_Dense,2,6,encoder,attack,2,0.4804156720638275
CICIoT2023,SNN_Dense,2,6,encoder,attack,3,0.47886520624160767
CICIoT2023,Dense_SNN,2,6,decoder,normal,1,0.006661961320787668
CICIoT2023,Dense_SNN,2,6,decoder,normal,2,0.4032246172428131
CICIoT2023,Dense_SNN,2,6,decoder,normal,3,0.3260052502155304
CICIoT2023,Dense_SNN,2,6,decoder,attack,1,0.14118234813213348
CICIoT2023,Dense_SNN,2,6,decoder,attack,2,0.3770666718482971
CICIoT2023,Dense_SNN,2,6,decoder,attack,3,0.3815642297267914
CICIoT2023,SNN_AE_T2,2,6,encoder,normal,1,0.8542873859405518
CICIoT2023,SNN_AE_T2,2,6,encoder,normal,2,0.912355363368988
CICIoT2023,SNN_AE_T2,2,6,encoder,attack,1,0.612323522567749
CICIoT2023,SNN_AE_T2,2,6,encoder,attack,2,0.6863936185836792
CICIoT2023,SNN_AE_T2,2,6,decoder,normal,1,0.28394246101379395
CICIoT2023,SNN_AE_T2,2,6,decoder,normal,2,0.4617239534854889
CICIoT2023,SNN_AE_T2,2,6,decoder,attack,1,0.18203628063201904
CICIoT2023,SNN_AE_T2,2,6,decoder,attack,2,0.35928431153297424
CICIoT2023,SNN_AE_T5,2,6,encoder,normal,1,0.01125924102962017
CICIoT2023,SNN_AE_T5,2,6,encoder,normal,2,0.35653290152549744
CICIoT2023,SNN_AE_T5,2,6,encoder,normal,3,0.3764110505580902
CICIoT2023,SNN_AE_T5,2,6,encoder,normal,4,0.37179526686668396
CICIoT2023,SNN_AE_T5,2,6,encoder,normal,5,0.3609088957309723
CICIoT2023,SNN_AE_T5,2,6,encoder,attack,1,0.09339656680822372
CICIoT2023,SNN_AE_T5,2,6,encoder,attack,2,0.31150734424591064
CICIoT2023,SNN_AE_T5,2,6,encoder,attack,3,0.32401567697525024
CICIoT2023,SNN_AE_T5,2,6,encoder,attack,4,0.3185299038887024
CICIoT2023,SNN_AE_T5,2,6,encoder,attack,5,0.31583529710769653
CICIoT2023,SNN_AE_T5,2,6,decoder,normal,1,0.0009109749807976186
CICIoT2023,SNN_AE_T5,2,6,decoder,normal,2,0.27251067757606506
CICIoT2023,SNN_AE_T5,2,6,decoder,normal,3,0.2917693555355072
CICIoT2023,SNN_AE_T5,2,6,decoder,normal,4,0.3218437135219574
CICIoT2023,SNN_AE_T5,2,6,decoder,normal,5,0.33187273144721985
CICIoT2023,SNN_AE_T5,2,6,decoder,attack,1,0.025870587676763535
CICIoT2023,SNN_AE_T5,2,6,decoder,attack,2,0.26871126890182495
CICIoT2023,SNN_AE_T5,2,6,decoder,attack,3,0.30976420640945435
CICIoT2023,SNN_AE_T5,2,6,decoder,attack,4,0.325912743806839
CICIoT2023,SNN_AE_T5,2,6,decoder,attack,5,0.3147514760494232
CICIoT2023,SNN_AE_T7,2,6,encoder,normal,1,0.005743675399571657
CICIoT2023,SNN_AE_T7,2,6,encoder,normal,2,0.13268747925758362
CICIoT2023,SNN_AE_T7,2,6,encoder,normal,3,0.18073080480098724
CICIoT2023,SNN_AE_T7,2,6,encoder,normal,4,0.16405202448368073
CICIoT2023,SNN_AE_T7,2,6,encoder,normal,5,0.17466983199119568
CICIoT2023,SNN_AE_T7,2,6,encoder,normal,6,0.19196324050426483
CICIoT2023,SNN_AE_T7,2,6,encoder,normal,7,0.15728624165058136
CICIoT2023,SNN_AE_T7,2,6,encoder,attack,1,0.1616210788488388
CICIoT2023,SNN_AE_T7,2,6,encoder,attack,2,0.279361754655838
CICIoT2023,SNN_AE_T7,2,6,encoder,attack,3,0.2803921699523926
CICIoT2023,SNN_AE_T7,2,6,encoder,attack,4,0.29184412956237793
CICIoT2023,SNN_AE_T7,2,6,encoder,attack,5,0.28190097212791443
CICIoT2023,SNN_AE_T7,2,6,encoder,attack,6,0.29819902777671814
CICIoT2023,SNN_AE_T7,2,6,encoder,attack,7,0.2788107991218567
CICIoT2023,SNN_AE_T7,2,6,decoder,normal,1,0.0014256831491366029
CICIoT2023,SNN_AE_T7,2,6,decoder,normal,2,0.13931581377983093
CICIoT2023,SNN_AE_T7,2,6,decoder,normal,3,0.22912605106830597
CICIoT2023,SNN_AE_T7,2,6,decoder,normal,4,0.2493731826543808
CICIoT2023,SNN_AE_T7,2,6,decoder,normal,5,0.25245559215545654
CICIoT2023,SNN_AE_T7,2,6,decoder,normal,6,0.24095702171325684
CICIoT2023,SNN_AE_T7,2,6,decoder,normal,7,0.2451292872428894
CICIoT2023,SNN_AE_T7,2,6,decoder,attack,1,0.04851764813065529
CICIoT2023,SNN_AE_T7,2,6,decoder,attack,2,0.20801471173763275
CICIoT2023,SNN_AE_T7,2,6,decoder,attack,3,0.24772009253501892
CICIoT2023,SNN_AE_T7,2,6,decoder,attack,4,0.2766313850879669
CICIoT2023,SNN_AE_T7,2,6,decoder,attack,5,0.24755196273326874
CICIoT2023,SNN_AE_T7,2,6,decoder,attack,6,0.27051079273223877
CICIoT2023,SNN_AE_T7,2,6,decoder,attack,7,0.26528921723365784
CICIoT2023,SNN_AE_noBN,2,6,encoder,normal,1,0.02011212520301342
CICIoT2023,SNN_AE_noBN,2,6,encoder,normal,2,0.5358419418334961
CICIoT2023,SNN_AE_noBN,2,6,encoder,normal,3,0.47080346941947937
CICIoT2023,SNN_AE_noBN,2,6,encoder,attack,1,0.11444754898548126
CICIoT2023,SNN_AE_noBN,2,6,encoder,attack,2,0.438440203666687
CICIoT2023,SNN_AE_noBN,2,6,encoder,attack,3,0.44696471095085144
CICIoT2023,SNN_AE_noBN,2,6,decoder,normal,1,0.004019695334136486
CICIoT2023,SNN_AE_noBN,2,6,decoder,normal,2,0.3989529311656952
CICIoT2023,SNN_AE_noBN,2,6,decoder,normal,3,0.39613860845565796
CICIoT2023,SNN_AE_noBN,2,6,decoder,attack,1,0.04345637187361717
CICIoT2023,SNN_AE_noBN,2,6,decoder,attack,2,0.29641422629356384
CICIoT2023,SNN_AE_noBN,2,6,decoder,attack,3,0.38563138246536255
CICIoT2023,SNN_AE,2,7,encoder,normal,1,0.03321719914674759
CICIoT2023,SNN_AE,2,7,encoder,normal,2,0.4658362567424774
CICIoT2023,SNN_AE,2,7,encoder,normal,3,0.46491941809654236
CICIoT2023,SNN_AE,2,7,encoder,attack,1,0.10046372562646866
CICIoT2023,SNN_AE,2,7,encoder,attack,2,0.3291034400463104
CICIoT2023,SNN_AE,2,7,encoder,attack,3,0.34165245294570923
CICIoT2023,SNN_AE,2,7,decoder,normal,1,0.010086038149893284
CICIoT2023,SNN_AE,2,7,decoder,normal,2,0.3442915081977844
CICIoT2023,SNN_AE,2,7,decoder,normal,3,0.38597214221954346
CICIoT2023,SNN_AE,2,7,decoder,attack,1,0.04591960832476616
CICIoT2023,SNN_AE,2,7,decoder,attack,2,0.2919338345527649
CICIoT2023,SNN_AE,2,7,decoder,attack,3,0.35263773798942566
CICIoT2023,SNN_Dense,2,7,encoder,normal,1,0.014403055422008038
CICIoT2023,SNN_Dense,2,7,encoder,normal,2,0.4120292663574219
CICIoT2023,SNN_Dense,2,7,encoder,normal,3,0.4053575396537781
CICIoT2023,SNN_Dense,2,7,encoder,attack,1,0.2540161907672882
CICIoT2023,SNN_Dense,2,7,encoder,attack,2,0.5556715726852417
CICIoT2023,SNN_Dense,2,7,encoder,attack,3,0.5297882556915283
CICIoT2023,Dense_SNN,2,7,decoder,normal,1,0.010251758620142937
CICIoT2023,Dense_SNN,2,7,decoder,normal,2,0.3471755385398865
CICIoT2023,Dense_SNN,2,7,decoder,normal,3,0.3660101592540741
CICIoT2023,Dense_SNN,2,7,decoder,attack,1,0.17987500131130219
CICIoT2023,Dense_SNN,2,7,decoder,attack,2,0.38622695207595825
CICIoT2023,Dense_SNN,2,7,decoder,attack,3,0.4098034203052521
CICIoT2023,SNN_AE_T2,2,7,encoder,normal,1,0.8527622818946838
CICIoT2023,SNN_AE_T2,2,7,encoder,normal,2,0.9135709404945374
CICIoT2023,SNN_AE_T2,2,7,encoder,attack,1,0.5681509971618652
CICIoT2023,SNN_AE_T2,2,7,encoder,attack,2,0.6375617384910583
CICIoT2023,SNN_AE_T2,2,7,decoder,normal,1,0.34942740201950073
CICIoT2023,SNN_AE_T2,2,7,decoder,normal,2,0.4836224317550659
CICIoT2023,SNN_AE_T2,2,7,decoder,attack,1,0.1943686306476593
CICIoT2023,SNN_AE_T2,2,7,decoder,attack,2,0.34031420946121216
CICIoT2023,SNN_AE_T5,2,7,encoder,normal,1,0.009709754958748817
CICIoT2023,SNN_AE_T5,2,7,encoder,normal,2,0.34659892320632935
CICIoT2023,SNN_AE_T5,2,7,encoder,normal,3,0.37518423795700073
CICIoT2023,SNN_AE_T5,2,7,encoder,normal,4,0.37297821044921875
CICIoT2023,SNN_AE_T5,2,7,encoder,normal,5,0.3478018641471863
CICIoT2023,SNN_AE_T5,2,7,encoder,attack,1,0.16518528759479523
CICIoT2023,SNN_AE_T5,2,7,encoder,attack,2,0.3826269507408142
CICIoT2023,SNN_AE_T5,2,7,encoder,attack,3,0.38057205080986023
CICIoT2023,SNN_AE_T5,2,7,encoder,attack,4,0.37554606795310974
CICIoT2023,SNN_AE_T5,2,7,encoder,attack,5,0.3702254891395569
CICIoT2023,SNN_AE_T5,2,7,decoder,normal,1,0.00031096950988285244
CICIoT2023,SNN_AE_T5,2,7,decoder,normal,2,0.2936590611934662
CICIoT2023,SNN_AE_T5,2,7,decoder,normal,3,0.33654066920280457
CICIoT2023,SNN_AE_T5,2,7,decoder,normal,4,0.35931846499443054
CICIoT2023,SNN_AE_T5,2,7,decoder,normal,5,0.3533988296985626
CICIoT2023,SNN_AE_T5,2,7,decoder,attack,1,0.06752108037471771
CICIoT2023,SNN_AE_T5,2,7,decoder,attack,2,0.3302612602710724
CICIoT2023,SNN_AE_T5,2,7,decoder,attack,3,0.39690834283828735
CICIoT2023,SNN_AE_T5,2,7,decoder,attack,4,0.3793642222881317
CICIoT2023,SNN_AE_T5,2,7,decoder,attack,5,0.40466469526290894
CICIoT2023,SNN_AE_T7,2,7,encoder,normal,1,0.0014066740404814482
CICIoT2023,SNN_AE_T7,2,7,encoder,normal,2,0.13817575573921204
CICIoT2023,SNN_AE_T7,2,7,encoder,normal,3,0.16401498019695282
CICIoT2023,SNN_AE_T7,2,7,encoder,normal,4,0.16671329736709595
CICIoT2023,SNN_AE_T7,2,7,encoder,normal,5,0.16570337116718292
CICIoT2023,SNN_AE_T7,2,7,encoder,normal,6,0.18248939514160156
CICIoT2023,SNN_AE_T7,2,7,encoder,normal,7,0.14830760657787323
CICIoT2023,SNN_AE_T7,2,7,encoder,attack,1,0.18045637011528015
CICIoT2023,SNN_AE_T7,2,7,encoder,attack,2,0.2821353077888489
CICIoT2023,SNN_AE_T7,2,7,encoder,attack,3,0.2947254776954651
CICIoT2023,SNN_AE_T7,2,7,encoder,attack,4,0.29967206716537476
CICIoT2023,SNN_AE_T7,2,7,encoder,attack,5,0.2875902056694031
CICIoT2023,SNN_AE_T7,2,7,encoder,attack,6,0.3045617640018463
CICIoT2023,SNN_AE_T7,2,7,encoder,attack,7,0.28533676266670227
CICIoT2023,SNN_AE_T7,2,7,decoder,normal,1,0.00014719873433932662
CICIoT2023,SNN_AE_T7,2,7,decoder,normal,2,0.17846384644508362
CICIoT2023,SNN_AE_T7,2,7,decoder,normal,3,0.2545095384120941
CICIoT2023,SNN_AE_T7,2,7,decoder,normal,4,0.263736754655838
CICIoT2023,SNN_AE_T7,2,7,decoder,normal,5,0.25037822127342224
CICIoT2023,SNN_AE_T7,2,7,decoder,normal,6,0.2721855938434601
CICIoT2023,SNN_AE_T7,2,7,decoder,normal,7,0.2558026611804962
CICIoT2023,SNN_AE_T7,2,7,decoder,attack,1,0.062363725155591965
CICIoT2023,SNN_AE_T7,2,7,decoder,attack,2,0.2610681354999542
CICIoT2023,SNN_AE_T7,2,7,decoder,attack,3,0.31648579239845276
CICIoT2023,SNN_AE_T7,2,7,decoder,attack,4,0.3238431513309479
CICIoT2023,SNN_AE_T7,2,7,decoder,attack,5,0.30941471457481384
CICIoT2023,SNN_AE_T7,2,7,decoder,attack,6,0.3093254864215851
CICIoT2023,SNN_AE_T7,2,7,decoder,attack,7,0.3163568675518036
CICIoT2023,SNN_AE_noBN,2,7,encoder,normal,1,0.023509880527853966
CICIoT2023,SNN_AE_noBN,2,7,encoder,normal,2,0.510833740234375
CICIoT2023,SNN_AE_noBN,2,7,encoder,normal,3,0.4754704535007477
CICIoT2023,SNN_AE_noBN,2,7,encoder,attack,1,0.0987725481390953
CICIoT2023,SNN_AE_noBN,2,7,encoder,attack,2,0.39963871240615845
CICIoT2023,SNN_AE_noBN,2,7,encoder,attack,3,0.43231716752052307
CICIoT2023,SNN_AE_noBN,2,7,decoder,normal,1,0.009710242971777916
CICIoT2023,SNN_AE_noBN,2,7,decoder,normal,2,0.30875763297080994
CICIoT2023,SNN_AE_noBN,2,7,decoder,normal,3,0.3493547737598419
CICIoT2023,SNN_AE_noBN,2,7,decoder,attack,1,0.028183823451399803
CICIoT2023,SNN_AE_noBN,2,7,decoder,attack,2,0.26419949531555176
CICIoT2023,SNN_AE_noBN,2,7,decoder,attack,3,0.31419265270233154
CICIoT2023,SNN_AE,2,8,encoder,normal,1,0.05707168206572533
CICIoT2023,SNN_AE,2,8,encoder,normal,2,0.4438875615596771
CICIoT2023,SNN_AE,2,8,encoder,normal,3,0.4151579737663269
CICIoT2023,SNN_AE,2,8,encoder,attack,1,0.16250048577785492
CICIoT2023,SNN_AE,2,8,encoder,attack,2,0.3984142243862152
CICIoT2023,SNN_AE,2,8,encoder,attack,3,0.39327841997146606
CICIoT2023,SNN_AE,2,8,decoder,normal,1,0.020955348387360573
CICIoT2023,SNN_AE,2,8,decoder,normal,2,0.3450075387954712
CICIoT2023,SNN_AE,2,8,decoder,normal,3,0.3671024441719055
CICIoT2023,SNN_AE,2,8,decoder,attack,1,0.053127940744161606
CICIoT2023,SNN_AE,2,8,decoder,attack,2,0.3543490171432495
CICIoT2023,SNN_AE,2,8,decoder,attack,3,0.384962260723114
CICIoT2023,SNN_Dense,2,8,encoder,normal,1,0.0211010854691267
CICIoT2023,SNN_Dense,2,8,encoder,normal,2,0.4236384630203247
CICIoT2023,SNN_Dense,2,8,encoder,normal,3,0.4312918186187744
CICIoT2023,SNN_Dense,2,8,encoder,attack,1,0.21923382580280304
CICIoT2023,SNN_Dense,2,8,encoder,attack,2,0.5100122690200806
CICIoT2023,SNN_Dense,2,8,encoder,attack,3,0.49621912837028503
CICIoT2023,Dense_SNN,2,8,decoder,normal,1,0.018268240615725517
CICIoT2023,Dense_SNN,2,8,decoder,normal,2,0.3689590096473694
CICIoT2023,Dense_SNN,2,8,decoder,normal,3,0.38671985268592834
CICIoT2023,Dense_SNN,2,8,decoder,attack,1,0.2122936248779297
CICIoT2023,Dense_SNN,2,8,decoder,attack,2,0.436551958322525
CICIoT2023,Dense_SNN,2,8,decoder,attack,3,0.4423205852508545
CICIoT2023,SNN_AE_T2,2,8,encoder,normal,1,0.6949169635772705
CICIoT2023,SNN_AE_T2,2,8,encoder,normal,2,0.7779940962791443
CICIoT2023,SNN_AE_T2,2,8,encoder,attack,1,0.5512632131576538
CICIoT2023,SNN_AE_T2,2,8,encoder,attack,2,0.6327279210090637
CICIoT2023,SNN_AE_T2,2,8,decoder,normal,1,0.15865831077098846
CICIoT2023,SNN_AE_T2,2,8,decoder,normal,2,0.4218862056732178
CICIoT2023,SNN_AE_T2,2,8,decoder,attack,1,0.10732010006904602
CICIoT2023,SNN_AE_T2,2,8,decoder,attack,2,0.3542710840702057
CICIoT2023,SNN_AE_T5,2,8,encoder,normal,1,0.030901987105607986
CICIoT2023,SNN_AE_T5,2,8,encoder,normal,2,0.39880865812301636
CICIoT2023,SNN_AE_T5,2,8,encoder,normal,3,0.3818349838256836
CICIoT2023,SNN_AE_T5,2,8,encoder,normal,4,0.3779430091381073
CICIoT2023,SNN_AE_T5,2,8,encoder,normal,5,0.3868075907230377
CICIoT2023,SNN_AE_T5,2,8,encoder,attack,1,0.07637254893779755
CICIoT2023,SNN_AE_T5,2,8,encoder,attack,2,0.28085342049598694
CICIoT2023,SNN_AE_T5,2,8,encoder,attack,3,0.27201077342033386
CICIoT2023,SNN_AE_T5,2,8,encoder,attack,4,0.2753019630908966
CICIoT2023,SNN_AE_T5,2,8,encoder,attack,5,0.2696642279624939
CICIoT2023,SNN_AE_T5,2,8,decoder,normal,1,0.007670906372368336
CICIoT2023,SNN_AE_T5,2,8,decoder,normal,2,0.27141645550727844
CICIoT2023,SNN_AE_T5,2,8,decoder,normal,3,0.30181005597114563
CICIoT2023,SNN_AE_T5,2,8,decoder,normal,4,0.3110772371292114
CICIoT2023,SNN_AE_T5,2,8,decoder,normal,5,0.31989696621894836
CICIoT2023,SNN_AE_T5,2,8,decoder,attack,1,0.01408088207244873
CICIoT2023,SNN_AE_T5,2,8,decoder,attack,2,0.23138383030891418
CICIoT2023,SNN_AE_T5,2,8,decoder,attack,3,0.27810293436050415
CICIoT2023,SNN_AE_T5,2,8,decoder,attack,4,0.2965529263019562
CICIoT2023,SNN_AE_T5,2,8,decoder,attack,5,0.28858432173728943
CICIoT2023,SNN_AE_T7,2,8,encoder,normal,1,0.01639901101589203
CICIoT2023,SNN_AE_T7,2,8,encoder,normal,2,0.14754188060760498
CICIoT2023,SNN_AE_T7,2,8,encoder,normal,3,0.17723459005355835
CICIoT2023,SNN_AE_T7,2,8,encoder,normal,4,0.18159011006355286
CICIoT2023,SNN_AE_T7,2,8,encoder,normal,5,0.16972795128822327
CICIoT2023,SNN_AE_T7,2,8,encoder,normal,6,0.19302873313426971
CICIoT2023,SNN_AE_T7,2,8,encoder,normal,7,0.15901753306388855
CICIoT2023,SNN_AE_T7,2,8,encoder,attack,1,0.19380098581314087
CICIoT2023,SNN_AE_T7,2,8,encoder,attack,2,0.3204558789730072
CICIoT2023,SNN_AE_T7,2,8,encoder,attack,3,0.3235132396221161
CICIoT2023,SNN_AE_T7,2,8,encoder,attack,4,0.3248421549797058
CICIoT2023,SNN_AE_T7,2,8,encoder,attack,5,0.31962648034095764
CICIoT2023,SNN_AE_T7,2,8,encoder,attack,6,0.3361597955226898
CICIoT2023,SNN_AE_T7,2,8,encoder,attack,7,0.3125377595424652
CICIoT2023,SNN_AE_T7,2,8,decoder,normal,1,0.006789663806557655
CICIoT2023,SNN_AE_T7,2,8,decoder,normal,2,0.19023828208446503
CICIoT2023,SNN_AE_T7,2,8,decoder,normal,3,0.2461952567100525
CICIoT2023,SNN_AE_T7,2,8,decoder,normal,4,0.2741430401802063
CICIoT2023,SNN_AE_T7,2,8,decoder,normal,5,0.2596244513988495
CICIoT2023,SNN_AE_T7,2,8,decoder,normal,6,0.2648787796497345
CICIoT2023,SNN_AE_T7,2,8,decoder,normal,7,0.2615916430950165
CICIoT2023,SNN_AE_T7,2,8,decoder,attack,1,0.059435293078422546
CICIoT2023,SNN_AE_T7,2,8,decoder,attack,2,0.25309067964553833
CICIoT2023,SNN_AE_T7,2,8,decoder,attack,3,0.29223284125328064
CICIoT2023,SNN_AE_T7,2,8,decoder,attack,4,0.2951911687850952
CICIoT2023,SNN_AE_T7,2,8,decoder,attack,5,0.30063432455062866
CICIoT2023,SNN_AE_T7,2,8,decoder,attack,6,0.2935284376144409
CICIoT2023,SNN_AE_T7,2,8,decoder,attack,7,0.29967498779296875
CICIoT2023,SNN_AE_noBN,2,8,encoder,normal,1,0.03349599987268448
CICIoT2023,SNN_AE_noBN,2,8,encoder,normal,2,0.5184534788131714
CICIoT2023,SNN_AE_noBN,2,8,encoder,normal,3,0.48014962673187256
CICIoT2023,SNN_AE_noBN,2,8,encoder,attack,1,0.08781813830137253
CICIoT2023,SNN_AE_noBN,2,8,encoder,attack,2,0.4336250126361847
CICIoT2023,SNN_AE_noBN,2,8,encoder,attack,3,0.43072351813316345
CICIoT2023,SNN_AE_noBN,2,8,decoder,normal,1,0.009501142427325249
CICIoT2023,SNN_AE_noBN,2,8,decoder,normal,2,0.3514101803302765
CICIoT2023,SNN_AE_noBN,2,8,decoder,normal,3,0.37568286061286926
CICIoT2023,SNN_AE_noBN,2,8,decoder,attack,1,0.023647058755159378
CICIoT2023,SNN_AE_noBN,2,8,decoder,attack,2,0.2808142304420471
CICIoT2023,SNN_AE_noBN,2,8,decoder,attack,3,0.3134784400463104
CICIoT2023,SNN_AE,2,9,encoder,normal,1,0.030768435448408127
CICIoT2023,SNN_AE,2,9,encoder,normal,2,0.4199029207229614
CICIoT2023,SNN_AE,2,9,encoder,normal,3,0.40768203139305115
CICIoT2023,SNN_AE,2,9,encoder,attack,1,0.09408283978700638
CICIoT2023,SNN_AE,2,9,encoder,attack,2,0.3597637116909027
CICIoT2023,SNN_AE,2,9,encoder,attack,3,0.35967254638671875
CICIoT2023,SNN_AE,2,9,decoder,normal,1,0.006403632462024689
CICIoT2023,SNN_AE,2,9,decoder,normal,2,0.3264863193035126
CICIoT2023,SNN_AE,2,9,decoder,normal,3,0.3476254343986511
CICIoT2023,SNN_AE,2,9,decoder,attack,1,0.026088235899806023
CICIoT2023,SNN_AE,2,9,decoder,attack,2,0.31872254610061646
CICIoT2023,SNN_AE,2,9,decoder,attack,3,0.36902549862861633
CICIoT2023,SNN_Dense,2,9,encoder,normal,1,0.011318705976009369
CICIoT2023,SNN_Dense,2,9,encoder,normal,2,0.33745068311691284
CICIoT2023,SNN_Dense,2,9,encoder,normal,3,0.33606886863708496
CICIoT2023,SNN_Dense,2,9,encoder,attack,1,0.2642936408519745
CICIoT2023,SNN_Dense,2,9,encoder,attack,2,0.4751274585723877
CICIoT2023,SNN_Dense,2,9,encoder,attack,3,0.46258726716041565
CICIoT2023,Dense_SNN,2,9,decoder,normal,1,0.006997301708906889
CICIoT2023,Dense_SNN,2,9,decoder,normal,2,0.35798880457878113
CICIoT2023,Dense_SNN,2,9,decoder,normal,3,0.37066251039505005
CICIoT2023,Dense_SNN,2,9,decoder,attack,1,0.2405245155096054
CICIoT2023,Dense_SNN,2,9,decoder,attack,2,0.4906303882598877
CICIoT2023,Dense_SNN,2,9,decoder,attack,3,0.4907166659832001
CICIoT2023,SNN_AE_T2,2,9,encoder,normal,1,0.8431870341300964
CICIoT2023,SNN_AE_T2,2,9,encoder,normal,2,0.9141928553581238
CICIoT2023,SNN_AE_T2,2,9,encoder,attack,1,0.6595348119735718
CICIoT2023,SNN_AE_T2,2,9,encoder,attack,2,0.7380269765853882
CICIoT2023,SNN_AE_T2,2,9,decoder,normal,1,0.3173390328884125
CICIoT2023,SNN_AE_T2,2,9,decoder,normal,2,0.5032812356948853
CICIoT2023,SNN_AE_T2,2,9,decoder,attack,1,0.21100637316703796
CICIoT2023,SNN_AE_T2,2,9,decoder,attack,2,0.41081079840660095
CICIoT2023,SNN_AE_T5,2,9,encoder,normal,1,0.009138019755482674
CICIoT2023,SNN_AE_T5,2,9,encoder,normal,2,0.35123178362846375
CICIoT2023,SNN_AE_T5,2,9,encoder,normal,3,0.3604307472705841
CICIoT2023,SNN_AE_T5,2,9,encoder,normal,4,0.37702617049217224
CICIoT2023,SNN_AE_T5,2,9,encoder,normal,5,0.3513711988925934
CICIoT2023,SNN_AE_T5,2,9,encoder,attack,1,0.12287451326847076
CICIoT2023,SNN_AE_T5,2,9,encoder,attack,2,0.3296813666820526
CICIoT2023,SNN_AE_T5,2,9,encoder,attack,3,0.30943775177001953
CICIoT2023,SNN_AE_T5,2,9,encoder,attack,4,0.32733285427093506
CICIoT2023,SNN_AE_T5,2,9,encoder,attack,5,0.31613871455192566
CICIoT2023,SNN_AE_T5,2,9,decoder,normal,1,0.0007511035073548555
CICIoT2023,SNN_AE_T5,2,9,decoder,normal,2,0.2779131829738617
CICIoT2023,SNN_AE_T5,2,9,decoder,normal,3,0.32819226384162903
CICIoT2023,SNN_AE_T5,2,9,decoder,normal,4,0.33779284358024597
CICIoT2023,SNN_AE_T5,2,9,decoder,normal,5,0.346339613199234
CICIoT2023,SNN_AE_T5,2,9,decoder,attack,1,0.04804215580224991
CICIoT2023,SNN_AE_T5,2,9,decoder,attack,2,0.2727426588535309
CICIoT2023,SNN_AE_T5,2,9,decoder,attack,3,0.32032305002212524
CICIoT2023,SNN_AE_T5,2,9,decoder,attack,4,0.32155734300613403
CICIoT2023,SNN_AE_T5,2,9,decoder,attack,5,0.33787891268730164
CICIoT2023,SNN_AE_T7,2,9,encoder,normal,1,0.0029332516714930534
CICIoT2023,SNN_AE_T7,2,9,encoder,normal,2,0.13314321637153625
CICIoT2023,SNN_AE_T7,2,9,encoder,normal,3,0.15733399987220764
CICIoT2023,SNN_AE_T7,2,9,encoder,normal,4,0.1686595380306244
CICIoT2023,SNN_AE_T7,2,9,encoder,normal,5,0.15089869499206543
CICIoT2023,SNN_AE_T7,2,9,encoder,normal,6,0.17942892014980316
CICIoT2023,SNN_AE_T7,2,9,encoder,normal,7,0.15402446687221527
CICIoT2023,SNN_AE_T7,2,9,encoder,attack,1,0.13169363141059875
CICIoT2023,SNN_AE_T7,2,9,encoder,attack,2,0.2613838315010071
CICIoT2023,SNN_AE_T7,2,9,encoder,attack,3,0.26932844519615173
CICIoT2023,SNN_AE_T7,2,9,encoder,attack,4,0.2750813663005829
CICIoT2023,SNN_AE_T7,2,9,encoder,attack,5,0.26210734248161316
CICIoT2023,SNN_AE_T7,2,9,encoder,attack,6,0.28382402658462524
CICIoT2023,SNN_AE_T7,2,9,encoder,attack,7,0.25837939977645874
CICIoT2023,SNN_AE_T7,2,9,decoder,normal,1,9.309589222539216e-05
CICIoT2023,SNN_AE_T7,2,9,decoder,normal,2,0.17911405861377716
CICIoT2023,SNN_AE_T7,2,9,decoder,normal,3,0.23346062004566193
CICIoT2023,SNN_AE_T7,2,9,decoder,normal,4,0.2814006209373474
CICIoT2023,SNN_AE_T7,2,9,decoder,normal,5,0.26387128233909607
CICIoT2023,SNN_AE_T7,2,9,decoder,normal,6,0.26438552141189575
CICIoT2023,SNN_AE_T7,2,9,decoder,normal,7,0.2711732089519501
CICIoT2023,SNN_AE_T7,2,9,decoder,attack,1,0.05927303805947304
CICIoT2023,SNN_AE_T7,2,9,decoder,attack,2,0.2265637218952179
CICIoT2023,SNN_AE_T7,2,9,decoder,attack,3,0.28205734491348267
CICIoT2023,SNN_AE_T7,2,9,decoder,attack,4,0.2909446060657501
CICIoT2023,SNN_AE_T7,2,9,decoder,attack,5,0.28270047903060913
CICIoT2023,SNN_AE_T7,2,9,decoder,attack,6,0.2928107976913452
CICIoT2023,SNN_AE_T7,2,9,decoder,attack,7,0.28254804015159607
CICIoT2023,SNN_AE_noBN,2,9,encoder,normal,1,0.01349305547773838
CICIoT2023,SNN_AE_noBN,2,9,encoder,normal,2,0.4719362258911133
CICIoT2023,SNN_AE_noBN,2,9,encoder,normal,3,0.4574083983898163
CICIoT2023,SNN_AE_noBN,2,9,encoder,attack,1,0.0977274477481842
CICIoT2023,SNN_AE_noBN,2,9,encoder,attack,2,0.42614707350730896
CICIoT2023,SNN_AE_noBN,2,9,encoder,attack,3,0.40798431634902954
CICIoT2023,SNN_AE_noBN,2,9,decoder,normal,1,0.002276706276461482
CICIoT2023,SNN_AE_noBN,2,9,decoder,normal,2,0.3375018537044525
CICIoT2023,SNN_AE_noBN,2,9,decoder,normal,3,0.34553441405296326
CICIoT2023,SNN_AE_noBN,2,9,decoder,attack,1,0.03762549161911011
CICIoT2023,SNN_AE_noBN,2,9,decoder,attack,2,0.2765710651874542
CICIoT2023,SNN_AE_noBN,2,9,decoder,attack,3,0.3320431411266327
