dataset,job,seed,fold,accuracy,precision,recall,f1,fpr_test,collapsed,auc,ap,T,enc_rate_mixed,dec_rate_mixed,enc_rate_normal,enc_rate_attack,dec_rate_normal,dec_rate_attack,energy_archival_pj,params,train_time_sec,best_epoch,k_enc,k_dec
edge_iiotset,CNN_AE,0,0,0.9957922185675764,0.9917162524792906,1.0,0.9958408997715423,0.008479130590553533,False,0.9999405863736789,0.9999328604888938,,,,,,,,351955.19999999995,13521.0,602.4378173351288,46.0,,
edge_iiotset,Dense_AE,0,0,0.9958514830947937,0.9918319719953326,1.0,0.9958992384299942,0.008359706216038694,False,0.9998388157317026,0.9998069620505833,3.0,,,,,,,15032.8,3365.0,21.124786853790283,18.0,,
edge_iiotset,Dense_SNN,0,0,0.9959700121492281,0.9920634920634921,1.0,0.9960159362549801,0.008120857467009017,False,0.9998415062926108,0.9998123617327423,3.0,,0.5929583311080933,,,0.5665833353996277,0.6141666769981384,24463.199999999997,3365.0,58.2002694606781,47.0,,1.7788749933242798
edge_iiotset,IF,0,0,0.8829525587459626,0.9898648648648649,0.7755882352941177,0.8697229551451188,0.008061145279751597,False,0.9898695358958057,0.9731157579174068,,,,,,,,,,1.4946579933166504,,,
edge_iiotset,LOF,0,0,0.873559131182031,0.988191089640365,0.7580588235294118,0.8579607869245365,0.009195676837642563,False,0.9749665576626543,0.9738692983002013,,,,,,,,,,0.9389750957489014,,,
edge_iiotset,LSTM_AE,0,0,0.9960589089400539,0.9922372030584252,1.0,0.9961034775730232,0.007941720905236758,False,0.9999638319769301,0.9999601428364558,,,,,,,,331200.0,72801.0,267.37317848205566,48.0,,
edge_iiotset,OCSVM,0,0,0.995584792722316,0.9913114467315879,1.0,0.9956367682801839,0.008897115901355467,False,0.9998844288178039,0.9997942983857246,,,,,,,,,,0.17464995384216309,,,
edge_iiotset,SNN_AE,0,0,0.9953477346134472,0.9911927675707203,0.9996470588235294,0.9954019622199444,0.009016540275870306,False,0.9997396794509289,0.9996792917101724,3.0,0.398729145526886,0.46848955750465393,0.4646458327770233,0.3409062623977661,0.5124270915985107,0.42916664481163025,11444.006341552733,3365.0,83.16763353347778,50.0,1.196187436580658,1.4054686725139618
edge_iiotset,SNN_AE_T2,0,0,0.995821850831185,0.9924636326459075,0.9992941176470588,0.9958671629979189,0.0077028721562070815,False,0.9997740385459731,0.9997266225154977,2.0,0.40370312333106995,0.46976563334465027,0.4897187352180481,0.3293749988079071,0.4700937569141388,0.46995311975479126,11079.305596923827,3365.0,75.71709990501404,50.0,0.8074062466621399,0.9395312666893005
edge_iiotset,SNN_AE_T5,0,0,0.996207070258097,0.9925268566090611,1.0,0.9962494139709329,0.007643159968949663,False,0.9998399643131869,0.9997958019125774,5.0,0.38659998774528503,0.48723751306533813,0.48084375262260437,0.29939377307891846,0.5493187308311462,0.4311000108718872,12135.852743530271,3365.0,126.87107014656067,49.0,1.9329999387264252,2.4361875653266907
edge_iiotset,SNN_AE_T7,0,0,0.9959403798856195,0.9920056019139872,1.0,0.9959867592348478,0.008180569654266437,False,0.9998414711677949,0.9997972006523852,7.0,0.38030803203582764,0.5046339631080627,0.47478124499320984,0.29598212242126465,0.5803526639938354,0.43630802631378174,12820.64317626953,3365.0,179.07579922676086,48.0,2.6621562242507935,3.532437741756439
edge_iiotset,SNN_AE_noBN,0,0,0.9953773668770557,0.9915946766285314,0.9992941176470588,0.995429508965194,0.00859855496506837,False,0.9998477093351223,0.9998199685656423,3.0,0.5116979479789734,0.5137916803359985,0.504812479019165,0.5186771154403687,0.5144062638282776,0.5147812366485596,11149.142486572266,3233.0,98.64315962791443,50.0,1.5350938439369202,1.5413750410079956
edge_iiotset,SNN_Dense,0,0,0.9959107476220108,0.9919477185202474,1.0,0.9959575839240729,0.008240281841523854,False,0.99980251072185,0.9997572797637131,3.0,0.36129167675971985,,0.36107292771339417,0.35720834136009216,,,16041.299227905274,3365.0,60.56054663658142,50.0,1.0838750302791595,
edge_iiotset,CNN_AE,0,1,0.9991406643553501,0.9982970227259381,1.0,0.9991477857121867,0.001731653430465158,False,0.9997186361736431,0.9996820956944639,,,,,,,,351955.19999999995,13521.0,683.5265736579895,48.0,,
edge_iiotset,Dense_AE,0,1,0.9990517675645243,0.9981211836542978,1.0,0.999059708509638,0.0019107899922374157,False,0.9990862384483261,0.9984007235455457,3.0,,,,,,,15032.8,3365.0,40.49026036262512,47.0,,
edge_iiotset,Dense_SNN,0,1,0.9913473790262838,0.998329754235266,0.9844705882352941,0.9913517355763535,0.0016719412432077386,False,0.9993112409948753,0.9990139169968301,3.0,,0.593625009059906,,,0.5493957996368408,0.6301875114440918,24463.199999999997,3365.0,72.72790837287903,49.0,,1.780875027179718
edge_iiotset,IF,0,1,0.6280854594482472,0.9860170417303911,0.2654705882352941,0.41831579923066226,0.0038215799844748314,False,0.9868203435909505,0.9695028058325061,,,,,,,,,,1.607706069946289,,,
edge_iiotset,LOF,0,1,0.6101283077014253,0.9961270333075135,0.22694117647058823,0.3696641594404254,0.0008956828088612886,False,0.9975605639640462,0.9939141702904134,,,,,,,,,,1.362823724746704,,,
edge_iiotset,LSTM_AE,0,1,0.9993480902006104,0.9987075549289155,1.0,0.999353359590853,0.0013136681196632232,False,0.9999254335280419,0.9999104672601214,,,,,,,,331200.0,72801.0,272.2899417877197,50.0,,
edge_iiotset,OCSVM,0,1,0.9994962515186535,0.999000999000999,1.0,0.9995002498750625,0.0010151071833761271,False,0.9999398311901342,0.9999319075989812,,,,,,,,,,0.20427894592285156,,,
edge_iiotset,SNN_AE,0,1,0.9558479272231606,0.9983933161953727,0.9138235294117647,0.9542383292383292,0.0014928046814354809,False,0.9991345526327806,0.998604076839871,3.0,0.46129170060157776,0.5161250233650208,0.42360419034957886,0.49924996495246887,0.5096458196640015,0.5239375233650208,11616.97929382324,3365.0,73.3074893951416,48.0,1.3838751018047333,1.5483750700950623
edge_iiotset,SNN_AE_T2,0,1,0.938483420748511,0.9981973561223128,0.8794705882352941,0.9350803677528301,0.0016122290559503194,False,0.9991965444205985,0.998846083759965,2.0,0.48954686522483826,0.5132031440734863,0.45881250500679016,0.5249531269073486,0.49149999022483826,0.5359218716621399,11237.53278198242,3365.0,76.3541829586029,50.0,0.9790937304496765,1.0264062881469727
edge_iiotset,SNN_AE_T5,0,1,0.9766794085400183,0.9984627682469409,0.9551764705882353,0.9763400775636594,0.0014928046814354809,False,0.9992489963083818,0.9988281862067293,5.0,0.49236878752708435,0.5213124752044678,0.4665062129497528,0.5204562544822693,0.5249437093734741,0.5213313102722168,12623.235372924803,3365.0,135.97444915771484,50.0,2.4618439376354218,2.606562376022339
edge_iiotset,SNN_AE_T7,0,1,0.9565887338133761,0.9983319432860718,0.9153529411764706,0.9550434222235861,0.0015525168686929003,False,0.9992670855886392,0.998971568175233,7.0,0.5107633471488953,0.5508080720901489,0.4555089473724365,0.5691428184509277,0.5307187438011169,0.5755624771118164,13662.236505126952,3365.0,199.0439476966858,48.0,3.575343430042267,3.8556565046310425
edge_iiotset,SNN_AE_noBN,0,1,0.9156073132426586,0.9980292792792793,0.8341176470588235,0.9087413483722122,0.0016719412432077386,False,0.9990883178374355,0.9985772332179147,3.0,0.47710415720939636,0.4884791970252991,0.5115833282470703,0.44711461663246155,0.488031268119812,0.4871979355812073,11053.497573852539,3233.0,105.90070724487305,50.0,1.431312471628189,1.4654375910758972
edge_iiotset,SNN_Dense,0,1,0.9987258126648295,0.9984127917230028,0.9990588235294118,0.9987357031548617,0.0016122290559503194,False,0.99960151598706,0.9995334229608388,3.0,0.4214271008968353,,0.41980206966400146,0.4205000102519989,,,16207.561648559571,3365.0,60.096980571746826,50.0,1.264281302690506,
edge_iiotset,CNN_AE,0,2,0.9959414622585614,0.9920056019139872,1.0,0.9959867592348478,0.00817617569825734,False,0.9999778727198686,0.9999769181684726,,,,,,,,351955.19999999995,13521.0,647.2647824287415,48.0,,
edge_iiotset,Dense_AE,0,2,0.9954970968124185,0.9911380597014925,1.0,0.9955493089716562,0.00907137741704464,False,0.999836343083426,0.999739792442296,3.0,,,,,,,15032.8,3365.0,36.49162983894348,26.0,,
edge_iiotset,Dense_SNN,0,2,0.9955859699016472,0.9922874671340929,0.999,0.9956324197567052,0.007877775125328241,False,0.9997998609804389,0.9997106045002647,3.0,,0.5091562867164612,,,0.5108957886695862,0.5059999823570251,24463.199999999997,3365.0,74.68697786331177,48.0,,1.5274688601493835
edge_iiotset,IF,0,2,0.8780957459414622,0.9899612137805156,0.7657058823529411,0.863511227569737,0.007877775125328241,False,0.9897787587940404,0.9723297815948687,,,,,,,,,,1.3167579174041748,,,
edge_iiotset,LOF,0,2,0.9962673302523996,0.9927003036673674,0.9999411764705882,0.9963075841050287,0.0074600143232275,False,0.9995289202814093,0.9990603631024855,,,,,,,,,,1.0756251811981201,,,
edge_iiotset,LSTM_AE,0,2,0.9956748429908757,0.9914848944360201,1.0,0.9957242429567152,0.00871329672952972,False,0.9999999859576201,0.9999999861624254,,,,,,,,331200.0,72801.0,299.6427466869354,36.0,,
edge_iiotset,OCSVM,0,2,0.9957637160801043,0.991658402846643,1.0,0.9958117330053012,0.00853425638577226,False,0.9999845217867525,0.9999826529797367,,,,,,,,,,0.16923093795776367,,,
edge_iiotset,SNN_AE,0,2,0.9959118378954852,0.9920051353874884,0.9999411764705882,0.9959573470822592,0.00817617569825734,False,0.9998390321991771,0.9997757013088708,3.0,0.4020520746707916,0.49396875500679016,0.46030208468437195,0.3296250104904175,0.5368958115577698,0.4428021013736725,11453.193576049804,3365.0,144.78001642227173,50.0,1.2061562240123749,1.4819062650203705
edge_iiotset,SNN_AE_T2,0,2,0.9954378480862661,0.9922852133255406,0.9987058823529412,0.9954851949574904,0.007877775125328241,False,0.9997586922331596,0.9996604897346438,2.0,0.398499995470047,0.482296884059906,0.48298436403274536,0.29871875047683716,0.5302187204360962,0.4227968752384186,11069.71519165039,3365.0,76.35889458656311,35.0,0.796999990940094,0.964593768119812
edge_iiotset,SNN_AE_T5,0,2,0.9960303353477901,0.9921792926345279,1.0,0.9960742954239175,0.00799713535449988,False,0.9997991641273363,0.9997521663757929,5.0,0.39296871423721313,0.49508753418922424,0.46149998903274536,0.31375622749328613,0.5614749789237976,0.4165499806404114,12165.199835205076,3365.0,162.57058215141296,50.0,1.9648435711860657,2.475437670946121
edge_iiotset,SNN_AE_T7,0,2,0.995882213532409,0.9918898418810899,1.0,0.995928410322505,0.00829553592742898,False,0.9998584212152275,0.9998127751176109,7.0,0.4035491347312927,0.5359286069869995,0.4550491273403168,0.3438035845756531,0.5777544379234314,0.48564285039901733,12970.576177978515,3365.0,186.86302661895752,46.0,2.824843943119049,3.7515002489089966
edge_iiotset,SNN_AE_noBN,0,2,0.995556345538571,0.9912536443148688,1.0,0.9956076134699854,0.008952017187873001,False,0.999768883490374,0.9996688582307454,3.0,0.5388229489326477,0.5281771421432495,0.5425208210945129,0.5299375057220459,0.5406666398048401,0.5116249918937683,11224.137689208983,3233.0,76.30085134506226,48.0,1.6164688467979431,1.5845314264297485
edge_iiotset,SNN_Dense,0,2,0.9952897262708852,0.9907337257415934,1.0,0.9953452969934717,0.00948913821914538,False,0.9998777821465182,0.9998399582688315,3.0,0.3820208013057709,,0.39743751287460327,0.3669791519641876,,,16098.611111450195,3365.0,88.69882345199585,49.0,1.1460624039173126,
edge_iiotset,CNN_AE,0,3,0.9946621840809224,0.9923883131330874,0.997,0.9946888112914112,0.007688213377491277,False,0.9984885216017922,0.9981904946245487,,,,,,,,351955.19999999995,13521.0,668.6335990428925,49.0,,
edge_iiotset,Dense_AE,0,3,0.9961662095608835,0.9939102939454268,0.9984705882352941,0.9961852221374494,0.006150570701993021,False,0.9981249873892427,0.9976946252588147,3.0,,,,,,,15032.8,3365.0,53.721349477767944,49.0,,
edge_iiotset,Dense_SNN,0,3,0.938275973930225,0.9931846754449811,0.8829411764705882,0.9348239030922056,0.006091430599089243,False,0.9974926022688928,0.9967064239079781,3.0,,0.5048333406448364,,,0.5071250200271606,0.5015000104904175,24463.199999999997,3365.0,74.89565253257751,49.0,,1.5145000219345093
edge_iiotset,IF,0,3,0.6221946975729158,0.9798396334478808,0.25158823529411767,0.40037444418441376,0.005204329055532557,False,0.9852790577937957,0.96465329696201,,,,,,,,,,1.096323013305664,,,
edge_iiotset,LOF,0,3,0.6544280279571795,0.9805312954876274,0.317,0.47910739687055476,0.006327991010704358,False,0.9773298887122416,0.9650161211266464,,,,,,,,,,0.7740068435668945,,,
edge_iiotset,LSTM_AE,0,3,0.959037423692825,0.9920569879594023,0.9257058823529412,0.9577336213979247,0.007451652965876161,False,0.9982652294462052,0.9979318162805877,,,,,,,,331200.0,72801.0,335.12095761299133,49.0,,
edge_iiotset,OCSVM,0,3,0.9533752101212067,0.9907071478581885,0.9155882352941176,0.9516676347406071,0.00863445502395174,False,0.9970898999140729,0.9961392606482711,,,,,,,,,,0.14314889907836914,,,
edge_iiotset,SNN_AE,0,3,0.8746055619452063,0.9921247683755404,0.7558823529411764,0.8580395299145299,0.006032290496185463,False,0.9972389294945608,0.9967784933199636,3.0,0.38614580035209656,0.4883125126361847,0.4441457986831665,0.32774999737739563,0.5108854174613953,0.46661457419395447,11409.215908813476,3365.0,107.96150279045105,47.0,1.1584374010562897,1.464937537908554
edge_iiotset,SNN_AE_T2,0,3,0.8842195287386829,0.9922439759036145,0.7751176470588236,0.8703434610303831,0.006091430599089243,False,0.9971255753114423,0.9964722629196267,2.0,0.40251561999320984,0.5126093626022339,0.44373437762260437,0.3627343773841858,0.5304062366485596,0.4929218888282776,11077.116790771484,3365.0,89.94888091087341,37.0,0.8050312399864197,1.0252187252044678
edge_iiotset,SNN_AE_T5,0,3,0.8844849449998525,0.992323323549334,0.7755882352941177,0.8706705847393271,0.006032290496185463,False,0.9972785916306318,0.9968105945435246,5.0,0.3553375005722046,0.490081250667572,0.40015000104904175,0.31292498111724854,0.5276250243186951,0.4525812268257141,11991.795202636717,3365.0,150.00286102294922,50.0,1.776687502861023,2.45040625333786
edge_iiotset,SNN_AE_T7,0,3,0.8845734170869091,0.9923250564334086,0.7757647058823529,0.8707824364476725,0.006032290496185463,False,0.9975960278723826,0.9971981425350279,7.0,0.34200891852378845,0.46845537424087524,0.4325000047683716,0.24593304097652435,0.5464865565299988,0.38763394951820374,12573.567935180663,3365.0,160.15183806419373,48.0,2.394062429666519,3.2791876196861267
edge_iiotset,SNN_AE_noBN,0,3,0.8812999498658174,0.9922604142954701,0.769235294117647,0.8666291129593426,0.006032290496185463,False,0.9972251289776067,0.9967618430360454,3.0,0.4811458885669708,0.5008749961853027,0.48236456513404846,0.4815937578678131,0.5129896402359009,0.48876041173934937,11064.67215270996,3233.0,75.77222347259521,50.0,1.4434376657009125,1.5026249885559082
edge_iiotset,SNN_Dense,0,3,0.9151552685127842,0.9928117803056739,0.8368235294117647,0.9081681509144882,0.006091430599089243,False,0.9978411635989187,0.9974478356585943,3.0,0.45873957872390747,,0.37650004029273987,0.5442708134651184,,,16310.723187255859,3365.0,75.88694024085999,50.0,1.3762187361717224,
edge_iiotset,CNN_AE,0,4,0.9969183359013868,0.9939195509822264,1.0,0.9969505043396669,0.006209696680200621,False,0.9999856102221161,0.9999852676530521,,,,,,,,351955.19999999995,13521.0,572.1339552402496,49.0,,
edge_iiotset,Dense_AE,0,4,0.9969775986725139,0.9940357852882704,1.0,0.9970089730807578,0.006090279436350609,False,0.9997125170345186,0.9996580766635419,3.0,,,,,,,15032.8,3365.0,41.43147301673889,37.0,,
edge_iiotset,Dense_SNN,0,4,0.9964738651179329,0.9941455418301036,0.9988823529411764,0.9965083184178868,0.0059708621925005975,False,0.9996282787057982,0.9995760119050889,3.0,,0.5678958296775818,,,0.5661666989326477,0.5709999799728394,24463.199999999997,3365.0,61.384192943573,47.0,,1.7036874890327454
edge_iiotset,IF,0,4,0.884437596302003,0.989683014354067,0.7787058823529411,0.8716091651303661,0.008239789825650825,False,0.9886255075232864,0.9676378474775085,,,,,,,,,,1.5212068557739258,,,
edge_iiotset,LOF,0,4,0.8430425506696693,0.9923432898611695,0.693764705882353,0.8166176216029081,0.005433484595175543,False,0.9922317976509926,0.9908228031710095,,,,,,,,,,0.43131089210510254,,,
edge_iiotset,LSTM_AE,0,4,0.9967405475880052,0.9935710111046172,1.0,0.9967751392553503,0.006567948411750657,False,0.9999877105606991,0.9999874623975968,,,,,,,,331200.0,72801.0,327.1647536754608,46.0,,
edge_iiotset,OCSVM,0,4,0.9970368614436411,0.9941520467836257,1.0,0.9970674486803519,0.0059708621925005975,False,0.9999125093075205,0.9999024308307842,,,,,,,,,,0.15022039413452148,,,
edge_iiotset,SNN_AE,0,4,0.9962960768045513,0.9938542581211589,0.9988235294117647,0.9963326976675957,0.006269405302125627,False,0.9995827350763568,0.9995168323910524,3.0,0.45908334851264954,0.5640833377838135,0.46639585494995117,0.4584375023841858,0.5647812485694885,0.5667291879653931,11610.873641967772,3365.0,78.7536289691925,45.0,1.3772500455379486,1.6922500133514404
edge_iiotset,SNN_AE_T2,0,4,0.9960293943344791,0.9943721421034118,0.9977647058823529,0.9960655352633743,0.005732027704800574,False,0.9995186097725453,0.9994504390145204,2.0,0.4453437626361847,0.49296873807907104,0.47401562333106995,0.41920313239097595,0.5167499780654907,0.4731406271457672,11156.057623291013,3365.0,67.15035271644592,48.0,0.8906875252723694,0.9859374761581421
edge_iiotset,SNN_AE_T5,0,4,0.9963849709612421,0.9937397612918324,0.9991176470588236,0.9964214478470023,0.0063888225459756386,False,0.999696364096152,0.9996404812042246,5.0,0.4259187579154968,0.5448312759399414,0.43476876616477966,0.42271876335144043,0.5618625283241272,0.5326374769210815,12317.033636474607,3365.0,120.41329836845398,48.0,2.129593789577484,2.724156379699707
edge_iiotset,SNN_AE_T7,0,4,0.9962664454189878,0.9928729991821474,0.9997647058823529,0.9963069347558473,0.007284451874850728,False,0.9996861398727153,0.9996295656350099,7.0,0.4240981936454773,0.5250044465065002,0.42114734649658203,0.43257591128349304,0.5589240789413452,0.49415624141693115,13103.142266845702,3365.0,135.27594995498657,50.0,2.968687355518341,3.6750311255455017
edge_iiotset,SNN_AE_noBN,0,4,0.9962960768045513,0.992988606485539,0.9997058823529412,0.9963359226146856,0.007165034631000717,False,0.9997207252138974,0.9996884826220299,3.0,0.4734687805175781,0.5272291898727417,0.4867708683013916,0.45770832896232605,0.5481250286102295,0.5032187700271606,11043.446484375,3233.0,63.89967226982117,50.0,1.4204063415527344,1.581687569618225
edge_iiotset,SNN_Dense,0,4,0.9967109162024417,0.9935129448892526,1.0,0.9967459177391458,0.006627657033675662,False,0.9996877449809636,0.9996548221839342,3.0,0.4228021204471588,,0.4047708213329315,0.44090625643730164,,,16211.363302612303,3365.0,65.75959396362305,50.0,1.2684063613414764,
edge_iiotset,CNN_AE,0,5,0.9504841487169353,0.9064732856990508,1.0,0.9509425518823069,0.09520707810888564,False,0.9988321056479913,0.9987472628946568,,,,,,,,351955.19999999995,13521.0,547.7569439411163,49.0,,
edge_iiotset,Dense_AE,0,5,0.9505688394545917,0.9066183136899365,1.0,0.9510223490252021,0.0950442381805352,False,0.9990088955302037,0.9989113681879659,3.0,,,,,,,15032.8,3365.0,42.006526470184326,48.0,,
edge_iiotset,Dense_SNN,0,5,0.9507946814216752,0.9070052819719362,1.0,0.9512352068936575,0.09460999837160072,False,0.9823206334153919,0.980078648083013,3.0,,0.5688021183013916,,,0.5625,0.5771979689598083,24463.199999999997,3365.0,55.62959313392639,48.0,,1.7064063549041748
edge_iiotset,IF,0,5,0.862067018603732,0.9087596166824132,0.7921176470588235,0.8464391225092714,0.0733865277099278,False,0.9516976924624272,0.9166186242827393,,,,,,,,,,1.633251428604126,,,
edge_iiotset,LOF,0,5,0.7240493464698078,0.85048995828078,0.5156470588235295,0.6420331783059289,0.08364544319600499,False,0.9182028746036762,0.8945757463524022,,,,,,,,,,1.2507905960083008,,,
edge_iiotset,LSTM_AE,0,5,0.9502018462580809,0.9059901939884886,1.0,0.950676658091936,0.09574987787005373,False,0.9998316586364233,0.9998170344467722,,,,,,,,331200.0,72801.0,278.7203252315521,50.0,,
edge_iiotset,OCSVM,0,5,0.9505406092087062,0.9065699658703071,1.0,0.950995748489595,0.09509851815665202,False,0.9934105290381907,0.9927250312489357,,,,,,,,,,0.19133806228637695,,,
edge_iiotset,SNN_AE,0,5,0.9504276882251644,0.9066801835449791,0.9995882352941177,0.9508701247831682,0.09493567822830158,False,0.9806612051431874,0.9782648118478809,3.0,0.4467812478542328,0.5193125009536743,0.4578854441642761,0.43173959851264954,0.5248438119888306,0.5141146183013916,11576.860794067381,3365.0,143.4016683101654,50.0,1.3403437435626984,1.557937502861023
edge_iiotset,SNN_AE_T2,0,5,0.9499760042909974,0.9060366894197952,0.9994117647058823,0.9504363392257775,0.09564131791782012,False,0.97950111912539,0.9768422651915413,2.0,0.46440625190734863,0.4875156283378601,0.459046870470047,0.4714062511920929,0.497921884059906,0.47945311665534973,11191.193603515625,3365.0,66.4874107837677,50.0,0.9288125038146973,0.9750312566757202
edge_iiotset,SNN_AE_T5,0,5,0.9500042345368828,0.9065620161247263,0.9987647058823529,0.950432421842201,0.09498995820441838,False,0.9854521059034265,0.983652812496795,5.0,0.42964377999305725,0.5182249546051025,0.4645187258720398,0.3907625079154968,0.5293750166893005,0.5069562196731567,12334.198538208006,3365.0,98.0124032497406,50.0,2.1482188999652863,2.5911247730255127
edge_iiotset,SNN_AE_T7,0,5,0.9503712277333936,0.9066702241195305,0.9994705882352941,0.950811415780638,0.09493567822830158,False,0.994174209986877,0.9937986816646338,7.0,0.43681249022483826,0.5398660898208618,0.43656694889068604,0.43441516160964966,0.5452187657356262,0.5360133647918701,13185.164736938474,3365.0,145.9470784664154,50.0,3.057687431573868,3.7790626287460327
edge_iiotset,SNN_AE_noBN,0,5,0.949693701832143,0.9059865542631523,0.9988235294117647,0.9501426892731241,0.09564131791782012,False,0.9857847463688292,0.9844389487925678,3.0,0.4831770658493042,0.5400832891464233,0.49664580821990967,0.4691562354564667,0.5558333396911621,0.5269166231155396,11070.287951660155,3233.0,83.40641260147095,49.0,1.4495311975479126,1.62024986743927
edge_iiotset,SNN_Dense,0,5,0.9526861078959997,0.9112279948475741,0.9987058823529412,0.9529636281993713,0.08977908049720458,False,0.9866151581622717,0.984677640709871,3.0,0.36138540506362915,,0.3762083351612091,0.3463854491710663,,,16041.558367919923,3365.0,83.91430878639221,50.0,1.0841562151908875,
edge_iiotset,CNN_AE,0,6,0.9897467536282978,0.979883566776183,1.0,0.9898395877609246,0.02048362483859608,False,0.9999992473571186,0.9999992444415994,,,,,,,,351955.19999999995,13521.0,683.6349160671234,46.0,,
edge_iiotset,Dense_AE,0,6,0.9899524061343205,0.980279091223619,1.0,0.9900413487857435,0.020072778495128535,False,0.9999409486062296,0.9998990453526527,3.0,,,,,,,15032.8,3365.0,65.34542202949524,46.0,,
edge_iiotset,Dense_SNN,0,6,0.9939479405370468,0.988822913028292,0.9991764705882353,0.9939727309965475,0.011268928277966897,False,0.9998597425823247,0.9998413813498568,3.0,,0.5402916669845581,,,0.5334478616714478,0.5450937747955322,24463.199999999997,3365.0,74.73255014419556,49.0,,1.6208750009536743
edge_iiotset,IF,0,6,0.8712321523003702,0.9755748209574067,0.761235294117647,0.8551792499586982,0.01901631646906914,False,0.9873921614660655,0.9743402472961967,,,,,,,,,,1.801952838897705,,,
edge_iiotset,LOF,0,6,0.9655385157764851,0.9790544221805194,0.9513529411764706,0.9650049225812226,0.020307547834252846,False,0.9911598848249243,0.9870360185598289,,,,,,,,,,1.5604894161224365,,,
edge_iiotset,LSTM_AE,0,6,0.989394206475116,0.9792062669201083,1.0,0.989493902971392,0.02118793285596901,False,0.9999992024747449,0.9999991983028274,,,,,,,,331200.0,72801.0,290.3546345233917,49.0,,
edge_iiotset,OCSVM,0,6,0.9941829719725013,0.988487033375974,1.0,0.9942101877302766,0.011621082286653364,False,0.9999840046125271,0.999981786674173,,,,,,,,,,0.5932672023773193,,,
edge_iiotset,SNN_AE,0,6,0.9976790645748869,0.9956065842657138,0.9997647058823529,0.9976813125531977,0.004401925108580819,False,0.9999318651042997,0.9999052364999189,3.0,0.4311145544052124,0.5077396035194397,0.4050937592983246,0.45635417103767395,0.503333330154419,0.5078958868980408,11533.54552001953,3365.0,76.57581734657288,38.0,1.2933436632156372,1.523218810558319
edge_iiotset,SNN_AE_T2,0,6,0.9933897408778424,0.9887535691393275,0.9981176470588236,0.9934135417581452,0.011327620612747976,False,0.9995484315336652,0.9995100332821337,2.0,0.4603281319141388,0.49031248688697815,0.47081249952316284,0.4481562376022339,0.4749531149864197,0.5028125047683716,11183.67681274414,3365.0,95.04600024223328,49.0,0.9206562638282776,0.9806249737739563
edge_iiotset,SNN_AE_T5,0,6,0.9962394970327281,0.9925268566090611,1.0,0.9962494139709329,0.007512618851977931,False,0.9999407552667738,0.9999217683244729,5.0,0.4261062741279602,0.5331375002861023,0.4301437437534332,0.42021873593330383,0.5314562916755676,0.5319374799728394,12317.897711181638,3365.0,153.8959846496582,49.0,2.130531370639801,2.6656875014305115
edge_iiotset,SNN_AE_T7,0,6,0.9958281920206827,0.993039307440337,0.9986470588235294,0.9958352885969028,0.006984387838948234,False,0.9999369816948964,0.9999183937618439,7.0,0.44499555230140686,0.5189955234527588,0.45481249690055847,0.43156251311302185,0.5452990531921387,0.4905937910079956,13237.955307006832,3365.0,218.22800493240356,48.0,3.114968866109848,3.6329686641693115
edge_iiotset,SNN_AE_noBN,0,6,0.9928021622892061,0.9874323616687031,0.9982941176470588,0.9928335332143797,0.012677544312712759,False,0.9998132375382364,0.99980314682716,3.0,0.5406875014305115,0.5372187495231628,0.5149686932563782,0.5638229250907898,0.5339688062667847,0.5375832915306091,11229.292803955077,3233.0,104.20139360427856,50.0,1.6220625042915344,1.6116562485694885
edge_iiotset,SNN_Dense,0,6,0.9960044655972736,0.9920634920634921,1.0,0.9960159362549801,0.007982157530226552,False,0.999960755542973,0.9999575273784135,3.0,0.4153854250907898,,0.4021874964237213,0.42785418033599854,,,16190.857623291016,3365.0,146.26154375076294,44.0,1.2461562752723694,
edge_iiotset,CNN_AE,0,7,0.9941328118054938,0.988487033375974,1.0,0.9942101877302766,0.01182301307696901,False,0.9999994520528699,0.9999994599943028,,,,,,,,351955.19999999995,13521.0,724.626718044281,47.0,,
edge_iiotset,Dense_AE,0,7,0.994666192550449,0.989522700814901,1.0,0.994733762434172,0.010748193706335464,False,0.9995274588249343,0.9994214525393329,3.0,,,,,,,15032.8,3365.0,72.50411772727966,44.0,,
edge_iiotset,Dense_SNN,0,7,0.9939550182238421,0.9892228824420366,0.9988823529411764,0.9940291517883276,0.01104675464262256,False,0.9996380141834007,0.9995840374030575,3.0,,0.5737187266349792,,,0.5446562767028809,0.6048853993415833,24463.199999999997,3365.0,143.60694861412048,50.0,,1.7211561799049377
edge_iiotset,IF,0,7,0.8919607668829822,0.986803732866725,0.7961764705882353,0.8812996483917177,0.010807905893592882,False,0.9883554490883353,0.9677577501102123,,,,,,,,,,1.4546682834625244,,,
edge_iiotset,LOF,0,7,0.8785669837318872,0.986500754147813,0.7694705882352941,0.8645736946463979,0.010688481519078044,False,0.9825751741312755,0.981824494654234,,,,,,,,,,2.14208722114563,,,
edge_iiotset,LSTM_AE,0,7,0.9950810442409695,0.9903297215425841,1.0,0.9951413686120705,0.009912223084731595,False,0.9999866139326096,0.9999865087650326,,,,,,,,331200.0,72801.0,343.36804389953613,49.0,,
edge_iiotset,OCSVM,0,7,0.9952588378226213,0.9906759906759907,1.0,0.9953161592505855,0.009553949961187079,False,0.999999592552134,0.999999598432139,,,,,,,,,,0.4983789920806885,,,
edge_iiotset,SNN_AE,0,7,0.9946069280232317,0.9894075194971482,1.0,0.9946755602363817,0.010867618080850301,False,0.9995126642524209,0.9994072514630084,3.0,0.38358330726623535,0.5299687385559082,0.40586456656455994,0.36276042461395264,0.5343958735466003,0.5259687304496765,11402.131127929686,3365.0,91.055668592453,50.0,1.150749921798706,1.5899062156677246
edge_iiotset,SNN_AE_T2,0,7,0.9948736183957092,0.989926046701217,1.0,0.9949375237760806,0.010330208395533528,False,0.999516471782479,0.9994122992245454,2.0,0.4562343657016754,0.5206719040870667,0.44453126192092896,0.47193750739097595,0.5118125081062317,0.532031238079071,11176.131182861327,3365.0,101.15040588378906,47.0,0.9124687314033508,1.0413438081741333
edge_iiotset,SNN_AE_T5,0,7,0.9946069280232317,0.9894075194971482,1.0,0.9946755602363817,0.010867618080850301,False,0.9995150808397641,0.9994096439702849,5.0,0.47177502512931824,0.5592561960220337,0.4633125066757202,0.48490628600120544,0.5548937320709229,0.5662187337875366,12528.339315795896,3365.0,174.02862453460693,50.0,2.358875125646591,2.7962809801101685
edge_iiotset,SNN_AE_T7,0,7,0.9949032506593178,0.9899836943862101,1.0,0.994966639353857,0.010270496208276109,False,0.9995416211507592,0.999436562692715,7.0,0.4505714476108551,0.5520982146263123,0.4745446443557739,0.4340580403804779,0.5749107003211975,0.533767819404602,13273.926522827147,3365.0,229.60371255874634,49.0,3.1540001332759857,3.864687502384186
edge_iiotset,SNN_AE_noBN,0,7,0.9943995021779714,0.9898024590641571,0.9991764705882353,0.994467375076842,0.010449632770048367,False,0.9996021868710463,0.9995144697913626,3.0,0.5079999566078186,0.4982917010784149,0.5291978716850281,0.4894270896911621,0.5178332924842834,0.4828958213329315,11138.918280029295,3233.0,108.32719779014587,49.0,1.5239998698234558,1.4948751032352448
edge_iiotset,SNN_Dense,0,7,0.9939550182238421,0.9881422924901185,1.0,0.9940357852882704,0.012181286200513525,False,0.9995542625720498,0.9994561496791494,3.0,0.4689895510673523,,0.39140623807907104,0.5422083139419556,,,16339.062310791014,3365.0,88.09144997596741,49.0,1.4069686532020569,
edge_iiotset,CNN_AE,0,8,0.9973923608024416,0.9948501872659176,1.0,0.9974184463740906,0.005254672478652893,False,0.9999653423440195,0.9999619032809247,,,,,,,,351955.19999999995,13521.0,639.0414855480194,47.0,,
edge_iiotset,Dense_AE,0,8,0.9972738317480072,0.9946173648490522,1.0,0.9973014196879033,0.00549352122768257,False,0.9997438171542576,0.9996906026508111,3.0,,,,,,,15032.8,3365.0,45.789674520492554,49.0,,
edge_iiotset,Dense_SNN,0,8,0.9962663347853142,0.9937382958801498,0.9988823529411764,0.9963036845810842,0.006389204036543859,False,0.9997279056125943,0.9996995014079753,3.0,,0.5206771492958069,,,0.5075104236602783,0.5337187647819519,24463.199999999997,3365.0,83.7449700832367,50.0,,1.5620314478874207
edge_iiotset,IF,0,8,0.8822710166829644,0.9888913908278916,0.775,0.8689773439303499,0.008837403714098047,False,0.9903375986568271,0.9706741851507991,,,,,,,,,,1.4716804027557373,,,
edge_iiotset,LOF,0,8,0.9972441994843986,0.9947907521217442,0.9997647058823529,0.9972715270646912,0.005314384665910312,False,0.9989661326523803,0.9985803292506029,,,,,,,,,,0.9887204170227051,,,
edge_iiotset,LSTM_AE,0,8,0.9977183157021365,0.9954910113017509,1.0,0.9977404114211932,0.004597838418821281,False,0.9999641077067358,0.9999612423845351,,,,,,,,331200.0,72801.0,343.76417899131775,49.0,,
edge_iiotset,OCSVM,0,8,0.9972738317480072,0.9946173648490522,1.0,0.9973014196879033,0.00549352122768257,False,0.9999151349319808,0.999905277009627,,,,,,,,,,0.1480264663696289,,,
edge_iiotset,SNN_AE,0,8,0.9975701543840934,0.9951996253366117,1.0,0.9975940379085735,0.004896399355108378,False,0.9997525772833765,0.999705676567965,3.0,0.49007293581962585,0.5373020768165588,0.46028125286102295,0.5259166955947876,0.5224167108535767,0.5522916913032532,11696.5536529541,3365.0,119.69601488113403,50.0,1.4702188074588776,1.6119062304496765
edge_iiotset,SNN_AE_T2,0,8,0.9952292055590126,0.9938992198040711,0.9966470588235294,0.9952712426939231,0.006210067474771601,False,0.9997094492780093,0.9996829779948511,2.0,0.47346875071525574,0.5200937390327454,0.47289061546325684,0.47846874594688416,0.5226093530654907,0.5189218521118164,11207.897601318358,3365.0,78.30561661720276,49.0,0.9469375014305115,1.0401874780654907
edge_iiotset,SNN_AE_T5,0,8,0.9973627285388331,0.9949078138718174,0.9998823529411764,0.9973888807393282,0.005194960291395474,False,0.9997321100530737,0.9996804902604107,5.0,0.456131249666214,0.5170249342918396,0.45838749408721924,0.45535001158714294,0.52138751745224,0.5108750462532043,12456.252798461912,3365.0,115.24222588539124,49.0,2.28065624833107,2.585124671459198
edge_iiotset,SNN_AE_T7,0,8,0.9970367736391383,0.9941520467836257,1.0,0.9970674486803519,0.0059712187257419235,False,0.9997460335301495,0.9996929941193722,7.0,0.5171339511871338,0.5864330530166626,0.4738660454750061,0.5624597668647766,0.5501428246498108,0.6208794713020325,13703.334545898437,3365.0,158.68364906311035,50.0,3.6199376583099365,4.105031371116638
edge_iiotset,SNN_AE_noBN,0,8,0.9965626574214004,0.994493908153702,0.9987058823529412,0.9965954449401268,0.0056129456021974085,False,0.9997213267345512,0.9996728841964841,3.0,0.47189584374427795,0.5141041278839111,0.48988544940948486,0.4520416855812073,0.5087916851043701,0.5181978940963745,11039.097628784179,3233.0,73.68780016899109,45.0,1.4156875312328339,1.5423123836517334
edge_iiotset,SNN_Dense,0,8,0.99721456722079,0.9945009945009945,1.0,0.9972429166422244,0.0056129456021974085,False,0.9997745373183609,0.9997379302673642,3.0,0.41844794154167175,,0.4151354432106018,0.4241666793823242,,,16199.324868774413,3365.0,71.48881483078003,50.0,1.2553438246250153,
edge_iiotset,CNN_AE,0,9,0.9984591222923519,0.9969505043396669,1.0,0.9984729237636556,0.0031050337373858005,False,0.9998920930526626,0.9998842820903933,,,,,,,,351955.19999999995,13521.0,603.5861365795135,47.0,,
edge_iiotset,Dense_AE,0,9,0.9966515542122263,0.9933968328171565,1.0,0.9966874798463928,0.006747477160088374,False,0.9997681727016955,0.9997229175044192,3.0,,,,,,,15032.8,3365.0,41.29176115989685,49.0,,
edge_iiotset,Dense_SNN,0,9,0.9962959670489229,0.9927007299270073,1.0,0.9963369963369964,0.007464023407177405,False,0.9996470026238238,0.9994872074766586,3.0,,0.5190312266349792,,,0.5462083220481873,0.4924062490463257,24463.199999999997,3365.0,60.80525827407837,49.0,,1.5570936799049377
edge_iiotset,IF,0,9,0.8782706610958011,0.990264679038637,0.7658823529411765,0.8637388881517846,0.007643159968949663,False,0.9891993192810652,0.9727456095947241,,,,,,,,,,1.4911658763885498,,,
edge_iiotset,LOF,0,9,0.8945980383441491,0.9939736900124936,0.7955882352941176,0.8837847551213774,0.004896399355108378,False,0.9949767684466752,0.9926870265606547,,,,,,,,,,1.8047153949737549,,,
edge_iiotset,LSTM_AE,0,9,0.9986665481376122,0.9973599295981226,1.0,0.9986782200029373,0.002687048426583866,False,0.999986989768141,0.9999865554748545,,,,,,,,331200.0,72801.0,309.8944902420044,35.0,,
edge_iiotset,OCSVM,0,9,0.9967108187394436,0.9935129448892526,1.0,0.9967459177391458,0.006628052785573536,False,0.9999683455157904,0.9999660163142937,,,,,,,,,,0.19546294212341309,,,
edge_iiotset,SNN_AE,0,9,0.9963255993125315,0.9942596063730085,0.9984705882352941,0.9963606480394459,0.005851794351227085,False,0.9996017583482907,0.9993963071939249,3.0,0.39130204916000366,0.5153020620346069,0.4819270670413971,0.30542710423469543,0.5464270710945129,0.4827083349227905,11423.471905517577,3365.0,145.27199959754944,50.0,1.173906147480011,1.5459061861038208
edge_iiotset,SNN_AE_T2,0,9,0.9901917207455477,0.9947171603252805,0.985764705882353,0.9902206990279788,0.005314384665910312,False,0.9992576932128318,0.9988972863048483,2.0,0.41890624165534973,0.47843751311302185,0.543624997138977,0.3018437623977661,0.5142343640327454,0.44282811880111694,11107.32798461914,3365.0,64.49739670753479,44.0,0.8378124833106995,0.9568750262260437
edge_iiotset,SNN_AE_T5,0,9,0.9957922185675764,0.993039307440337,0.9986470588235294,0.9958352885969028,0.00710575028363289,False,0.999488779377518,0.9991664958895934,5.0,0.3695874810218811,0.47248750925064087,0.47016873955726624,0.27227500081062317,0.5286125540733337,0.41658127307891846,12057.459112548826,3365.0,119.65113711357117,50.0,1.8479374051094055,2.3624375462532043
edge_iiotset,SNN_AE_T7,0,9,0.994814353868492,0.9904389902640938,0.9993529411764706,0.9948759991801599,0.009792798710216755,False,0.9995656675998158,0.9993585435412429,7.0,0.374397337436676,0.47629016637802124,0.4549553692340851,0.2968883812427521,0.5489687323570251,0.4058169424533844,12782.512103271483,3365.0,204.85608911514282,50.0,2.620781362056732,3.3340311646461487
edge_iiotset,SNN_AE_noBN,0,9,0.9957922185675764,0.9927510814918742,0.9989411764705882,0.9958365097050372,0.007404311219919986,False,0.9994796680002389,0.9992284003563978,3.0,0.4739791750907898,0.48119792342185974,0.4906354248523712,0.45653125643730164,0.5052395462989807,0.46024999022483826,11044.857623291015,3233.0,74.26062536239624,49.0,1.4219375252723694,1.4435937702655792
edge_iiotset,SNN_Dense,0,9,0.9966515542122263,0.9933968328171565,1.0,0.9966874798463928,0.006747477160088374,False,0.9997827600377943,0.9997606579798383,3.0,0.3674687445163727,,0.3801979422569275,0.35615625977516174,,,16058.377584838865,3365.0,83.8818769454956,50.0,1.102406233549118,
edge_iiotset,CNN_AE,1,0,0.9960884252948498,0.9922951202428204,1.0,0.9961326614320872,0.007882479398065209,False,0.9998514026176576,0.9998320096324602,,,,,,,,351955.19999999995,13521.0,491.88779520988464,48.0,,
edge_iiotset,Dense_AE,1,0,0.9954661293190304,0.9910802775024777,1.0,0.9955201592832255,0.009136510211393766,False,0.9995186207768668,0.9993326203425268,3.0,,,,,,,15032.8,3365.0,41.7850341796875,48.0,,
edge_iiotset,Dense_SNN,1,0,0.9950512653351509,0.9907866347892005,0.9994705882352941,0.9951096664616826,0.009435088976471993,False,0.9995733379700859,0.9994173318747047,3.0,,0.6024271249771118,,,0.589968740940094,0.6243646144866943,24463.199999999997,3365.0,59.78536510467529,48.0,,1.8072813749313354
edge_iiotset,IF,1,0,0.8838677176554258,0.9880605924930975,0.7788823529411765,0.8710897667839874,0.009554520482503284,False,0.9903403762794978,0.9713209360227247,,,,,,,,,,1.2879385948181152,,,
edge_iiotset,LOF,1,0,0.8814674331772655,0.9903439951719976,0.772235294117647,0.8677948175568482,0.007643616386002627,False,0.9949864304733,0.9927426397765868,,,,,,,,,,1.3852789402008057,,,
edge_iiotset,LSTM_AE,1,0,0.9958217270194986,0.9917741088617934,1.0,0.99587006824639,0.00841992117520602,False,0.9999835044014023,0.9999815842661679,,,,,,,,331200.0,72801.0,247.55160093307495,37.0,,
edge_iiotset,OCSVM,1,0,0.9956439281692645,0.9914270717909839,1.0,0.9956950830233988,0.008778215693299892,False,0.9999624352786618,0.9999584871748611,,,,,,,,,,0.14587974548339844,,,
edge_iiotset,SNN_AE,1,0,0.9950512653351509,0.9905006119237718,0.9997647058823529,0.9951110981000615,0.00973366774155022,False,0.9994079428976893,0.9991258739417305,3.0,0.449093759059906,0.5089374780654907,0.42007291316986084,0.4987083375453949,0.5350520610809326,0.4882708191871643,11583.254425048826,3365.0,85.40440940856934,50.0,1.347281277179718,1.5268124341964722
edge_iiotset,SNN_AE_T2,1,0,0.995406863035619,0.9913657312875561,0.9995882352941177,0.9954600041006415,0.008837931446315539,False,0.9994175114689373,0.9991974509542436,2.0,0.46568751335144043,0.522265613079071,0.45534375309944153,0.49579688906669617,0.5363749861717224,0.5151406526565552,11193.555224609374,3365.0,69.31442022323608,48.0,0.9313750267028809,1.044531226158142
edge_iiotset,SNN_AE_T5,1,0,0.9955846618858532,0.9913114467315879,1.0,0.9956367682801839,0.008897647199331183,False,0.9995357732487478,0.9993635611706088,5.0,0.45235002040863037,0.5547000765800476,0.4359249770641327,0.485462486743927,0.5702000260353088,0.5478562116622925,12438.828894042967,3365.0,131.19058322906494,50.0,2.261750102043152,2.773500382900238
edge_iiotset,SNN_AE_T7,1,0,0.9956735613109702,0.9914848944360201,1.0,0.9957242429567152,0.008718499940284247,False,0.999500189685333,0.9992246245876186,7.0,0.4335848391056061,0.5754374861717224,0.4451785683631897,0.4411696195602417,0.6088749766349792,0.5543214082717896,13164.342514038082,3365.0,165.47882509231567,49.0,3.0350938737392426,4.028062403202057
edge_iiotset,SNN_AE_noBN,1,0,0.995317963610502,0.9910204081632653,0.9997647058823529,0.9953733528550512,0.00919622596440941,False,0.9995242270322675,0.9993520730223016,3.0,0.5446979403495789,0.5401458144187927,0.5168854594230652,0.5743958950042725,0.5389895439147949,0.5407604575157166,11240.380865478513,3233.0,83.22985219955444,50.0,1.6340938210487366,1.6204374432563782
edge_iiotset,SNN_Dense,1,0,0.9952883304687963,0.9907337257415934,1.0,0.9953452969934717,0.00949480472948764,False,0.9997077616428154,0.9996575712860757,3.0,0.4129374921321869,,0.39366668462753296,0.44859373569488525,,,16184.089578247069,3365.0,58.1460120677948,50.0,1.2388124763965607,
edge_iiotset,CNN_AE,1,1,0.9958514830947937,0.9918319719953326,1.0,0.9958992384299942,0.008359706216038694,False,0.9998541406889382,0.9998416606927798,,,,,,,,351955.19999999995,13521.0,521.1518619060516,49.0,,
edge_iiotset,Dense_AE,1,1,0.9966219219486177,0.993338786958046,1.0,0.9966582634695433,0.006807189347345794,False,0.9997151131545948,0.9996558410561031,3.0,,,,,,,15032.8,3365.0,38.099366903305054,36.0,,
edge_iiotset,Dense_SNN,1,1,0.9969478768483124,0.9939776647371806,1.0,0.9969797378529748,0.0061503552875141814,False,0.999699401824383,0.9996366583304624,3.0,,0.5330729484558105,,,0.4919374883174896,0.5675520896911621,24463.199999999997,3365.0,65.26508593559265,49.0,,1.5992188453674316
edge_iiotset,IF,1,1,0.8745369958811153,0.9894188007974237,0.7590588235294118,0.8590639770987284,0.008240281841523854,False,0.9846929142708614,0.9679261427898564,,,,,,,,,,1.7155473232269287,,,
edge_iiotset,LOF,1,1,0.995436631404273,0.9910797574626866,0.9999411764705882,0.995490747247599,0.009135964650385143,False,0.9996724997277826,0.9996343153074798,,,,,,,,,,1.318603277206421,,,
edge_iiotset,LSTM_AE,1,1,0.9965033928941832,0.9931066713401099,1.0,0.9965414150888094,0.00704603809637547,False,0.9999711063263307,0.9999689397403728,,,,,,,,331200.0,72801.0,275.9611325263977,50.0,,
edge_iiotset,OCSVM,1,1,0.9960885412036625,0.9922951202428204,1.0,0.9961326614320872,0.00788200871797934,False,0.9999100980333615,0.9998986900846547,,,,,,,,,,0.49640345573425293,,,
edge_iiotset,SNN_AE,1,1,0.9958514830947937,0.993097800655124,0.9987058823529412,0.9958939465039888,0.00704603809637547,False,0.999589552474719,0.9995108561207676,3.0,0.40162500739097595,0.5044583678245544,0.4298437535762787,0.38109374046325684,0.5217396020889282,0.491791695356369,11452.01282043457,3365.0,90.64846706390381,49.0,1.2048750221729279,1.5133751034736633
edge_iiotset,SNN_AE_T2,1,1,0.9961478057308798,0.9924684726763194,0.9999411764705882,0.9961908110642288,0.0077028721562070815,False,0.9996702903768543,0.9996143951027681,2.0,0.4508593678474426,0.4692031145095825,0.4774843752384186,0.4297187626361847,0.46959376335144043,0.4671562612056732,11166.223986816405,3365.0,72.39506888389587,50.0,0.9017187356948853,0.938406229019165
edge_iiotset,SNN_AE_T5,1,1,0.9964737606305746,0.9930486593843099,1.0,0.9965122072745392,0.00710575028363289,False,0.9996231072114758,0.9995506296648883,5.0,0.3985625207424164,0.5321937203407288,0.4775875210762024,0.32487499713897705,0.5677875280380249,0.4952875077724457,12190.976095581053,3365.0,128.27637910842896,49.0,1.992812603712082,2.660968601703644
edge_iiotset,SNN_AE_T7,1,1,0.9957033217767505,0.9915427238261884,1.0,0.9957534045980377,0.00865826715232579,False,0.9996781337482744,0.9996162309434794,7.0,0.42391517758369446,0.5216339230537415,0.5004106760025024,0.35639286041259766,0.5704910755157471,0.4768928587436676,13101.961593627926,3365.0,154.7497673034668,36.0,2.967406243085861,3.65143746137619
edge_iiotset,SNN_AE_noBN,1,1,0.9963552315761401,0.9928166793202126,1.0,0.9963953931365941,0.0073445990326625665,False,0.9996582425649545,0.9995844023406399,3.0,0.4777396023273468,0.49146875739097595,0.4684895873069763,0.48350000381469727,0.4821145534515381,0.4971458315849304,11055.254452514648,3233.0,95.88300919532776,49.0,1.4332188069820404,1.4744062721729279
edge_iiotset,SNN_Dense,1,1,0.9957625863039677,0.991658402846643,1.0,0.9958117330053012,0.00853884277781095,False,0.9996742665060292,0.9996115976400392,3.0,0.4149791896343231,,0.3881979286670685,0.44579166173934937,,,16189.734463500976,3365.0,66.41560888290405,49.0,1.2449375689029694,
edge_iiotset,CNN_AE,1,2,0.9937772246421904,0.9877977919814062,1.0,0.9938614440222158,0.01253955932405804,False,0.9999969230661155,0.9999969529455565,,,,,,,,351955.19999999995,13521.0,681.0655834674835,44.0,,
edge_iiotset,Dense_AE,1,2,0.9946069280232317,0.9894075194971482,1.0,0.9946755602363817,0.010867618080850301,False,0.9993709180573167,0.9992433444112878,3.0,,,,,,,15032.8,3365.0,84.22637176513672,50.0,,
edge_iiotset,Dense_SNN,1,2,0.9928289922067147,0.987434554973822,0.9984705882352941,0.9929219069903481,0.012897832447602555,False,0.9993024422284588,0.9991667403152026,3.0,,0.5666041970252991,,,0.5751041769981384,0.5555833578109741,24463.199999999997,3365.0,78.96290326118469,49.0,,1.6998125910758972
edge_iiotset,IF,1,2,0.8964945032151006,0.9838790571039622,0.8077647058823529,0.8871660690635398,0.013435242132919328,False,0.988142554065873,0.9638453226098069,,,,,,,,,,1.476050853729248,,,
edge_iiotset,LOF,1,2,0.7432957003585504,0.9817404368427135,0.49970588235294117,0.6623007055704986,0.00943452558667224,False,0.864729751421677,0.8830712025749459,,,,,,,,,,0.5724091529846191,,,
edge_iiotset,LSTM_AE,1,2,0.9943402376507542,0.9888895352219185,1.0,0.9944137346085227,0.011405027766167074,False,0.9999972532393862,0.9999972735371999,,,,,,,,331200.0,72801.0,315.9112112522125,50.0,,
edge_iiotset,OCSVM,1,2,0.9956440572495333,0.9914270717909839,1.0,0.9956950830233988,0.008777691526840627,False,0.9999654933807285,0.9999615127756158,,,,,,,,,,0.23535633087158203,,,
edge_iiotset,SNN_AE,1,2,0.9940439150146679,0.9890538573508005,0.9992352941176471,0.9941185076810534,0.011225891204394817,False,0.9993509636493279,0.9992146642613525,3.0,0.34046876430511475,0.43013542890548706,0.4180729389190674,0.2699583172798157,0.49270835518836975,0.37202081084251404,11282.92803955078,3365.0,92.87889099121094,49.0,1.0214062929153442,1.2904062867164612
edge_iiotset,SNN_AE_T2,1,2,0.9933031084244526,0.9884113673421849,0.9984117647058823,0.9933863982207656,0.01188272526422643,False,0.9991996354044096,0.9990510954564232,2.0,0.40529686212539673,0.5013594031333923,0.4694843888282776,0.3504999876022339,0.5301562547683716,0.47721874713897705,11082.24317626953,3365.0,93.79608964920044,49.0,0.8105937242507935,1.0027188062667847
edge_iiotset,SNN_AE_T5,1,2,0.9946069280232317,0.9894075194971482,1.0,0.9946755602363817,0.010867618080850301,False,0.9995174412274015,0.9994462000586891,5.0,0.3473312258720398,0.4589812457561493,0.4354249835014343,0.2727312743663788,0.5227625370025635,0.40360626578330994,11954.902288818357,3365.0,153.6980438232422,50.0,1.736656129360199,2.2949062287807465
edge_iiotset,SNN_AE_T7,1,2,0.9941624440691025,0.9885445135779496,1.0,0.9942392607538673,0.01176330088971159,False,0.9993692074787759,0.9992331702198545,7.0,0.3779152035713196,0.5000044703483582,0.44065624475479126,0.32451340556144714,0.5335937738418579,0.46973663568496704,12805.206561279296,3365.0,267.9025921821594,50.0,2.645406424999237,3.500031292438507
edge_iiotset,SNN_AE_noBN,1,2,0.994192076332711,0.9886020004652245,1.0,0.9942683354778337,0.01170358870245417,False,0.9993545744804162,0.999217726949888,3.0,0.48656249046325684,0.5297083854675293,0.47296878695487976,0.49695831537246704,0.5095624923706055,0.5437604188919067,11079.647973632811,3233.0,99.22882771492004,48.0,1.4596874713897705,1.589125156402588
edge_iiotset,SNN_Dense,1,2,0.9947847216048834,0.9897531439217513,1.0,0.9948501872659176,0.010509344957305785,False,0.9993810937165216,0.9992531698501743,3.0,0.3616562485694885,,0.4014374911785126,0.328062504529953,,,16042.30719604492,3365.0,93.71207189559937,49.0,1.0849687457084656,
edge_iiotset,CNN_AE,1,3,0.9911822819900321,0.9827157639169894,1.0,0.991282544680603,0.017682890768229938,False,0.9989216845884371,0.9987832413681064,,,,,,,,351955.19999999995,13521.0,663.2708048820496,47.0,,
edge_iiotset,Dense_AE,1,3,0.990887375033177,0.9821480154832746,1.0,0.9909936168352327,0.018274291797267726,False,0.9985305180325131,0.9982328947546157,3.0,,,,,,,15032.8,3365.0,61.4938268661499,49.0,,
edge_iiotset,Dense_SNN,1,3,0.9909463564245481,0.9823172493498988,0.9999411764705882,0.9910508672205218,0.01809687148855639,False,0.998340152998925,0.9980146441264636,3.0,,0.5491770505905151,,,0.5653021335601807,0.530791699886322,24463.199999999997,3365.0,83.84569811820984,50.0,,1.6475311517715454
edge_iiotset,IF,1,3,0.8876699401338878,0.9811775005471657,0.7911176470588235,0.8759566222685381,0.015258146549174996,False,0.9857797309473201,0.9668807994363356,,,,,,,,,,1.5053398609161377,,,
edge_iiotset,LOF,1,3,0.8721578342033088,0.9738831100800719,0.7655294117647059,0.8572275466851101,0.02063989591341889,False,0.9723023694308287,0.9626794015714896,,,,,,,,,,0.826240062713623,,,
edge_iiotset,LSTM_AE,1,3,0.9907399215547494,0.9818643872011089,1.0,0.9908492160634144,0.01856999231178662,False,0.9987740708915893,0.9986277326922801,,,,,,,,331200.0,72801.0,347.76273798942566,46.0,,
edge_iiotset,OCSVM,1,3,0.9904155239022089,0.9812409812409812,1.0,0.9905316824471959,0.01922053344372819,False,0.9977873008804917,0.9971794035647144,,,,,,,,,,0.13818740844726562,,,
edge_iiotset,SNN_AE,1,3,0.9900616355539827,0.981450447847443,0.9990588235294118,0.990176359131322,0.018983973032113077,False,0.9980281750407892,0.9976899650313202,3.0,0.47456249594688416,0.5314791798591614,0.5102916955947876,0.4468229413032532,0.535895824432373,0.5313854217529297,11653.670388793944,3365.0,94.61736130714417,49.0,1.4236874878406525,1.5944375395774841
edge_iiotset,SNN_AE_T2,1,3,0.990592468076322,0.9816921744152469,0.9998823529411764,0.9907037738598281,0.01874741262049796,False,0.9973859100444246,0.996675137326122,2.0,0.4548593759536743,0.5151562690734863,0.4977656304836273,0.41884374618530273,0.5310624837875366,0.49979686737060547,11173.596801757812,3365.0,54.856282472610474,25.0,0.9097187519073486,1.0303125381469727
edge_iiotset,SNN_AE_T5,1,3,0.9910348285116046,0.9824318076745261,1.0,0.9911380597014925,0.017978591282748833,False,0.9982511854111802,0.9979316023214269,5.0,0.3893125057220459,0.48135626316070557,0.4463062882423401,0.33330002427101135,0.5221999883651733,0.43642500042915344,12148.352026367185,3365.0,136.2288417816162,49.0,1.9465625286102295,2.406781315803528
edge_iiotset,SNN_AE_T7,1,3,0.9907399215547494,0.9818643872011089,1.0,0.9908492160634144,0.01856999231178662,False,0.9981114408268483,0.9977817352978734,7.0,0.46113842725753784,0.5062098503112793,0.4852946400642395,0.4401026666164398,0.5045714378356934,0.5092365741729736,13342.096221923824,3365.0,180.65263772010803,49.0,3.227968990802765,3.543468952178955
edge_iiotset,SNN_AE_noBN,1,3,0.9911233005986612,0.9826021617247558,1.0,0.991224745634238,0.017801170974037495,False,0.998095166862061,0.9977464443877334,3.0,0.5254791975021362,0.5840729475021362,0.5532083511352539,0.5009896159172058,0.5840937495231628,0.5854896306991577,11187.244885253906,3233.0,98.4050612449646,50.0,1.5764375925064087,1.7522188425064087
edge_iiotset,SNN_Dense,1,3,0.9908578843374916,0.9820912767186597,1.0,0.9909647333139027,0.018333431900171508,False,0.9983648735619388,0.9980539732669658,3.0,0.43546876311302185,,0.39371874928474426,0.4723646342754364,,,16246.384036254884,3365.0,85.23823142051697,50.0,1.3064062893390656,
edge_iiotset,CNN_AE,1,4,0.9989332701197108,0.9994112105511069,0.9984705882352941,0.9989406779661016,0.0005970862192500597,False,0.9999692219615337,0.9999653084005373,,,,,,,,351955.19999999995,13521.0,610.6832869052887,49.0,,
edge_iiotset,Dense_AE,1,4,0.9990221642764016,0.998062584394998,1.0,0.9990303528927805,0.001970384523525197,False,0.9997211993706009,0.9996564019620767,3.0,,,,,,,15032.8,3365.0,37.954131841659546,46.0,,
edge_iiotset,Dense_SNN,1,4,0.9074315514993481,0.998849582973828,0.8171764705882353,0.8989258444415685,0.0009553379508000956,False,0.9996432796189886,0.9995663709870065,3.0,,0.561260461807251,,,0.58182293176651,0.5370312333106995,24463.199999999997,3365.0,60.94515109062195,49.0,,1.683781385421753
edge_iiotset,IF,1,4,0.6349116984710205,0.9844688341271485,0.2796470588235294,0.4355673645150946,0.004478146644375448,False,0.9877533471950998,0.9687119986558951,,,,,,,,,,1.29805588722229,,,
edge_iiotset,LOF,1,4,0.6570759748725851,0.9996317436936107,0.31935294117647056,0.4840622352993625,0.00011941724385001195,False,0.9988599270852359,0.9984533202420109,,,,,,,,,,1.5792768001556396,,,
edge_iiotset,LSTM_AE,1,4,0.9991999525897831,0.9984142831972749,1.0,0.9992065124753872,0.0016121327919751613,False,0.9999890136135658,0.9999883849081517,,,,,,,,331200.0,72801.0,285.10441303253174,49.0,,
edge_iiotset,OCSVM,1,4,0.9997036861443641,0.9994121105232217,1.0,0.9997059688326962,0.0005970862192500597,False,0.9999653409011084,0.9999612486866858,,,,,,,,,,0.14692187309265137,,,
edge_iiotset,SNN_AE,1,4,0.9287957804906958,0.9989744992137828,0.8595294117647059,0.9240206152970563,0.0008956293288750896,False,0.9996207238089886,0.999517862179345,3.0,0.4450624883174896,0.48472917079925537,0.44332289695739746,0.4490520656108856,0.5016770958900452,0.46691668033599854,11572.108767700194,3365.0,144.13464498519897,49.0,1.3351874649524689,1.4541875123977661
edge_iiotset,SNN_AE_T2,1,4,0.901238591916558,0.9986136446552353,0.8050588235294117,0.8914509037616023,0.0011344638165751134,False,0.9994733910282526,0.9993841326909733,2.0,0.48146873712539673,0.4790937602519989,0.4916406273841858,0.4700624942779541,0.48871874809265137,0.4676874876022339,11222.64317626953,3365.0,65.4050817489624,47.0,0.9629374742507935,0.9581875205039978
edge_iiotset,SNN_AE_T5,1,4,0.964679388408202,0.9988009592326139,0.931,0.9637094318942946,0.0011344638165751134,False,0.9996225115553744,0.9995426635943102,5.0,0.4579375088214874,0.5261750221252441,0.46924373507499695,0.4468499720096588,0.5366687774658203,0.5151249766349792,12464.576040649412,3365.0,143.90693545341492,50.0,2.289687544107437,2.6308751106262207
edge_iiotset,SNN_AE_T7,1,4,0.9859547232428588,0.9987324963785611,0.9733529411764706,0.9858794089609152,0.0012538810604251253,False,0.9996322054257575,0.9995606054968241,7.0,0.46733930706977844,0.5497767925262451,0.4800758957862854,0.45493748784065247,0.5674195885658264,0.5296472907066345,13382.099337768552,3365.0,159.3916153907776,48.0,3.271375149488449,3.848437547683716
edge_iiotset,SNN_AE_noBN,1,4,0.9096242740310537,0.9988556715777428,0.8215294117647058,0.9015557420437673,0.0009553379508000956,False,0.999549775917054,0.9994697863949568,3.0,0.5277083516120911,0.551895797252655,0.549791693687439,0.5048854351043701,0.5605729222297668,0.5401562452316284,11193.40805053711,3233.0,72.8237578868866,50.0,1.5831250548362732,1.655687391757965
edge_iiotset,SNN_Dense,1,4,0.9981035913239303,0.9984695078879209,0.9977647058823529,0.9981169824643992,0.0015524241700501553,False,0.9997434917602102,0.9997086964398458,3.0,0.409677118062973,,0.38980209827423096,0.43452081084251404,,,16175.075296020506,3365.0,67.59027600288391,44.0,1.229031354188919,
edge_iiotset,CNN_AE,1,5,0.9607497502790998,0.9914658634538153,0.9294117647058824,0.9594364828758805,0.007982157530226552,False,0.9989772170166342,0.9989559682845072,,,,,,,,351955.19999999995,13521.0,607.6747095584869,50.0,,
edge_iiotset,Dense_AE,1,5,0.9992067689053411,0.9993527508090615,0.9990588235294118,0.999205765553758,0.0006456156825918535,False,0.9998777438666511,0.9998533242692356,3.0,,,,,,,15032.8,3365.0,38.41193699836731,47.0,,
edge_iiotset,Dense_SNN,1,5,0.9296374640108115,0.9995895190531573,0.8594705882352941,0.9242496125502103,0.00035215400868646553,False,0.999388251520822,0.9993668778813978,3.0,,0.5562396049499512,,,0.5687916874885559,0.5414687395095825,24463.199999999997,3365.0,83.92854523658752,45.0,,1.6687188148498535
edge_iiotset,IF,1,5,0.672689347200188,0.9893101720394187,0.34841176470588237,0.515334754426415,0.0037563094259889657,False,0.9849104734745171,0.9710194373946999,,,,,,,,,,1.3162786960601807,,,
edge_iiotset,LOF,1,5,0.6907280098713203,0.9954079289759682,0.3825294117647059,0.5526707177155484,0.0017607700434323277,False,0.9925035871374022,0.9899718101109526,,,,,,,,,,0.546802282333374,,,
edge_iiotset,LSTM_AE,1,5,0.9933603619484106,0.9869368323269856,0.9999411764705882,0.9933964469378214,0.013205775325742459,False,0.9999801067509996,0.9999794523210794,,,,,,,,331200.0,72801.0,296.10633182525635,44.0,,
edge_iiotset,OCSVM,1,5,0.9426817086785357,0.9984102801881168,0.8866470588235295,0.9392155030065115,0.0014086160347458621,False,0.9990765969493797,0.9990381550179099,,,,,,,,,,0.14674997329711914,,,
edge_iiotset,SNN_AE,1,5,0.8879781420765027,0.9897496843199881,0.7838235294117647,0.8748317631224765,0.008099542199788708,False,0.9962925087865877,0.9958864972643723,3.0,0.4750520884990692,0.5095000267028809,0.45741668343544006,0.4894166588783264,0.5075833201408386,0.5116145610809326,11655.024014282226,3365.0,55.554604291915894,21.0,1.4251562654972076,1.5285000801086426
edge_iiotset,SNN_AE_T2,1,5,0.9112462541864974,0.9903879884936505,0.8303529411764706,0.9033372796211564,0.00804084986500763,False,0.9968913017959854,0.9966503229569518,2.0,0.46943750977516174,0.44776561856269836,0.468562513589859,0.4699999988079071,0.46924999356269836,0.42512500286102295,11200.467218017577,3365.0,68.57372379302979,50.0,0.9388750195503235,0.8955312371253967
edge_iiotset,SNN_AE_T5,1,5,0.8949115694224102,0.9994047176129176,0.7900588235294118,0.8824862840434968,0.0004695386782486207,False,0.9978997776596258,0.997777909507057,5.0,0.4713062345981598,0.5555750131607056,0.4792187511920929,0.46268123388290405,0.5501999855041504,0.5595312714576721,12526.179129028318,3365.0,68.4061164855957,19.0,2.356531172990799,2.777875065803528
edge_iiotset,SNN_AE_T7,1,5,0.934690639873083,0.9996618651518225,0.8695294117647059,0.9300657501494322,0.00029346167390538794,False,0.9985753644103492,0.998516207368624,7.0,0.4516071081161499,0.5177723169326782,0.46199554204940796,0.4392053186893463,0.5327945947647095,0.5015044808387756,13280.607775878903,3365.0,156.53259229660034,50.0,3.1612497568130493,3.6244062185287476
edge_iiotset,SNN_AE_noBN,1,5,0.9623655913978495,0.9928513199974917,0.9313529411764706,0.9611193735393208,0.0066909261650428455,False,0.9984604724387699,0.9983601310142197,3.0,0.5265312790870667,0.5199375152587891,0.5289896130561829,0.5244582891464233,0.5200520753860474,0.5170937776565552,11190.15368041992,3233.0,72.30214166641235,49.0,1.5795938372612,1.5598125457763672
edge_iiotset,SNN_Dense,1,5,0.9289911275633116,0.9995889003083248,0.8581764705882353,0.9235005538851084,0.00035215400868646553,False,0.9986064955152152,0.9985615985486157,3.0,0.3773958683013916,,0.40712499618530273,0.34826040267944336,,,16085.824096679688,3365.0,63.70959711074829,48.0,1.1321876049041748,
edge_iiotset,CNN_AE,1,6,0.9483104197837563,0.9027667144601986,1.0,0.9488989980742932,0.09938663626988004,False,0.9999575881810141,0.9999529561434356,,,,,,,,351955.19999999995,13521.0,603.6024696826935,48.0,,
edge_iiotset,Dense_AE,1,6,0.9482539592919854,0.9026708437317474,1.0,0.948846035777077,0.09949519622211367,False,0.9998028168114664,0.9997374695730517,3.0,,,,,,,15032.8,3365.0,27.253918409347534,21.0,,
edge_iiotset,Dense_SNN,1,6,0.9485927222426107,0.9032463737314702,1.0,0.9491638982719633,0.09884383650871194,False,0.9981307365154172,0.9979056302652285,3.0,,0.5581458806991577,,,0.546208381652832,0.575208306312561,24463.199999999997,3365.0,66.53252077102661,47.0,,1.6744376420974731
edge_iiotset,IF,1,6,0.8623493210625864,0.884352016231296,0.8204705882352941,0.8512144513609179,0.09900667643706237,False,0.948441347292866,0.9112144368879682,,,,,,,,,,1.5312023162841797,,,
edge_iiotset,LOF,1,6,0.9479998870790165,0.9023678063283075,0.9998235294117647,0.9485991740149571,0.09982087607881453,False,0.9551395218891987,0.9330917470669278,,,,,,,,,,1.81907057762146,,,
edge_iiotset,LSTM_AE,1,6,0.9485080315049544,0.9031024224394391,1.0,0.949084412684234,0.09900667643706237,False,0.9999998595106501,0.9999998477160417,,,,,,,,331200.0,72801.0,251.03634428977966,37.0,,
edge_iiotset,OCSVM,1,6,0.9478869660954747,0.9020481799851428,1.0,0.9485019249009652,0.1002008359116322,False,0.9998515283006217,0.999752324767837,,,,,,,,,,0.15396571159362793,,,
edge_iiotset,SNN_AE,1,6,0.9480281173249019,0.902372989329511,0.9998823529411764,0.9486285124312861,0.09982087607881453,False,0.9967330031833609,0.996328027431052,3.0,0.5192604660987854,0.4711250066757202,0.4910416603088379,0.5556250214576721,0.46816664934158325,0.47441667318344116,11777.25133666992,3365.0,80.01959943771362,50.0,1.5577813982963562,1.4133750200271606
edge_iiotset,SNN_AE_T2,1,6,0.9477458148660475,0.902406630186474,0.9991764705882353,0.9483292856544678,0.09971231612658091,False,0.998103422512141,0.9978431424960648,2.0,0.5751718878746033,0.4921562373638153,0.4965156316757202,0.6675781011581421,0.4789218604564667,0.5090000033378601,11395.356823730468,3365.0,85.17205476760864,50.0,1.1503437757492065,0.9843124747276306
edge_iiotset,SNN_AE_T5,1,6,0.9485080315049544,0.9031024224394391,1.0,0.949084412684234,0.09900667643706237,False,0.9986961279219392,0.9985472451869751,5.0,0.5491812825202942,0.5316312313079834,0.4718187153339386,0.6342687606811523,0.5100687742233276,0.5572812557220459,12885.027349853513,3365.0,151.6957564353943,47.0,2.745906412601471,2.658156156539917
edge_iiotset,SNN_AE_T7,1,6,0.9476611241283912,0.9016654290866659,1.0,0.9482902883918113,0.10063507572056668,False,0.9995601342311881,0.9994900746670584,7.0,0.5625223517417908,0.5507053732872009,0.4762499928474426,0.6613928079605103,0.522303581237793,0.5839598178863525,13996.144195556637,3365.0,177.2355830669403,50.0,3.9376564621925354,3.8549376130104065
edge_iiotset,SNN_AE_noBN,1,6,0.947774045111933,0.9024545744341728,0.9991764705882353,0.9483557590307632,0.09965803615046409,False,0.9969472031444071,0.9967944947116795,3.0,0.5391770601272583,0.4819479286670685,0.5455208420753479,0.5285624861717224,0.49165624380111694,0.47096875309944153,11225.116735839842,3233.0,93.75604963302612,49.0,1.617531180381775,1.4458437860012054
edge_iiotset,SNN_Dense,1,6,0.9480563475707874,0.9023354564755839,1.0,0.9486607142857143,0.09987515605493133,False,0.9998288712000024,0.9998008437550504,3.0,0.4845312833786011,,0.4012187421321869,0.5833333730697632,,,16382.032092285157,3365.0,83.57209730148315,50.0,1.4535938501358032,
edge_iiotset,CNN_AE,1,7,0.9992593909230951,0.9996467887207865,0.9988823529411764,0.9992644246329478,0.00035808068751492004,False,0.9999843989159283,0.9999824105415768,,,,,,,,351955.19999999995,13521.0,598.6975491046906,49.0,,
edge_iiotset,Dense_AE,1,7,0.9982225382154284,0.9997050147492625,0.9967647058823529,0.9982326951399116,0.00029840057292910004,False,0.9999076151826211,0.9998486079858103,3.0,,,,,,,15032.8,3365.0,48.36143445968628,48.0,,
edge_iiotset,Dense_SNN,1,7,0.9729233321483588,0.999441132637854,0.946764705882353,0.972390043499275,0.0005371210312723801,False,0.9998886825439175,0.9998642474217717,3.0,,0.5761250257492065,,,0.5672292113304138,0.5848957896232605,24463.199999999997,3365.0,68.10290455818176,48.0,,1.7283750772476196
edge_iiotset,IF,1,7,0.6221116246000711,0.987816091954023,0.25276470588235295,0.40252927400468386,0.00316304607304846,False,0.990871301588193,0.9761171332738618,,,,,,,,,,1.4936394691467285,,,
edge_iiotset,LOF,1,7,0.6491882924517123,0.9998062015503876,0.3034705882352941,0.46561371841155236,5.9680114585820004e-05,False,0.9698534958504768,0.9671269094153502,,,,,,,,,,1.430260181427002,,,
edge_iiotset,LSTM_AE,1,7,0.999703756369238,0.9994121105232217,1.0,0.9997059688326962,0.0005968011458582001,False,0.9999850869925435,0.9999830884811183,,,,,,,,331200.0,72801.0,291.0476179122925,48.0,,
edge_iiotset,OCSVM,1,7,0.9997926294584667,0.9995884047745046,1.0,0.9997941600258771,0.00041776080210074003,False,0.9999848342297053,0.9999828393255423,,,,,,,,,,0.25157785415649414,,,
edge_iiotset,SNN_AE,1,7,0.9480684915274321,0.9998033173801875,0.8970588235294118,0.945648466809289,0.00017904034375746002,False,0.9999272043025853,0.9999059466832652,3.0,0.4335729479789734,0.508677065372467,0.4208645522594452,0.4454895853996277,0.506895899772644,0.5122812390327454,11540.342486572265,3365.0,82.92349457740784,47.0,1.3007188439369202,1.5260311961174011
edge_iiotset,SNN_AE_T2,1,7,0.9461132835644034,0.9991451305319918,0.8937647058823529,0.9435215946843853,0.0007758414896156601,False,0.9997693855054554,0.9997241759250052,2.0,0.46970313787460327,0.5125156044960022,0.48212501406669617,0.45320311188697815,0.5122030973434448,0.5089062452316284,11200.956823730467,3365.0,89.33217716217041,50.0,0.9394062757492065,1.0250312089920044
edge_iiotset,SNN_AE_T5,1,7,0.9910534423509895,0.999640933572711,0.9825882352941177,0.9910412340551765,0.00035808068751492004,False,0.9999412326401079,0.9999315822092814,5.0,0.45323747396469116,0.5095000267028809,0.4810875356197357,0.4225562512874603,0.5257499814033508,0.49277499318122864,12442.918280029295,3365.0,140.53059148788452,50.0,2.266187369823456,2.5475001335144043
edge_iiotset,SNN_AE_T7,1,7,0.9675316980684915,0.9998742770932864,0.9356470588235294,0.9666950285644828,0.00011936022917164001,False,0.9999165882633788,0.9998959420525803,7.0,0.43468305468559265,0.5233437418937683,0.45486605167388916,0.41401785612106323,0.5405803322792053,0.5057678818702698,13171.427322387692,3365.0,176.25143361091614,50.0,3.0427813827991486,3.663406193256378
edge_iiotset,SNN_AE_noBN,1,7,0.9511494252873564,0.9998697492673396,0.9031176470588236,0.9490341523721217,0.00011936022917164001,False,0.9998711085054695,0.9998499930958717,3.0,0.4946250021457672,0.5105208158493042,0.4657396078109741,0.523354172706604,0.48521876335144043,0.5373645424842834,11101.939205932616,3233.0,143.73047399520874,50.0,1.4838750064373016,1.5315624475479126
edge_iiotset,SNN_Dense,1,7,0.9964450764308568,0.9997631454287068,0.9931764705882353,0.9964589235127479,0.00023872045834328001,False,0.999939909145802,0.9999209688149474,3.0,0.3580625355243683,,0.38759374618530273,0.32379165291786194,,,16032.371298217771,3365.0,68.61972689628601,48.0,1.0741876065731049,
edge_iiotset,CNN_AE,1,8,0.9984294900287433,0.9968920424558728,1.0,0.9984436026194462,0.0031647459246432197,False,0.999938327848008,0.9999330965325257,,,,,,,,351955.19999999995,13521.0,644.5477149486542,50.0,,
edge_iiotset,Dense_AE,1,8,0.9968589800574866,0.9938033438559569,1.0,0.9968920424558728,0.006329491849286439,False,0.9998365607185132,0.9998046158339018,3.0,,,,,,,15032.8,3365.0,52.28054070472717,50.0,,
edge_iiotset,Dense_SNN,1,8,0.9966219219486177,0.9938004444964323,0.9995294117647059,0.9966566954073552,0.006329491849286439,False,0.9998189702106435,0.999792615940878,3.0,,0.555229127407074,,,0.5350103974342346,0.5709062218666077,24463.199999999997,3365.0,75.42575359344482,50.0,,1.665687382221222
edge_iiotset,IF,1,8,0.8596912318131982,0.9915043680371884,0.7277058823529412,0.8393662855785867,0.006329491849286439,False,0.9902443914449999,0.9717605122009696,,,,,,,,,,1.5572075843811035,,,
edge_iiotset,LOF,1,8,0.8866565916970397,0.9964579094129173,0.7777647058823529,0.8736330899600251,0.0028064728010987043,False,0.9985264366927877,0.9979283550512814,,,,,,,,,,0.6692836284637451,,,
edge_iiotset,LSTM_AE,1,8,0.9990517675645243,0.9981211836542978,1.0,0.999059708509638,0.0019107899922374157,False,0.9999038879658869,0.9998923420209057,,,,,,,,331200.0,72801.0,215.20308566093445,25.0,,
edge_iiotset,OCSVM,1,8,0.9976294189113106,0.9953161592505855,1.0,0.9976525821596244,0.004776974980593539,False,0.9998764027973404,0.9998607495743858,,,,,,,,,,0.20926785469055176,,,
edge_iiotset,SNN_AE,1,8,0.9950514119773609,0.9919340697878309,0.9982941176470588,0.9951039315136767,0.008240281841523854,False,0.9998468698520193,0.9998317410000133,3.0,0.43566668033599854,0.5059583187103271,0.4451146125793457,0.4154687523841858,0.5015624761581421,0.5064374804496765,11546.131237792968,3365.0,96.10300850868225,50.0,1.3070000410079956,1.5178749561309814
edge_iiotset,SNN_AE_T2,1,8,0.9934809020061043,0.9912753249795058,0.9958235294117647,0.9935442220787605,0.008897115901355467,False,0.999382533833979,0.9993328316662502,2.0,0.4762187600135803,0.4837656319141388,0.4978281259536743,0.44046875834465027,0.49775001406669617,0.46345311403274536,11212.96641845703,3365.0,144.7771167755127,50.0,0.9524375200271606,0.9675312638282776
edge_iiotset,SNN_AE_T5,1,8,0.996592289685009,0.9949580817259776,0.9982941176470588,0.9966233079836744,0.005135248104138054,False,0.9998089069508498,0.999783172839733,5.0,0.43216249346733093,0.4777062237262726,0.45333752036094666,0.3979000151157379,0.4959937036037445,0.4513750374317169,12345.804769897459,3365.0,150.93305349349976,50.0,2.1608124673366547,2.388531118631363
edge_iiotset,SNN_AE_T7,1,8,0.9959107476220108,0.9919477185202474,1.0,0.9959575839240729,0.008240281841523854,False,0.9998026301462246,0.9997697168312707,7.0,0.4515223503112793,0.494607150554657,0.46532589197158813,0.42483484745025635,0.5224509239196777,0.4574865698814392,13280.060986328124,3365.0,175.40418887138367,48.0,3.160656452178955,3.462250053882599
edge_iiotset,SNN_AE_noBN,1,8,0.9951106765045782,0.9917051229627899,0.9986470588235294,0.9951639848764618,0.008479130590553533,False,0.9997189136596898,0.9996976066858987,3.0,0.49818751215934753,0.5104791522026062,0.5130104422569275,0.4777187407016754,0.5167917013168335,0.49935418367385864,11111.788833618164,3233.0,91.08643817901611,49.0,1.4945625364780426,1.5314374566078186
edge_iiotset,SNN_Dense,1,8,0.9960589089400539,0.9922372030584252,1.0,0.9961034775730232,0.007941720905236758,False,0.9998331500988763,0.9998014152296733,3.0,0.41843751072883606,,0.4022499918937683,0.4348437488079071,,,16199.296029663084,3365.0,78.8300244808197,49.0,1.2553125321865082,
edge_iiotset,CNN_AE,1,9,0.9991110584330923,0.9982384028185555,1.0,0.9991184249191889,0.0017912586577501792,False,0.9997173920678851,0.999686669458595,,,,,,,,351955.19999999995,13521.0,645.8579678535461,48.0,,
edge_iiotset,Dense_AE,1,9,0.9991110584330923,0.9982384028185555,1.0,0.9991184249191889,0.0017912586577501792,False,0.9991255847932675,0.9983628036074004,3.0,,,,,,,15032.8,3365.0,83.79218578338623,47.0,,
edge_iiotset,Dense_SNN,1,9,0.9789024534787246,0.9986529512613275,0.9594117647058824,0.9786391455658227,0.0013135896823501315,False,0.9992604806192837,0.9988721050729666,3.0,,0.5412083268165588,,,0.5227708220481873,0.5565729141235352,24463.199999999997,3365.0,70.51042318344116,50.0,,1.6236249804496765
edge_iiotset,IF,1,9,0.651890482398957,0.9904744116548375,0.3119411764705882,0.4744564731144314,0.0030451397181753045,False,0.9915137505444023,0.9770065847824249,,,,,,,,,,1.614128589630127,,,
edge_iiotset,LOF,1,9,0.7316285409505748,0.9946444139992527,0.4697647058823529,0.6381397578808582,0.0025674707427752567,False,0.9970427513732982,0.9916007154514621,,,,,,,,,,1.6119937896728516,,,
edge_iiotset,LSTM_AE,1,9,0.9995258978309826,0.999059708509638,1.0,0.9995296331138288,0.0009553379508000956,False,0.9999859825229351,0.9999856061126771,,,,,,,,331200.0,72801.0,343.94370007514954,49.0,,
edge_iiotset,OCSVM,1,9,0.999496266445419,0.999000999000999,1.0,0.9995002498750625,0.0010150465727251014,False,0.9999377484932352,0.9999302403928436,,,,,,,,,,0.3200075626373291,,,
edge_iiotset,SNN_AE,1,9,0.9757318952234206,0.9987055415151328,0.9530588235294117,0.9753484032146404,0.0012538810604251253,False,0.9993055852147402,0.9989982310463367,3.0,0.3838958740234375,0.47970834374427795,0.4632916748523712,0.3139479458332062,0.5209687352180481,0.4438750147819519,11402.9953125,3365.0,145.63830757141113,50.0,1.1516876220703125,1.4391250312328339
edge_iiotset,SNN_AE_T2,1,9,0.916083916083916,0.9983818770226537,0.834764705882353,0.9092714807458192,0.0013732983042751374,False,0.9988880674075218,0.9981177559693701,2.0,0.39454686641693115,0.4515781104564667,0.45537498593330383,0.3402968645095825,0.49760937690734863,0.4107031226158142,11062.428784179687,3365.0,74.48402190208435,47.0,0.7890937328338623,0.9031562209129333
edge_iiotset,SNN_AE_T5,1,9,0.9749614791987673,0.9984572662758407,0.951764705882353,0.9745520252973949,0.0014927155481251494,False,0.9992717409629245,0.9989539678685873,5.0,0.4026687443256378,0.48768749833106995,0.463756263256073,0.346762478351593,0.5215875506401062,0.45897501707077026,12209.897573852537,3365.0,140.37566900253296,50.0,2.013343721628189,2.4384374916553497
edge_iiotset,SNN_AE_T7,1,9,0.9610939907550077,0.9986648865153538,0.924,0.9598826728589325,0.0012538810604251253,False,0.9992540812599223,0.9988622888059417,7.0,0.4061696529388428,0.494834840297699,0.4679107069969177,0.3511205315589905,0.5438482165336609,0.4531741142272949,12987.481665039062,3365.0,180.40772938728333,50.0,2.8431875705718994,3.463843882083893
edge_iiotset,SNN_AE_noBN,1,9,0.9605309944292996,0.9986632718014004,0.9228823529411765,0.9592785081014981,0.0012538810604251253,False,0.9991788202981218,0.9987956148976365,3.0,0.4833541512489319,0.5435729622840881,0.5021250247955322,0.4726458191871643,0.5488749742507935,0.5414167046546936,11070.777557373047,3233.0,97.25240707397461,50.0,1.4500624537467957,1.6307188868522644
edge_iiotset,SNN_Dense,1,9,0.9691240962427403,0.9985005622891415,0.9401176470588235,0.9684299824274374,0.0014330069262001434,False,0.99924706374071,0.998858826447524,3.0,0.46315625309944153,,0.40833336114883423,0.5116562247276306,,,16322.934408569334,3365.0,67.70934247970581,50.0,1.3894687592983246,
edge_iiotset,CNN_AE,2,0,0.9956441863221525,0.9914270717909839,1.0,0.9956950830233988,0.008777167422975877,False,0.9996905864089128,0.9996492162448011,,,,,,,,351955.19999999995,13521.0,622.4263691902161,49.0,,
edge_iiotset,Dense_AE,2,0,0.9959701315633519,0.9920634920634921,1.0,0.9960159362549801,0.008120372581800811,False,0.9992030760477107,0.9986656990821853,3.0,,,,,,,15032.8,3365.0,30.871473789215088,28.0,,
edge_iiotset,Dense_SNN,2,0,0.9958516060210976,0.9918319719953326,1.0,0.9958992384299942,0.008359207069500836,False,0.9992498559968529,0.9988908741013566,3.0,,0.6987187266349792,,,0.6498854160308838,0.7523020505905151,24463.199999999997,3365.0,47.79123640060425,33.0,,2.0961561799049377
edge_iiotset,IF,2,0,0.8888823041365415,0.9900147928994083,0.7873529411764706,0.877129750982962,0.008060663959875806,False,0.9903118932550331,0.9761409940367944,,,,,,,,,,1.4343860149383545,,,
edge_iiotset,LOF,2,0,0.9951108213820078,0.9905017190140435,0.9998823529411764,0.9951699306226398,0.009732505373775973,False,0.9987152302645443,0.997175490739711,,,,,,,,,,1.6863505840301514,,,
edge_iiotset,LSTM_AE,2,0,0.9958516060210976,0.9918319719953326,1.0,0.9958992384299942,0.008359207069500836,False,0.9999781712302787,0.9999736243676588,,,,,,,,331200.0,72801.0,247.86342978477478,35.0,,
edge_iiotset,OCSVM,2,0,0.9961182884911699,0.9923530441888974,1.0,0.9961618470012599,0.007821829472175782,False,0.9999648386462299,0.9999609709947725,,,,,,,,,,0.1782207489013672,,,
edge_iiotset,SNN_AE,2,0,0.9949922958397535,0.9918181286891473,0.9982941176470588,0.9950455864677084,0.008359207069500836,False,0.9991061162702484,0.9984698202346302,3.0,0.3740312457084656,0.4946875274181366,0.44870835542678833,0.3003333508968353,0.5359687209129333,0.4532812833786011,11375.721588134764,3365.0,100.81290483474731,50.0,1.1220937371253967,1.4840625822544098
edge_iiotset,SNN_AE_T2,2,0,0.995170084153135,0.9918784691790826,0.9985882352941177,0.9952220430895501,0.00829949844757583,False,0.9992299027803144,0.9988730330685482,2.0,0.39149999618530273,0.519281268119812,0.4488125145435333,0.32881250977516174,0.5422656536102295,0.4951718747615814,11056.812792968749,3365.0,76.10247015953064,47.0,0.7829999923706055,1.038562536239624
edge_iiotset,SNN_AE_T5,2,0,0.9959108687922247,0.9919477185202474,1.0,0.9959575839240729,0.008239789825650825,False,0.9992744067772797,0.9989127473845056,5.0,0.37985000014305115,0.5011374950408936,0.44702503085136414,0.31120002269744873,0.5456812977790833,0.456074982881546,12104.748800659178,3365.0,122.27523303031921,50.0,1.8992500007152557,2.5056874752044678
edge_iiotset,SNN_AE_T7,2,0,0.9957627118644068,0.991658402846643,1.0,0.9958117330053012,0.008538332935275854,False,0.9991064183256297,0.998409851756409,7.0,0.38242408633232117,0.5054419636726379,0.44031253457069397,0.31972765922546387,0.5672455430030823,0.4403125047683716,12834.29426574707,3365.0,155.56890988349915,50.0,2.676968604326248,3.5380937457084656
edge_iiotset,SNN_AE_noBN,2,0,0.9943107739717909,0.9904867514882689,0.9982941176470588,0.9943751098611355,0.009732505373775973,False,0.9992584048666039,0.9989713090897032,3.0,0.5248228907585144,0.5446145534515381,0.5157707929611206,0.5345312356948853,0.5447291135787964,0.5437604188919067,11185.43032836914,3233.0,77.499014377594,49.0,1.5744686722755432,1.6338436603546143
edge_iiotset,SNN_Dense,2,0,0.9957923432499703,0.9917162524792906,1.0,0.9958408997715423,0.008478624313350848,False,0.9993445960184887,0.9990654660579191,3.0,0.4621979296207428,,0.3800728917121887,0.5520521402359009,,,16320.28483581543,3365.0,71.04610204696655,49.0,1.3865937888622284,
edge_iiotset,CNN_AE,2,1,0.9949921474501437,0.9901566777331237,1.0,0.995053996312447,0.010091359646503852,False,0.9999385983090914,0.9999325167114111,,,,,,,,351955.19999999995,13521.0,644.4736206531525,47.0,,
edge_iiotset,Dense_AE,2,1,0.9950514119773609,0.9902720335527465,1.0,0.9951122428073872,0.009971935271989012,False,0.999369400665264,0.9992200434953855,3.0,,,,,,,15032.8,3365.0,31.854233264923096,35.0,,
edge_iiotset,Dense_SNN,2,1,0.9949328829229265,0.9900413487857435,1.0,0.9949957566357438,0.010210784021018689,False,0.9993206895703884,0.9991699998464015,3.0,,0.5450520515441895,,,0.5547603964805603,0.5326354503631592,24463.199999999997,3365.0,56.24879264831543,48.0,,1.6351561546325684
edge_iiotset,IF,2,1,0.895842593415711,0.985945945945946,0.8047058823529412,0.8861538461538462,0.011643876515196752,False,0.989275863280166,0.9663949680153008,,,,,,,,,,1.4140205383300781,,,
edge_iiotset,LOF,2,1,0.9959996444128367,0.9921213889699445,1.0,0.9960451149846199,0.008061145279751597,False,0.9989323952665798,0.9983739829787884,,,,,,,,,,1.2859890460968018,,,
edge_iiotset,LSTM_AE,2,1,0.995199573295404,0.9905605407295187,1.0,0.995257888882384,0.009673374335701916,False,0.9999997365638797,0.9999997402392199,,,,,,,,331200.0,72801.0,293.5756962299347,39.0,,
edge_iiotset,OCSVM,2,1,0.9950514119773609,0.9902720335527465,1.0,0.9951122428073872,0.009971935271989012,False,0.9999406776982006,0.9999328606797377,,,,,,,,,,0.1715848445892334,,,
edge_iiotset,SNN_AE,2,1,0.9950217797137524,0.9911871133418934,0.999,0.9950782211284935,0.009016540275870306,False,0.9993320489358938,0.9991766585712054,3.0,0.3662395775318146,0.4871875047683716,0.40592706203460693,0.3228541910648346,0.5226354598999023,0.44995835423469543,11354.17918395996,3365.0,90.0710461139679,50.0,1.0987187325954437,1.4615625143051147
edge_iiotset,SNN_AE_T2,2,1,0.9940735472782766,0.9900816802800467,0.9982352941176471,0.994141769185706,0.010151071833761271,False,0.9993477216288079,0.9992186818396716,2.0,0.412296861410141,0.4976562559604645,0.46678125858306885,0.35570311546325684,0.516921877861023,0.47560936212539673,11095.14557495117,3365.0,73.4505021572113,50.0,0.824593722820282,0.995312511920929
edge_iiotset,SNN_AE_T5,2,1,0.9953773668770557,0.9909069713219865,1.0,0.9954327204590702,0.009315101212157402,False,0.9993585541220728,0.9992086464833283,5.0,0.3847687244415283,0.46720001101493835,0.43313124775886536,0.33236873149871826,0.5153375267982483,0.4168499708175659,12127.41428222656,3365.0,123.240549325943,50.0,1.9238436222076416,2.3360000550746918
edge_iiotset,SNN_AE_T7,2,1,0.9949328829229265,0.9900413487857435,1.0,0.9949957566357438,0.010210784021018689,False,0.9993592531059118,0.9992111315598007,7.0,0.36934375762939453,0.5008035898208618,0.43148213624954224,0.30543750524520874,0.5543972849845886,0.44748663902282715,12749.910449218749,3365.0,158.04863834381104,50.0,2.5854063034057617,3.5056251287460327
edge_iiotset,SNN_AE_noBN,2,1,0.9943402376507542,0.9892880013972172,0.9995882352941177,0.9944114462942915,0.01098704245536514,False,0.9993256456819308,0.9991386404456863,3.0,0.4817291796207428,0.5141353607177734,0.4669687747955322,0.4946145713329315,0.5301770567893982,0.49946877360343933,11066.28483581543,3233.0,92.69325351715088,50.0,1.4451875388622284,1.5424060821533203
edge_iiotset,SNN_Dense,2,1,0.994814353868492,0.9898107714701602,1.0,0.9948792977322605,0.010449632770048367,False,0.9993715292291158,0.9992273864773893,3.0,0.3930833637714386,,0.37328124046325684,0.4075103998184204,,,16129.196884155273,3365.0,84.32512784004211,50.0,1.1792500913143158,
edge_iiotset,CNN_AE,2,2,0.947971656833131,0.9021917953616728,1.0,0.948581312948135,0.10003799598328177,False,0.9999346117864178,0.9999244156073556,,,,,,,,351955.19999999995,13521.0,627.541868686676,50.0,,
edge_iiotset,Dense_AE,2,2,0.9481974988002145,0.9025749933634192,1.0,0.9487930793916562,0.09960375617434729,False,0.9998126127506858,0.9997863447901865,3.0,,,,,,,15032.8,3365.0,37.24142789840698,27.0,,
edge_iiotset,Dense_SNN,2,2,0.9480281173249019,0.9025439481650646,0.9996470588235294,0.9486170420609004,0.09960375617434729,False,0.9976963769712411,0.9974811150444058,3.0,,0.5528125166893005,,,0.5687500238418579,0.5381770730018616,24463.199999999997,3365.0,83.63698887825012,49.0,,1.6584375500679016
edge_iiotset,IF,2,2,0.8576631002456031,0.8970119521912351,0.7946470588235294,0.8427323767935122,0.0841882429571731,False,0.9498801210762763,0.915201445425927,,,,,,,,,,1.7033016681671143,,,
edge_iiotset,LOF,2,2,0.8331592468170398,0.8791712253829321,0.7562941176470588,0.8131166202883886,0.09591271779840417,False,0.9347788378337819,0.905283632723375,,,,,,,,,,1.1550114154815674,,,
edge_iiotset,LSTM_AE,2,2,0.9479998870790165,0.902239677316633,1.0,0.9486077785837844,0.09998371600716496,False,0.9999416394468551,0.9999279392581566,,,,,,,,331200.0,72801.0,137.93075799942017,15.0,,
edge_iiotset,OCSVM,2,2,0.9482257290461,0.9026229160029734,1.0,0.948819556845454,0.09954947619823047,False,0.9999170123023969,0.9999014296487515,,,,,,,,,,0.24326205253601074,,,
edge_iiotset,SNN_AE,2,2,0.947971656833131,0.9030473860554167,0.9988235294117647,0.9485238667150797,0.09895239646094556,False,0.9985950873428675,0.9985035080891239,3.0,0.44332289695739746,0.5192187428474426,0.4363437592983246,0.4466874897480011,0.5080104470252991,0.5296562314033508,11567.299145507812,3365.0,89.91900134086609,50.0,1.3299686908721924,1.5576562285423279
edge_iiotset,SNN_AE_T2,2,2,0.9480563475707874,0.903148601212637,0.9988823529411764,0.948606223116027,0.09884383650871194,False,0.989742048781734,0.988937200731934,2.0,0.4269062578678131,0.47901561856269836,0.4272812604904175,0.4228593707084656,0.49189063906669617,0.4613437354564667,11122.073614501951,3365.0,81.64242887496948,49.0,0.8538125157356262,0.9580312371253967
edge_iiotset,SNN_AE_T5,2,2,0.9483668802755272,0.9028626055552605,1.0,0.9489519662842948,0.09927807631764642,False,0.9992718947862486,0.9992308943820378,5.0,0.43558749556541443,0.5181875228881836,0.44501248002052307,0.42041876912117004,0.5232688188552856,0.511931300163269,12361.587179565428,3365.0,168.1778814792633,46.0,2.177937477827072,2.590937614440918
edge_iiotset,SNN_AE_T7,2,2,0.9483386500296418,0.9028146574614976,1.0,0.948925481440134,0.09933235629376323,False,0.999748979057508,0.9997221459054679,7.0,0.4487098157405853,0.5192187428474426,0.4438839256763458,0.44702234864234924,0.5371428728103638,0.4973348379135132,13261.91676330566,3365.0,176.92843079566956,49.0,3.1409687101840973,3.6345311999320984
edge_iiotset,SNN_AE_noBN,2,2,0.9483951105214127,0.9029105587422988,1.0,0.9489784526068996,0.09922379634152961,False,0.9963711537049277,0.9962219493727975,3.0,0.5194270610809326,0.5575937628746033,0.5191249847412109,0.5175729393959045,0.5517812371253967,0.5642187595367432,11170.51193847656,3233.0,91.69604659080505,50.0,1.5582811832427979,1.6727812886238098
edge_iiotset,SNN_Dense,2,2,0.947971656833131,0.9021917953616728,1.0,0.948581312948135,0.10003799598328177,False,0.9997419354323719,0.9997137021735412,3.0,0.43547919392585754,,0.39660415053367615,0.4711041748523712,,,16246.412875366212,3365.0,75.28850054740906,50.0,1.3064375817775726,
edge_iiotset,CNN_AE,2,3,0.9993777224642191,0.9987662299512368,1.0,0.9993827341935864,0.001253955932405804,False,0.9999989567929638,0.9999989718940299,,,,,,,,351955.19999999995,13521.0,637.1962769031525,49.0,,
edge_iiotset,Dense_AE,2,3,0.9954662636678816,0.9910802775024777,1.0,0.9955201592832255,0.009135964650385143,False,0.999977867853417,0.9999772909115545,3.0,,,,,,,15032.8,3365.0,52.79764246940613,50.0,,
edge_iiotset,Dense_SNN,2,3,0.9959700121492281,0.9920634920634921,1.0,0.9960159362549801,0.008120857467009017,False,0.9999845556183901,0.9999842454241396,3.0,,0.5714166164398193,,,0.534822940826416,0.6100104451179504,24463.199999999997,3365.0,69.19823431968689,49.0,,1.714249849319458
edge_iiotset,IF,2,3,0.8382967374877767,0.9912332964507617,0.6850588235294117,0.810184702076594,0.0061503552875141814,False,0.9885731913354102,0.9711988091375692,,,,,,,,,,1.473442554473877,,,
edge_iiotset,LOF,2,3,0.9047619047619048,0.9947602641401091,0.8152352941176471,0.8960946592525539,0.004358989669791605,False,0.9972546865285793,0.9966332734648276,,,,,,,,,,1.7502801418304443,,,
edge_iiotset,LSTM_AE,2,3,0.998844341719264,0.9977111332824696,1.0,0.9988542554129087,0.0023287753030393505,False,0.9999994836652043,0.9999994912596387,,,,,,,,331200.0,72801.0,266.25192070007324,33.0,,
edge_iiotset,OCSVM,2,3,0.9970071413755297,0.9940939126366879,1.0,0.9970382100231665,0.006030930912999343,False,0.9999997611512509,0.9999997646246064,,,,,,,,,,0.21764516830444336,,,
edge_iiotset,SNN_AE,2,3,0.9954662636678816,0.9910802775024777,1.0,0.9955201592832255,0.009135964650385143,False,0.9999887424964612,0.9999887590651841,3.0,0.3685833513736725,0.45869794487953186,0.40943750739097595,0.3200937509536743,0.4804374873638153,0.43548959493637085,11360.659249877928,3365.0,87.79715514183044,50.0,1.1057500541210175,1.3760938346385956
edge_iiotset,SNN_AE_T2,2,3,0.995821850831185,0.9927515052317765,0.999,0.9958659512710001,0.007404311219919986,False,0.9999234876132337,0.9999226031564726,2.0,0.40196874737739563,0.4566875100135803,0.45531249046325684,0.347468763589859,0.5041718482971191,0.4096093773841858,11076.108795166016,3365.0,76.328040599823,48.0,0.8039374947547913,0.9133750200271606
edge_iiotset,SNN_AE_T5,2,3,0.9959403798856195,0.9920630288882405,0.9999411764705882,0.9959865240955031,0.008120857467009017,False,0.9999636774277395,0.999963487576959,5.0,0.3685312569141388,0.4840874969959259,0.4184249937534332,0.3145250082015991,0.5100062489509583,0.45513126254081726,12052.59203186035,3365.0,157.11356329917908,50.0,1.842656284570694,2.4204374849796295
edge_iiotset,SNN_AE_T7,2,3,0.9961478057308798,0.99241097489784,1.0,0.9961910342806914,0.007762584343464501,False,0.9999845591308716,0.9999843750105136,7.0,0.3691115975379944,0.5075089335441589,0.42314285039901733,0.3119196593761444,0.5549955368041992,0.45653125643730164,12748.412738037108,3365.0,184.52702641487122,50.0,2.5837811827659607,3.5525625348091125
edge_iiotset,SNN_AE_noBN,2,3,0.9947847216048834,0.990552834149755,0.9991764705882353,0.9948459646245754,0.009673374335701916,False,0.9999551034601457,0.9999549765927584,3.0,0.48657292127609253,0.5181249976158142,0.5286250114440918,0.4501771330833435,0.5459270477294922,0.4937187731266022,11079.67681274414,3233.0,89.98869156837463,42.0,1.4597187638282776,1.5543749928474426
edge_iiotset,SNN_Dense,2,3,0.9968589800574866,0.9938033438559569,1.0,0.9968920424558728,0.006329491849286439,False,0.9999999543377391,0.9999999550238127,3.0,0.33889585733413696,,0.3815937936306,0.2929479479789734,,,15979.37926635742,3365.0,70.08136129379272,49.0,1.0166875720024109,
edge_iiotset,CNN_AE,2,4,0.9974813322270949,0.9950248756218906,1.0,0.9975062344139651,0.005075232863625508,False,0.9999445868865817,0.9999383202909324,,,,,,,,351955.19999999995,13521.0,640.3687853813171,50.0,,
edge_iiotset,Dense_AE,2,4,0.9974220694559678,0.9949084099022649,1.0,0.997447707337108,0.005194650107475519,False,0.9999187365655601,0.9999072150413594,3.0,,,,,,,15032.8,3365.0,52.35535502433777,47.0,,
edge_iiotset,Dense_SNN,2,4,0.9969775986725139,0.9940357852882704,1.0,0.9970089730807578,0.006090279436350609,False,0.9999264951741383,0.999920529059889,3.0,,0.5774062275886536,,,0.5393958687782288,0.6185104250907898,24463.199999999997,3365.0,74.32631826400757,48.0,,1.7322186827659607
edge_iiotset,IF,2,4,0.8844672276875667,0.9899768120278256,0.7785294117647059,0.871612499588396,0.0080009553379508,False,0.9902909601146406,0.9707081349448854,,,,,,,,,,1.6060242652893066,,,
edge_iiotset,LOF,2,4,0.9967405475880052,0.9955985915492958,0.9979411764705882,0.9967685076380729,0.004478146644375448,False,0.9996726457241603,0.9995629883950042,,,,,,,,,,1.2007887363433838,,,
edge_iiotset,LSTM_AE,2,4,0.9974517008415313,0.994966639353857,1.0,0.9974769700170157,0.0051349414855505135,False,0.9999824983492321,0.9999814434113807,,,,,,,,331200.0,72801.0,325.5878167152405,50.0,,
edge_iiotset,OCSVM,2,4,0.9977480146971672,0.9956073562141268,0.9999411764705882,0.9977695603686095,0.004478146644375448,False,0.9999217430702876,0.9999118884368319,,,,,,,,,,0.16941428184509277,,,
edge_iiotset,SNN_AE,2,4,0.9962368140334242,0.9938535386056313,0.9987058823529412,0.9962738021887745,0.006269405302125627,False,0.9998596706893887,0.9998451179582157,3.0,0.40197914838790894,0.47859373688697815,0.44327086210250854,0.36130210757255554,0.49403125047683716,0.4648333191871643,11452.991949462888,3365.0,108.53314161300659,50.0,1.2059374451637268,1.4357812106609344
edge_iiotset,SNN_AE_T2,2,4,0.9962368140334242,0.9940849194729137,0.9984705882352941,0.9962729273661042,0.006030570814425603,False,0.9997039822138553,0.9996870411085348,2.0,0.4742812514305115,0.5136250257492065,0.49332812428474426,0.45839062333106995,0.5044218897819519,0.5271562337875366,11209.395202636719,3365.0,99.79812932014465,49.0,0.948562502861023,1.027250051498413
edge_iiotset,SNN_AE_T5,2,4,0.9962368140334242,0.9938535386056313,0.9987058823529412,0.9962738021887745,0.006269405302125627,False,0.9998719109568833,0.9998575936340838,5.0,0.41349372267723083,0.530593752861023,0.44804373383522034,0.3808687627315521,0.5515812635421753,0.5133938193321228,12259.779074096678,3365.0,148.79697561264038,50.0,2.067468613386154,2.6529687643051147
edge_iiotset,SNN_AE_T7,2,4,0.996681284816878,0.9940901111761263,0.9993529411764706,0.9967145790554415,0.006030570814425603,False,0.9998945580859523,0.999879702017736,7.0,0.44096875190734863,0.5062679052352905,0.48090624809265137,0.403705358505249,0.5333393216133118,0.47989732027053833,13211.977612304687,3365.0,206.7231523990631,50.0,3.0867812633514404,3.5438753366470337
edge_iiotset,SNN_AE_noBN,2,4,0.9962071826478606,0.9936797752808989,0.9988235294117647,0.9962450129077681,0.006448531167900645,False,0.9998094311524466,0.9997927925719514,3.0,0.5284166932106018,0.5576353669166565,0.5502291917800903,0.499729186296463,0.5740520358085632,0.5407708287239075,11195.36647338867,3233.0,90.39104342460632,47.0,1.5852500796318054,1.6729061007499695
edge_iiotset,SNN_Dense,2,4,0.9973628066848406,0.9949657554293743,0.9998235294117647,0.9973887275181176,0.0051349414855505135,False,0.999911487236404,0.9998978907461143,3.0,0.43968746066093445,,0.37807291746139526,0.5110729336738586,,,16258.04789123535,3365.0,81.2621386051178,50.0,1.3190623819828033,
edge_iiotset,CNN_AE,2,5,0.998844341719264,0.9977111332824696,1.0,0.9988542554129087,0.0023287753030393505,False,0.9998695464332505,0.9998582581919185,,,,,,,,351955.19999999995,13521.0,661.5312151908875,43.0,,
edge_iiotset,Dense_AE,2,5,0.9967108187394436,0.9935129448892526,1.0,0.9967459177391458,0.006628052785573536,False,0.999325094222319,0.9991010715611698,3.0,,,,,,,15032.8,3365.0,32.50722646713257,32.0,,
edge_iiotset,Dense_SNN,2,5,0.9976294189113106,0.9964206079098697,0.9988823529411764,0.9976499618118795,0.0036424434227025734,False,0.9993290457641227,0.9991080642531293,3.0,,0.5613332986831665,,,0.566781222820282,0.5561770796775818,24463.199999999997,3365.0,67.74827980995178,49.0,,1.6839998960494995
edge_iiotset,IF,2,5,0.8732035440187276,0.9893068697592122,0.7564705882352941,0.8573619120637355,0.008299994028781274,False,0.9881551217250499,0.968420382769203,,,,,,,,,,1.489025354385376,,,
edge_iiotset,LOF,2,5,0.8693217174859987,0.9955132241813602,0.7439411764705882,0.8515351467815783,0.003403594673672897,False,0.9971571062771559,0.9926463826093687,,,,,,,,,,1.60835862159729,,,
edge_iiotset,LSTM_AE,2,5,0.9982516964470916,0.9965414150888094,1.0,0.9982677119116826,0.003523019048187735,False,0.9999633051046894,0.9999603623072137,,,,,,,,331200.0,72801.0,342.6302673816681,45.0,,
edge_iiotset,OCSVM,2,5,0.9976590511749193,0.9953744364424146,1.0,0.9976818568619972,0.00471726279333612,False,0.9999635685408097,0.999959684878951,,,,,,,,,,0.2364201545715332,,,
edge_iiotset,SNN_AE,2,5,0.9955551604587074,0.9922294928721664,0.999,0.9956032360182905,0.007941720905236758,False,0.9991817041858243,0.9987117775513863,3.0,0.39488545060157776,0.4492500424385071,0.47761455178260803,0.32749998569488525,0.5161250233650208,0.3953229486942291,11433.37929382324,3365.0,97.86183643341064,50.0,1.1846563518047333,1.3477501273155212
edge_iiotset,SNN_AE_T2,2,5,0.9958811153584022,0.9932135962089744,0.9986470588235294,0.995922916727774,0.006926613721860632,False,0.9990703233941811,0.9980799977362881,2.0,0.39281249046325684,0.4361250102519989,0.47379687428474426,0.3274218738079071,0.4990937411785126,0.3840624988079071,11059.231982421874,3365.0,79.14623856544495,50.0,0.7856249809265137,0.8722500205039978
edge_iiotset,SNN_AE_T5,2,5,0.9952884700862299,0.9907337257415934,1.0,0.9953452969934717,0.009494237773929659,False,0.9992908053769068,0.9989726484891287,5.0,0.3952625095844269,0.5213375091552734,0.47750625014305115,0.32779377698898315,0.5648437738418579,0.48791250586509705,12175.769644165037,3365.0,150.79979848861694,49.0,1.9763125479221344,2.606687545776367
edge_iiotset,SNN_AE_T7,2,5,0.9969775091119211,0.994093567251462,0.9999411764705882,0.9970087976539589,0.006030930912999343,False,0.9993422878197675,0.9989958495997575,7.0,0.3965669572353363,0.5025044679641724,0.47791072726249695,0.3327009081840515,0.5668526887893677,0.4533526599407196,12925.5327545166,3365.0,153.42958235740662,49.0,2.775968700647354,3.5175312757492065
edge_iiotset,SNN_AE_noBN,2,5,0.9945772957596231,0.9906634766878684,0.9986470588235294,0.9946392477370595,0.009553949961187079,False,0.9992212547286783,0.9990022196069943,3.0,0.4704582989215851,0.49286454916000366,0.4578437805175781,0.476500004529953,0.4999062418937683,0.4843958020210266,11035.123104858398,3233.0,71.11444520950317,47.0,1.4113748967647552,1.478593647480011
edge_iiotset,SNN_Dense,2,5,0.9970071413755297,0.9940939126366879,1.0,0.9970382100231665,0.006030930912999343,False,0.9994757024085086,0.9993587631424703,3.0,0.4234166443347931,,0.38867706060409546,0.4490937888622284,,,16213.062338256834,3365.0,66.90681457519531,50.0,1.2702499330043793,
edge_iiotset,CNN_AE,2,6,0.9986076549354189,0.9972429166422244,1.0,0.9986195553205862,0.0028049653855335404,False,0.9999585644475025,0.999956459251597,,,,,,,,351955.19999999995,13521.0,624.8596420288086,50.0,,
edge_iiotset,Dense_AE,2,6,0.9980744164000473,0.9961910342806914,1.0,0.9980918831645383,0.0038792074480783,False,0.99986743993372,0.9998398407275966,3.0,,,,,,,15032.8,3365.0,46.09107971191406,49.0,,
edge_iiotset,Dense_SNN,2,6,0.9979262945846664,0.9958992384299942,1.0,0.9979454065159965,0.0041776080210074,False,0.9998786106469325,0.9998485305719867,3.0,,0.5625312328338623,,,0.5456249713897705,0.5750417113304138,24463.199999999997,3365.0,66.01557064056396,50.0,,1.687593698501587
edge_iiotset,IF,2,6,0.8770885175968717,0.9906834669721267,0.7631176470588236,0.8621365675361355,0.00728097397947004,False,0.9899920976507098,0.9743112378026373,,,,,,,,,,3.6507437229156494,,,
edge_iiotset,LOF,2,6,0.9957340917170281,0.993269343322018,0.9982941176470588,0.9957753916563985,0.006863213177369301,False,0.9987740756603429,0.9979151127487023,,,,,,,,,,2.6273558139801025,,,
edge_iiotset,LSTM_AE,2,6,0.9989631472923333,0.9979454065159965,1.0,0.9989716468341413,0.0020888040105037,False,0.9999994453259938,0.9999994532207388,,,,,,,,331200.0,72801.0,235.91292762756348,32.0,,
edge_iiotset,OCSVM,2,6,0.9969190662400759,0.9939195509822264,1.0,0.9969505043396669,0.0062067319169252805,False,0.999922893291955,0.9999147419567791,,,,,,,,,,0.17435503005981445,,,
edge_iiotset,SNN_AE,2,6,0.9947861120985899,0.990781796966161,0.9989411764705882,0.9948447568834212,0.00942945810455956,False,0.9998403451616978,0.9997995454586759,3.0,0.4867812395095825,0.5126875042915344,0.44597917795181274,0.5207812786102295,0.5036771297454834,0.518458366394043,11687.452770996093,3365.0,95.77335619926453,49.0,1.4603437185287476,1.5380625128746033
edge_iiotset,SNN_AE_T2,2,6,0.9946083659201327,0.9907785689272791,0.9985882352941177,0.9946680728892013,0.00942945810455956,False,0.999743375507281,0.9997175028859333,2.0,0.5018749833106995,0.49953123927116394,0.45470312237739563,0.5431874990463257,0.4800625145435333,0.5125468969345093,11260.25596923828,3365.0,73.48846006393433,48.0,1.003749966621399,0.9990624785423279
edge_iiotset,SNN_AE_T5,2,6,0.9962080815262472,0.9933910398877062,0.9991176470588236,0.9962461141415919,0.006743852948197661,False,0.9998678682263069,0.9998420142593428,5.0,0.4790562391281128,0.5372624397277832,0.42195627093315125,0.5314062237739563,0.5046437978744507,0.5638875365257263,12561.891149902342,3365.0,137.83397603034973,50.0,2.395281195640564,2.686312198638916
edge_iiotset,SNN_AE_T7,2,6,0.995882213532409,0.9925796085305287,0.9992941176470588,0.9959255459475305,0.007579374552399141,False,0.9998819527333492,0.9998666716521587,7.0,0.501383900642395,0.5799463987350464,0.45270538330078125,0.5460357069969177,0.5612231492996216,0.5955223441123962,13601.727819824217,3365.0,173.75005912780762,49.0,3.509687304496765,4.059624791145325
edge_iiotset,SNN_AE_noBN,2,6,0.9965635738831615,0.9932227155877541,1.0,0.9965998358541447,0.006922893291955121,False,0.9997836911799811,0.9997421777680201,3.0,0.5138542056083679,0.5428749918937683,0.5240208506584167,0.5074062347412109,0.554395854473114,0.5303646326065063,11155.104107666015,3233.0,143.8073387145996,50.0,1.5415626168251038,1.628624975681305
edge_iiotset,SNN_Dense,2,6,0.9969190662400759,0.9939195509822264,1.0,0.9969505043396669,0.0062067319169252805,False,0.999886018002331,0.9998659733159456,3.0,0.39532291889190674,,0.4008958339691162,0.3881770670413971,,,16135.388806152343,3365.0,83.4823853969574,49.0,1.1859687566757202,
edge_iiotset,CNN_AE,2,7,0.9983405440644817,0.9967166979362101,1.0,0.9983556495184402,0.0033440821688761496,False,0.9998687166733408,0.9998639984505864,,,,,,,,351955.19999999995,13521.0,602.3533360958099,47.0,,
edge_iiotset,Dense_AE,2,7,0.9972441178213715,0.9945591762709881,1.0,0.9972721673070718,0.005553565030455034,False,0.9994838626959203,0.9993798505587803,3.0,,,,,,,15032.8,3365.0,39.138556480407715,33.0,,
edge_iiotset,Dense_SNN,2,7,0.9960587921531441,0.9933313834454519,0.9988823529411764,0.9960991347704942,0.00680759584378359,False,0.9995577855291167,0.9994879936320799,3.0,,0.5731770992279053,,,0.546875,0.6015416383743286,24463.199999999997,3365.0,59.646098375320435,44.0,,1.7195312976837158
edge_iiotset,IF,2,7,0.8726367569489717,0.9901975918493362,0.7546470588235294,0.8565229002537055,0.007583900632986982,False,0.9871174257592682,0.9676542801472157,,,,,,,,,,1.2827625274658203,,,
edge_iiotset,LOF,2,7,0.8736146506252593,0.9933369489424343,0.7541764705882353,0.8573912461965426,0.005135554759345515,False,0.9819269974919383,0.9803370118839835,,,,,,,,,,1.40755295753479,,,
edge_iiotset,LSTM_AE,2,7,0.9989035737568897,0.9978282561483829,1.0,0.9989129476745894,0.0022094828615788847,False,0.999978727141161,0.9999766137080125,,,,,,,,331200.0,72801.0,305.87617802619934,43.0,,
edge_iiotset,OCSVM,2,7,0.9965032892787293,0.9931066713401099,1.0,0.9965414150888094,0.007046458855846172,False,0.9999691796460612,0.9999665005831906,,,,,,,,,,0.15311527252197266,,,
edge_iiotset,SNN_AE,2,7,0.9946364013512713,0.9899213515875328,0.9995294117647059,0.9947021805941754,0.010330825271706676,False,0.9995213958030363,0.9994380876843292,3.0,0.4852812886238098,0.5191249847412109,0.44978123903274536,0.5258124470710754,0.5288853645324707,0.5075833201408386,11683.305706787109,3365.0,87.897043466568,49.0,1.4558438658714294,1.5573749542236328
edge_iiotset,SNN_AE_T2,2,7,0.9954661293190304,0.9911375430004081,0.9999411764705882,0.9955198969283476,0.00907679445837812,False,0.9992328984621437,0.9990940704639324,2.0,0.5017499923706055,0.524734377861023,0.4718906283378601,0.5367187261581421,0.5318593978881836,0.5141249895095825,11260.0255859375,3365.0,68.83467507362366,40.0,1.003499984741211,1.049468755722046
edge_iiotset,SNN_AE_T5,2,7,0.9969477864043146,0.9942088329921029,0.9997647058823529,0.9969790291831647,0.005911859548548907,False,0.9994116487870677,0.9992686611210526,5.0,0.46406251192092896,0.5481375455856323,0.446462482213974,0.4831874668598175,0.5498437285423279,0.5458062887191772,12492.800054931638,3365.0,128.31326031684875,50.0,2.3203125596046448,2.7406877279281616
edge_iiotset,SNN_AE_T7,2,7,0.9961773247199668,0.992526420272085,0.9999411764705882,0.9962200017581387,0.007643616386002627,False,0.9994734124391427,0.9993702669423667,7.0,0.4936339557170868,0.5898615717887878,0.44695985317230225,0.5489464998245239,0.5821651816368103,0.598437488079071,13551.731375122068,3365.0,165.88975596427917,50.0,3.4554376900196075,4.129031002521515
edge_iiotset,SNN_AE_noBN,2,7,0.9957031944526759,0.9925770062540183,0.9989411764705882,0.9957489225717553,0.007583900632986982,False,0.9994375865000246,0.9993234731106279,3.0,0.48867711424827576,0.4860832989215851,0.5194582939147949,0.4518958032131195,0.49519795179367065,0.47490623593330383,11085.494485473631,3233.0,81.08763122558594,48.0,1.4660313427448273,1.4582498967647552
edge_iiotset,SNN_Dense,2,7,0.9977478812303681,0.9955493089716562,1.0,0.997769691278319,0.00453839722918906,False,0.9995007201017276,0.9994097347718984,3.0,0.4751770794391632,,0.40827080607414246,0.5521458983421326,,,16356.1695892334,3365.0,84.9872624874115,49.0,1.4255312383174896,
edge_iiotset,CNN_AE,2,8,0.9939838980801557,0.9881422924901185,1.0,0.9940357852882704,0.012064580992370927,False,0.9986554671546306,0.9984891213846238,,,,,,,,351955.19999999995,13521.0,687.7993876934052,48.0,,
edge_iiotset,Dense_AE,2,8,0.9925388539915656,0.9853358836144439,1.0,0.9926137856538113,0.0149624460346561,False,0.9984150521998378,0.9980924047266754,3.0,,,,,,,15032.8,3365.0,83.92479920387268,50.0,,
edge_iiotset,Dense_SNN,2,8,0.9918605679907989,0.9840240796480667,1.0,0.9919477185202474,0.01632266840144302,False,0.9984123839375482,0.9980921311380481,3.0,,0.5321249961853027,,,0.5774166584014893,0.48864588141441345,24463.199999999997,3365.0,85.6412296295166,49.0,,1.5963749885559082
edge_iiotset,IF,2,8,0.8704768645492347,0.9828431372549019,0.7548235294117647,0.8538727708277881,0.013247383050446508,False,0.986119626512856,0.9668336662370873,,,,,,,,,,1.3436827659606934,,,
edge_iiotset,LOF,2,8,0.750331770326462,0.9728501773049646,0.5164117647058823,0.6746849062403935,0.014489325211425867,False,0.9633003238790342,0.9551131011546397,,,,,,,,,,1.41292142868042,,,
edge_iiotset,LSTM_AE,2,8,0.994514730602495,0.9891772372861631,1.0,0.9945591762709881,0.011000059140102905,False,0.9987326136794537,0.9985855888487022,,,,,,,,331200.0,72801.0,299.5325880050659,49.0,,
edge_iiotset,OCSVM,2,8,0.9923324191217671,0.984936268829664,1.0,0.99241097489784,0.015376426754982554,False,0.9978550650019307,0.9973691996945444,,,,,,,,,,0.2260117530822754,,,
edge_iiotset,SNN_AE,2,8,0.9917720959037424,0.9849759266778816,0.9988235294117647,0.9918513975291334,0.015317286652078774,False,0.998434585827944,0.998126720416445,3.0,0.3920416533946991,0.460625022649765,0.4429895579814911,0.3435312509536743,0.5143437385559082,0.4058021008968353,11425.516763305663,3365.0,88.88787055015564,50.0,1.1761249601840973,1.381875067949295
edge_iiotset,SNN_AE_T2,2,8,0.9899731634669262,0.9815028901734104,0.9988235294117647,0.9900874635568513,0.018924832929209295,False,0.9978566269964133,0.997494684296129,2.0,0.3959375023841858,0.48253124952316284,0.4594687521457672,0.34165623784065247,0.5199687480926514,0.4497031271457672,11064.992004394531,3365.0,96.6630392074585,46.0,0.7918750047683716,0.9650624990463257
edge_iiotset,SNN_AE_T5,2,8,0.992214456339025,0.9847080630213161,1.0,0.9922951202428204,0.01561298716659767,False,0.9983014040556196,0.9979790701974841,5.0,0.4185499846935272,0.5366874933242798,0.4665062129497528,0.38544371724128723,0.5699874758720398,0.5100625157356262,12283.078329467771,3365.0,154.38183546066284,49.0,2.092749923467636,2.683437466621399
edge_iiotset,SNN_AE_T7,2,8,0.9910938099029756,0.9825453704774014,1.0,0.9911958486385634,0.017860311076941273,False,0.9982494042504338,0.9979245458532712,7.0,0.3818303644657135,0.5284107327461243,0.46376335620880127,0.30824553966522217,0.573138415813446,0.48837050795555115,12830.46404724121,3365.0,192.05318427085876,50.0,2.6728125512599945,3.69887512922287
edge_iiotset,SNN_AE_noBN,2,8,0.9925388539915656,0.98629420988443,0.999,0.9926064467108916,0.013957064285291856,False,0.9979869056854511,0.9976121075812326,3.0,0.5105416774749756,0.5284791588783264,0.5236250162124634,0.5014687776565552,0.5113229155540466,0.5443646311759949,11145.945629882812,3233.0,102.79973030090332,50.0,1.5316250324249268,1.5854374766349792
edge_iiotset,SNN_Dense,2,8,0.9943967678197528,0.9889470622454916,1.0,0.9944428195378766,0.01123661955171802,False,0.9985064236588244,0.9982047772960554,3.0,0.39658334851264954,,0.37573960423469543,0.4204583764076233,,,16138.873641967773,3365.0,80.63515853881836,49.0,1.1897500455379486,
edge_iiotset,CNN_AE,2,9,0.9874551971326165,0.975497790784415,1.0,0.9875969442588666,0.02506162695152013,False,0.9999983117322524,0.9999982925444736,,,,,,,,351955.19999999995,13521.0,632.3660643100739,49.0,,
edge_iiotset,Dense_AE,2,9,0.9903637111463658,0.9810710987996306,1.0,0.9904451176881846,0.01925108580819345,False,0.9999527043356373,0.9999461127775999,3.0,,,,,,,15032.8,3365.0,38.97312903404236,27.0,,
edge_iiotset,Dense_SNN,2,9,0.9886597332393208,0.9777982284596802,1.0,0.9887745012505089,0.02265524122549595,False,0.9999423537697741,0.9999252736389799,3.0,,0.6286771297454834,,,0.5814062356948853,0.6749271154403687,24463.199999999997,3365.0,70.99970030784607,50.0,,1.8860313892364502
edge_iiotset,IF,2,9,0.8707620894294612,0.9751866656610604,0.7605882352941177,0.8546217654251628,0.019309778142974528,False,0.9823014127590229,0.9684789535265841,,,,,,,,,,1.427126407623291,,,
edge_iiotset,LOF,2,9,0.868617427580939,0.9663490172721858,0.7635294117647059,0.8530494216614091,0.02652893532104707,False,0.9854090907521594,0.980483768092169,,,,,,,,,,1.6693649291992188,,,
edge_iiotset,LSTM_AE,2,9,0.9874845760620483,0.9755537702283944,1.0,0.9876256317899262,0.025002934616739053,False,0.9999997755881317,0.9999997749999342,,,,,,,,331200.0,72801.0,289.40041184425354,33.0,,
edge_iiotset,OCSVM,2,9,0.9874845760620483,0.9755537702283944,1.0,0.9876256317899262,0.025002934616739053,False,0.9999997583256803,0.9999997576717594,,,,,,,,,,0.2177734375,,,
edge_iiotset,SNN_AE,2,9,0.9937129091015924,0.9879083827461923,0.9996470588235294,0.9937430559616397,0.012208005634464138,False,0.9999394122480546,0.9999222639863944,3.0,0.4790624976158142,0.4805416762828827,0.4658021032810211,0.499708354473114,0.4674896001815796,0.4973124861717224,11666.111993408202,3365.0,145.22288131713867,50.0,1.4371874928474426,1.441625028848648
edge_iiotset,SNN_AE_T2,2,9,0.989864269346025,0.9812193007801213,0.9988235294117647,0.989943156974202,0.019075008803850216,False,0.999745910525262,0.999725306234172,2.0,0.45707812905311584,0.5137500166893005,0.4941718876361847,0.4214687645435333,0.5052343606948853,0.5237030982971191,11177.686407470701,3365.0,86.73375940322876,50.0,0.9141562581062317,1.027500033378601
edge_iiotset,SNN_AE_T5,2,9,0.987690228568071,0.9759458063034617,1.0,0.9878264911821959,0.02459208827327151,False,0.9998910808366074,0.999848954423452,5.0,0.41600626707077026,0.509362518787384,0.43441876769065857,0.4008624851703644,0.5290625095367432,0.4877749979496002,12271.356878662107,3365.0,161.59228253364563,50.0,2.0800313353538513,2.54681259393692
edge_iiotset,SNN_AE_T7,2,9,0.9881896703684118,0.9768992069877026,1.0,0.988314632870182,0.023594318581993193,False,0.9999536503179743,0.9999212233751706,7.0,0.3661428391933441,0.5132544636726379,0.4283883571624756,0.301049143075943,0.5477678179740906,0.4803348183631897,12729.2606842041,3365.0,200.21261644363403,50.0,2.562999874353409,3.5927812457084656
edge_iiotset,SNN_AE_noBN,2,9,0.9871907867677302,0.9749942647396191,1.0,0.9873388314554536,0.02558985796454983,False,0.9994013519951939,0.9993703533854891,3.0,0.5387917160987854,0.5477499961853027,0.5217604637145996,0.5539790987968445,0.538281261920929,0.5506770610809326,11224.05133666992,3233.0,96.90221810340881,50.0,1.6163751482963562,1.6432499885559082
edge_iiotset,SNN_Dense,2,9,0.98816029143898,0.976843073033385,1.0,0.9882859052989564,0.02365301091677427,False,0.9999492725602978,0.9999278301476766,3.0,0.47327083349227905,,0.4207083582878113,0.5274167060852051,,,16350.899200439453,3365.0,78.71992921829224,50.0,1.4198125004768372,
ciciot2023,CNN_AE,0,0,0.8673668898204342,0.9890670401572005,0.7421803921568627,0.8480199306370814,0.00815734472970022,False,0.9058594096177949,0.9372335557003848,,,,,,,,351955.19999999995,13521.0,2355.3482933044434,50.0,,
ciciot2023,Dense_AE,0,0,0.8648485891259463,0.9839815026975233,0.7409882352941176,0.8453698649749009,0.011994260223976042,False,0.8837656228764083,0.9171892206079453,3.0,,,,,,,15032.8,3365.0,66.9837896823883,17.0,,
ciciot2023,Dense_SNN,0,0,0.8821091159356816,0.9822461757945629,0.7776,0.8680243044003572,0.013975106840939576,False,0.9176911379057036,0.9435848399749815,3.0,,0.2640624940395355,,,0.25170832872390747,0.2746666967868805,24463.199999999997,3365.0,191.15370845794678,42.0,,0.7921874821186066
ciciot2023,IF,0,0,0.530602828004755,0.8250566300749259,0.07427450980392157,0.1362805623911698,0.0156596063262314,False,0.7824788053387747,0.7614190626528456,,,,,,,,,,1.964867115020752,,,
ciciot2023,LOF,0,0,0.542693799662141,0.6663724068352355,0.16577254901960783,0.2654976196158726,0.08252487756184297,False,0.7383326202652505,0.7038538638068846,,,,,,,,,,1.3435091972351074,,,
ciciot2023,LSTM_AE,0,0,0.8322827379090283,0.9203680518293289,0.7264627450980392,0.8119997545345361,0.06249805034781795,False,0.8822590005425385,0.9147137548292735,,,,,,,,331200.0,72801.0,1085.5403769016266,45.0,,
ciciot2023,OCSVM,0,0,0.7274682475129826,0.972194085933671,0.4667294117647059,0.6306819988341901,0.013273232055401317,False,0.8034878089090083,0.8446511766814254,,,,,,,,,,0.42879414558410645,,,
ciciot2023,SNN_AE,0,0,0.8709879246699619,0.9811036448788434,0.7557960784313725,0.8538366117313486,0.014474217799544562,False,0.9163514872711415,0.9402949616753099,3.0,0.2982083559036255,0.2562499940395355,0.3113645613193512,0.2888645827770233,0.25998958945274353,0.25330206751823425,11166.086462402342,3365.0,271.37750697135925,50.0,0.8946250677108765,0.7687499821186066
ciciot2023,SNN_AE_T2,0,0,0.748740849652756,0.9897172236503856,0.5012549019607843,0.665472682403657,0.005178276195526718,False,0.8731309859215234,0.9075577349788052,2.0,0.7708125114440918,0.3323437571525574,0.8663125038146973,0.688406229019165,0.38132813572883606,0.2900937497615814,11755.96162109375,3365.0,146.88466024398804,23.0,1.5416250228881836,0.6646875143051147
ciciot2023,SNN_AE_T5,0,0,0.8461333917287117,0.9675208960923246,0.7154039215686274,0.8225777360940769,0.023879339925757245,False,0.8965481247557201,0.9274904878806601,5.0,0.24715624749660492,0.22209374606609344,0.2968125343322754,0.20406875014305115,0.23004376888275146,0.21525625884532928,11493.295988464353,3365.0,463.6847758293152,50.0,1.2357812374830246,1.1104687303304672
ciciot2023,SNN_AE_T7,0,0,0.8527732590877808,0.9846173761083903,0.7158901960784314,0.8290206265156538,0.011120816046417318,False,0.8909863211791252,0.9280636680600799,7.0,0.18110713362693787,0.20796875655651093,0.11559822410345078,0.23827679455280304,0.18745537102222443,0.22523660957813263,11535.5583404541,3365.0,577.196295261383,49.0,1.267749935388565,1.4557812958955765
ciciot2023,SNN_AE_noBN,0,0,0.8343787148845648,0.9835533041048591,0.6791686274509804,0.8035000139184011,0.011292385438437783,False,0.8854563536641533,0.9172891623788206,3.0,0.2969479262828827,0.2436354160308838,0.29870834946632385,0.300489604473114,0.24639584124088287,0.24397915601730347,10555.401626586914,3233.0,193.71219086647034,35.0,0.8908437788486481,0.7309062480926514
ciciot2023,SNN_Dense,0,0,0.8640274041168742,0.9907905322437227,0.7341019607843138,0.8433467887263029,0.006784789593536513,False,0.9052566062779106,0.9345365448853798,3.0,0.2588645815849304,,0.2590728998184204,0.2600729167461395,,,15758.108795166016,3365.0,263.5766565799713,43.0,0.7765937447547913,
ciciot2023,CNN_AE,0,1,0.8740067571795033,0.9843629265118549,0.7593568627450981,0.8573427316520261,0.011994260223976042,False,0.9161113759987571,0.9431252184884191,,,,,,,,351955.19999999995,13521.0,2468.08371758461,49.0,,
ciciot2023,Dense_AE,0,1,0.8578802477632484,0.9702641353693768,0.7375529411764706,0.8380536494073612,0.022475590354680726,False,0.9285899030342399,0.9491609733292756,3.0,,,,,,,15032.8,3365.0,135.2141990661621,41.0,,
ciciot2023,Dense_SNN,0,1,0.8522336232246762,0.9865286997266692,0.7133647058823529,0.8279986890976623,0.009685872040427987,False,0.9240455954987042,0.945335094153858,3.0,,0.257750004529953,,,0.2289375215768814,0.2891354262828827,24463.199999999997,3365.0,118.90888047218323,22.0,,0.773250013589859
ciciot2023,IF,0,1,0.5890242757930301,0.9861123166391806,0.17821176470588235,0.301869245791872,0.0024955547930249245,False,0.8951728028566762,0.9178929854292601,,,,,,,,,,1.6114952564239502,,,
ciciot2023,LOF,0,1,0.5545032221735594,0.823652837386743,0.13546666666666668,0.23266653195931838,0.028839255076894284,False,0.7920230903653848,0.7818714573448114,,,,,,,,,,0.5151956081390381,,,
ciciot2023,LSTM_AE,0,1,0.8466730275918163,0.992964824120603,0.6974117647058824,0.8193503800967519,0.00491312349876782,False,0.8942657402531153,0.9301973721578425,,,,,,,,331200.0,72801.0,1068.4157936573029,50.0,,
ciciot2023,OCSVM,0,1,0.7389648376399925,0.9659722009143629,0.49383529411764704,0.6535535234220115,0.017297314159154007,False,0.8504248570713809,0.8796176855348885,,,,,,,,,,0.24549078941345215,,,
ciciot2023,SNN_AE,0,1,0.838797472314334,0.9745445744961718,0.6948235294117647,0.8112488782256735,0.018045980597061483,False,0.9093325572647252,0.9328655688213229,3.0,0.343479186296463,0.2434374988079071,0.30941668152809143,0.3837291896343231,0.23804166913032532,0.2514895796775818,11291.25125427246,3365.0,221.25897336006165,33.0,1.030437558889389,0.7303124964237213
ciciot2023,SNN_AE_T2,0,1,0.8287242695363825,0.9871717265785063,0.6651137254901961,0.7947554872448501,0.008594066818479584,False,0.8969224661708586,0.9251941735405406,2.0,0.8235312700271606,0.3557812571525574,0.893359363079071,0.7533281445503235,0.396671861410141,0.3159843683242798,11853.132836914061,3365.0,121.32740354537964,17.0,1.6470625400543213,0.7115625143051147
ciciot2023,SNN_AE_T5,0,1,0.8513967965963837,0.9842231696496202,0.7133803921568628,0.8271960857426085,0.011370371525719812,False,0.9262626836878183,0.945041169168811,5.0,0.3191874921321869,0.25721874833106995,0.2644374966621399,0.3752937316894531,0.2513124942779541,0.26340624690055847,11825.215963745115,3365.0,458.0114769935608,48.0,1.5959374606609344,1.2860937416553497
ciciot2023,SNN_AE_T7,0,1,0.855604392166677,0.985985019208894,0.7206274509803922,0.832676291201073,0.010184982999032973,False,0.9202978359013693,0.9423844904234526,7.0,0.19671429693698883,0.20220981538295746,0.12770982086658478,0.26929017901420593,0.1801830381155014,0.22674107551574707,11636.2432723999,3365.0,619.4790074825287,50.0,1.3770000785589218,1.4154687076807022
ciciot2023,SNN_AE_noBN,0,1,0.8268394544203216,0.9885405659269696,0.6603450980392157,0.7917806930925848,0.007611442118726019,False,0.905964503546685,0.9305320474845686,3.0,0.3204895555973053,0.2094895988702774,0.32995831966400146,0.3138645589351654,0.21772918105125427,0.20547915995121002,10620.489523315428,3233.0,229.65614557266235,48.0,0.9614686667919159,0.6284687966108322
ciciot2023,SNN_Dense,0,1,0.8605471438403304,0.9888432303532267,0.7285176470588235,0.8389497547802054,0.008172941947156627,False,0.922803934780388,0.9449302697723455,3.0,0.2826874852180481,,0.29612499475479126,0.26530206203460693,,,15823.974359130858,3365.0,205.301589012146,44.0,0.8480624556541443,
ciciot2023,CNN_AE,0,2,0.8690266863767214,0.999808241360208,0.736078431372549,0.847909363593654,0.00013893176906452608,False,0.958746228259751,0.9738352831237389,,,,,,,,351955.19999999995,13521.0,2401.4893164634705,50.0,,
ciciot2023,Dense_AE,0,2,0.869719131720221,1.0,0.7373333333333333,0.8488104374520338,0.0,False,0.8969591315402357,0.9386941600066153,3.0,,,,,,,15032.8,3365.0,128.61804938316345,49.0,,
ciciot2023,Dense_SNN,0,2,0.875064187349257,0.9992253904450865,0.7486901960784313,0.8560027260662147,0.0005711639394874961,False,0.9069282253660957,0.9431469038111235,3.0,,0.2746354043483734,,,0.22566665709018707,0.3201979100704193,24463.199999999997,3365.0,147.07890677452087,31.0,,0.8239062130451202
ciciot2023,IF,0,2,0.7535050182836692,0.9995326811639355,0.5032627450980393,0.6694558050246223,0.0002315529484408768,False,0.8411953735418218,0.8956452132958101,,,,,,,,,,1.514265775680542,,,
ciciot2023,LOF,0,2,0.5983038979226639,1.0,0.19011764705882353,0.3194938710952946,0.0,False,0.9322829575819213,0.956935148747483,,,,,,,,,,0.5391237735748291,,,
ciciot2023,LSTM_AE,0,2,0.8677507196763401,0.9999572247412097,0.7333960784313726,0.8461802979023764,3.087372645878358e-05,False,0.9163217501165333,0.9489570417494192,,,,,,,,331200.0,72801.0,1081.5599546432495,50.0,,
ciciot2023,OCSVM,0,2,0.7392826577452735,0.9998347107438017,0.4744313725490196,0.6435106382978724,7.718431614695894e-05,False,0.8970363602903341,0.9218480573700711,,,,,,,,,,0.3041055202484131,,,
ciciot2023,SNN_AE,0,2,0.8464638605772972,0.9998637230853094,0.6905411764705882,0.8169014084507042,9.262117937635072e-05,False,0.9437979979296443,0.9617159661051466,3.0,0.3180208206176758,0.24452084302902222,0.2940729260444641,0.351687490940094,0.22022917866706848,0.2735416889190674,11220.86396484375,3365.0,270.9812285900116,42.0,0.9540624618530273,0.7335625290870667
ciciot2023,SNN_AE_T2,0,2,0.8002334085427527,1.0,0.5972392156862745,0.7478394091766185,0.0,False,0.9247678792171392,0.945268932010459,2.0,0.7588281035423279,0.27931249141693115,0.9382343888282776,0.5790156126022339,0.33714061975479126,0.2200624942779541,11733.871960449218,3365.0,91.50380659103394,11.0,1.5176562070846558,0.5586249828338623
ciciot2023,SNN_AE_T5,0,2,0.8329961876604683,0.9985850725150336,0.664235294117647,0.7977956761339551,0.0009262117937635072,False,0.9407261476248417,0.9589204669785149,5.0,0.3109312653541565,0.24741876125335693,0.32020625472068787,0.3061687648296356,0.22408126294612885,0.2733812630176544,11787.171270751951,3365.0,449.1719391345978,50.0,1.5546563267707825,1.2370938062667847
ciciot2023,SNN_AE_T7,0,2,0.8627402162919163,0.9991988220518817,0.723843137254902,0.8395189753665903,0.0005711639394874961,False,0.9387094707274698,0.9583577772657184,7.0,0.17824552953243256,0.2413794845342636,0.10339286178350449,0.25425446033477783,0.21326784789562225,0.2691875100135803,11517.097560119628,3365.0,586.9634032249451,50.0,1.247718706727028,1.6896563917398453
ciciot2023,SNN_AE_noBN,0,2,0.8079125495993154,0.9996929768453371,0.6129098039215686,0.759916370885399,0.00018524235875270144,False,0.9451729817360721,0.9625992988435867,3.0,0.327791690826416,0.238260418176651,0.3282187581062317,0.3270208537578583,0.2632812559604645,0.21312502026557922,10640.678466796875,3233.0,189.24599051475525,34.0,0.983375072479248,0.714781254529953
ciciot2023,SNN_Dense,0,2,0.8596358826733058,0.9998031797406346,0.7171450980392157,0.8352073951606274,0.00013893176906452608,False,0.9525614442850311,0.9665194030945199,3.0,0.34156250953674316,,0.26489582657814026,0.417697936296463,,,15986.752026367187,3365.0,190.07072043418884,50.0,1.0246875286102295,
ciciot2023,CNN_AE,0,3,0.8641447162610273,0.9898189806307163,0.7350745098039215,0.843635512588552,0.0075178588139875845,False,0.8745773028068264,0.9165048755846108,,,,,,,,351955.19999999995,13521.0,2406.4518373012543,45.0,,
ciciot2023,Dense_AE,0,3,0.8671322655321279,0.9969816133489212,0.7357333333333334,0.8466627555395099,0.0022148048788096205,False,0.8386261175712135,0.8946224441045268,3.0,,,,,,,15032.8,3365.0,67.70085215568542,18.0,,
ciciot2023,Dense_SNN,0,3,0.840690108240005,0.997819600642644,0.6819607843137255,0.8101938128960119,0.0014817356583585488,False,0.8443669635031228,0.8926474664748293,3.0,,0.3061875104904175,,,0.23802083730697632,0.3803437352180481,24463.199999999997,3365.0,163.3003957271576,32.0,,0.9185625314712524
ciciot2023,IF,0,3,0.6341347056247263,0.991086415465648,0.26859607843137256,0.42264924037666457,0.0024019714882864895,False,0.8118001537702144,0.8694720171753825,,,,,,,,,,1.8208112716674805,,,
ciciot2023,LOF,0,3,0.5761042983169617,0.9973955620377123,0.15018039215686274,0.2610533204269997,0.00038993043641014443,False,0.905015962865166,0.9120899716659739,,,,,,,,,,1.413282871246338,,,
ciciot2023,LSTM_AE,0,3,0.8678361383970469,0.9961663101264482,0.737756862745098,0.8477059920874526,0.0028230963596094457,False,0.8713110274774041,0.9132831388257984,,,,,,,,331200.0,72801.0,1097.45463514328,43.0,,
ciciot2023,OCSVM,0,3,0.7331696177188263,0.9486977589339795,0.4913882352941176,0.6474320553890669,0.026421686371151387,False,0.7178445068740913,0.79929159136461,,,,,,,,,,0.38703083992004395,,,
ciciot2023,SNN_AE,0,3,0.749405618469624,0.9970217568499592,0.4988705882352941,0.6650008364001339,0.0014817356583585488,False,0.8739999195061249,0.9151935869831042,3.0,0.35226044058799744,0.3150416910648346,0.29780206084251404,0.4140625,0.2903124988079071,0.3436979055404663,11315.529666137694,3365.0,324.43187975883484,48.0,1.0567813217639923,0.9451250731945038
ciciot2023,SNN_AE_T2,0,3,0.8106581993367954,0.9466181719604211,0.6573019607843137,0.7758665382906236,0.03685622484948685,False,0.8376786282033168,0.8863332270633151,2.0,0.8121093511581421,0.35814061760902405,0.7969687581062317,0.832156240940094,0.37085938453674316,0.3462499976158142,11832.079956054688,3365.0,140.2950403690338,20.0,1.6242187023162842,0.7162812352180481
ciciot2023,SNN_AE_T5,0,3,0.8277779515735469,0.9968802838703532,0.6566274509803921,0.7917458696248381,0.0020432354867891567,False,0.8543399011686903,0.8990333668901178,5.0,0.3627437353134155,0.2963062822818756,0.2758687734603882,0.45560622215270996,0.26762500405311584,0.32881879806518555,12025.923132324217,3365.0,475.12290382385254,50.0,1.8137186765670776,1.481531411409378
ciciot2023,SNN_AE_T7,0,3,0.850035975724207,0.996215072915507,0.7018823529411765,0.8235402383472139,0.002651526967588982,False,0.8580310367501027,0.9025461865873381,7.0,0.1703035533428192,0.19993749260902405,0.12193749845027924,0.22059375047683716,0.1734866052865982,0.22861607372760773,11465.862283325194,3365.0,620.0826694965363,50.0,1.1921248733997345,1.3995624482631683
ciciot2023,SNN_AE_noBN,0,3,0.7424763811549772,0.9970648948522771,0.4849098039215686,0.6524896046604892,0.0014193467885329257,False,0.823234751701473,0.8718046642205461,3.0,0.34566667675971985,0.25450000166893005,0.3491874933242798,0.3437812626361847,0.2579895853996277,0.25294792652130127,10690.099227905273,3233.0,263.59831047058105,43.0,1.0370000302791595,0.7635000050067902
ciciot2023,SNN_Dense,0,3,0.8554949008321342,0.9731215383007629,0.7303372549019608,0.8344280657735562,0.02005802164893783,False,0.8440944552809425,0.8944158164170319,3.0,0.26873958110809326,,0.2134166657924652,0.32981249690055847,,,15785.411193847656,3365.0,113.37581086158752,21.0,0.8062187433242798,
ciciot2023,CNN_AE,0,4,0.8079067766785282,0.9995665697822651,0.6149803921568627,0.7614691372411918,0.00026514856117913126,False,0.922482019288258,0.9448964217791369,,,,,,,,351955.19999999995,13521.0,2622.725264787674,50.0,,
ciciot2023,Dense_AE,0,4,0.8494114886794666,0.9990354635382787,0.698635294117647,0.8222577101660651,0.000670669890041332,False,0.88885764103411,0.9216068854184719,3.0,,,,,,,15032.8,3365.0,75.32466888427734,20.0,,
ciciot2023,Dense_SNN,0,4,0.7408125757635006,0.9985991203779118,0.4808156862745098,0.6490973582508338,0.000670669890041332,False,0.9169301916745798,0.9423789692538422,3.0,,0.2657708525657654,,,0.2525520920753479,0.2847083508968353,24463.199999999997,3365.0,180.06763982772827,32.0,,0.7973125576972961
ciciot2023,IF,0,4,0.5543346498259883,0.9779567613395507,0.10856470588235294,0.19543394468211275,0.0024331279731732046,False,0.8598652827563218,0.8851892671033061,,,,,,,,,,2.1307780742645264,,,
ciciot2023,LOF,0,4,0.5581433543190083,1.0,0.11375686274509804,0.20427593588912987,0.0,False,0.7167578248031646,0.7110369077782934,,,,,,,,,,1.0162029266357422,,,
ciciot2023,LSTM_AE,0,4,0.8191842959371212,0.9998031786645672,0.6374588235294117,0.7785355760757117,0.00012477579349606176,False,0.9068747141548656,0.9358270970344229,,,,,,,,331200.0,72801.0,683.7918901443481,21.0,,
ciciot2023,OCSVM,0,4,0.6332772846361396,1.0,0.2644549019607843,0.41829076157749134,0.0,False,0.8452517693543924,0.8839668498382789,,,,,,,,,,0.5036156177520752,,,
ciciot2023,SNN_AE,0,4,0.7606147108278262,0.9982260440782946,0.5207843137254902,0.684472574709563,0.0009202214770334555,False,0.9121526897287808,0.9374072049542113,3.0,0.37181249260902405,0.2995937466621399,0.3191041946411133,0.4231771230697632,0.2668437361717224,0.3291875123977661,11369.587179565428,3365.0,269.91734862327576,35.0,1.1154374778270721,0.8987812399864197
ciciot2023,SNN_AE_T2,0,4,0.8133187346029015,0.99525607272366,0.6285647058823529,0.7705072491635581,0.0029790220697184745,False,0.8794663298943535,0.9169477929358741,2.0,0.7914062738418579,0.28629687428474426,0.8349062204360962,0.7491093873977661,0.29273438453674316,0.27934375405311584,11793.920043945312,3365.0,66.99614596366882,6.0,1.5828125476837158,0.5725937485694885
ciciot2023,SNN_AE_T5,0,4,0.8201618894928244,0.9992649761117236,0.6397647058823529,0.780088939893846,0.00046790922561023164,False,0.9163964213813108,0.9402993018805285,5.0,0.34143126010894775,0.26842501759529114,0.2912750244140625,0.39576250314712524,0.23961250483989716,0.2962000072002411,11927.715246582029,3365.0,429.2425274848938,46.0,1.7071563005447388,1.3421250879764557
ciciot2023,SNN_AE_T7,0,4,0.8460798498416299,0.9975387811321607,0.6929882352941177,0.8178309282930848,0.0017000701863838414,False,0.9083261525475822,0.9380814495655716,7.0,0.20941965281963348,0.23615625500679016,0.1456383913755417,0.2742098271846771,0.20367857813835144,0.26658928394317627,11718.208064270018,3365.0,563.3545823097229,47.0,1.4659375697374344,1.6530937850475311
ciciot2023,SNN_AE_noBN,0,4,0.7769366128338482,0.9954154244248186,0.5551529411764706,0.7127809554499315,0.0025423067924822585,False,0.8987155468497935,0.928120870853318,3.0,0.3202812373638153,0.24394792318344116,0.33438536524772644,0.3099792003631592,0.2644999921321869,0.22366666793823242,10619.913565063474,3233.0,207.80461239814758,25.0,0.9608437120914459,0.7318437695503235
ciciot2023,SNN_Dense,0,4,0.7979822469010285,0.9971940314163585,0.596486274509804,0.7464640813482132,0.0016688762380098262,False,0.9129843602717544,0.9384769511973109,3.0,0.29787498712539673,,0.24916665256023407,0.34977084398269653,,,15865.964764404296,3365.0,165.23154759407043,24.0,0.8936249613761902,
ciciot2023,CNN_AE,0,5,0.8667568666708377,0.9947258054267014,0.7366588235294118,0.8464595668748479,0.0038837071466450387,False,0.9323449171114933,0.9523275346977559,,,,,,,,351955.19999999995,13521.0,2096.1001029014587,35.0,,
ciciot2023,Dense_AE,0,5,0.8665457048113621,0.9910800690032397,0.7389803921568627,0.8466625930052838,0.00661322020151605,False,0.9207282008089757,0.9444840728603381,3.0,,,,,,,15032.8,3365.0,145.42000079154968,30.0,,
ciciot2023,Dense_SNN,0,5,0.8554714384033035,0.9922578400243574,0.7157019607843137,0.8315896912477673,0.005552609414480457,False,0.9302498851616636,0.9507692292452422,3.0,,0.2575624883174896,,,0.21778124570846558,0.29895833134651184,24463.199999999997,3365.0,184.390971660614,22.0,,0.7726874649524689
ciciot2023,IF,0,5,0.7523697053118938,0.9848004109630435,0.5112156862745098,0.6730481294466301,0.007845400380572106,False,0.9008736307325125,0.9176277822313755,,,,,,,,,,2.0090596675872803,,,
ciciot2023,LOF,0,5,0.6958956391165614,0.8528093076049943,0.47141960784313724,0.6071926457217901,0.08090276694637677,False,0.799464586548348,0.8080198982504567,,,,,,,,,,0.5231156349182129,,,
ciciot2023,LSTM_AE,0,5,0.8586232246762184,0.9673385858999284,0.7414745098039216,0.8394796430315677,0.02489315906042362,False,0.9355271858276956,0.953113793078843,,,,,,,,331200.0,72801.0,679.5608384609222,20.0,,
ciciot2023,OCSVM,0,5,0.775816492523306,0.986926471812807,0.5577411764705882,0.712709341832286,0.007346289421967121,False,0.8329367603172534,0.8785991648780846,,,,,,,,,,0.41078829765319824,,,
ciciot2023,SNN_AE,0,5,0.8584824501032347,0.992832315032708,0.7213647058823529,0.83560312167822,0.005178276195526718,False,0.9377033704057784,0.9562345434721886,3.0,0.34066665172576904,0.23251041769981384,0.34209373593330383,0.33879169821739197,0.22760415077209473,0.2407291680574417,11283.475158691404,3365.0,306.3515615463257,49.0,1.0219999551773071,0.6975312530994415
ciciot2023,SNN_AE_T2,0,5,0.8339094663079522,0.9884867287142365,0.6747294117647059,0.8020137043770103,0.007814205945659295,False,0.9040877282928019,0.9316124358942146,2.0,0.745312511920929,0.27732813358306885,0.8823281526565552,0.6125312447547913,0.32189062237739563,0.23753124475479126,11708.960021972656,3365.0,103.69178676605225,12.0,1.490625023841858,0.5546562671661377
ciciot2023,SNN_AE_T5,0,5,0.8543374210098229,0.9949327659201088,0.7114666666666667,0.8296551030300813,0.0036029572324297347,False,0.9373289898446823,0.9559288589043273,5.0,0.3004312515258789,0.2578812539577484,0.31536877155303955,0.28351250290870667,0.2533562481403351,0.26350000500679016,11738.787207031248,3365.0,453.3930444717407,50.0,1.5021562576293945,1.289406269788742
ciciot2023,SNN_AE_T7,0,5,0.8639257335919415,0.9909127496875596,0.7338039215686275,0.8431943330419344,0.006691206288798078,False,0.914561214429934,0.9409606259656912,7.0,0.1940535604953766,0.23165179789066315,0.1430937498807907,0.24134375154972076,0.2118481993675232,0.25197768211364746,11619.078329467771,3365.0,571.4682455062866,48.0,1.358374923467636,1.621562585234642
ciciot2023,SNN_AE_noBN,0,5,0.8417928423950447,0.9932899598757736,0.6873254901960785,0.812456542095065,0.00461677636709611,False,0.9306355811064483,0.9515778048972054,3.0,0.34283334016799927,0.23020832240581512,0.3541458249092102,0.33402082324028015,0.23147915303707123,0.23227082192897797,10682.265618896483,3233.0,254.50957250595093,40.0,1.0285000205039978,0.6906249672174454
ciciot2023,SNN_Dense,0,5,0.8624006757179503,0.9905411724694979,0.7309960784313726,0.8412036535615004,0.006940761768100571,False,0.9322005107324148,0.9501104262779596,3.0,0.3134895861148834,,0.23589584231376648,0.39762499928474426,,,15909.136007690428,3365.0,168.6268663406372,21.0,0.9404687583446503,
ciciot2023,CNN_AE,0,6,0.7308624788838141,0.9976252671574448,0.4612862745098039,0.6308687397427784,0.0010918052219484045,False,0.9124902333894221,0.9377002553726956,,,,,,,,351955.19999999995,13521.0,2398.092597961426,48.0,,
ciciot2023,Dense_AE,0,6,0.8090471125570919,0.9978735253911194,0.618321568627451,0.7635300042614187,0.0013101662663380852,False,0.9189143506022055,0.9404982202592194,3.0,,,,,,,15032.8,3365.0,73.64680862426758,22.0,,
ciciot2023,Dense_SNN,0,6,0.7372442595257461,0.9968363816114681,0.47449411764705884,0.6429459588713534,0.0014973328758149545,False,0.9116621894701045,0.9397942447820753,3.0,,0.3100937604904175,,,0.257645845413208,0.3655520975589752,24463.199999999997,3365.0,110.96981453895569,16.0,,0.9302812814712524
ciciot2023,IF,0,6,0.5421228805605957,0.987083489329839,0.08271372549019608,0.15263706362531118,0.0010762080044919987,False,0.8491257916199515,0.8836008668504338,,,,,,,,,,1.9980924129486084,,,
ciciot2023,LOF,0,6,0.5552461990865294,1.0,0.10795294117647058,0.19486918110771323,0.0,False,0.827991512300088,0.8394823577164706,,,,,,,,,,0.5024409294128418,,,
ciciot2023,LSTM_AE,0,6,0.7570152662203591,0.9979886020784445,0.513678431372549,0.678251504199331,0.0010294163521227812,False,0.8601844833987499,0.9081745263239602,,,,,,,,331200.0,72801.0,1146.8020930290222,39.0,,
ciciot2023,OCSVM,0,6,0.6321482199837327,1.0,0.26219607843137255,0.4154601379481762,0.0,False,0.8009805235404828,0.851658491846984,,,,,,,,,,0.35230541229248047,,,
ciciot2023,SNN_AE,0,6,0.7699821685540887,0.9971335089903581,0.5402039215686274,0.700764088841861,0.001544124528184172,False,0.8965647609313557,0.9304008730401865,3.0,0.3003958463668823,0.2394687682390213,0.2836979329586029,0.31459376215934753,0.2356145828962326,0.2409999966621399,11172.134436035154,3365.0,188.7340042591095,25.0,0.901187539100647,0.7184063047170639
ciciot2023,SNN_AE_T2,0,6,0.7676828505286867,0.9967897271268058,0.5357647058823529,0.6969341427332552,0.0017156939202046355,False,0.8774894485129736,0.9138893010003084,2.0,0.8289218544960022,0.2935468852519989,0.8733749985694885,0.771859347820282,0.3069687485694885,0.27428126335144043,11863.068762207029,3365.0,115.86489486694336,13.0,1.6578437089920044,0.5870937705039978
ciciot2023,SNN_AE_T5,0,6,0.7998733028843146,0.9970562950999036,0.6003764705882353,0.749463955275757,0.0017624855725738527,False,0.9043269657540153,0.9311583548050929,5.0,0.2475312501192093,0.22487500309944153,0.27736878395080566,0.21400001645088196,0.2409062683582306,0.20813125371932983,11495.024000549314,3365.0,413.61799931526184,42.0,1.2376562505960464,1.1243750154972076
ciciot2023,SNN_AE_T7,0,6,0.7823468685478321,0.9976447769465225,0.5647843137254902,0.7212540064102564,0.001325763483794491,False,0.884263279807353,0.9241779586835626,7.0,0.1783973127603531,0.23159822821617126,0.11414732038974762,0.24805358052253723,0.19615179300308228,0.26967859268188477,11518.07674407959,3365.0,488.6811902523041,36.0,1.2487811893224716,1.6211875975131989
ciciot2023,SNN_AE_noBN,0,6,0.7344756929237315,0.991554221239814,0.4714509803921569,0.6390533802532399,0.003992887668839879,False,0.8944909657858215,0.9256510657854043,3.0,0.2761458456516266,0.21423958241939545,0.28360414505004883,0.2666979432106018,0.23461458086967468,0.19191667437553406,10497.888034057616,3233.0,111.839426279068,12.0,0.8284375369548798,0.6427187472581863
ciciot2023,SNN_Dense,0,6,0.8033457423512482,0.9970643524837123,0.607356862745098,0.7548814130996364,0.0017780827900302585,False,0.9062655786537093,0.9318198193095001,3.0,0.26631250977516174,,0.2289791703224182,0.30013540387153625,,,15778.700827026365,3365.0,119.09476590156555,17.0,0.7989375293254852,
ciciot2023,CNN_AE,0,7,0.8258710358581316,0.9177660067269542,0.7147921568627451,0.8036613433743971,0.06368244560555253,False,0.8940457387690317,0.9128165622712047,,,,,,,,351955.19999999995,13521.0,2405.0132875442505,49.0,,
ciciot2023,Dense_AE,0,7,0.8262620732804129,0.916892502258356,0.7164705882352941,0.8043851538766346,0.06457147313421197,False,0.8794490872253136,0.9050807849877659,3.0,,,,,,,15032.8,3365.0,62.86476516723633,15.0,,
ciciot2023,Dense_SNN,0,7,0.7541625933601845,0.9069820160193441,0.5648470588235294,0.696148938638209,0.05759962567261951,False,0.8851054238630647,0.8974771357904332,3.0,,0.31706249713897705,,,0.24043749272823334,0.3818020820617676,24463.199999999997,3365.0,131.60733771324158,24.0,,0.9511874914169312
ciciot2023,IF,0,7,0.7320846204981817,0.8905426520829471,0.5274666666666666,0.6625225349476401,0.06446229431490291,False,0.8348748923885236,0.8369313066568762,,,,,,,,,,1.9912221431732178,,,
ciciot2023,LOF,0,7,0.5302858483556876,0.6868922204213939,0.10636862745098039,0.18421124120507457,0.04821024721204086,False,0.7586381172311396,0.716892229641255,,,,,,,,,,1.6071209907531738,,,
ciciot2023,LSTM_AE,0,7,0.8185429945645798,0.9162868054700012,0.7,0.7936719667057944,0.06358886376043048,False,0.890407234182451,0.9085899785725496,,,,,,,,331200.0,72801.0,1234.3113408088684,50.0,,
ciciot2023,OCSVM,0,7,0.6568959449419309,0.8230781732488217,0.3972078431372549,0.5358302914881236,0.08489433049988303,False,0.7291694628371508,0.7677994210356832,,,,,,,,,,0.4723634719848633,,,
ciciot2023,SNN_AE,0,7,0.7564618934031987,0.905153563264089,0.5714039215686274,0.7005596476719811,0.05953365047180847,False,0.8765894330194061,0.8934269232638898,3.0,0.3047083020210266,0.24765627086162567,0.3031458258628845,0.3112708330154419,0.24822917580604553,0.24973957240581512,11184.057513427733,3365.0,205.614164352417,25.0,0.9141249060630798,0.742968812584877
ciciot2023,SNN_AE_T2,0,7,0.7944472686036054,0.8935857301930794,0.6671686274509804,0.7639541253917932,0.0789986742571941,False,0.8715677608708617,0.9041904657654022,2.0,0.6598281264305115,0.25828126072883606,0.7583593726158142,0.5743749737739563,0.30078125,0.2186249941587448,11551.395202636719,3365.0,81.42958903312683,8.0,1.319656252861023,0.5165625214576721
ciciot2023,SNN_AE_T5,0,7,0.7822390802799828,0.9096613727637824,0.6253333333333333,0.7411642218379906,0.061748420806363565,False,0.880858428344901,0.9057623986692445,5.0,0.3092625141143799,0.24576251208782196,0.30057501792907715,0.32295000553131104,0.25168126821517944,0.24416875839233398,11779.48166503906,3365.0,504.53526735305786,49.0,1.5463125705718994,1.2288125604391098
ciciot2023,SNN_AE_T7,0,7,0.7662769327024597,0.9114123964331705,0.5884078431372549,0.7151286377458129,0.05686656788583015,False,0.8897369793554168,0.9095430825473088,7.0,0.1982589215040207,0.235263392329216,0.15220534801483154,0.24139730632305145,0.21733929216861725,0.25606250762939453,11646.207954406738,3365.0,619.2254042625427,50.0,1.3878124505281448,1.646843746304512
ciciot2023,SNN_AE_noBN,0,7,0.7924920814921989,0.9085559971018947,0.6491294117647058,0.7572394484752555,0.06496139748888716,False,0.8874164379263364,0.9030520911550048,3.0,0.32350000739097595,0.2396458238363266,0.32621875405311584,0.31684374809265137,0.24966666102409363,0.22860415279865265,10628.81282043457,3233.0,299.9616746902466,50.0,0.9705000221729279,0.7189374715089798
ciciot2023,SNN_Dense,0,7,0.8070152113557267,0.9009070015595502,0.6886745098039215,0.7806226774061628,0.07531778834906028,False,0.8993177827219168,0.9238337645548164,3.0,0.3447708487510681,,0.292906254529953,0.3800937533378601,,,15995.622442626951,3365.0,211.18361949920654,44.0,1.0343125462532043,
ciciot2023,CNN_AE,0,8,0.8253065757367203,0.9996862858659716,0.6498196078431373,0.7876488986490983,0.0002027638269332751,False,0.9144903681983134,0.9377624321603423,,,,,,,,351955.19999999995,13521.0,2427.0603020191193,50.0,,
ciciot2023,Dense_AE,0,8,0.8299755990740162,0.9964078082904003,0.661364705882353,0.7950294162015387,0.002370777053373678,False,0.8918036046087026,0.9258792301932123,3.0,,,,,,,15032.8,3365.0,114.79183387756348,33.0,,
ciciot2023,Dense_SNN,0,8,0.8078036038290684,0.999006445367233,0.6151215686274509,0.7614147160762308,0.0006082914807998254,False,0.9301075897283453,0.9515783296972866,3.0,,0.2540729343891144,,,0.2200208306312561,0.2828750014305115,24463.199999999997,3365.0,162.78796935081482,25.0,,0.7622188031673431
ciciot2023,IF,0,8,0.5536507539260465,0.9853197674418605,0.10633725490196079,0.19195809146255133,0.0015753189630969835,False,0.8826782193727227,0.908083807199602,,,,,,,,,,2.4163737297058105,,,
ciciot2023,LOF,0,8,0.5561377713820935,1.0,0.10974117647058823,0.19777796624544144,0.0,False,0.8257595291964619,0.8349275501798258,,,,,,,,,,1.3507075309753418,,,
ciciot2023,LSTM_AE,0,8,0.8492695363824063,0.9951241233440944,0.7011137254901961,0.8226383840242949,0.0034157906229528652,False,0.90424254908689,0.9266464645268686,,,,,,,,331200.0,72801.0,350.34850454330444,9.0,,
ciciot2023,OCSVM,0,8,0.6315225552149158,0.999939893009557,0.26095686274509805,0.41389776953985097,1.5597217456405777e-05,False,0.8016506619642585,0.8425318794935244,,,,,,,,,,0.5561199188232422,,,
ciciot2023,SNN_AE,0,8,0.7731495964462242,0.9982218653206378,0.5459764705882353,0.7058751951976313,0.0009670274822971582,False,0.9183378053919888,0.9411501836515225,3.0,0.34798961877822876,0.25438541173934937,0.2919270694255829,0.39371874928474426,0.23387500643730164,0.27020832896232605,11303.721697998046,3365.0,232.10725355148315,26.0,1.0439688563346863,0.7631562352180481
ciciot2023,SNN_AE_T2,0,8,0.7883219670900332,0.9845458868283404,0.5846117647058824,0.7336128498877997,0.00912437221199738,False,0.8974722343228085,0.9261927901616662,2.0,0.7904219031333923,0.2796562612056732,0.9055469036102295,0.6910156011581421,0.3205312490463257,0.24257811903953552,11792.105651855469,3365.0,133.64304304122925,18.0,1.5808438062667847,0.5593125224113464
ciciot2023,SNN_AE_T5,0,8,0.7926155915660389,0.9985805725916602,0.584878431372549,0.737686593002206,0.0008266525251895062,False,0.9131098796445303,0.9369863357318603,5.0,0.3463500142097473,0.24474376440048218,0.2922874689102173,0.38523125648498535,0.21886876225471497,0.2636500298976898,11950.380865478513,3365.0,483.8073785305023,47.0,1.7317500710487366,1.2237188220024109
ciciot2023,SNN_AE_T7,0,8,0.8122145404492273,0.9971974076020319,0.6251137254901961,0.7684861107093615,0.001746888355117447,False,0.8989554854190482,0.9309105999043024,7.0,0.20887500047683716,0.2472410798072815,0.1295044720172882,0.2778794467449188,0.21290625631809235,0.2761875092983246,11714.69440307617,3365.0,614.4834740161896,50.0,1.46212500333786,1.7306875586509705
ciciot2023,SNN_AE_noBN,0,8,0.7829647125070387,0.9941795019630453,0.5680156862745098,0.7229692631747078,0.003306610100758025,False,0.9063900459169849,0.9304920942738679,3.0,0.32991668581962585,0.2055937498807907,0.34805208444595337,0.31179168820381165,0.21062499284744263,0.19834376871585846,10646.5536529541,3233.0,204.82163214683533,30.0,0.9897500574588776,0.6167812496423721
ciciot2023,SNN_Dense,0,8,0.7996464994056185,0.9981709866220736,0.5992470588235295,0.7488972966615044,0.0010918052219484045,False,0.9089804825595584,0.9348381872535381,3.0,0.20413541793823242,,0.20458334684371948,0.20518749952316284,,,15606.793603515624,3365.0,90.09478664398193,12.0,0.6124062538146973,
ciciot2023,CNN_AE,0,9,0.8573484327097541,0.9812613679624381,0.7277803921568627,0.8357230348007781,0.01381913466637552,False,0.9097061639591733,0.9321169023896185,,,,,,,,351955.19999999995,13521.0,2371.4880361557007,48.0,,
ciciot2023,Dense_AE,0,9,0.859827629356191,0.9758082937060033,0.7371294117647059,0.8398402244721063,0.01817075833671273,False,0.9178451915613548,0.9381423623404859,3.0,,,,,,,15032.8,3365.0,174.41001915931702,46.0,,
ciciot2023,Dense_SNN,0,9,0.8957095038478383,0.9720240435930566,0.8142588235294118,0.8861744897697882,0.02330224287987023,False,0.9192032609805939,0.9422864033054206,3.0,,0.27544793486595154,,,0.2214479297399521,0.3269166946411133,24463.199999999997,3365.0,240.9897689819336,48.0,,0.8263438045978546
ciciot2023,IF,0,9,0.5183789025839955,0.6876731301939059,0.062305882352941176,0.11425941374449847,0.028137380291356023,False,0.8070628111568425,0.7718903375881745,,,,,,,,,,1.7321031093597412,,,
ciciot2023,LOF,0,9,0.566429956829131,0.9997594997594997,0.1304156862745098,0.23073293925013183,3.1194434912811554e-05,False,0.7635818975635923,0.7683730885254232,,,,,,,,,,2.1580729484558105,,,
ciciot2023,LSTM_AE,0,9,0.8552211724957768,0.9610289022053728,0.7396078431372549,0.8359039818459029,0.029821879776647846,False,0.9025074434203291,0.923864313156898,,,,,,,,331200.0,72801.0,1071.207325220108,49.0,,
ciciot2023,OCSVM,0,9,0.7353281611712444,0.9721222453747553,0.48299607843137254,0.6453512743125419,0.0137723430140063,False,0.8245964564345252,0.8612759855001724,,,,,,,,,,0.49462318420410156,,,
ciciot2023,SNN_AE,0,9,0.8165785522117249,0.9577228015175265,0.6613019607843137,0.7823771214356633,0.02902642168637115,False,0.9076086926045335,0.9296523900142424,3.0,0.31432294845581055,0.2136249989271164,0.2982083559036255,0.32899999618530273,0.2109062522649765,0.21783332526683807,11210.640087890624,3365.0,330.0209012031555,47.0,0.9429688453674316,0.6408749967813492
ciciot2023,SNN_AE_T2,0,9,0.8417224551085528,0.9742969260954872,0.7010352941176471,0.8153804050355774,0.018389119381102412,False,0.9004357917606322,0.9277039568642107,2.0,0.7580468654632568,0.3201562464237213,0.8375781178474426,0.6846718788146973,0.3597812354564667,0.287109375,11732.431982421873,3365.0,254.6840260028839,32.0,1.5160937309265137,0.6403124928474426
ciciot2023,SNN_AE_T5,0,9,0.8510213977350936,0.952796742367456,0.7377411764705882,0.8315902078489271,0.03634151667342546,False,0.909053146509251,0.9334106174144777,5.0,0.32635626196861267,0.23820000886917114,0.2708125114440918,0.37863752245903015,0.21507501602172852,0.25785624980926514,11858.249655151365,3365.0,446.0360109806061,50.0,1.6317813098430634,1.1910000443458557
ciciot2023,SNN_AE_T7,0,9,0.860273415503973,0.9706823683886586,0.742164705882353,0.8411798172314475,0.022288423745203855,False,0.9043695142292497,0.9320159994267483,7.0,0.21324554085731506,0.2415044605731964,0.1295982152223587,0.2901339530944824,0.21299554407596588,0.26783034205436707,11742.889633178711,3365.0,562.9334137439728,50.0,1.4927187860012054,1.6905312240123749
ciciot2023,SNN_AE_noBN,0,9,0.8384924607395358,0.9521221912175062,0.7118588235294118,0.8146446105930187,0.03559285023551798,False,0.9163532439459858,0.9312008289234225,3.0,0.3136667013168335,0.20337499678134918,0.30409374833106995,0.3227916955947876,0.20084375143051147,0.2084687501192093,10601.62569580078,3233.0,227.910174369812,31.0,0.9410001039505005,0.6101249903440475
ciciot2023,SNN_Dense,0,9,0.8636050803979228,0.9767935095955852,0.7441098039215687,0.844721049913635,0.01757806407336931,False,0.9150146801010701,0.9360997625074065,3.0,0.3151041865348816,,0.2633229196071625,0.36008334159851074,,,15913.600054931641,3365.0,219.5399842262268,46.0,0.9453125596046448,
ciciot2023,CNN_AE,1,0,0.7446662078458361,0.9997429140690276,0.488,0.6558586667791036,0.00012477773965124622,False,0.9221361780211352,0.9443370492643883,,,,,,,,351955.19999999995,13521.0,2360.1711032390594,50.0,,
ciciot2023,Dense_AE,1,0,0.8575986986172809,0.9966195585797785,0.7168156862745098,0.8338716446780168,0.0024175687057428953,False,0.9025069769717788,0.9285178792678055,3.0,,,,,,,15032.8,3365.0,57.256781339645386,10.0,,
ciciot2023,Dense_SNN,1,0,0.7281564787586811,0.9991735252591343,0.4551372549019608,0.6253974070202287,0.0003743332189537386,False,0.9208078902347351,0.9449281301298655,3.0,,0.27546873688697815,,,0.26497918367385864,0.2830520570278168,24463.199999999997,3365.0,233.22007393836975,49.0,,0.8264062106609344
ciciot2023,IF,1,0,0.6646045798661078,0.9895818668168379,0.3307764705882353,0.4958205480901492,0.0034625822753220825,False,0.8803176331130761,0.9063785460605099,,,,,,,,,,2.206211566925049,,,
ciciot2023,LOF,1,0,0.5549490083213414,1.0,0.10735686274509804,0.19389749837096637,0.0,False,0.8043353976709378,0.7893327191877921,,,,,,,,,,1.2893996238708496,,,
ciciot2023,LSTM_AE,1,0,0.7396843521241319,0.999180730788137,0.47827450980392155,0.6468996976608498,0.00038993043641014443,False,0.9112741940673078,0.9374549131448019,,,,,,,,331200.0,72801.0,325.9871184825897,7.0,,
ciciot2023,OCSVM,1,0,0.6312722893073891,0.9999397771755495,0.2604549019607843,0.41326613154128555,1.5597217456405777e-05,False,0.8393896099288829,0.870176272368576,,,,,,,,,,0.44852638244628906,,,
ciciot2023,SNN_AE,1,0,0.7555214915848089,0.9970626032678539,0.5111529411764706,0.6758337481333997,0.0014973328758149545,False,0.9043336340232198,0.9346637379124894,3.0,0.32878124713897705,0.2850207984447479,0.30139580368995667,0.36159375309944153,0.2671354115009308,0.3061458468437195,11250.614392089843,3365.0,175.8776581287384,19.0,0.9863437414169312,0.8550623953342438
ciciot2023,SNN_AE_T2,1,0,0.7328724269536382,0.9948498428198783,0.46663529411764704,0.635288087814462,0.0024019714882864895,False,0.8896249682703664,0.9199764384684266,2.0,0.7599999904632568,0.2676093876361847,0.834640622138977,0.6862343549728394,0.30134373903274536,0.2358437478542328,11736.031982421875,3365.0,80.69213533401489,7.0,1.5199999809265137,0.5352187752723694
ciciot2023,SNN_AE_T5,1,0,0.8148110492398173,0.9966289071214337,0.6306980392156862,0.7725207266578925,0.0021212215740711855,False,0.91730195381144,0.9432228401501916,5.0,0.3077999949455261,0.2713812589645386,0.25101250410079956,0.3673250079154968,0.24945001304149628,0.29455623030662537,11772.742376708982,3365.0,393.9934997558594,35.0,1.5389999747276306,1.3569062948226929
ciciot2023,SNN_AE_T7,1,0,0.8163361071138084,0.9978732875018547,0.6329725490196079,0.7745997619687488,0.0013413607012508968,False,0.8923380219180662,0.9299861079082306,7.0,0.17777679860591888,0.22678570449352264,0.117745541036129,0.24094195663928986,0.2068973034620285,0.2477053552865982,11514.073683166502,3365.0,653.0614178180695,50.0,1.2444375902414322,1.5874999314546585
ciciot2023,SNN_AE_noBN,1,0,0.7292983169617718,0.9978130873056552,0.4580549019607843,0.6278772241036392,0.0009982219172099697,False,0.9222395755844215,0.9450280875157627,3.0,0.3347187638282776,0.2568437457084656,0.33405205607414246,0.33240625262260437,0.2582187354564667,0.2542708218097687,10659.83043823242,3233.0,278.50778317451477,40.0,1.0041562914848328,0.7705312371253967
ciciot2023,SNN_Dense,1,0,0.812464806356754,0.9942093098392027,0.6275137254901961,0.7694038677911662,0.003634151667342546,False,0.9295610792540493,0.9512771778829012,3.0,0.29739582538604736,,0.2579687535762787,0.34426042437553406,,,15864.639978027342,3365.0,200.48253750801086,33.0,0.8921874761581421,
ciciot2023,CNN_AE,1,1,0.8736782831758744,0.993714214588001,0.7513882352941177,0.8557264590814084,0.004725956889290951,False,0.909426712589768,0.9390711890490329,,,,,,,,351955.19999999995,13521.0,2235.4499168395996,49.0,,
ciciot2023,Dense_AE,1,1,0.8664362134768191,0.989470593170568,0.7399843137254902,0.8467323604903703,0.0078298031631157,False,0.8894310284315866,0.9292014936078131,3.0,,,,,,,15032.8,3365.0,99.92984795570374,28.0,,
ciciot2023,Dense_SNN,1,1,0.8543999874867046,0.9850194510714209,0.7189019607843137,0.8311796657507912,0.010871260567114826,False,0.9091371161784737,0.9388386689655964,3.0,,0.2824062407016754,,,0.24273958802223206,0.32356253266334534,24463.199999999997,3365.0,212.3499026298523,48.0,,0.8472187221050262
ciciot2023,IF,1,1,0.5439294875805544,0.9152024446142093,0.0939607843137255,0.1704246390212675,0.008656455688305207,False,0.8305568054941351,0.8428668388621332,,,,,,,,,,1.9627668857574463,,,
ciciot2023,LOF,1,1,0.5668522805480823,0.9892397660818714,0.13267450980392156,0.23396957123098203,0.0014349440059893315,False,0.818643688968241,0.8273362481813309,,,,,,,,,,1.2157878875732422,,,
ciciot2023,LSTM_AE,1,1,0.8669289244822624,0.9928292734366762,0.7384313725490196,0.8469392344712814,0.005303053935177964,False,0.8912423921360666,0.9263659538493942,,,,,,,,331200.0,72801.0,1235.6296660900116,43.0,,
ciciot2023,OCSVM,1,1,0.7336466871050491,0.990096722014987,0.470478431372549,0.6378571504524526,0.004679165236921733,False,0.7796772489199691,0.8361668549707548,,,,,,,,,,0.4604377746582031,,,
ciciot2023,SNN_AE,1,1,0.8534380279046487,0.9867629882770256,0.7156392156862745,0.8296115798661623,0.009545497083320335,False,0.915924599258551,0.9401465263084517,3.0,0.31936460733413696,0.2685104012489319,0.3124479055404663,0.3238541781902313,0.27162501215934753,0.265791654586792,11224.579266357421,3365.0,314.8624746799469,41.0,0.9580938220024109,0.8055312037467957
ciciot2023,SNN_AE_T2,1,1,0.8591941437777638,0.9755894706200358,0.736,0.8390257859160974,0.01831113329382038,False,0.8870061668339544,0.9232223021071571,2.0,0.7629374861717224,0.29131248593330383,0.8842031359672546,0.6449843645095825,0.34264063835144043,0.24357812106609344,11741.446374511717,3365.0,120.82548403739929,15.0,1.5258749723434448,0.5826249718666077
ciciot2023,SNN_AE_T5,1,1,0.846368016017018,0.9565271394857782,0.7248,0.8246947954594132,0.03275415665845213,False,0.9050785859990814,0.9305103039514044,5.0,0.33154377341270447,0.2527562975883484,0.29390624165534973,0.3578749895095825,0.2379625141620636,0.26211249828338623,11882.15370788574,3365.0,457.4212737083435,48.0,1.6577188670635223,1.263781487941742
ciciot2023,SNN_AE_T7,1,1,0.8598589125946318,0.992711088176482,0.7242352941176471,0.8374826544771855,0.005287456717721559,False,0.8957601139392027,0.9263784552126709,7.0,0.2036741077899933,0.25030356645584106,0.12064732611179352,0.28315624594688416,0.21131251752376556,0.2842455506324768,11681.142404174803,3365.0,679.3973405361176,50.0,1.425718754529953,1.7521249651908875
ciciot2023,SNN_AE_noBN,1,1,0.8131999624601138,0.9180386317401061,0.686635294117647,0.7856521075822707,0.06095392581963378,False,0.8944959902918026,0.9220835720057602,3.0,0.3321458101272583,0.23364584147930145,0.3356145918369293,0.3309062421321869,0.2529999911785126,0.2160208374261856,10652.716735839844,3233.0,270.15086555480957,33.0,0.9964374303817749,0.7009375244379044
ciciot2023,SNN_Dense,1,1,0.8813974222611525,0.9821758202496973,0.7762039215686275,0.867126372326537,0.014006301275852388,False,0.9235916610547268,0.9465745867302282,3.0,0.31968748569488525,,0.25716665387153625,0.3802395761013031,,,15926.27196044922,3365.0,167.7264904975891,28.0,0.9590624570846558,
ciciot2023,CNN_AE,1,2,0.7935540887192643,0.9864812065327812,0.5940705882352941,0.7415631333157107,0.008094955859874598,False,0.9201857015720161,0.9367168398050117,,,,,,,,351955.19999999995,13521.0,2306.3829300403595,49.0,,
ciciot2023,Dense_AE,1,2,0.8429346805981355,0.9844675705061353,0.6959529411764706,0.8154424400599171,0.010918052219484045,False,0.894324197767824,0.9274586612401308,3.0,,,,,,,15032.8,3365.0,110.5110125541687,16.0,,
ciciot2023,Dense_SNN,1,2,0.8476115247450416,0.981465770410494,0.7077176470588236,0.8224099745714052,0.013288829272857723,False,0.9272801425402178,0.9455723328635199,3.0,,0.29223960638046265,,,0.23391665518283844,0.3464270532131195,24463.199999999997,3365.0,180.53179144859314,25.0,,0.8767188191413879
ciciot2023,IF,1,2,0.5466354877056873,0.9027448794761043,0.1016313725490196,0.18269488347173854,0.010886857784571232,False,0.8417599687321664,0.8478348035291075,,,,,,,,,,2.2198314666748047,,,
ciciot2023,LOF,1,2,0.5574985922542701,0.9990256124721604,0.11258039215686275,0.20235712070375278,0.00010918052219484044,False,0.7496470474467355,0.7490335633821292,,,,,,,,,,2.18230938911438,,,
ciciot2023,LSTM_AE,1,2,0.8373428017268347,0.9841080203778009,0.6848156862745098,0.8076254254846825,0.010996038306766072,False,0.9001983375201158,0.9199524371920579,,,,,,,,331200.0,72801.0,324.7517535686493,7.0,,
ciciot2023,OCSVM,1,2,0.6303728962022148,0.9917094119050459,0.2608156862745098,0.4130110785433951,0.002168013226440403,False,0.8438718429855644,0.8793603721872252,,,,,,,,,,0.5881438255310059,,,
ciciot2023,SNN_AE,1,2,0.8380779578301946,0.9767632465000886,0.6916862745098039,0.809870148952192,0.01636148111176966,False,0.8942754871072177,0.9243208176846033,3.0,0.39219793677330017,0.25965625047683716,0.29770833253860474,0.48513540625572205,0.22957292199134827,0.2903020679950714,11425.94885559082,3365.0,157.35415720939636,18.0,1.1765938103199005,0.7789687514305115
ciciot2023,SNN_AE_T2,1,2,0.8130513670775199,0.9497088167577085,0.6599843137254902,0.7787731832821234,0.03475060049287207,False,0.8844477110930469,0.9097856870506621,2.0,0.843999981880188,0.3212812542915344,0.8794999718666077,0.8114062547683716,0.33906251192092896,0.30518749356269836,11890.860766601561,3365.0,126.17613458633423,13.0,1.687999963760376,0.6425625085830688
ciciot2023,SNN_AE_T5,1,2,0.8375148595382594,0.9835929060136839,0.6855372549019608,0.8079532639440942,0.011370371525719812,False,0.9000501158781509,0.9291981508535837,5.0,0.3995499908924103,0.2667187452316284,0.30156874656677246,0.49239999055862427,0.24029375612735748,0.291293740272522,12195.526358032224,3365.0,566.0746982097626,49.0,1.9977499544620514,1.333593726158142
ciciot2023,SNN_AE_T7,1,2,0.8041121816930489,0.9816321959232435,0.6186823529411765,0.7589989319631671,0.011510746482827464,False,0.9004792739892851,0.9283620880843596,7.0,0.19744640588760376,0.25649553537368774,0.13114285469055176,0.2602902054786682,0.22220982611179352,0.28845086693763733,11640.966253662107,3365.0,621.1504967212677,50.0,1.3821248412132263,1.7954687476158142
ciciot2023,SNN_AE_noBN,1,2,0.7984264531064256,0.9038625148885486,0.6666039215686275,0.7673112688008956,0.0704994229029541,False,0.8806458662174668,0.901926697553215,3.0,0.31717705726623535,0.21182292699813843,0.3089062571525574,0.3294062614440918,0.21716666221618652,0.20795831084251404,10611.331127929687,3233.0,183.80721807479858,22.0,0.951531171798706,0.6354687809944153
ciciot2023,SNN_Dense,1,2,0.7700916598886317,0.9849789649038597,0.5472156862745098,0.7035606603003015,0.008297719686807873,False,0.917476509306034,0.9367384479727285,3.0,0.28545835614204407,,0.2828541696071625,0.28941670060157776,,,15831.635263061522,3365.0,249.2687544822693,47.0,0.8563750684261322,
ciciot2023,CNN_AE,1,3,0.8639502600398858,0.9905600474114211,0.7341176470588235,0.8432736314822156,0.006956250487405443,False,0.9182740100891015,0.9470673385670869,,,,,,,,351955.19999999995,13521.0,2327.958329677582,50.0,,
ciciot2023,Dense_AE,1,3,0.8652563250303054,0.986753719630862,0.7396705882352941,0.8455310793727642,0.009872884660375888,False,0.8647669382069291,0.9112106018839953,3.0,,,,,,,15032.8,3365.0,88.3561441898346,19.0,,
ciciot2023,Dense_SNN,1,3,0.863989363782114,0.9867086614173228,0.7371294117647059,0.8438518518518519,0.009872884660375888,False,0.9274969148879235,0.9510396857811738,3.0,,0.2796041965484619,,,0.23218749463558197,0.320270836353302,24463.199999999997,3365.0,136.06844234466553,24.0,,0.8388125896453857
ciciot2023,IF,1,3,0.6434520783638994,0.8861857774753318,0.3268392156862745,0.47755036556576747,0.04173750292443266,False,0.8230873987764021,0.8320050396252003,,,,,,,,,,2.085663318634033,,,
ciciot2023,LOF,1,3,0.5516755953544754,0.7420691733855775,0.15447843137254902,0.255722465301671,0.05338844264212743,False,0.7133359739316454,0.6933594160867148,,,,,,,,,,0.5068597793579102,,,
ciciot2023,LSTM_AE,1,3,0.8649278535955891,0.9916227708320112,0.7352941176470589,0.8444348366525252,0.006176401778055058,False,0.8903842979450223,0.9230568845035022,,,,,,,,331200.0,72801.0,1160.5560092926025,50.0,,
ciciot2023,OCSVM,1,3,0.7242795135494466,0.9944816575851179,0.44947450980392156,0.6191242721173688,0.0024799188957342275,False,0.8105391092292802,0.8529128500269945,,,,,,,,,,0.3671894073486328,,,
ciciot2023,SNN_AE,1,3,0.8192077581824581,0.9894716553834293,0.644235294117647,0.7803756519756406,0.006815877719722374,False,0.9248907490676221,0.949685385315091,3.0,0.30013543367385864,0.2762083411216736,0.3151979446411133,0.28880205750465393,0.2814270853996277,0.273333340883255,11171.414447021483,3365.0,358.2708225250244,46.0,0.9004063010215759,0.8286250233650208
ciciot2023,SNN_AE_T2,1,3,0.8428029562429125,0.9865786774869577,0.6941490196078431,0.8149239438694708,0.009389378460578648,False,0.900576145131374,0.9321889610241014,2.0,0.6439687609672546,0.3253437578678131,0.7542499899864197,0.5444687604904175,0.3833281397819519,0.275265634059906,11522.163220214843,3365.0,85.88166284561157,7.0,1.2879375219345093,0.6506875157356262
ciciot2023,SNN_AE_T5,1,3,0.8467524342079537,0.9833183738698308,0.7045803921568627,0.8209341216679308,0.011884894330499883,False,0.9284124882219909,0.9497414077893891,5.0,0.31373751163482666,0.2761625051498413,0.2712250053882599,0.3517250120639801,0.2525624930858612,0.2970750033855438,11800.102453613279,3365.0,500.517138004303,50.0,1.5686875581741333,1.3808125257492065
ciciot2023,SNN_AE_T7,1,3,0.8486763383255778,0.9885350879123297,0.7046588235294118,0.8227999963367615,0.008126023551431022,False,0.9189306101628049,0.9467327482910507,7.0,0.22571875154972076,0.2282053530216217,0.1354687660932541,0.3157232105731964,0.1991651952266693,0.25592857599258423,11823.356809997556,3365.0,607.4389939308167,50.0,1.5800312608480453,1.597437471151352
ciciot2023,SNN_AE_noBN,1,3,0.8282798263793845,0.9833684161828318,0.6668549019607843,0.7947579476729513,0.011214224440458552,False,0.9165420424390609,0.9418072767821153,3.0,0.3123229444026947,0.22673960030078888,0.3175833225250244,0.3033229410648346,0.23225000500679016,0.2199999988079071,10597.91047668457,3233.0,291.67351174354553,46.0,0.9369688332080841,0.6802188009023666
ciciot2023,SNN_Dense,1,3,0.8659210886481836,0.9903417220772662,0.7382745098039216,0.8459298668152488,0.007159011151836544,False,0.9270980557301296,0.9513295221775435,3.0,0.2887395918369293,,0.277197927236557,0.3023958206176758,,,15840.70722351074,3365.0,219.662499666214,42.0,0.866218775510788,
ciciot2023,CNN_AE,1,4,0.8345116686479385,0.908153486410856,0.7432470588235294,0.8174666160587971,0.07474186605109648,False,0.8924216001277138,0.912136717356052,,,,,,,,351955.19999999995,13521.0,2373.263763666153,47.0,,
ciciot2023,Dense_AE,1,4,0.8346368016017018,0.9101779112754159,0.7415058823529411,0.8172293968155179,0.07276101943413295,False,0.8940158007764356,0.9245686341233,3.0,,,,,,,15032.8,3365.0,70.7751190662384,13.0,,
ciciot2023,Dense_SNN,1,4,0.8508493399236688,0.9106148331954783,0.7771294117647058,0.8385933731115907,0.07584926849050129,False,0.9027199954492824,0.9228170983560693,3.0,,0.32507291436195374,,,0.26632294058799744,0.3893229365348816,24463.199999999997,3365.0,235.7700321674347,45.0,,0.9752187430858612
ciciot2023,IF,1,4,0.787313082650316,0.8670254422779574,0.6772862745098039,0.7604998723018257,0.10328477399631905,False,0.8150699976206599,0.8263833878152076,,,,,,,,,,1.7743263244628906,,,
ciciot2023,LOF,1,4,0.6342441969592693,0.7564090950267235,0.39294117647058824,0.5172040013626932,0.1258227532208254,False,0.7656316935458715,0.7323954083918884,,,,,,,,,,1.6484906673431396,,,
ciciot2023,LSTM_AE,1,4,0.83456641431521,0.9071514595400585,0.7443764705882353,0.8177423940858687,0.07575568518576287,False,0.8706675831713975,0.9126493078102994,,,,,,,,331200.0,72801.0,1077.486172914505,49.0,,
ciciot2023,OCSVM,1,4,0.7147359694675592,0.8485623003194889,0.5207843137254902,0.6454434993924666,0.09241351342920423,False,0.7568833087141961,0.7947831478831968,,,,,,,,,,0.44490790367126465,,,
ciciot2023,SNN_AE,1,4,0.8101420259025214,0.8863636363636364,0.7102588235294117,0.7885991953602591,0.09054184733443554,False,0.8763631558247655,0.902326090276622,3.0,0.3491250276565552,0.24833334982395172,0.31170833110809326,0.38488543033599854,0.24254168570041656,0.25556251406669617,11306.860876464842,3365.0,314.2332544326782,48.0,1.0473750829696655,0.7450000494718552
ciciot2023,SNN_AE_T2,1,4,0.8026418694863292,0.9132422051028948,0.6675764705882353,0.7713206042536995,0.06305955017624856,False,0.8470189470104416,0.8883625037520688,2.0,0.8266249895095825,0.337828129529953,0.8940469026565552,0.7566562294960022,0.36710938811302185,0.3017031252384186,11858.83518066406,3365.0,232.62152910232544,31.0,1.653249979019165,0.675656259059906
ciciot2023,SNN_AE_T5,1,4,0.828560032534568,0.9011604488347559,0.7369725490196078,0.8108383311041119,0.08037246155285897,False,0.88371865286527,0.9119105821018402,5.0,0.36009374260902405,0.29388752579689026,0.29033127427101135,0.42558127641677856,0.27906250953674316,0.30660000443458557,12013.71196594238,3365.0,462.9425091743469,46.0,1.8004687130451202,1.4694376289844513
ciciot2023,SNN_AE_T7,1,4,0.8576221610461114,0.9114049825664372,0.7913568627450981,0.8471491062357791,0.07648875440621393,False,0.8872760663450582,0.9145574648115858,7.0,0.21292856335639954,0.24672766029834747,0.15712054073810577,0.26610267162323,0.23030802607536316,0.2620624899864197,11740.844747924803,3365.0,611.0969550609589,50.0,1.4904999434947968,1.7270936220884323
ciciot2023,SNN_AE_noBN,1,4,0.8249155352562098,0.8980043492485037,0.7319686274509803,0.8065299490981999,0.08266525251895061,False,0.8996064195700428,0.9174081804336787,3.0,0.3321146070957184,0.23469790816307068,0.33140623569488525,0.3284895718097687,0.24164581298828125,0.22554165124893188,10652.630465698241,3233.0,291.9116704463959,49.0,0.9963438212871552,0.704093724489212
ciciot2023,SNN_Dense,1,4,0.8401661139961208,0.9076671121736348,0.7563607843137254,0.8251349755717745,0.07650435162367034,False,0.914152347136565,0.9321254470748175,3.0,0.3135104179382324,,0.2685624957084656,0.3540624976158142,,,15909.193603515625,3365.0,229.95788860321045,35.0,0.9405312538146973,
ciciot2023,CNN_AE,1,5,0.8414409059625853,0.9280482041587902,0.7392941176470588,0.8229870606108229,0.05699223258570671,False,0.9210119631269547,0.9407222338179682,,,,,,,,351955.19999999995,13521.0,2221.944596529007,47.0,,
ciciot2023,Dense_AE,1,5,0.8657088781830695,0.9840382417125636,0.7426980392156862,0.8465024806686631,0.011978663006519636,False,0.8835453090603931,0.9155069205268576,3.0,,,,,,,15032.8,3365.0,131.09156227111816,35.0,,
ciciot2023,Dense_SNN,1,5,0.829897390977914,0.9809233728759218,0.6718901960784314,0.7975161987041036,0.012992482141186012,False,0.9147812082277462,0.9367620741408518,3.0,,0.27556249499320984,,,0.23104165494441986,0.3100416660308838,24463.199999999997,3365.0,164.48369479179382,28.0,,0.8266874849796295
ciciot2023,IF,1,5,0.7574610523681411,0.9063198133346572,0.5727372549019608,0.7019108770041139,0.0588638986804754,False,0.8651518275963097,0.8873930339648448,,,,,,,,,,2.649014711380005,,,
ciciot2023,LOF,1,5,0.6702199211662391,0.8487992501373671,0.41193725490196076,0.5546790017847902,0.07296378326106623,False,0.7660366088101648,0.7836414139027907,,,,,,,,,,1.8406023979187012,,,
ciciot2023,LSTM_AE,1,5,0.8402756053306638,0.9210183655621417,0.7433882352941177,0.8227247081289875,0.06338709174283308,False,0.9263899834057838,0.9405846647162176,,,,,,,,331200.0,72801.0,1199.7727782726288,43.0,,
ciciot2023,OCSVM,1,5,0.7393558781205031,0.9632426835581813,0.496156862745098,0.654953565179579,0.018825841469881772,False,0.7946723998368104,0.8402517003902219,,,,,,,,,,0.5163326263427734,,,
ciciot2023,SNN_AE,1,5,0.8725755490208347,0.9804604450563914,0.7595607843137255,0.8559887569937332,0.015051314845431575,False,0.9235784636067984,0.9440466452362569,3.0,0.3719479441642761,0.2808854281902313,0.3251354396343231,0.41582292318344116,0.2670520544052124,0.2942396104335785,11369.961676025388,3365.0,336.12198424339294,37.0,1.1158438324928284,0.842656284570694
ciciot2023,SNN_AE_T2,1,5,0.8624476005756115,0.9849357088830994,0.735356862745098,0.8420419233739874,0.011183204916242943,False,0.9089666799395929,0.9314853658538085,2.0,0.7932500243186951,0.3560781180858612,0.862234354019165,0.7247031331062317,0.39787501096725464,0.3124687373638153,11797.318444824217,3365.0,117.38922429084778,16.0,1.5865000486373901,0.7121562361717224
ciciot2023,SNN_AE_T5,1,5,0.8876149659012701,0.9791941619439485,0.7914039215686275,0.8753404930860385,0.016720217113266992,False,0.930232182136354,0.9480798285893911,5.0,0.3571062684059143,0.2456749975681305,0.2848750352859497,0.4249500036239624,0.22593125700950623,0.2622624933719635,11999.945684814451,3365.0,462.70916533470154,49.0,1.7855313420295715,1.2283749878406525
ciciot2023,SNN_AE_T7,1,5,0.868766814740662,0.9584227991411283,0.7701960784313725,0.8540615759262481,0.033222073182144304,False,0.9120564287754593,0.9346804688706806,7.0,0.19254910945892334,0.23331250250339508,0.12665624916553497,0.2520357072353363,0.20643304288387299,0.2577366232872009,11609.372814941406,3365.0,655.5340139865875,48.0,1.3478437662124634,1.6331875175237656
ciciot2023,SNN_AE_noBN,1,5,0.8565350685102922,0.9862497322767187,0.722321568627451,0.8339007605939877,0.010013413607012508,False,0.917468007048719,0.9397603824793601,3.0,0.3399792015552521,0.22073957324028015,0.33024999499320984,0.347552090883255,0.22490625083446503,0.21419791877269745,10674.374496459961,3233.0,385.6041965484619,45.0,1.0199376046657562,0.6622187197208405
ciciot2023,SNN_Dense,1,5,0.8651848839391854,0.9749417963484867,0.7488470588235294,0.8470669647609922,0.01913778581900989,False,0.9299638714618018,0.9461668375250076,3.0,0.34923961758613586,,0.2745625078678131,0.4195312559604645,,,16007.97769470215,3365.0,264.2657861709595,49.0,1.0477188527584076,
ciciot2023,CNN_AE,1,6,0.8621816930488644,0.9827124319799079,0.7365333333333334,0.8419976687886668,0.012883301618991172,False,0.915382542737905,0.9393676661068064,,,,,,,,351955.19999999995,13521.0,2266.029672384262,49.0,,
ciciot2023,Dense_AE,1,6,0.8659435024713759,0.9882670912862201,0.7399058823529412,0.8462400990321047,0.008734441775587236,False,0.9057476941501872,0.9325229506275439,3.0,,,,,,,15032.8,3365.0,116.32446718215942,23.0,,
ciciot2023,Dense_SNN,1,6,0.8416286053932303,0.9425228891149542,0.7266666666666667,0.8206377325066431,0.04406213931434632,False,0.9173640675585829,0.9388189099083574,3.0,,0.27786457538604736,,,0.2513020634651184,0.3099896013736725,24463.199999999997,3365.0,260.6587145328522,42.0,,0.8335937261581421
ciciot2023,IF,1,6,0.7638897578677345,0.9840756981306255,0.5350901960784313,0.6932347023797427,0.00860966403593599,False,0.8722128168758223,0.9036334431470445,,,,,,,,,,1.973222255706787,,,
ciciot2023,LOF,1,6,0.5490677594944628,0.6879782769686498,0.1748705882352941,0.2788603446982015,0.07885953145958761,False,0.7031991644784689,0.6969693954829095,,,,,,,,,,0.8371584415435791,,,
ciciot2023,LSTM_AE,1,6,0.8617671901395233,0.9796980739198334,0.7380392156862745,0.8418698277790203,0.015207287019995634,False,0.8811329855459668,0.9209275974434854,,,,,,,,331200.0,72801.0,833.0898625850677,31.0,,
ciciot2023,OCSVM,1,6,0.7278358255646624,0.9576062215477997,0.4751529411764706,0.6351512864062402,0.02091586860904015,False,0.8085652487878514,0.8472258791809109,,,,,,,,,,0.47319579124450684,,,
ciciot2023,SNN_AE,1,6,0.8610946005130451,0.9916190964872896,0.7275450980392156,0.8393004171077513,0.006114109242911065,False,0.9193658375675191,0.9425052686098405,3.0,0.3255000114440918,0.2513854205608368,0.29632291197776794,0.3591249883174896,0.23454166948795319,0.2698124945163727,11241.542431640624,3365.0,223.5910930633545,24.0,0.9765000343322754,0.7541562616825104
ciciot2023,SNN_AE_T2,1,6,0.8274260151410874,0.9846751313892377,0.6642039215686274,0.7932966127098321,0.010278566303771407,False,0.8980680120642948,0.9279643223101235,2.0,0.7573750019073486,0.28785938024520874,0.8731250166893005,0.6519218683242798,0.3331562578678131,0.24540625512599945,11731.193603515625,3365.0,153.04507851600647,17.0,1.5147500038146973,0.5757187604904175
ciciot2023,SNN_AE_T5,1,6,0.8537665019082775,0.9822934954823791,0.7196705882352942,0.8307199246758891,0.012898898836447579,False,0.910092837329585,0.9354118599743049,5.0,0.29194375872612,0.2423500120639801,0.28417500853538513,0.30325624346733093,0.24076876044273376,0.24890001118183136,11699.676840209959,3365.0,574.9163086414337,50.0,1.4597187936306,1.2117500603199005
ciciot2023,SNN_AE_T7,1,6,0.8614074328974536,0.9919835823767075,0.7279058823529412,0.8396710365605407,0.005848956546152167,False,0.9114357648477865,0.9381092399163923,7.0,0.21889732778072357,0.22774554789066315,0.13735714554786682,0.30136609077453613,0.20554465055465698,0.25126785039901733,11779.350440979004,3365.0,687.5220415592194,49.0,1.532281294465065,1.594218835234642
ciciot2023,SNN_AE_noBN,1,6,0.8554792592129137,0.9800844132431229,0.7248627450980392,0.8333709050577552,0.014645787191565025,False,0.8986357110220948,0.9287963118380087,3.0,0.3098020851612091,0.22325001657009125,0.31557291746139526,0.3151145875453949,0.2437708079814911,0.2107812464237213,10590.94080505371,3233.0,175.81223273277283,17.0,0.9294062554836273,0.6697500497102737
ciciot2023,SNN_Dense,1,6,0.8536491897641244,0.9594955822637582,0.7376,0.8340413455483917,0.030960476650965466,False,0.9197191809687034,0.9404588386818769,3.0,0.28577080368995667,,0.24277082085609436,0.3290833532810211,,,15832.499118041993,3365.0,193.14682507514954,32.0,0.85731241106987,
ciciot2023,CNN_AE,1,7,0.8636207220171432,0.9829801435007509,0.7392627450980392,0.8438770211470625,0.012727329444427114,False,0.9410405915443508,0.9568603073136128,,,,,,,,351955.19999999995,13521.0,2451.38224029541,49.0,,
ciciot2023,Dense_AE,1,7,0.866209409998123,0.9841599368888705,0.7436235294117647,0.8471483840992146,0.011900676919237609,False,0.9220322800012478,0.9443736270385988,3.0,,,,,,,15032.8,3365.0,79.12907671928406,23.0,,
ciciot2023,Dense_SNN,1,7,0.8599371206907339,0.9853467443091583,0.7299294117647059,0.8386213111061049,0.010793274479832797,False,0.9302469121485197,0.9500000109771107,3.0,,0.31471875309944153,,,0.23126043379306793,0.40022915601730347,24463.199999999997,3365.0,148.65721774101257,29.0,,0.9441562592983246
ciciot2023,IF,1,7,0.830116373647,0.9739714904366654,0.677364705882353,0.7990304017171511,0.017999188944692268,False,0.8967233892814699,0.9192080768983646,,,,,,,,,,1.90771484375,,,
ciciot2023,LOF,1,7,0.7225645998873803,0.8469618140767645,0.541364705882353,0.6605293881222607,0.09726424805814643,False,0.8057536634193871,0.8246183752201979,,,,,,,,,,1.353123664855957,,,
ciciot2023,LSTM_AE,1,7,0.8562065945066634,0.9611099817035983,0.7416,0.8372055958916239,0.029837476994104252,False,0.9351653133786814,0.9503183048979988,,,,,,,,331200.0,72801.0,1151.5947587490082,47.0,,
ciciot2023,OCSVM,1,7,0.7382687855846837,0.9701900385045336,0.49010196078431373,0.6512287137586761,0.014973328758149546,False,0.8074162146226055,0.8519809134781398,,,,,,,,,,0.3881416320800781,,,
ciciot2023,SNN_AE,1,7,0.8753753988612901,0.9856188174117934,0.7611450980392157,0.8589585859569309,0.01104282995913529,False,0.9349497373245084,0.952563679369225,3.0,0.3271562457084656,0.25037500262260437,0.31448957324028015,0.33682289719581604,0.24777084589004517,0.25321874022483826,11246.121588134763,3365.0,317.1256470680237,46.0,0.9814687371253967,0.7511250078678131
ciciot2023,SNN_AE_T2,1,7,0.7970187073765876,0.9826582213822342,0.6035294117647059,0.7477843426883308,0.010590510652899524,False,0.9157330480571677,0.9373338506368412,2.0,0.7869531512260437,0.269656240940094,0.8826406002044678,0.6810781359672546,0.2952031195163727,0.24143749475479126,11785.712048339843,3365.0,117.87391448020935,13.0,1.5739063024520874,0.539312481880188
ciciot2023,SNN_AE_T5,1,7,0.856863542513921,0.9838599778553786,0.7248,0.8346911862998356,0.01182269083195558,False,0.9281605615487608,0.9462109586704004,5.0,0.2887499928474426,0.2336687445640564,0.2777625024318695,0.29563748836517334,0.23324374854564667,0.23364375531673431,11684.959967041013,3365.0,455.4641020298004,49.0,1.4437499642372131,1.168343722820282
ciciot2023,SNN_AE_T7,1,7,0.8625101670524933,0.9823040280795587,0.737521568627451,0.8424928772376226,0.013210843185575694,False,0.9160896576991842,0.9393814271567483,7.0,0.19503124058246613,0.24230805039405823,0.12628571689128876,0.26423215866088867,0.21212054789066315,0.27359822392463684,11625.385539245604,3365.0,685.7818579673767,49.0,1.3652186840772629,1.6961563527584076
ciciot2023,SNN_AE_noBN,1,7,0.8327050616279797,0.9790983328432149,0.6789490196078432,0.8018562946358272,0.014411828929718939,False,0.9343874324349948,0.9504970609095054,3.0,0.3085416555404663,0.23109374940395355,0.30552080273628235,0.31728124618530273,0.24552084505558014,0.21847917139530182,10587.455969238279,3233.0,265.93872356414795,33.0,0.9256249666213989,0.6932812482118607
ciciot2023,SNN_Dense,1,7,0.8617671901395233,0.9774908284452919,0.7397803921568628,0.8421832727662348,0.016938578157656675,False,0.9385352679999535,0.9542112541342906,3.0,0.29219794273376465,,0.2554062604904175,0.32611459493637085,,,15850.268872070312,3365.0,216.5001163482666,50.0,0.876593828201294,
ciciot2023,CNN_AE,1,8,0.8634028076486919,0.9846695149535059,0.7375058823529411,0.8433514502502287,0.011416985104889652,False,0.8844947700287321,0.9242050521817756,,,,,,,,351955.19999999995,13521.0,2337.5187656879425,48.0,,
ciciot2023,Dense_AE,1,8,0.7162085011535604,0.704999776062583,0.7407529411764706,0.7224342744372118,0.3081962099352726,False,0.8339166391273035,0.8899948924296154,3.0,,,,,,,15032.8,3365.0,191.27025628089905,45.0,,
ciciot2023,Dense_SNN,1,8,0.7142142102999257,0.7081140619263248,0.7260862745098039,0.7169875617652071,0.2975902674881073,False,0.8387866040952761,0.8887366121420096,3.0,,0.25469791889190674,,,0.24710416793823242,0.26205208897590637,24463.199999999997,3365.0,170.46500635147095,23.0,,0.7640937566757202
ciciot2023,IF,1,8,0.8288429202674696,0.9857517462232845,0.6663372549019608,0.7951667399829656,0.00957654215082274,False,0.8270910950757906,0.8815006663589505,,,,,,,,,,2.383557081222534,,,
ciciot2023,LOF,1,8,0.5851171157079732,0.9144140655255208,0.1851921568627451,0.3080053743102751,0.01723465647664353,False,0.8982216666437299,0.902574860020891,,,,,,,,,,1.3416805267333984,,,
ciciot2023,LSTM_AE,1,8,0.704227114534861,0.6850231894398858,0.7529882352941176,0.7173995890155054,0.3442564142556344,False,0.8561456937213003,0.9007686437909824,,,,,,,,331200.0,72801.0,1118.0633318424225,50.0,,
ciciot2023,OCSVM,1,8,0.6840730457904821,0.7925979753432896,0.49617254901960783,0.6102953944702773,0.1290961553458629,False,0.6769745527720563,0.7683722605231728,,,,,,,,,,0.7162771224975586,,,
ciciot2023,SNN_AE,1,8,0.8271379971063231,0.9938106191752235,0.6573803921568627,0.7913216703329903,0.004070810262809015,False,0.8331814920799482,0.882517149609504,3.0,0.34016668796539307,0.23680207133293152,0.3018229305744171,0.37426039576530457,0.22447915375232697,0.24930208921432495,11282.092858886717,3365.0,324.6390643119812,50.0,1.0205000638961792,0.7104062139987946
ciciot2023,SNN_AE_T2,1,8,0.8309310601024518,0.9934413941722102,0.6652862745098039,0.7969034779504331,0.004367152772362162,False,0.8347467229381029,0.8900884408132325,2.0,0.7006093859672546,0.28264063596725464,0.7734843492507935,0.6307968497276306,0.3031562566757202,0.2644999921321869,11626.563220214843,3365.0,100.74772715568542,11.0,1.4012187719345093,0.5652812719345093
ciciot2023,SNN_AE_T5,1,8,0.8551832010323388,0.9611941515936295,0.7393882352941177,0.8358261887240777,0.02968104187787569,False,0.8780167779403736,0.9196203358550123,5.0,0.28539374470710754,0.24544376134872437,0.2571749985218048,0.309362530708313,0.24038127064704895,0.25065627694129944,11669.49437561035,3365.0,488.29462790489197,50.0,1.4269687235355377,1.2272188067436218
ciciot2023,SNN_AE_T7,1,8,0.671145348609862,0.6555248183238493,0.7173960784313725,0.685066321142626,0.37484208063635654,False,0.8408650468444415,0.8880635433752355,7.0,0.19929464161396027,0.24240179359912872,0.15219642221927643,0.24087052047252655,0.22388394176959991,0.259589284658432,11652.88959197998,3365.0,584.9297018051147,47.0,1.3950624912977219,1.696812555193901
ciciot2023,SNN_AE_noBN,1,8,0.8212646150236578,0.9795722125803275,0.6551686274509804,0.7851825393841411,0.013584964516883725,False,0.8604836067544073,0.9034325983682845,3.0,0.3382187485694885,0.21704167127609253,0.36507290601730347,0.3154999911785126,0.23360417783260345,0.20073957741260529,10669.50719604492,3233.0,300.38264775276184,49.0,1.0146562457084656,0.6511250138282776
ciciot2023,SNN_Dense,1,8,0.7028741250537677,0.6844917487966995,0.7495372549019608,0.7155393162521152,0.343523356468845,False,0.8466832700432587,0.8898473751882688,3.0,0.26265624165534973,,0.25180208683013916,0.2721146047115326,,,15768.59197692871,3365.0,264.52272367477417,40.0,0.7879687249660492,
ciciot2023,CNN_AE,1,9,0.8179102155138878,1.0,0.6328784313725491,0.7751690747002766,0.0,False,0.9629134314028174,0.9756746011610701,,,,,,,,351955.19999999995,13521.0,1848.52170753479,31.0,,
ciciot2023,Dense_AE,1,9,0.8512565159884852,1.0,0.7001098039215686,0.8236053957299182,0.0,False,0.890609544219046,0.9341821959853233,3.0,,,,,,,15032.8,3365.0,89.30600762367249,22.0,,
ciciot2023,Dense_SNN,1,9,0.7387302575274255,0.99990057995029,0.47328627450980393,0.6424700558956614,4.631058968817536e-05,False,0.9169277140729708,0.9486105751141694,3.0,,0.2760937511920929,,,0.20596875250339508,0.3372812569141388,24463.199999999997,3365.0,195.9011628627777,48.0,,0.8282812535762787
ciciot2023,IF,1,9,0.7457013926709718,0.9997104526590097,0.4874352941176471,0.6553414950491917,0.00013893176906452608,False,0.8719214538498327,0.9154713533275798,,,,,,,,,,1.9234669208526611,,,
ciciot2023,LOF,1,9,0.5584766202443009,1.0,0.10981960784313725,0.19790532996000057,0.0,False,0.9273624692927496,0.9488781207848396,,,,,,,,,,1.3821115493774414,,,
ciciot2023,LSTM_AE,1,9,0.8476309032910605,1.0,0.6928,0.8185255198487713,0.0,False,0.9036917190611966,0.9415634404688984,,,,,,,,331200.0,72801.0,677.4868197441101,21.0,,
ciciot2023,OCSVM,1,9,0.6293083326849763,1.0,0.25262745098039213,0.4033560829002567,0.0,False,0.8857921556520106,0.9117345851434664,,,,,,,,,,0.3837313652038574,,,
ciciot2023,SNN_AE,1,9,0.8051116470862834,0.9999483270895233,0.6071058823529412,0.7555121760773023,3.087372645878358e-05,False,0.9376438644219652,0.9603626776241203,3.0,0.30158334970474243,0.23463542759418488,0.31553125381469727,0.2917708456516266,0.22285416722297668,0.2474687546491623,11175.417645263671,3365.0,378.44661259651184,46.0,0.9047500491142273,0.7039062827825546
ciciot2023,SNN_AE_T2,1,9,0.7539095930911072,1.0,0.5038431372549019,0.6700740586210493,0.0,False,0.9299454271168177,0.9489778859606943,2.0,0.6433905959129333,0.22226563096046448,0.8355937600135803,0.46389061212539673,0.27242186665534973,0.17643749713897705,11521.097546386718,3365.0,73.64547944068909,6.0,1.2867811918258667,0.44453126192092896
ciciot2023,SNN_AE_T5,1,9,0.7797868201976192,1.0,0.5560156862745098,0.714665913948143,0.0,False,0.9525170574311849,0.9651389546819606,5.0,0.2670437693595886,0.22578124701976776,0.28245002031326294,0.2574875056743622,0.20743750035762787,0.24585625529289246,11584.937689208982,3365.0,473.56296730041504,39.0,1.3352188467979431,1.1289062350988388
ciciot2023,SNN_AE_T7,1,9,0.8048782385435307,0.9999482870071106,0.606635294117647,0.7551476690261166,3.087372645878358e-05,False,0.9275902371223266,0.9485339574529441,7.0,0.2066071480512619,0.23095981776714325,0.1282857209444046,0.2802812457084656,0.18946875631809235,0.27104464173316956,11700.0640335083,3365.0,687.0941441059113,46.0,1.4462500363588333,1.6167187243700027
ciciot2023,SNN_AE_noBN,1,9,0.7349568194195908,1.0,0.4656313725490196,0.6354003895798104,0.0,False,0.9618230141232165,0.9723859146230625,3.0,0.32216665148735046,0.23145832121372223,0.3152708113193512,0.3295416831970215,0.2188333123922348,0.2434583157300949,10625.126358032227,3233.0,161.42210912704468,18.0,0.9664999544620514,0.6943749636411667
ciciot2023,SNN_Dense,1,9,0.771563059207967,0.9999709226251055,0.5394509803921569,0.7008283999551665,1.543686322939179e-05,False,0.9382754886826605,0.9603971779876509,3.0,0.30815625190734863,,0.2850833237171173,0.3358020484447479,,,15894.390405273436,3365.0,190.1195089817047,39.0,0.9244687557220459,
ciciot2023,CNN_AE,2,0,0.8496527560533066,0.9530893845652881,0.7346039215686274,0.8297043034565845,0.03595158623701532,False,0.9259626794673947,0.9448951834475047,,,,,,,,351955.19999999995,13521.0,2242.157274246216,49.0,,
ciciot2023,Dense_AE,2,0,0.8628151786272915,0.9936331588505501,0.729521568627451,0.8413368911401565,0.0046479708020089215,False,0.9360714288947323,0.9573583112171624,3.0,,,,,,,15032.8,3365.0,202.34437537193298,50.0,,
ciciot2023,Dense_SNN,2,0,0.8234608646687105,0.9899340837160603,0.6525490196078432,0.786590150605542,0.006597622984059644,False,0.9245327618023533,0.9469999440940593,3.0,,0.3116458058357239,,,0.2332916557788849,0.390166699886322,24463.199999999997,3365.0,99.00040078163147,11.0,,0.9349374175071716
ciciot2023,IF,2,0,0.7190061315147344,0.9046690909090909,0.48781176470588233,0.6338445859872611,0.05111208160464173,False,0.8738749665883135,0.8808512488425915,,,,,,,,,,2.4629735946655273,,,
ciciot2023,LOF,2,0,0.5756115873115185,0.9586153548636628,0.15551372549019607,0.26761323759650163,0.006675609071341673,False,0.8336856326384314,0.8476991615850267,,,,,,,,,,0.7294390201568604,,,
ciciot2023,LSTM_AE,2,0,0.8647469186010136,0.9951820584974844,0.7322666666666666,0.8437166766072042,0.0035249711451477055,False,0.9057479539814803,0.93602103765765,,,,,,,,331200.0,72801.0,1079.496150970459,49.0,,
ciciot2023,OCSVM,2,0,0.7197412876180942,0.9952453606784232,0.4399843137254902,0.6102052581771508,0.002090027139158374,False,0.7907105727726409,0.8386620017384161,,,,,,,,,,0.3742392063140869,,,
ciciot2023,SNN_AE,2,0,0.852038102984421,0.9903743081533986,0.7101333333333333,0.8271621856186222,0.006862775680818542,False,0.9036688411022767,0.9323459113823663,3.0,0.3307708203792572,0.2742291986942291,0.30637499690055847,0.35730206966400146,0.2695416510105133,0.2798541784286499,11256.115164184568,3365.0,165.780282497406,20.0,0.9923124611377716,0.8226875960826874
ciciot2023,SNN_AE_T2,2,0,0.8445457673778389,0.9891190439028741,0.6958588235294118,0.8169688487002643,0.007611442118726019,False,0.8987058105445754,0.9308034379354022,2.0,0.7713750004768372,0.3606874942779541,0.8259375095367432,0.7192500233650208,0.3825624883174896,0.33671873807907104,11756.998400878905,3365.0,114.56731057167053,10.0,1.5427500009536743,0.7213749885559082
ciciot2023,SNN_AE_T5,2,0,0.8418945129199775,0.9920430399204304,0.6884078431372549,0.8127940141497203,0.005490220544654834,False,0.9315479959410535,0.9511792365459433,5.0,0.2802000045776367,0.2647687792778015,0.2595062553882599,0.305275022983551,0.250837504863739,0.2828937768936157,11645.561621093748,3365.0,429.45214581489563,32.0,1.4010000228881836,1.3238438963890076
ciciot2023,SNN_AE_T7,2,0,0.8624319589563911,0.9842228935884525,0.7358745098039216,0.8421203798445438,0.011729107527217144,False,0.9117307313504683,0.9391259545087292,7.0,0.18342410027980804,0.2311830222606659,0.1349196434020996,0.22821874916553497,0.21280357241630554,0.24772769212722778,11550.505555725096,3365.0,610.424384355545,49.0,1.2839687019586563,1.6182811558246613
ciciot2023,SNN_AE_noBN,2,0,0.8189013326659575,0.9895325840528677,0.6435764705882353,0.7799110367638672,0.006769192376080107,False,0.9261178146524542,0.944414954398603,3.0,0.3191562592983246,0.2625104486942291,0.31308335065841675,0.32899999618530273,0.25734373927116394,0.2730520963668823,10616.803225708007,3233.0,256.3611876964569,39.0,0.9574687778949738,0.7875313460826874
ciciot2023,SNN_Dense,2,0,0.8322279922417569,0.9912431478212395,0.6694117647058824,0.7991423381584615,0.005880150981064978,False,0.9093744167711069,0.935105932487883,3.0,0.29530206322669983,,0.23872919380664825,0.35118749737739563,,,15858.851144409178,3365.0,160.13675808906555,22.0,0.8859061896800995,
ciciot2023,CNN_AE,2,1,0.8662652015797911,0.9958967599285653,0.7347921568627451,0.8456483671221996,0.00301021601809249,False,0.9281401404645147,0.9489145629460405,,,,,,,,351955.19999999995,13521.0,2228.967486143112,47.0,,
ciciot2023,Dense_AE,2,1,0.854674852383373,0.9819873655455011,0.7217568627450981,0.8319982641086379,0.013163846213834516,False,0.8749843792327818,0.9126595739752041,3.0,,,,,,,15032.8,3365.0,126.8122615814209,47.0,,
ciciot2023,Dense_SNN,2,1,0.8592108864818363,0.9818622287760691,0.731121568627451,0.8381406221902535,0.013428994775013647,False,0.9081883957900403,0.9354997031206704,3.0,,0.3634583055973053,,,0.2842395603656769,0.44218748807907104,24463.199999999997,3365.0,194.40793895721436,41.0,,1.090374916791916
ciciot2023,IF,2,1,0.5978180111836703,0.9853508702843191,0.19625098039215685,0.3273117323112745,0.002901037198783436,False,0.8882774775105394,0.9142904244719461,,,,,,,,,,1.7851040363311768,,,
ciciot2023,LOF,2,1,0.5763187737066437,0.9975062344139651,0.15058823529411763,0.26167307220541336,0.00037432738048818527,False,0.7555176862653351,0.7501292246868598,,,,,,,,,,1.0230140686035156,,,
ciciot2023,LSTM_AE,2,1,0.860305791264224,0.9924027813546227,0.7253647058823529,0.8381273448969605,0.005521328862200733,False,0.9282903772479905,0.9479671323082454,,,,,,,,331200.0,72801.0,1197.6624717712402,47.0,,
ciciot2023,OCSVM,2,1,0.7319047432839323,0.9636855686323872,0.4803764705882353,0.6411523323004773,0.01799890821180691,False,0.8402995302864185,0.8656528548962217,,,,,,,,,,0.39329981803894043,,,
ciciot2023,SNN_AE,2,1,0.8499198373284323,0.9949351341745157,0.702556862745098,0.8235661879631503,0.00355611011463776,False,0.9201469206832699,0.9451968428991467,3.0,0.2874895930290222,0.253843754529953,0.3096249997615814,0.2640729248523712,0.2587187588214874,0.24908334016799927,11136.45122680664,3365.0,383.94184017181396,50.0,0.8624687790870667,0.761531263589859
ciciot2023,SNN_AE_T2,2,1,0.7659719235130802,0.9592180287808851,0.5541647058823529,0.7024855836150328,0.023426655228885596,False,0.8994658285892537,0.9224711176981529,2.0,0.7386875152587891,0.316281259059906,0.8842031359672546,0.5891249775886536,0.3857343792915344,0.2440156191587448,11696.748828124999,3365.0,115.75523209571838,16.0,1.4773750305175781,0.632562518119812
ciciot2023,SNN_AE_T5,2,1,0.848167989676612,0.9927536231884058,0.7005803921568627,0.8214607588883371,0.005084613584964517,False,0.9204049436903359,0.9430686145664693,5.0,0.30934375524520874,0.25315001606941223,0.3217250108718872,0.30057501792907715,0.2609750032424927,0.24766875803470612,11779.85602416992,3365.0,416.03356552124023,50.0,1.5467187762260437,1.2657500803470612
ciciot2023,SNN_AE_T7,2,1,0.8559261721346733,0.9937045266413976,0.7155607843137255,0.8320018968410301,0.004507525540045231,False,0.911514032903499,0.9390579808609225,7.0,0.19792859256267548,0.2411116063594818,0.12068304419517517,0.2778080403804779,0.21559377014636993,0.269013375043869,11644.07693634033,3365.0,566.397129535675,50.0,1.3855001479387283,1.6877812445163727
ciciot2023,SNN_AE_noBN,2,1,0.8292652406835335,0.9786694681069724,0.6722039215686274,0.7969908031654221,0.01456757389066521,False,0.9115977912237967,0.9349801112743873,3.0,0.3291354477405548,0.22963540256023407,0.3363645672798157,0.32222914695739746,0.23597915470600128,0.22303125262260437,10644.393685913084,3233.0,262.9632704257965,41.0,0.9874063432216644,0.6889062076807022
ciciot2023,SNN_Dense,2,1,0.8589684432800219,0.9921627731725697,0.7228392156862745,0.83635373655792,0.005677298604070811,False,0.9316811264073593,0.9520725514290342,3.0,0.29731249809265137,,0.2788645923137665,0.3098229467868805,,,15864.409594726563,3365.0,203.21877551078796,50.0,0.8919374942779541,
ciciot2023,CNN_AE,2,2,0.864653068885691,0.9704619124797407,0.7514039215686275,0.8469984970382813,0.022740743051439624,False,0.9453317495123575,0.9595571275177056,,,,,,,,351955.19999999995,13521.0,2328.847519159317,46.0,,
ciciot2023,Dense_AE,2,2,0.8657166989926797,0.9942279942279942,0.7349333333333333,0.8451395277522232,0.004242443148142371,False,0.8850547119805592,0.9246194347181572,3.0,,,,,,,15032.8,3365.0,107.93103694915771,30.0,,
ciciot2023,Dense_SNN,2,2,0.8548926984921479,0.9940533449934412,0.7132235294117647,0.8305416019727829,0.004242443148142371,False,0.9427924677061141,0.9588546271476635,3.0,,0.3058437407016754,,,0.25597915053367615,0.35985416173934937,24463.199999999997,3365.0,117.68256187438965,20.0,,0.9175312221050262
ciciot2023,IF,2,2,0.6035709816680223,0.9855029365846405,0.20793725490196077,0.3434152407352236,0.0030414574039991267,False,0.9062530855883546,0.92556556772626,,,,,,,,,,2.051682710647583,,,
ciciot2023,LOF,2,2,0.5758931364574861,0.9923474663908997,0.15052549019607844,0.2614001634432035,0.0011541940917740275,False,0.7119993136001007,0.7356420524791993,,,,,,,,,,1.807112693786621,,,
ciciot2023,LSTM_AE,2,2,0.8670384158168054,0.9944577242823599,0.7374274509803922,0.8468695675670806,0.0040864709735783135,False,0.9361721130315058,0.9540440272759456,,,,,,,,331200.0,72801.0,1105.1355276107788,43.0,,
ciciot2023,OCSVM,2,2,0.7186854783207157,0.9963195883656114,0.43738039215686275,0.6078965727740473,0.001606513398009795,False,0.8112644721687533,0.8554479339402273,,,,,,,,,,0.32308197021484375,,,
ciciot2023,SNN_AE,2,2,0.8347384721266345,0.9705226434675087,0.6894745098039216,0.806206953475362,0.02082228530430171,False,0.9238703999677045,0.945311238790814,3.0,0.3060312569141388,0.2486979216337204,0.34030207991600037,0.26512500643730164,0.25718748569488525,0.23768751323223114,11187.71521911621,3365.0,321.27283930778503,38.0,0.9180937707424164,0.7460937649011612
ciciot2023,SNN_AE_T2,2,2,0.8009134705624726,0.9912258196931603,0.6060549019607843,0.752199984424889,0.0053342483700907755,False,0.9271393408921731,0.9474104091990455,2.0,0.7535468935966492,0.32029688358306885,0.8924062252044678,0.6077343821525574,0.3777812421321869,0.2611406147480011,11724.137634277344,3365.0,116.9689290523529,15.0,1.5070937871932983,0.6405937671661377
ciciot2023,SNN_AE_T5,2,2,0.8580914096227241,0.9910416262893813,0.7218980392156863,0.8353254013631373,0.006488442461864803,False,0.943600251390446,0.9602346980346986,5.0,0.24111250042915344,0.22185000777244568,0.2849249839782715,0.1968812495470047,0.23743127286434174,0.20672500133514404,11465.446401977537,3365.0,431.79705834388733,48.0,1.2055625021457672,1.1092500388622284
ciciot2023,SNN_AE_T7,2,2,0.8662954389038353,0.9904958156356449,0.7389176470588236,0.8464081647320947,0.007049942290295411,False,0.9327686535075084,0.9528511005012957,7.0,0.22394195199012756,0.23097768425941467,0.12787052989006042,0.3222455382347107,0.1928526908159256,0.26792410016059875,11811.89432067871,3365.0,564.7068252563477,50.0,1.567593663930893,1.6168437898159027
ciciot2023,SNN_AE_noBN,2,2,0.804190389789151,0.9891587273508378,0.6139921568627451,0.7576775292534915,0.006691206288798078,False,0.9288025183083808,0.9471368855096125,3.0,0.3282812535762787,0.25202083587646484,0.3369375169277191,0.32251042127609253,0.25732293725013733,0.24957291781902313,10642.032009887695,3233.0,256.17293977737427,44.0,0.9848437607288361,0.7560625076293945
ciciot2023,SNN_Dense,2,2,0.8594053056372396,0.9930416424309011,0.7230745098039215,0.8368234258275922,0.005037901238419066,False,0.9413587949650958,0.9583042458595658,3.0,0.3336041569709778,,0.25173959136009216,0.41603124141693115,,,15964.748773193358,3365.0,193.66390442848206,35.0,1.0008124709129333,
ciciot2023,CNN_AE,2,3,0.8645826815991992,0.9861183811059232,0.7387921568627451,0.8447238389037853,0.01034095517359703,False,0.8873260975700759,0.9268953237877056,,,,,,,,351955.19999999995,13521.0,2304.3750550746918,49.0,,
ciciot2023,Dense_AE,2,3,0.8675389476318589,0.9931525609422076,0.7394196078431372,0.8477066529991998,0.005069095673331877,False,0.8438158582720607,0.8967917626402854,3.0,,,,,,,15032.8,3365.0,55.839442014694214,14.0,,
ciciot2023,Dense_SNN,2,3,0.658566914847025,0.6368416034433442,0.7334117647058823,0.6817237382169181,0.41585301182269085,False,0.832204978631812,0.8814198127357922,3.0,,0.29247915744781494,,,0.2563541531562805,0.3269999921321869,24463.199999999997,3365.0,163.77492237091064,36.0,,0.8774374723434448
ciciot2023,IF,2,3,0.5605408871926422,0.9976300197498355,0.11885490196078431,0.21240451328053822,0.000280749914215304,False,0.8127533511080447,0.8719091986288889,,,,,,,,,,1.8288311958312988,,,
ciciot2023,LOF,2,3,0.5871785647250203,0.9492747684995493,0.18170980392156863,0.30503074269614106,0.009654677605515177,False,0.8731489229662605,0.8740912567008956,,,,,,,,,,0.8248317241668701,,,
ciciot2023,LSTM_AE,2,3,0.8677031846336732,0.9908812678182123,0.7414745098039216,0.8482243795646635,0.006784789593536513,False,0.8546823990600078,0.9028526351182601,,,,,,,,331200.0,72801.0,1183.779484987259,49.0,,
ciciot2023,OCSVM,2,3,0.7361728086091472,0.9015196104660496,0.5285803921568627,0.6664227513646073,0.05741335745702967,False,0.7333935630589385,0.8106683916262487,,,,,,,,,,0.38032102584838867,,,
ciciot2023,SNN_AE,2,3,0.6578317587436652,0.6356544978497687,0.7349960784313726,0.6817252642529262,0.41889446922668994,False,0.8288758844386868,0.8795936781020471,3.0,0.3225520849227905,0.2606770992279053,0.25820833444595337,0.38577085733413696,0.21765626966953278,0.30001044273376465,11233.392004394529,3365.0,182.4575960636139,19.0,0.9676562547683716,0.7820312976837158
ciciot2023,SNN_AE_T2,2,3,0.7891822561471563,0.9120637907091341,0.6387450980392156,0.7513192368722094,0.06123467573384908,False,0.8144434049153867,0.8666752674979878,2.0,0.7479531168937683,0.2859843671321869,0.8407187461853027,0.6575000286102295,0.31929686665534973,0.2525624930858612,11713.827185058592,3365.0,109.25037288665771,16.0,1.4959062337875366,0.5719687342643738
ciciot2023,SNN_AE_T5,2,3,0.8574109991866358,0.9914489311163895,0.7202196078431372,0.8343449027803016,0.006176498112736688,False,0.8711984758766095,0.9124023581264138,5.0,0.3056437373161316,0.2484937459230423,0.2691812813282013,0.34812501072883606,0.2438250184059143,0.253843754529953,11762.806341552732,3365.0,426.8892638683319,46.0,1.528218686580658,1.2424687296152115
ciciot2023,SNN_AE_T7,2,3,0.7948523431145592,0.8301392041954843,0.7399372549019608,0.7824471482006751,0.15054434288922855,False,0.8499569717421236,0.8984274639473486,7.0,0.21597319841384888,0.248223215341568,0.1482812464237213,0.2812053859233856,0.24206697940826416,0.2519732415676117,11760.486297607422,3365.0,574.2377328872681,46.0,1.5118123888969421,1.737562507390976
ciciot2023,SNN_AE_noBN,2,3,0.8315788650441094,0.9865160769851331,0.6713725490196079,0.7989919260745788,0.00912437221199738,False,0.8678608955738768,0.9110989258547302,3.0,0.3461562395095825,0.2251666933298111,0.3567083477973938,0.33008334040641785,0.23339582979679108,0.21299999952316284,10691.452770996093,3233.0,234.94315433502197,34.0,1.0384687185287476,0.6755000799894333
ciciot2023,SNN_Dense,2,3,0.7791012325595945,0.8028144989339019,0.7382745098039216,0.7691930541368743,0.18030383379605078,False,0.8500536352220647,0.8967271742564463,3.0,0.26171875,,0.2566978931427002,0.2673853933811188,,,15766.0,3365.0,174.88225936889648,35.0,0.78515625,
ciciot2023,CNN_AE,2,4,0.8679841282190928,0.9999786251709987,0.7338509803921569,0.8464906725532415,1.543686322939179e-05,False,0.953160342879974,0.9707687648376622,,,,,,,,351955.19999999995,13521.0,2046.9433281421661,50.0,,
ciciot2023,Dense_AE,2,4,0.8696335485878783,0.9999574449976595,0.7371921568627451,0.848701556687254,3.087372645878358e-05,False,0.9516228558802342,0.9688960373448394,3.0,,,,,,,15032.8,3365.0,125.82079076766968,42.0,,
ciciot2023,Dense_SNN,2,4,0.8598692912160585,0.9992359579995197,0.7180235294117647,0.8356045601000375,0.0005402902130287125,False,0.9432703705452542,0.963911159770352,3.0,,0.28990626335144043,,,0.2368749976158142,0.3398124873638153,24463.199999999997,3365.0,193.84840869903564,46.0,,0.8697187900543213
ciciot2023,IF,2,4,0.639438263440442,0.9995981860972389,0.2731607843137255,0.4290694952630866,0.00010805804260574252,False,0.8800141757623086,0.9187305399105554,,,,,,,,,,2.3857407569885254,,,
ciciot2023,LOF,2,4,0.5922819575196452,1.0,0.1779764705882353,0.30217321828060084,0.0,False,0.92201524314573,0.9438993818489085,,,,,,,,,,2.41961669921875,,,
ciciot2023,LSTM_AE,2,4,0.8689099821053451,0.9998081800549884,0.7358431372549019,0.8477532100226802,0.00013893176906452608,False,0.87707309615047,0.9262143613970631,,,,,,,,331200.0,72801.0,985.661351442337,50.0,,
ciciot2023,OCSVM,2,4,0.7333463004745974,0.9998304337504663,0.4624627450980392,0.6324098801977756,7.718431614695894e-05,False,0.880842040087415,0.9082433500413787,,,,,,,,,,0.705193042755127,,,
ciciot2023,SNN_AE,2,4,0.8611374776316814,0.9996299198885406,0.7202980392156862,0.8372809656656274,0.00026242667489966037,False,0.956077722245428,0.9701482348234048,3.0,0.36507290601730347,0.28837499022483826,0.31208333373069763,0.4151875078678131,0.27509376406669617,0.2994791865348816,11350.95357055664,3365.0,315.27983021736145,47.0,1.0952187180519104,0.8651249706745148
ciciot2023,SNN_AE_T2,2,4,0.84072979071034,1.0,0.6788862745098039,0.808734081417186,0.0,False,0.9509393641223084,0.9660782343886299,2.0,0.787359356880188,0.28959375619888306,0.9182656407356262,0.6641562581062317,0.33203125,0.2504843771457672,11786.460766601562,3365.0,74.21551775932312,6.0,1.574718713760376,0.5791875123977661
ciciot2023,SNN_AE_T5,2,4,0.8517077725044737,0.9989059569527552,0.7017882352941176,0.8243933000423814,0.0007564062982401976,False,0.9333008840782376,0.9533342554822292,5.0,0.37325000762939453,0.28361251950263977,0.3463125228881836,0.4008374512195587,0.27086251974105835,0.2949875295162201,12074.336035156248,3365.0,456.543292760849,47.0,1.8662500381469727,1.4180625975131989
ciciot2023,SNN_AE_T7,2,4,0.8681475141990197,0.998402657977126,0.7353411764705883,0.8469147177583264,0.001157764742204384,False,0.9093955642324851,0.9405055004871276,7.0,0.18317410349845886,0.22211608290672302,0.11604911088943481,0.24920088052749634,0.1872321516275406,0.25508037209510803,11548.892776489258,3365.0,578.761087179184,50.0,1.282218724489212,1.5548125803470612
ciciot2023,SNN_AE_noBN,2,4,0.8493892476464638,0.999482424951618,0.6967058823529412,0.8210707287314675,0.00035504785427601114,False,0.9175030465708975,0.9448703834371279,3.0,0.3267499804496765,0.2461249977350235,0.3296770751476288,0.32355207204818726,0.25073957443237305,0.24028125405311584,10637.798345947263,3233.0,286.30313301086426,50.0,0.9802499413490295,0.7383749932050705
ciciot2023,SNN_Dense,2,4,0.8698280557068389,0.9992143205996645,0.7381333333333333,0.8490567739956515,0.0005711639394874961,False,0.9405253708176694,0.960955564019908,3.0,0.3424583375453949,,0.26761457324028015,0.4138646125793457,,,15989.228811645506,3365.0,217.63856554031372,50.0,1.0273750126361847,
ciciot2023,CNN_AE,2,5,0.8603214327611153,0.9719251336898396,0.7412549019607844,0.8410607813473348,0.021289869765265538,False,0.9211563174626475,0.9412478141071441,,,,,,,,351955.19999999995,13521.0,2081.201054096222,49.0,,
ciciot2023,Dense_AE,2,5,0.854049192507723,0.9611167928001636,0.7370823529411765,0.8343217329545455,0.029649847929501677,False,0.9008224042276974,0.9284465191745175,3.0,,,,,,,15032.8,3365.0,121.0243866443634,39.0,,
ciciot2023,Dense_SNN,2,5,0.8459938216087279,0.9736197110423117,0.7103529411764706,0.8214071937748272,0.01913748732745847,False,0.9223117052233043,0.9437035228068222,3.0,,0.27635419368743896,,,0.23672917485237122,0.31165623664855957,24463.199999999997,3365.0,151.73270177841187,34.0,,0.8290625810623169
ciciot2023,IF,2,5,0.5331951667774606,0.865945945945946,0.07538823529411764,0.13870129870129871,0.011604148795133743,False,0.8516759828310955,0.8566430328045522,,,,,,,,,,1.7872226238250732,,,
ciciot2023,LOF,2,5,0.5640323778985649,0.9976376973766008,0.12586666666666665,0.22353154207234688,0.0002963425095531467,False,0.7755761875184449,0.7720361131224203,,,,,,,,,,1.241365671157837,,,
ciciot2023,LSTM_AE,2,5,0.8548781918429593,0.9605429421595402,0.7392941176470588,0.8355197844277408,0.030195742026046947,False,0.9048674263922211,0.926923785032987,,,,,,,,331200.0,72801.0,1031.973741054535,48.0,,
ciciot2023,OCSVM,2,5,0.7400617839127205,0.9743494077045052,0.4915764705882353,0.6534672046542179,0.01286750370428137,False,0.8398062432546909,0.8731796195917172,,,,,,,,,,0.3073132038116455,,,
ciciot2023,SNN_AE,2,5,0.7827239666836117,0.9648950470478751,0.5855058823529412,0.728781459281098,0.021180690945956485,False,0.8968968600232732,0.916642572620027,3.0,0.3059895932674408,0.22341667115688324,0.3109270930290222,0.29864585399627686,0.23596875369548798,0.21197918057441711,11187.600027465818,3365.0,300.4161591529846,43.0,0.9179687798023224,0.6702500134706497
ciciot2023,SNN_AE_T2,2,5,0.838775270793415,0.9473007445506771,0.716486274509804,0.8158832513151196,0.03963191140918662,False,0.8797512236132072,0.9099293370603638,2.0,0.6853593587875366,0.23781250417232513,0.8192187547683716,0.5565937757492065,0.29865625500679016,0.17900000512599945,11598.454370117186,3365.0,77.78599238395691,9.0,1.3707187175750732,0.47562500834465027
ciciot2023,SNN_AE_T5,2,5,0.8542759942126461,0.9652484171014911,0.7341490196078432,0.8339852276878391,0.02628090150510801,False,0.9117463147866961,0.9342494151696306,5.0,0.33221250772476196,0.2399125099182129,0.29397499561309814,0.3606812655925751,0.22791874408721924,0.2508062720298767,11885.235235595701,3365.0,411.7025954723358,48.0,1.6610625386238098,1.1995625495910645
ciciot2023,SNN_AE_T7,2,5,0.8577249442771673,0.9703683819278104,0.7371450980392157,0.837829164363779,0.022381657958356078,False,0.8957225591882233,0.9271055444089118,7.0,0.20730355381965637,0.22469642758369446,0.12761160731315613,0.28295984864234924,0.2066919505596161,0.24124553799629211,11704.556686401367,3365.0,543.9971098899841,50.0,1.4511248767375946,1.5728749930858612
ciciot2023,SNN_AE_noBN,2,5,0.851663864231807,0.9517785444787442,0.7399686274509804,0.8326140866449568,0.037276768306948455,False,0.9090904307058547,0.9283815264507687,3.0,0.3146666884422302,0.2474479079246521,0.31553125381469727,0.31176042556762695,0.24555209279060364,0.24903127551078796,10604.390460205077,3233.0,211.5212378501892,40.0,0.9440000653266907,0.7423437237739563
ciciot2023,SNN_Dense,2,5,0.8578500762522974,0.973702810577083,0.7347294117647059,0.8375024585620541,0.019730172346564767,False,0.9222972673183756,0.9408036891002861,3.0,0.27114585041999817,,0.2608228921890259,0.2785729467868805,,,15792.064047241209,3365.0,202.90409135818481,48.0,0.8134375512599945,
ciciot2023,CNN_AE,2,6,0.8636285428267534,0.9864095616190897,0.7366274509803922,0.8434135258672557,0.010091399694294538,False,0.9174713233229781,0.9402237618565448,,,,,,,,351955.19999999995,13521.0,2116.471782207489,50.0,,
ciciot2023,Dense_AE,2,6,0.8546580742038415,0.9771997295241315,0.7254117647058823,0.8326881178313557,0.016829397635461835,False,0.9153766721899166,0.9388437025001976,3.0,,,,,,,15032.8,3365.0,113.6319797039032,32.0,,
ciciot2023,Dense_SNN,2,6,0.8643245948820621,0.9844643975777824,0.7395450980392156,0.8446076675026872,0.011604329787565898,False,0.9147224050053,0.9387957881738923,3.0,,0.2686145603656769,,,0.24519792199134827,0.29360419511795044,24463.199999999997,3365.0,172.4671506881714,31.0,,0.8058436810970306
ciciot2023,IF,2,6,0.7451823812801102,0.9829552497830668,0.49753725490196077,0.6606677914557687,0.008578469601023177,False,0.8785066094891024,0.9040546741338071,,,,,,,,,,1.722048282623291,,,
ciciot2023,LOF,2,6,0.5908856284802603,0.9829435109347294,0.18260392156862745,0.30799148069265675,0.003150637926193967,False,0.7458150182242782,0.7565481868621163,,,,,,,,,,0.7700912952423096,,,
ciciot2023,LSTM_AE,2,6,0.86387098792467,0.9719540510815105,0.7485647058823529,0.8457571246278179,0.021477368437470754,False,0.9238427990093627,0.9453354389527627,,,,,,,,331200.0,72801.0,1028.7920985221863,47.0,,
ciciot2023,OCSVM,2,6,0.7421948320090096,0.9535089269931059,0.5076705882352941,0.6625721655816239,0.024612409146208318,False,0.8191042328401554,0.8564544644905138,,,,,,,,,,0.31728553771972656,,,
ciciot2023,SNN_AE,2,6,0.8666786585747357,0.9684634983048127,0.7572549019607843,0.8499344172821466,0.02451882584146988,False,0.9147940763603067,0.9405548012455492,3.0,0.2759374976158142,0.2293645739555359,0.31048956513404846,0.24168750643730164,0.24634376168251038,0.21139584481716156,11104.511993408201,3365.0,165.72924327850342,21.0,0.8278124928474426,0.6880937218666077
ciciot2023,SNN_AE_T2,2,6,0.812167615591566,0.9797165141380726,0.6364392156862745,0.7716211975694873,0.013101662663380852,False,0.8938722881485003,0.9189386382306004,2.0,0.7676406502723694,0.32209375500679016,0.8821094036102295,0.6597031354904175,0.37159374356269836,0.2745937407016754,11750.11524658203,3365.0,160.8805637359619,24.0,1.5352813005447388,0.6441875100135803
ciciot2023,SNN_AE_T5,2,6,0.8615794907088782,0.9839221538008869,0.7343686274509804,0.8410236142673649,0.01193187135415042,False,0.9182670188579534,0.9404536761701106,5.0,0.28519999980926514,0.2464125007390976,0.294831246137619,0.2734937369823456,0.24265000224113464,0.24935001134872437,11668.601599121092,3365.0,435.19778060913086,49.0,1.4259999990463257,1.232062503695488
ciciot2023,SNN_AE_T7,2,6,0.8617124444722518,0.9837856002688398,0.7347450980392157,0.84122052405668,0.01204105187634526,False,0.9065243734353086,0.9351314723086193,7.0,0.20611608028411865,0.2087991088628769,0.14421874284744263,0.2627946138381958,0.19306249916553497,0.2229866087436676,11696.896057128906,3365.0,531.1837861537933,50.0,1.4428125619888306,1.4615937620401382
ciciot2023,SNN_AE_noBN,2,6,0.7710457986610774,0.9890487133656765,0.5468392156862745,0.7042839682010565,0.00602052593817263,False,0.9077857374150333,0.9332794965580592,3.0,0.3344062566757202,0.2528333365917206,0.3412187695503235,0.32517707347869873,0.26536455750465393,0.2382916510105133,10658.96641845703,3233.0,247.7272186279297,44.0,1.0032187700271606,0.7585000097751617
ciciot2023,SNN_Dense,2,6,0.8647703810298442,0.958040027605245,0.7621490196078431,0.8489407242388503,0.03319087874723149,False,0.9262995590574876,0.945479932970026,3.0,0.3347604274749756,,0.28445830941200256,0.3855521082878113,,,15967.945629882812,3365.0,204.46797037124634,47.0,1.0042812824249268,
ciciot2023,CNN_AE,2,7,0.8701823812801102,0.9945874504374095,0.7436705882352941,0.8510191442957538,0.0040240821037526905,False,0.9122591764546852,0.9393408895123961,,,,,,,,351955.19999999995,13521.0,2113.6434190273285,45.0,,
ciciot2023,Dense_AE,2,7,0.8679299881123694,0.9929315241401073,0.7403764705882353,0.848254481736083,0.005240665065352341,False,0.9214399818460621,0.9455877619467474,3.0,,,,,,,15032.8,3365.0,122.18011903762817,49.0,,
ciciot2023,Dense_SNN,2,7,0.8627447913407996,0.9903417533432393,0.7318431372549019,0.8416922244272055,0.007096733942664629,False,0.9071863198334829,0.9362154054152407,3.0,,0.2825937271118164,,,0.23920834064483643,0.3265624940395355,24463.199999999997,3365.0,130.66514325141907,25.0,,0.8477811813354492
ciciot2023,IF,2,7,0.5693158355752987,0.9819029643610525,0.13872941176470588,0.24311062853058812,0.0025423464453941417,False,0.8525776454562859,0.8860949003458737,,,,,,,,,,1.989089012145996,,,
ciciot2023,LOF,2,7,0.6431129950572483,0.9910022223426744,0.2867921568627451,0.4448472609155829,0.002589138097763359,False,0.7968793239003809,0.8176232344938198,,,,,,,,,,1.2446503639221191,,,
ciciot2023,LSTM_AE,2,7,0.8667255834323969,0.9947463192458426,0.7365803921568628,0.8464152133747915,0.003868109929188633,False,0.9027675328321427,0.9342501454206021,,,,,,,,331200.0,72801.0,902.7244703769684,35.0,,
ciciot2023,OCSVM,2,7,0.7322936870424827,0.9914430312312712,0.4670901960784314,0.6350123688475646,0.004008484886296285,False,0.7922864363538722,0.8426228844715773,,,,,,,,,,0.46942734718322754,,,
ciciot2023,SNN_AE,2,7,0.8530939122817994,0.9476010352379056,0.7466352941176471,0.8351991577469732,0.04105187634526,False,0.9159013184236167,0.9389094718263613,3.0,0.2874374985694885,0.23723958432674408,0.3206250071525574,0.25604167580604553,0.2472395896911621,0.23018750548362732,11136.30719604492,3365.0,265.3613774776459,40.0,0.8623124957084656,0.7117187529802322
ciciot2023,SNN_AE_T2,2,7,0.806043921666771,0.987289195816444,0.6189490196078431,0.7608854950055922,0.007923386467854135,False,0.8798750634745585,0.9135720088415384,2.0,0.747265636920929,0.3440625071525574,0.8821406364440918,0.6137968897819519,0.419734388589859,0.27149999141693115,11712.560021972655,3365.0,166.55408811569214,33.0,1.494531273841858,0.6881250143051147
ciciot2023,SNN_AE_T5,2,7,0.8729900519301758,0.9889469784291125,0.753678431372549,0.8554311250378336,0.008375705774089902,False,0.9226053829361547,0.9449322725656978,5.0,0.3093937337398529,0.29103752970695496,0.2901250422000885,0.3307437598705292,0.26743122935295105,0.31459376215934753,11780.08632507324,3365.0,426.47828817367554,50.0,1.5469686686992645,1.4551876485347748
ciciot2023,SNN_AE_T7,2,7,0.8652239879872364,0.9848652254581084,0.7410666666666667,0.845746918608294,0.011323579873350594,False,0.8917493195637429,0.9240535550880956,7.0,0.2072678655385971,0.24210268259048462,0.13854464888572693,0.2751830518245697,0.21220089495182037,0.2705357074737549,11704.326454162598,3365.0,564.446471452713,48.0,1.4508750587701797,1.6947187781333923
ciciot2023,SNN_AE_noBN,2,7,0.8378120503034474,0.9452219277906592,0.7162039215686274,0.814928516608064,0.04127023738964969,False,0.9003558853194709,0.9298543472036533,3.0,0.324364572763443,0.21250000596046448,0.33537501096725464,0.3122291564941406,0.22361457347869873,0.2016979157924652,10631.203170776367,3233.0,257.3097999095917,45.0,0.973093718290329,0.6375000178813934
ciciot2023,SNN_Dense,2,7,0.8731855721704311,0.9900616507556856,0.7532078431372549,0.855544370105747,0.0075178588139875845,False,0.9158982576990617,0.9414939410070093,3.0,0.3602291941642761,,0.2762291729450226,0.44463545083999634,,,16038.36167602539,3365.0,191.62639164924622,49.0,1.0806875824928284,
ciciot2023,CNN_AE,2,8,0.83308828129888,0.9229127607802465,0.7258509803921569,0.8126053666760326,0.06028324546900833,False,0.8988338654125281,0.9180335419489432,,,,,,,,351955.19999999995,13521.0,1806.7912347316742,47.0,,
ciciot2023,Dense_AE,2,8,0.8376712757304636,0.9231692913385827,0.7356392156862746,0.8188040157136621,0.060875939732351746,False,0.8905283757424735,0.9135289174477637,3.0,,,,,,,15032.8,3365.0,117.65179800987244,46.0,,
ciciot2023,Dense_SNN,2,8,0.8150691359569543,0.9257144070315485,0.6839686274509804,0.7866885577165951,0.05457466387996381,False,0.8944949546365634,0.9160749850480197,3.0,,0.31422916054725647,,,0.2567083537578583,0.367458313703537,24463.199999999997,3365.0,95.66646242141724,19.0,,0.9426874816417694
ciciot2023,IF,2,8,0.6037195770506163,0.839070924927416,0.2538666666666667,0.3897974421349262,0.048413762984683535,False,0.8099044157251757,0.8146228116231976,,,,,,,,,,1.7826995849609375,,,
ciciot2023,LOF,2,8,0.5466745917537383,0.6933565031412913,0.16272941176470587,0.26359386116475253,0.0715600336899897,False,0.7751199440702132,0.7366685544750715,,,,,,,,,,1.4505062103271484,,,
ciciot2023,LSTM_AE,2,8,0.8263467434148783,0.9303857788090996,0.7044078431372549,0.801778317383231,0.05240665065352341,False,0.8805541706041995,0.9153431406678119,,,,,,,,331200.0,72801.0,381.97905564308167,11.0,,
ciciot2023,OCSVM,2,8,0.7269598948883188,0.8937896001747869,0.513364705882353,0.6521531195823287,0.060657578687962066,False,0.7860977205431257,0.8175313599922528,,,,,,,,,,0.37372827529907227,,,
ciciot2023,SNN_AE,2,8,0.7817681286366764,0.9159819895093534,0.6190745098039215,0.7388146317720619,0.05646192719218891,False,0.8905498145154433,0.9071331549108258,3.0,0.3114374876022339,0.2542499899864197,0.30250000953674316,0.32761460542678833,0.2435833364725113,0.26878124475479126,11202.662365722656,3365.0,294.720014333725,42.0,0.9343124628067017,0.762749969959259
ciciot2023,SNN_AE_T2,2,8,0.772961897015579,0.9097238612225631,0.6046274509803922,0.7264417640407086,0.0596593567707521,False,0.849440681335391,0.8840222225636808,2.0,0.6633750200271606,0.25990626215934753,0.7352656126022339,0.5979687571525574,0.28868749737739563,0.23207812011241913,11557.93283691406,3365.0,56.7236487865448,5.0,1.3267500400543213,0.5198125243186951
ciciot2023,SNN_AE_T5,2,8,0.8248451479697179,0.929108039679575,0.7022745098039216,0.7999213836477987,0.053280094831082134,False,0.8885605551875428,0.9172268249536257,5.0,0.2749437689781189,0.23025625944137573,0.31363752484321594,0.23408126831054688,0.2407499998807907,0.21966876089572906,11621.34088745117,3365.0,403.00269389152527,49.0,1.3747188448905945,1.1512812972068787
ciciot2023,SNN_AE_T7,2,8,0.8247356566351749,0.9297297297297298,0.7014901960784313,0.7996423781850693,0.052718595002651525,False,0.8990038100026485,0.927893884771244,7.0,0.2298794686794281,0.2348705381155014,0.14810267090797424,0.3080044686794281,0.21340179443359375,0.25539731979370117,11850.198428344725,3365.0,536.4408445358276,50.0,1.6091562807559967,1.6440937668085098
ciciot2023,SNN_AE_noBN,2,8,0.7463946067696928,0.9124595085723315,0.5434823529411764,0.681216268027251,0.051845150825092806,False,0.8815144023482682,0.9002883923815159,3.0,0.32884374260902405,0.2239687442779541,0.343520849943161,0.3138645887374878,0.2449062466621399,0.20384374260902405,10643.587179565428,3233.0,198.3901093006134,34.0,0.9865312278270721,0.6719062328338623
ciciot2023,SNN_Dense,2,8,0.8235703560032535,0.924168468746782,0.7038901960784314,0.7991273763412137,0.05742895467448607,False,0.8893110542679186,0.9069261853775047,3.0,0.35480207204818726,,0.2919270992279053,0.4194687306880951,,,16023.356768798829,3365.0,203.34470176696777,47.0,1.0644062161445618,
ciciot2023,CNN_AE,2,9,0.8705656009510104,0.9813183227280143,0.7547607843137255,0.8532567253639766,0.014287051190067693,False,0.904558174501669,0.9363667349647136,,,,,,,,351955.19999999995,13521.0,1702.4209787845612,46.0,,
ciciot2023,Dense_AE,2,9,0.8556122129762873,0.9497140133460439,0.7501176470588236,0.8381974023242362,0.039492154599619425,False,0.9112828114382042,0.937623112802604,3.0,,,,,,,15032.8,3365.0,59.29999804496765,16.0,,
ciciot2023,Dense_SNN,2,9,0.8877244572358131,0.9688116932422172,0.8005803921568627,0.8766984454178476,0.025626228280874692,False,0.8973769009491059,0.9345739300534466,3.0,,0.3330208361148834,,,0.246156245470047,0.4136771261692047,24463.199999999997,3365.0,87.2707850933075,15.0,,0.9990625083446503
ciciot2023,IF,2,9,0.7855142964399675,0.8492049758704889,0.6928313725490196,0.7630894688193779,0.1223289765105905,False,0.8153595644278236,0.8487170781283427,,,,,,,,,,1.6485533714294434,,,
ciciot2023,LOF,2,9,0.6712757304636175,0.7212961076013857,0.5552,0.6274419429179223,0.2133075459338054,False,0.7711094895305971,0.7559690418443654,,,,,,,,,,0.5990777015686035,,,
ciciot2023,LSTM_AE,2,9,0.8624788838140525,0.9797165301966,0.7394823529411765,0.8428147459505846,0.015222884237452038,False,0.8996880024368359,0.9365800032626925,,,,,,,,331200.0,72801.0,907.4779055118561,48.0,,
ciciot2023,OCSVM,2,9,0.7355706062691609,0.9556509298998569,0.4924862745098039,0.6500005175822697,0.022725145833983218,False,0.8092245545465278,0.8497328630520553,,,,,,,,,,0.30867695808410645,,,
ciciot2023,SNN_AE,2,9,0.8384689983107051,0.9510025534764954,0.7127372549019608,0.8148088372426655,0.03651308606544593,False,0.9081053001791539,0.9310900115491028,3.0,0.277802050113678,0.2318229228258133,0.28708338737487793,0.27528125047683716,0.22886459529399872,0.23876041173934937,11109.667108154295,3365.0,248.2245171070099,42.0,0.8334061503410339,0.6954687684774399
ciciot2023,SNN_AE_T2,2,9,0.8554949008321342,0.9785223549307684,0.7261019607843138,0.8336229796047003,0.01584677293570827,False,0.8937634143104164,0.9274725828573427,2.0,0.785937488079071,0.36128124594688416,0.8772343993186951,0.6938750147819519,0.4130781292915344,0.3074687421321869,11783.839978027343,3365.0,134.3457067012787,23.0,1.571874976158142,0.7225624918937683
ciciot2023,SNN_AE_T5,2,9,0.8625101670524933,0.9277376320177877,0.7854117647058824,0.8506625891946993,0.060829148079982534,False,0.9098725127484315,0.9350002541030826,5.0,0.2851875126361847,0.2581437826156616,0.28882500529289246,0.28729376196861267,0.2590000033378601,0.26256874203681946,11668.544058227537,3365.0,420.50021958351135,47.0,1.4259375631809235,1.290718913078308
ciciot2023,SNN_AE_T7,2,9,0.8922527060001252,0.9781830708284692,0.8017725490196078,0.881235830107842,0.017780827900302585,False,0.9118534101328089,0.9385663125684838,7.0,0.19876785576343536,0.23028124868869781,0.1353437453508377,0.24881696701049805,0.21325446665287018,0.24492855370044708,11649.491191101073,3365.0,552.2941694259644,50.0,1.3913749903440475,1.6119687408208847
ciciot2023,SNN_AE_noBN,2,9,0.8588500281549146,0.974028129278513,0.7365333333333334,0.8387938118546572,0.019527716255420033,False,0.9069744104098888,0.9345502784822947,3.0,0.3112083077430725,0.21915625035762787,0.316593736410141,0.3137499988079071,0.2280937284231186,0.2171354442834854,10594.828729248045,3233.0,195.9076166152954,31.0,0.9336249232292175,0.6574687510728836
ciciot2023,SNN_Dense,2,9,0.8718560345366952,0.9836222916539035,0.7555607843137255,0.8546385258918194,0.012508968400037433,False,0.9204856838951696,0.9450918368886692,3.0,0.3211979269981384,,0.22853127121925354,0.4051458537578583,,,15930.448028564453,3365.0,143.51613450050354,32.0,0.9635937809944153,
