dataset,job,seed,fold,percentile,fpr_target,precision,recall,f1,fpr_test
Edge-IIoTset,SNN_AE,0,0,90,0.1,0.9090909090909091,1.0,0.9523809523809523,0.1015107183376127
Edge-IIoTset,SNN_AE,0,0,95,0.05,0.9532888465204957,1.0,0.9760858955588092,0.04974025198543023
Edge-IIoTset,SNN_AE,0,0,96,0.04,0.9628454916175804,1.0,0.9810710987996306,0.03917119484086702
Edge-IIoTset,SNN_AE,0,0,97,0.03,0.9726513331044742,1.0,0.9861360867799757,0.028542425509046395
Edge-IIoTset,SNN_AE,0,0,98,0.02,0.9813542688910697,1.0,0.9905894006934126,0.019287036484146414
Edge-IIoTset,SNN_AE,0,0,99,0.01,0.9911927675707203,0.9996470588235294,0.9954019622199444,0.009016540275870306
Edge-IIoTset,SNN_AE,0,0,99.5,0.005,0.9960107943212484,0.9987058823529412,0.9973565176525878,0.0040604287335045085
Edge-IIoTset,SNN_AE,0,0,99.9,0.001,0.9994252506545757,0.9205882352941176,0.9583881931473713,0.0005374096853167731
Edge-IIoTset,SNN_AE,0,0,99.99,0.0001,1.0,0.2843529411764706,0.44279563982779147,0.0
Edge-IIoTset,SNN_AE,0,0,max,0.0,1.0,0.28347058823529414,0.4417251019753426,0.0
Edge-IIoTset,LSTM_AE,0,0,90,0.1,0.9090422972033582,1.0,0.9523542757905941,0.10157043052487012
Edge-IIoTset,LSTM_AE,0,0,95,0.05,0.9537166900420757,1.0,0.9763101220387652,0.04926255448737087
Edge-IIoTset,LSTM_AE,0,0,96,0.04,0.9626274065685164,1.0,0.9809578765147143,0.0394100435898967
Edge-IIoTset,LSTM_AE,0,0,97,0.03,0.9719839908519153,1.0,0.9857929834734704,0.029258971756135427
Edge-IIoTset,LSTM_AE,0,0,98,0.02,0.9818643872011089,1.0,0.9908492160634144,0.01874962679882964
Edge-IIoTset,LSTM_AE,0,0,99,0.01,0.9922372030584252,1.0,0.9961034775730232,0.007941720905236758
Edge-IIoTset,LSTM_AE,0,0,99.5,0.005,0.9961326614320872,1.0,0.9980625843949981,0.00394100435898967
Edge-IIoTset,LSTM_AE,0,0,99.9,0.001,0.999000999000999,1.0,0.9995002498750626,0.0010151071833761271
Edge-IIoTset,LSTM_AE,0,0,99.99,0.0001,0.9999222636815921,0.7566470588235295,0.8614385212965443,5.971218725741924e-05
Edge-IIoTset,LSTM_AE,0,0,max,0.0,1.0,0.7501764705882353,0.8572580916210131,0.0
Edge-IIoTset,CNN_AE,0,0,90,0.1,0.9139293586366325,1.0,0.9550293531080588,0.0955992117991282
Edge-IIoTset,CNN_AE,0,0,95,0.05,0.9546271338724169,1.0,0.9767869455297632,0.048247447303994745
Edge-IIoTset,CNN_AE,0,0,96,0.04,0.9624639076034649,1.0,0.980872976949485,0.03958918015166896
Edge-IIoTset,CNN_AE,0,0,97,0.03,0.9727626459143969,1.0,0.9861932938856015,0.02842300113453156
Edge-IIoTset,CNN_AE,0,0,98,0.02,0.9816376024945144,1.0,0.9907337257415934,0.018988475547859318
Edge-IIoTset,CNN_AE,0,0,99,0.01,0.9917162524792906,1.0,0.9958408997715423,0.008479130590553533
Edge-IIoTset,CNN_AE,0,0,99.5,0.005,0.9967166979362101,1.0,0.9983556495184402,0.003343882486415477
Edge-IIoTset,CNN_AE,0,0,99.9,0.001,0.9991184249191889,1.0,0.9995590180802587,0.0008956828088612886
Edge-IIoTset,CNN_AE,0,0,99.99,0.0001,0.9997016483926308,0.7884117647058824,0.8815733219324497,0.00023884874902967696
Edge-IIoTset,CNN_AE,0,0,max,0.0,1.0,0.6464117647058824,0.7852370574154133,0.0
Edge-IIoTset,SNN_Dense,0,0,90,0.1,0.9105516871987145,1.0,0.9531819456125595,0.09971935271989013
Edge-IIoTset,SNN_Dense,0,0,95,0.05,0.9539307558498401,1.0,0.9764222739151661,0.049023705738341194
Edge-IIoTset,SNN_Dense,0,0,96,0.04,0.9633911368015414,1.0,0.9813542688910697,0.03857407296829283
Edge-IIoTset,SNN_Dense,0,0,97,0.03,0.9736540664375716,1.0,0.9866511897852582,0.02746760613841285
Edge-IIoTset,SNN_Dense,0,0,98,0.02,0.9820345445092715,1.0,0.990935851476203,0.018570490237057383
Edge-IIoTset,SNN_Dense,0,0,99,0.01,0.9919477185202474,1.0,0.9959575839240729,0.008240281841523854
Edge-IIoTset,SNN_Dense,0,0,99.5,0.005,0.9963661938811393,1.0,0.9981797897950796,0.003702155609959993
Edge-IIoTset,SNN_Dense,0,0,99.9,0.001,0.9992725509214355,0.9696470588235294,0.9842369238117985,0.0007165462470890309
Edge-IIoTset,SNN_Dense,0,0,99.99,0.0001,1.0,0.4269411764705882,0.5984005276609778,0.0
Edge-IIoTset,SNN_Dense,0,0,max,0.0,1.0,0.4269411764705882,0.5984005276609778,0.0
Edge-IIoTset,Dense_SNN,0,0,90,0.1,0.9131929522990976,1.0,0.9546271338724169,0.09649489460798949
Edge-IIoTset,Dense_SNN,0,0,95,0.05,0.9575846335830563,1.0,0.978332805800938,0.04496327700483669
Edge-IIoTset,Dense_SNN,0,0,96,0.04,0.9651413648234359,1.0,0.9822615126827295,0.036663282976055415
Edge-IIoTset,Dense_SNN,0,0,97,0.03,0.9736540664375716,1.0,0.9866511897852582,0.02746760613841285
Edge-IIoTset,Dense_SNN,0,0,98,0.02,0.983284169124877,1.0,0.9915716410510659,0.01725682211739416
Edge-IIoTset,Dense_SNN,0,0,99,0.01,0.9920634920634921,1.0,0.9960159362549801,0.008120857467009017
Edge-IIoTset,Dense_SNN,0,0,99.5,0.005,0.9964245941035109,1.0,0.9982090954464049,0.0036424434227025734
Edge-IIoTset,Dense_SNN,0,0,99.9,0.001,0.9995528585116576,0.9204705882352942,0.9583830960036748,0.00041798531080193465
Edge-IIoTset,Dense_SNN,0,0,99.99,0.0001,1.0,0.4269411764705882,0.5984005276609778,0.0
Edge-IIoTset,Dense_SNN,0,0,max,0.0,1.0,0.4269411764705882,0.5984005276609778,0.0
Edge-IIoTset,Dense_AE,0,0,90,0.1,0.9092854086435601,1.0,0.9524876736889288,0.10127186958858303
Edge-IIoTset,Dense_AE,0,0,95,0.05,0.9531819456125595,1.0,0.9760298550308597,0.049859676359945065
Edge-IIoTset,Dense_AE,0,0,96,0.04,0.9626819185684353,1.0,0.980986179635881,0.03935033140263928
Edge-IIoTset,Dense_AE,0,0,97,0.03,0.9718172983479106,1.0,0.9857072449482505,0.029438108317907684
Edge-IIoTset,Dense_AE,0,0,98,0.02,0.9817509817509817,1.0,0.990791467537009,0.01886905117334448
Edge-IIoTset,Dense_AE,0,0,99,0.01,0.9918319719953326,1.0,0.9958992384299942,0.008359706216038694
Edge-IIoTset,Dense_AE,0,0,99.5,0.005,0.9957825679475164,1.0,0.9978868278938718,0.004299277482534185
Edge-IIoTset,Dense_AE,0,0,99.9,0.001,0.999293577441573,0.9985294117647059,0.9989113484567629,0.0007165462470890309
Edge-IIoTset,Dense_AE,0,0,99.99,0.0001,1.0,0.646235294117647,0.7851068391338526,0.0
Edge-IIoTset,Dense_AE,0,0,max,0.0,1.0,0.4504705882352941,0.6211371562981588,0.0
Edge-IIoTset,SNN_AE_T2,0,0,90,0.1,0.9083622762489981,1.0,0.9519809603807923,0.102406401146474
Edge-IIoTset,SNN_AE_T2,0,0,95,0.05,0.9514747859181731,1.0,0.9751340809361287,0.05177046635218248
Edge-IIoTset,SNN_AE_T2,0,0,96,0.04,0.9627364367425529,1.0,0.9810144843903283,0.03929061921538186
Edge-IIoTset,SNN_AE_T2,0,0,97,0.03,0.973144754924416,0.9997058823529412,0.9862465181058496,0.028005015823729624
Edge-IIoTset,SNN_AE_T2,0,0,98,0.02,0.9823121387283237,0.9996470588235294,0.9909037900874637,0.018271929300770286
Edge-IIoTset,SNN_AE_T2,0,0,99,0.01,0.9924636326459075,0.9992941176470588,0.9958671629979189,0.0077028721562070815
Edge-IIoTset,SNN_AE_T2,0,0,99.5,0.005,0.9961883539553158,0.9992941176470588,0.9977388188999502,0.0038812921717322505
Edge-IIoTset,SNN_AE_T2,0,0,99.9,0.001,0.9994841942377127,0.7978823529411765,0.8873769258447549,0.00041798531080193465
Edge-IIoTset,SNN_AE_T2,0,0,99.99,0.0001,1.0,0.3700588235294118,0.5402086642909278,0.0
Edge-IIoTset,SNN_AE_T2,0,0,max,0.0,1.0,0.3679411764705882,0.5379488282089873,0.0
Edge-IIoTset,SNN_AE_T5,0,0,90,0.1,0.9084108154322966,1.0,0.9520076160609284,0.10234668895921657
Edge-IIoTset,SNN_AE_T5,0,0,95,0.05,0.952327600694639,1.0,0.9755817623597601,0.05081507135606377
Edge-IIoTset,SNN_AE_T5,0,0,96,0.04,0.9626819185684353,1.0,0.980986179635881,0.03935033140263928
Edge-IIoTset,SNN_AE_T5,0,0,97,0.03,0.9720395677282864,1.0,0.9858215662965004,0.02919925956887801
Edge-IIoTset,SNN_AE_T5,0,0,98,0.02,0.9817509817509817,1.0,0.990791467537009,0.01886905117334448
Edge-IIoTset,SNN_AE_T5,0,0,99,0.01,0.9925268566090611,1.0,0.9962494139709329,0.007643159968949663
Edge-IIoTset,SNN_AE_T5,0,0,99.5,0.005,0.9964214478470023,0.9991176470588236,0.9977677260177407,0.0036424434227025734
Edge-IIoTset,SNN_AE_T5,0,0,99.9,0.001,0.9993425378040762,0.9835294117647059,0.9913729210518514,0.0006568340598316116
Edge-IIoTset,SNN_AE_T5,0,0,99.99,0.0001,1.0,0.28505882352941175,0.4436510116268424,0.0
Edge-IIoTset,SNN_AE_T5,0,0,max,0.0,1.0,0.2832352941176471,0.44143937657575066,0.0
Edge-IIoTset,SNN_AE_T7,0,0,90,0.1,0.9122129212277312,1.0,0.9540913682792681,0.09768913835313787
Edge-IIoTset,SNN_AE_T7,0,0,95,0.05,0.9553245293621804,1.0,0.977151889639316,0.047471188869648295
Edge-IIoTset,SNN_AE_T7,0,0,96,0.04,0.9633365444551482,1.0,0.9813259445262217,0.03863378515555025
Edge-IIoTset,SNN_AE_T7,0,0,97,0.03,0.9727069863248842,1.0,0.9861646895031471,0.028482713321788977
Edge-IIoTset,SNN_AE_T7,0,0,98,0.02,0.9826021617247558,1.0,0.991224745634238,0.01797336836448319
Edge-IIoTset,SNN_AE_T7,0,0,99,0.01,0.9920056019139872,1.0,0.9959867592348477,0.008180569654266437
Edge-IIoTset,SNN_AE_T7,0,0,99.5,0.005,0.9962494139709329,1.0,0.9981211836542978,0.0038215799844748314
Edge-IIoTset,SNN_AE_T7,0,0,99.9,0.001,0.9991740412979351,0.9962352941176471,0.9977025036818851,0.0008359706216038693
Edge-IIoTset,SNN_AE_T7,0,0,99.99,0.0001,0.9998622399779584,0.4269411764705882,0.5983758605053795,5.971218725741924e-05
Edge-IIoTset,SNN_AE_T7,0,0,max,0.0,0.9998622399779584,0.4269411764705882,0.5983758605053795,5.971218725741924e-05
Edge-IIoTset,SNN_AE_noBN,0,0,90,0.1,0.9096746575342466,1.0,0.9527011880744228,0.10079417209052367
Edge-IIoTset,SNN_AE_noBN,0,0,95,0.05,0.9540913682792681,1.0,0.9765064047331841,0.04884456917656894
Edge-IIoTset,SNN_AE_noBN,0,0,96,0.04,0.9621370762352143,1.0,0.980703221898526,0.03994745327521347
Edge-IIoTset,SNN_AE_noBN,0,0,97,0.03,0.9722063364977697,1.0,0.9859073247114772,0.029020123007105752
Edge-IIoTset,SNN_AE_noBN,0,0,98,0.02,0.9826021617247558,1.0,0.991224745634238,0.01797336836448319
Edge-IIoTset,SNN_AE_noBN,0,0,99,0.01,0.9915946766285314,0.9992941176470588,0.9954295089651939,0.00859855496506837
Edge-IIoTset,SNN_AE_noBN,0,0,99.5,0.005,0.9957781165708924,0.9989411764705882,0.9973571386621248,0.004299277482534185
Edge-IIoTset,SNN_AE_noBN,0,0,99.9,0.001,0.9993382662575949,0.9771764705882353,0.9881331231597419,0.0006568340598316116
Edge-IIoTset,SNN_AE_noBN,0,0,99.99,0.0001,1.0,0.36523529411764705,0.5350510577793097,0.0
Edge-IIoTset,SNN_AE_noBN,0,0,max,0.0,1.0,0.3413529411764706,0.5089681182300574,0.0
Edge-IIoTset,IF,0,0,90,0.1,0.9094617077228573,0.9968235294117647,0.9511407964527264,0.10073445990326625
Edge-IIoTset,IF,0,0,95,0.05,0.9537785588752197,0.9577058823529412,0.955738186087467,0.04711291574610378
Edge-IIoTset,IF,0,0,96,0.04,0.962897201983714,0.9251176470588235,0.9436294362943629,0.03618558547799606
Edge-IIoTset,IF,0,0,97,0.03,0.9710854092526691,0.8988823529411765,0.9335899315738025,0.027169045202125753
Edge-IIoTset,IF,0,0,98,0.02,0.9793135872120358,0.8577058823529412,0.9144846185204931,0.018391353675285126
Edge-IIoTset,IF,0,0,99,0.01,0.9898648648648649,0.7755882352941177,0.8697229551451188,0.008061145279751597
Edge-IIoTset,IF,0,0,99.5,0.005,0.9931218560722719,0.5690588235294117,0.723533151340638,0.004000716546247089
Edge-IIoTset,IF,0,0,99.9,0.001,0.125,0.00011764705882352942,0.00023507287259050307,0.0008359706216038693
Edge-IIoTset,IF,0,0,99.99,0.0001,0.0,0.0,0.0,0.0
Edge-IIoTset,IF,0,0,max,0.0,0.0,0.0,0.0,0.0
Edge-IIoTset,OCSVM,0,0,90,0.1,0.9145193393942654,1.0,0.9553513726151339,0.09488266555203917
Edge-IIoTset,OCSVM,0,0,95,0.05,0.955593029792018,1.0,0.9772923253808565,0.047172627933361196
Edge-IIoTset,OCSVM,0,0,96,0.04,0.9645390070921985,1.0,0.9819494584837545,0.03732011703588702
Edge-IIoTset,OCSVM,0,0,97,0.03,0.973041039436781,1.0,0.986336340692176,0.028124440198244463
Edge-IIoTset,OCSVM,0,0,98,0.02,0.9833979290796553,1.0,0.9916294805611456,0.017137397742879323
Edge-IIoTset,OCSVM,0,0,99,0.01,0.9913114467315879,1.0,0.995636768280184,0.008897115901355467
Edge-IIoTset,OCSVM,0,0,99.5,0.005,0.9959575839240729,1.0,0.9979746984061757,0.004120140920761927
Edge-IIoTset,OCSVM,0,0,99.9,0.001,0.999353169469599,0.9997058823529412,0.9995294947950362,0.0006568340598316116
Edge-IIoTset,OCSVM,0,0,99.99,0.0001,0.0,0.0,0.0,0.0
Edge-IIoTset,OCSVM,0,0,max,0.0,0.0,0.0,0.0,0.0
Edge-IIoTset,LOF,0,0,90,0.1,0.8988731243066503,0.9055882352941177,0.9022181850147977,0.10342150832985013
Edge-IIoTset,LOF,0,0,95,0.05,0.94103037184218,0.7800588235294118,0.8530168532098289,0.04962082761091539
Edge-IIoTset,LOF,0,0,96,0.04,0.953205865439908,0.7800588235294118,0.8579839544513458,0.03887263390457992
Edge-IIoTset,LOF,0,0,97,0.03,0.9642259870573693,0.7800588235294118,0.8624199265112347,0.029378396130650266
Edge-IIoTset,LOF,0,0,98,0.02,0.976797289334119,0.7800588235294118,0.8674123495552066,0.01880933898608706
Edge-IIoTset,LOF,0,0,99,0.01,0.988191089640365,0.7580588235294118,0.8579607869245364,0.009195676837642563
Edge-IIoTset,LOF,0,0,99.5,0.005,0.9924117452985813,0.5308235294117647,0.6916797608554018,0.004120140920761927
Edge-IIoTset,LOF,0,0,99.9,0.001,0.9992661089094378,0.40047058823529413,0.571788518876244,0.0002985609362870962
Edge-IIoTset,LOF,0,0,99.99,0.0001,0.9970845481049563,0.02011764705882353,0.03943954333160352,5.971218725741924e-05
Edge-IIoTset,LOF,0,0,max,0.0,0.9969418960244648,0.019176470588235295,0.03762913372193687,5.971218725741924e-05
Edge-IIoTset,SNN_AE,0,1,90,0.1,0.9500922148326161,1.0,0.9744074742785086,0.05332298322087538
Edge-IIoTset,SNN_AE,0,1,95,0.05,0.9983539094650206,0.9989411764705882,0.9986474566304028,0.0016719412432077386
Edge-IIoTset,SNN_AE,0,1,96,0.04,0.9984627209838586,0.9933529411764705,0.9959012767965086,0.0015525168686929003
Edge-IIoTset,SNN_AE,0,1,97,0.03,0.9984477611940299,0.983764705882353,0.9910518518518519,0.0015525168686929003
Edge-IIoTset,SNN_AE,0,1,98,0.02,0.9984373046630829,0.9395882352941176,0.968119279956361,0.0014928046814354809
Edge-IIoTset,SNN_AE,0,1,99,0.01,0.9983933161953727,0.9138235294117647,0.9542383292383292,0.0014928046814354809
Edge-IIoTset,SNN_AE,0,1,99.5,0.005,0.9983688914986625,0.9001176470588236,0.9467009001763232,0.0014928046814354809
Edge-IIoTset,SNN_AE,0,1,99.9,0.001,0.9981568858743733,0.7964117647058824,0.8859442481350608,0.0014928046814354809
Edge-IIoTset,SNN_AE,0,1,99.99,0.0001,0.9979945305378305,0.644,0.7828387558097962,0.0013136681196632232
Edge-IIoTset,SNN_AE,0,1,max,0.0,0.9970432946145723,0.2777058823529412,0.43441453876236485,0.0008359706216038693
Edge-IIoTset,LSTM_AE,0,1,90,0.1,0.954305602335242,1.0,0.976618601711955,0.04860572042753926
Edge-IIoTset,LSTM_AE,0,1,95,0.05,0.9982970227259381,1.0,0.9991477857121868,0.001731653430465158
Edge-IIoTset,LSTM_AE,0,1,96,0.04,0.9984729237636556,1.0,0.9992358784458943,0.0015525168686929003
Edge-IIoTset,LSTM_AE,0,1,97,0.03,0.9986488868002115,1.0,0.9993239867148693,0.0013733803069206425
Edge-IIoTset,LSTM_AE,0,1,98,0.02,0.9986488868002115,1.0,0.9993239867148693,0.0013733803069206425
Edge-IIoTset,LSTM_AE,0,1,99,0.01,0.9987075549289155,1.0,0.9993533595908529,0.0013136681196632232
Edge-IIoTset,LSTM_AE,0,1,99.5,0.005,0.9988249118683902,1.0,0.9994121105232218,0.0011942437451483848
Edge-IIoTset,LSTM_AE,0,1,99.9,0.001,0.999000999000999,1.0,0.9995002498750626,0.0010151071833761271
Edge-IIoTset,LSTM_AE,0,1,99.99,0.0001,0.9997022391615055,0.9874705882352941,0.9935487689393938,0.0002985609362870962
Edge-IIoTset,LSTM_AE,0,1,max,0.0,0.9998432479034407,0.7504117647058823,0.8573540777579892,0.00011942437451483848
Edge-IIoTset,CNN_AE,0,1,90,0.1,0.9539307558498401,1.0,0.9764222739151661,0.049023705738341194
Edge-IIoTset,CNN_AE,0,1,95,0.05,0.998062584394998,1.0,0.9990303528927805,0.001970502179494835
Edge-IIoTset,CNN_AE,0,1,96,0.04,0.998062584394998,1.0,0.9990303528927805,0.001970502179494835
Edge-IIoTset,CNN_AE,0,1,97,0.03,0.998062584394998,1.0,0.9990303528927805,0.001970502179494835
Edge-IIoTset,CNN_AE,0,1,98,0.02,0.998062584394998,1.0,0.9990303528927805,0.001970502179494835
Edge-IIoTset,CNN_AE,0,1,99,0.01,0.9982970227259381,1.0,0.9991477857121868,0.001731653430465158
Edge-IIoTset,CNN_AE,0,1,99.5,0.005,0.9984142831972749,1.0,0.9992065124753872,0.0016122290559503194
Edge-IIoTset,CNN_AE,0,1,99.9,0.001,0.9986479336899653,0.9992941176470588,0.9989709211725618,0.0013733803069206425
Edge-IIoTset,CNN_AE,0,1,99.99,0.0001,0.9998437255821222,0.7527058823529412,0.858849587220619,0.00011942437451483848
Edge-IIoTset,CNN_AE,0,1,max,0.0,0.9999216178084339,0.7504117647058823,0.8573828886349889,5.971218725741924e-05
Edge-IIoTset,SNN_Dense,0,1,90,0.1,0.950676658091936,1.0,0.9747147525944613,0.05266614916104377
Edge-IIoTset,SNN_Dense,0,1,95,0.05,0.9977677260177407,0.9991176470588236,0.9984422302560033,0.002269063115781931
Edge-IIoTset,SNN_Dense,0,1,96,0.04,0.9979435957696827,0.9991176470588236,0.9985302763080542,0.0020899265540096734
Edge-IIoTset,SNN_Dense,0,1,97,0.03,0.9979435957696827,0.9991176470588236,0.9985302763080542,0.0020899265540096734
Edge-IIoTset,SNN_Dense,0,1,98,0.02,0.9980607627666451,0.9990588235294118,0.998559543757533,0.001970502179494835
Edge-IIoTset,SNN_Dense,0,1,99,0.01,0.9984127917230028,0.9990588235294118,0.9987357031548617,0.0016122290559503194
Edge-IIoTset,SNN_Dense,0,1,99.5,0.005,0.9984127917230028,0.9990588235294118,0.9987357031548617,0.0016122290559503194
Edge-IIoTset,SNN_Dense,0,1,99.9,0.001,0.99852915220333,0.9983529411764706,0.9984410389151984,0.0014928046814354809
Edge-IIoTset,SNN_Dense,0,1,99.99,0.0001,0.9987472596304416,0.7503529411764706,0.856912535268037,0.0009553949961187078
Edge-IIoTset,SNN_Dense,0,1,max,0.0,0.9999086507719009,0.6438823529411765,0.7833398933695924,5.971218725741924e-05
Edge-IIoTset,Dense_SNN,0,1,90,0.1,0.9545199326221224,1.0,0.9767308244757253,0.04836687167850958
Edge-IIoTset,Dense_SNN,0,1,95,0.05,0.9978265977443609,0.9992352941176471,0.9985304490947566,0.0022093509285245117
Edge-IIoTset,Dense_SNN,0,1,96,0.04,0.9980608767187683,0.9991176470588236,0.9985889823034864,0.001970502179494835
Edge-IIoTset,Dense_SNN,0,1,97,0.03,0.9982357092448836,0.9984705882352941,0.998353134925303,0.0017913656177225771
Edge-IIoTset,Dense_SNN,0,1,98,0.02,0.9982868620037807,0.9940588235294118,0.9961683565196887,0.001731653430465158
Edge-IIoTset,Dense_SNN,0,1,99,0.01,0.998329754235266,0.9844705882352941,0.9913517355763535,0.0016719412432077386
Edge-IIoTset,Dense_SNN,0,1,99.5,0.005,0.998325058323862,0.9817058823529412,0.989945724708604,0.0016719412432077386
Edge-IIoTset,Dense_SNN,0,1,99.9,0.001,0.9983814890300923,0.9797058823529412,0.9889555252063416,0.0016122290559503194
Edge-IIoTset,Dense_SNN,0,1,99.99,0.0001,0.9982940446650124,0.7572941176470588,0.8612523414503612,0.0013136681196632232
Edge-IIoTset,Dense_SNN,0,1,max,0.0,0.9979099902466212,0.4212941176470588,0.5924639119824627,0.0008956828088612886
Edge-IIoTset,Dense_AE,0,1,90,0.1,0.9524876736889287,1.0,0.9756657483930211,0.050635934794291515
Edge-IIoTset,Dense_AE,0,1,95,0.05,0.9966582634695433,1.0,0.9983263352614734,0.003403594673672897
Edge-IIoTset,Dense_AE,0,1,96,0.04,0.9971259311396563,1.0,0.9985608975300303,0.0029258971756135426
Edge-IIoTset,Dense_AE,0,1,97,0.03,0.997769691278319,1.0,0.9988836006815912,0.002269063115781931
Edge-IIoTset,Dense_AE,0,1,98,0.02,0.997769691278319,1.0,0.9988836006815912,0.002269063115781931
Edge-IIoTset,Dense_AE,0,1,99,0.01,0.9981211836542978,1.0,0.999059708509638,0.0019107899922374157
Edge-IIoTset,Dense_AE,0,1,99.5,0.005,0.9981797897950796,1.0,0.9990890658517235,0.0018510778049799965
Edge-IIoTset,Dense_AE,0,1,99.9,0.001,0.9981797897950796,1.0,0.9990890658517235,0.0018510778049799965
Edge-IIoTset,Dense_AE,0,1,99.99,0.0001,0.9958794746330157,0.22747058823529412,0.370349087774745,0.0009553949961187078
Edge-IIoTset,Dense_AE,0,1,max,0.0,0.999741468459152,0.22747058823529412,0.370615296147211,5.971218725741924e-05
Edge-IIoTset,SNN_AE_T2,0,1,90,0.1,0.9530216391972194,1.0,0.9759458063034617,0.05003881292171732
Edge-IIoTset,SNN_AE_T2,0,1,95,0.05,0.996070150741979,0.9989411764705882,0.9975035977561749,0.004000716546247089
Edge-IIoTset,SNN_AE_T2,0,1,96,0.04,0.9969934563461652,0.9948235294117647,0.9959073108971528,0.0030453215501283814
Edge-IIoTset,SNN_AE_T2,0,1,97,0.03,0.9969801042160114,0.9904117647058823,0.9936850802644004,0.0030453215501283814
Edge-IIoTset,SNN_AE_T2,0,1,98,0.02,0.9977728285077951,0.9750588235294118,0.9862850682771547,0.0022093509285245117
Edge-IIoTset,SNN_AE_T2,0,1,99,0.01,0.9981973561223128,0.8794705882352941,0.93508036775283,0.0016122290559503194
Edge-IIoTset,SNN_AE_T2,0,1,99.5,0.005,0.9981942215088283,0.8779411764705882,0.9342138207310966,0.0016122290559503194
Edge-IIoTset,SNN_AE_T2,0,1,99.9,0.001,0.9981777687791051,0.87,0.9296916742621869,0.0016122290559503194
Edge-IIoTset,SNN_AE_T2,0,1,99.99,0.0001,0.9987036136768757,0.7250588235294118,0.8401608615636289,0.0009553949961187078
Edge-IIoTset,SNN_AE_T2,0,1,max,0.0,0.9976273331224296,0.371,0.5408627047423034,0.0008956828088612886
Edge-IIoTset,SNN_AE_T5,0,1,90,0.1,0.948925481440134,1.0,0.9737934984963483,0.054636651340538606
Edge-IIoTset,SNN_AE_T5,0,1,95,0.05,0.9979432332373509,0.9989411764705882,0.9984419554928418,0.0020899265540096734
Edge-IIoTset,SNN_AE_T5,0,1,96,0.04,0.9981101990196657,0.9941764705882353,0.9961394512716234,0.0019107899922374157
Edge-IIoTset,SNN_AE_T5,0,1,97,0.03,0.9983169031017072,0.9769411764705882,0.987513378523011,0.0016719412432077386
Edge-IIoTset,SNN_AE_T5,0,1,98,0.02,0.998413570077491,0.9625294117647059,0.9801431609212614,0.0015525168686929003
Edge-IIoTset,SNN_AE_T5,0,1,99,0.01,0.9984627682469409,0.9551764705882353,0.9763400775636593,0.0014928046814354809
Edge-IIoTset,SNN_AE_T5,0,1,99.5,0.005,0.9984365228267668,0.9391176470588235,0.9678690512276448,0.0014928046814354809
Edge-IIoTset,SNN_AE_T5,0,1,99.9,0.001,0.9984133028687484,0.9253529411764706,0.9604957870313835,0.0014928046814354809
Edge-IIoTset,SNN_AE_T5,0,1,99.99,0.0001,0.9982239444578994,0.7273529411764705,0.8415285670534589,0.0013136681196632232
Edge-IIoTset,SNN_AE_T5,0,1,max,0.0,0.9979114452798663,0.42158823529411765,0.5927549416921677,0.0008956828088612886
Edge-IIoTset,SNN_AE_T7,0,1,90,0.1,0.9551635015170243,1.0,0.977067647565952,0.04765032543142055
Edge-IIoTset,SNN_AE_T7,0,1,95,0.05,0.9984310885831523,0.9732941176470589,0.9857023710234719,0.0015525168686929003
Edge-IIoTset,SNN_AE_T7,0,1,96,0.04,0.998383989060849,0.9448823529411765,0.9708966726102329,0.0015525168686929003
Edge-IIoTset,SNN_AE_T7,0,1,97,0.03,0.9983710293841238,0.9373529411764706,0.9669002760838566,0.0015525168686929003
Edge-IIoTset,SNN_AE_T7,0,1,98,0.02,0.998360345588699,0.931235294117647,0.9636302766533767,0.0015525168686929003
Edge-IIoTset,SNN_AE_T7,0,1,99,0.01,0.9983319432860718,0.9153529411764706,0.9550434222235862,0.0015525168686929003
Edge-IIoTset,SNN_AE_T7,0,1,99.5,0.005,0.9983234459633737,0.9107058823529411,0.952503999015627,0.0015525168686929003
Edge-IIoTset,SNN_AE_T7,0,1,99.9,0.001,0.9983589339635027,0.8946470588235295,0.943661971830986,0.0014928046814354809
Edge-IIoTset,SNN_AE_T7,0,1,99.99,0.0001,0.9979969043066558,0.6447647058823529,0.7834042096987456,0.0013136681196632232
Edge-IIoTset,SNN_AE_T7,0,1,max,0.0,0.9980506822612085,0.42164705882352943,0.5928376478372342,0.0008359706216038693
Edge-IIoTset,SNN_AE_noBN,0,1,90,0.1,0.9524876736889287,1.0,0.9756657483930211,0.050635934794291515
Edge-IIoTset,SNN_AE_noBN,0,1,95,0.05,0.9979171771624602,0.9582352941176471,0.9776737486496219,0.0020302143667522542
Edge-IIoTset,SNN_AE_noBN,0,1,96,0.04,0.9979444375233587,0.9424117647058824,0.9693834331699643,0.001970502179494835
Edge-IIoTset,SNN_AE_noBN,0,1,97,0.03,0.9981708086287372,0.9308823529411765,0.9633530163754794,0.001731653430465158
Edge-IIoTset,SNN_AE_noBN,0,1,98,0.02,0.9980278816729004,0.8632941176470589,0.9257845765652105,0.001731653430465158
Edge-IIoTset,SNN_AE_noBN,0,1,99,0.01,0.9980292792792793,0.8341176470588235,0.9087413483722122,0.0016719412432077386
Edge-IIoTset,SNN_AE_noBN,0,1,99.5,0.005,0.9980266403552047,0.833,0.9080765654557696,0.0016719412432077386
Edge-IIoTset,SNN_AE_noBN,0,1,99.9,0.001,0.9980752780153977,0.8235882352941176,0.9024751837050407,0.0016122290559503194
Edge-IIoTset,SNN_AE_noBN,0,1,99.99,0.0001,0.9980001818016544,0.6458235294117647,0.7841862790614621,0.0013136681196632232
Edge-IIoTset,SNN_AE_noBN,0,1,max,0.0,0.9997903563941299,0.28052941176470586,0.43812586127698666,5.971218725741924e-05
Edge-IIoTset,IF,0,1,90,0.1,0.9493020726327874,0.9241176470588235,0.9365405824316672,0.050098525108974744
Edge-IIoTset,IF,0,1,95,0.05,0.9910334698925563,0.7541764705882353,0.8565320506396767,0.006926613721860632
Edge-IIoTset,IF,0,1,96,0.04,0.9921325051759834,0.7047058823529412,0.8240756663800516,0.005672657789454828
Edge-IIoTset,IF,0,1,97,0.03,0.9912533443095287,0.5666470588235294,0.7210869077026724,0.005075535916880636
Edge-IIoTset,IF,0,1,98,0.02,0.9880708294501398,0.3118235294117647,0.4740442655935614,0.0038215799844748314
Edge-IIoTset,IF,0,1,99,0.01,0.9860170417303911,0.2654705882352941,0.41831579923066226,0.0038215799844748314
Edge-IIoTset,IF,0,1,99.5,0.005,0.9851988899167438,0.25058823529411767,0.3995498030388295,0.0038215799844748314
Edge-IIoTset,IF,0,1,99.9,0.001,0.20833333333333334,0.0002941176470588235,0.000587406015037594,0.0011345315578909655
Edge-IIoTset,IF,0,1,99.99,0.0001,0.4166666666666667,0.0002941176470588235,0.000587820362097343,0.00041798531080193465
Edge-IIoTset,IF,0,1,max,0.0,0.14285714285714285,5.882352941176471e-05,0.00011759863585582407,0.00035827312354451543
Edge-IIoTset,OCSVM,0,1,90,0.1,0.9564532463148419,1.0,0.9777419911428078,0.04621723293724249
Edge-IIoTset,OCSVM,0,1,95,0.05,0.9974184463740906,1.0,0.9987075549289155,0.0026273362393264463
Edge-IIoTset,OCSVM,0,1,96,0.04,0.9982970227259381,1.0,0.9991477857121868,0.001731653430465158
Edge-IIoTset,OCSVM,0,1,97,0.03,0.9986488868002115,1.0,0.9993239867148693,0.0013733803069206425
Edge-IIoTset,OCSVM,0,1,98,0.02,0.9988249118683902,1.0,0.9994121105232218,0.0011942437451483848
Edge-IIoTset,OCSVM,0,1,99,0.01,0.999000999000999,1.0,0.9995002498750626,0.0010151071833761271
Edge-IIoTset,OCSVM,0,1,99.5,0.005,0.999235563918617,0.9995882352941177,0.9994118684937953,0.0007762584343464501
Edge-IIoTset,OCSVM,0,1,99.9,0.001,0.9997561867609411,0.9648235294117647,0.9819792851583549,0.00023884874902967696
Edge-IIoTset,OCSVM,0,1,99.99,0.0001,0.9997449630196379,0.9223529411764706,0.9594908823889364,0.00023884874902967696
Edge-IIoTset,OCSVM,0,1,max,0.0,0.9999216178084339,0.7504117647058823,0.8573828886349889,5.971218725741924e-05
Edge-IIoTset,LOF,0,1,90,0.1,0.9419655229754448,0.9996470588235294,0.9699494877429298,0.06251866005851794
Edge-IIoTset,LOF,0,1,95,0.05,0.9842273122644245,0.9984117647058823,0.9912687983647248,0.016241714934018034
Edge-IIoTset,LOF,0,1,96,0.04,0.9949599222735002,0.9638235294117647,0.9791442572009084,0.004956111542365797
Edge-IIoTset,LOF,0,1,97,0.03,0.9959714548802947,0.509,0.6736997819993772,0.0020899265540096734
Edge-IIoTset,LOF,0,1,98,0.02,0.9961436170212766,0.4406470588235294,0.6110114192495921,0.001731653430465158
Edge-IIoTset,LOF,0,1,99,0.01,0.9961270333075135,0.22694117647058823,0.3696641594404254,0.0008956828088612886
Edge-IIoTset,LOF,0,1,99.5,0.005,0.9951409135082604,0.1807058823529412,0.30586946781500474,0.0008956828088612886
Edge-IIoTset,LOF,0,1,99.9,0.001,0.982837528604119,0.050529411764705885,0.09611726530155534,0.0008956828088612886
Edge-IIoTset,LOF,0,1,99.99,0.0001,0.9691358024691358,0.027705882352941177,0.0538716687635823,0.0008956828088612886
Edge-IIoTset,LOF,0,1,max,0.0,0.9932432432432432,0.008647058823529412,0.01714485654303709,5.971218725741924e-05
Edge-IIoTset,SNN_AE,0,2,90,0.1,0.9120660979666291,1.0,0.9540110553045821,0.09781570780615899
Edge-IIoTset,SNN_AE,0,2,95,0.05,0.9535562037244784,1.0,0.9762260250373263,0.04941513487705897
Edge-IIoTset,SNN_AE,0,2,96,0.04,0.9628454916175804,1.0,0.9810710987996306,0.03915015516829792
Edge-IIoTset,SNN_AE,0,2,97,0.03,0.9726513331044742,1.0,0.9861360867799757,0.028527094772021963
Edge-IIoTset,SNN_AE,0,2,98,0.02,0.9822615126827295,1.0,0.9910513889293731,0.018321795177846743
Edge-IIoTset,SNN_AE,0,2,99,0.01,0.9920051353874884,0.9999411764705882,0.9959573470822591,0.00817617569825734
Edge-IIoTset,SNN_AE,0,2,99.5,0.005,0.9967118783394986,0.9985294117647059,0.9976198172254709,0.0033420864168059203
Edge-IIoTset,SNN_AE,0,2,99.9,0.001,0.9998178838098707,0.6458823529411765,0.7847902222857552,0.00011936022917164001
Edge-IIoTset,SNN_AE,0,2,99.99,0.0001,1.0,0.31988235294117645,0.4847134325697477,0.0
Edge-IIoTset,SNN_AE,0,2,max,0.0,1.0,0.3195882352941177,0.4843756965185218,0.0
Edge-IIoTset,LSTM_AE,0,2,90,0.1,0.911088482769709,1.0,0.9534759808183068,0.09900931009787539
Edge-IIoTset,LSTM_AE,0,2,95,0.05,0.9543591758827822,1.0,0.9766466549852066,0.04851993315827166
Edge-IIoTset,LSTM_AE,0,2,96,0.04,0.9631728045325779,1.0,0.9812409812409812,0.038792074480783006
Edge-IIoTset,LSTM_AE,0,2,97,0.03,0.9728183118741058,1.0,0.9862218999274837,0.0283480544282645
Edge-IIoTset,LSTM_AE,0,2,98,0.02,0.982886216466235,1.0,0.9913692558898998,0.01766531391740272
Edge-IIoTset,LSTM_AE,0,2,99,0.01,0.9914848944360201,1.0,0.9957242429567152,0.00871329672952972
Edge-IIoTset,LSTM_AE,0,2,99.5,0.005,0.9969505043396669,1.0,0.9984729237636556,0.0031033659584626403
Edge-IIoTset,LSTM_AE,0,2,99.9,0.001,0.9998823598611847,0.9999411764705882,0.9999117673009618,0.00011936022917164001
Edge-IIoTset,LSTM_AE,0,2,99.99,0.0001,1.0,0.7520588235294118,0.8584858150075542,0.0
Edge-IIoTset,LSTM_AE,0,2,max,0.0,1.0,0.7520588235294118,0.8584858150075542,0.0
Edge-IIoTset,CNN_AE,0,2,90,0.1,0.9114792772505496,1.0,0.953689938571148,0.09853186918118882
Edge-IIoTset,CNN_AE,0,2,95,0.05,0.9540913682792681,1.0,0.9765064047331841,0.048818333731200765
Edge-IIoTset,CNN_AE,0,2,96,0.04,0.9638827464988377,1.0,0.9816092617720934,0.03801623299116734
Edge-IIoTset,CNN_AE,0,2,97,0.03,0.9733753220727168,1.0,0.9865080516465979,0.027751253282406303
Edge-IIoTset,CNN_AE,0,2,98,0.02,0.9822615126827295,1.0,0.9910513889293731,0.018321795177846743
Edge-IIoTset,CNN_AE,0,2,99,0.01,0.9920056019139872,1.0,0.9959867592348477,0.00817617569825734
Edge-IIoTset,CNN_AE,0,2,99.5,0.005,0.9961326614320872,1.0,0.9980625843949981,0.0039388875626641204
Edge-IIoTset,CNN_AE,0,2,99.9,0.001,0.9999323593073594,0.8695882352941177,0.9302164611125094,5.9680114585820004e-05
Edge-IIoTset,CNN_AE,0,2,99.99,0.0001,1.0,0.7520588235294118,0.8584858150075542,0.0
Edge-IIoTset,CNN_AE,0,2,max,0.0,1.0,0.7520588235294118,0.8584858150075542,0.0
Edge-IIoTset,SNN_Dense,0,2,90,0.1,0.9119682420471005,1.0,0.9539575208327488,0.09793506803533063
Edge-IIoTset,SNN_Dense,0,2,95,0.05,0.9550025279478681,1.0,0.9769834200166663,0.04780377178324182
Edge-IIoTset,SNN_Dense,0,2,96,0.04,0.9627909610919182,1.0,0.9810427907781978,0.03920983528288374
Edge-IIoTset,SNN_Dense,0,2,97,0.03,0.9717617468846461,1.0,0.9856786687539862,0.02948197660539508
Edge-IIoTset,SNN_Dense,0,2,98,0.02,0.9809578765147143,1.0,0.9903874162540053,0.0196944378133206
Edge-IIoTset,SNN_Dense,0,2,99,0.01,0.9907337257415934,1.0,0.9953452969934717,0.00948913821914538
Edge-IIoTset,SNN_Dense,0,2,99.5,0.005,0.9967147717939693,0.9994117647058823,0.9980614462785644,0.0033420864168059203
Edge-IIoTset,SNN_Dense,0,2,99.9,0.001,0.9998431741551007,0.7500588235294118,0.8571236513964977,0.00011936022917164001
Edge-IIoTset,SNN_Dense,0,2,99.99,0.0001,0.9997236042012161,0.4255294117647059,0.5969631952467404,0.00011936022917164001
Edge-IIoTset,SNN_Dense,0,2,max,0.0,0.9998617638927287,0.4254705882352941,0.5969299331517702,5.9680114585820004e-05
Edge-IIoTset,Dense_SNN,0,2,90,0.1,0.9099181073703366,1.0,0.9528346831824678,0.10044163284793507
Edge-IIoTset,Dense_SNN,0,2,95,0.05,0.9524343100453807,1.0,0.9756377514419352,0.05066841728336118
Edge-IIoTset,Dense_SNN,0,2,96,0.04,0.9631728045325779,1.0,0.9812409812409812,0.038792074480783006
Edge-IIoTset,Dense_SNN,0,2,97,0.03,0.9728183118741058,1.0,0.9862218999274837,0.0283480544282645
Edge-IIoTset,Dense_SNN,0,2,98,0.02,0.982428761343275,0.9998235294117647,0.9910498236203026,0.01814275483408928
Edge-IIoTset,Dense_SNN,0,2,99,0.01,0.9922874671340929,0.999,0.9956324197567052,0.007877775125328241
Edge-IIoTset,Dense_SNN,0,2,99.5,0.005,0.9974734120688642,0.9985882352941177,0.9980305123607395,0.0025662449271902604
Edge-IIoTset,Dense_SNN,0,2,99.9,0.001,0.9997648165569144,0.7501764705882353,0.8571716628579111,0.00017904034375746002
Edge-IIoTset,Dense_SNN,0,2,99.99,0.0001,1.0,0.2263529411764706,0.3691481197237145,0.0
Edge-IIoTset,Dense_SNN,0,2,max,0.0,1.0,0.2263529411764706,0.3691481197237145,0.0
Edge-IIoTset,Dense_AE,0,2,90,0.1,0.9111861499705205,1.0,0.9535294612558545,0.09888994986870375
Edge-IIoTset,Dense_AE,0,2,95,0.05,0.9530216391972194,1.0,0.9759458063034617,0.05001193602291716
Edge-IIoTset,Dense_AE,0,2,96,0.04,0.9629545712019939,1.0,0.9811277197437525,0.039030794939126284
Edge-IIoTset,Dense_AE,0,2,97,0.03,0.9715396045262316,1.0,0.9855643805437996,0.029720697063738363
Edge-IIoTset,Dense_AE,0,2,98,0.02,0.9816376024945144,1.0,0.9907337257415934,0.01897827643829076
Edge-IIoTset,Dense_AE,0,2,99,0.01,0.9911380597014925,1.0,0.995549308971656,0.00907137741704464
Edge-IIoTset,Dense_AE,0,2,99.5,0.005,0.9973599295981226,1.0,0.9986782200029373,0.0026856051563619
Edge-IIoTset,Dense_AE,0,2,99.9,0.001,0.9998174516246805,0.6443529411764706,0.7836600372013163,0.00011936022917164001
Edge-IIoTset,Dense_AE,0,2,99.99,0.0001,1.0,0.2263529411764706,0.3691481197237145,0.0
Edge-IIoTset,Dense_AE,0,2,max,0.0,1.0,0.2263529411764706,0.3691481197237145,0.0
Edge-IIoTset,SNN_AE_T2,0,2,90,0.1,0.9124087591240876,1.0,0.9541984732824427,0.09739794700405825
Edge-IIoTset,SNN_AE_T2,0,2,95,0.05,0.954305602335242,1.0,0.976618601711955,0.04857961327285749
Edge-IIoTset,SNN_AE_T2,0,2,96,0.04,0.9629944463334467,0.9995882352941177,0.9809501818391733,0.038971114824540465
Edge-IIoTset,SNN_AE_T2,0,2,97,0.03,0.97197277355145,0.9995882352941177,0.9855871008902937,0.029243256147051803
Edge-IIoTset,SNN_AE_T2,0,2,98,0.02,0.9825941132250043,0.9995294117647059,0.9909894147493657,0.017963714490331822
Edge-IIoTset,SNN_AE_T2,0,2,99,0.01,0.9922852133255406,0.9987058823529412,0.9954851949574905,0.007877775125328241
Edge-IIoTset,SNN_AE_T2,0,2,99.5,0.005,0.9969460268984554,0.9985294117647059,0.9977370911335116,0.0031033659584626403
Edge-IIoTset,SNN_AE_T2,0,2,99.9,0.001,0.9998174682851145,0.6444117647058824,0.7837035447294058,0.00011936022917164001
Edge-IIoTset,SNN_AE_T2,0,2,99.99,0.0001,1.0,0.2265294117647059,0.36938276341662274,0.0
Edge-IIoTset,SNN_AE_T2,0,2,max,0.0,1.0,0.2265294117647059,0.36938276341662274,0.0
Edge-IIoTset,SNN_AE_T5,0,2,90,0.1,0.9125067096081588,1.0,0.9542520348021329,0.09727858677488661
Edge-IIoTset,SNN_AE_T5,0,2,95,0.05,0.9557542025074492,1.0,0.9773766062034668,0.04696825017904034
Edge-IIoTset,SNN_AE_T5,0,2,96,0.04,0.9651413648234359,1.0,0.9822615126827295,0.036643590355693485
Edge-IIoTset,SNN_AE_T5,0,2,97,0.03,0.9736540664375716,1.0,0.9866511897852582,0.027452852709477202
Edge-IIoTset,SNN_AE_T5,0,2,98,0.02,0.9823182711198428,1.0,0.9910802775024777,0.018262115063260923
Edge-IIoTset,SNN_AE_T5,0,2,99,0.01,0.9921792926345279,1.0,0.9960742954239176,0.00799713535449988
Edge-IIoTset,SNN_AE_T5,0,2,99.5,0.005,0.9973014196879033,1.0,0.9986488868002115,0.00274528527094772
Edge-IIoTset,SNN_AE_T5,0,2,99.9,0.001,0.9997273718647764,0.6471176470588236,0.785673475217826,0.00017904034375746002
Edge-IIoTset,SNN_AE_T5,0,2,99.99,0.0001,1.0,0.42176470588235293,0.5932974762101778,0.0
Edge-IIoTset,SNN_AE_T5,0,2,max,0.0,1.0,0.42176470588235293,0.5932974762101778,0.0
Edge-IIoTset,SNN_AE_T7,0,2,90,0.1,0.9122129212277312,1.0,0.9540913682792681,0.09763666746240153
Edge-IIoTset,SNN_AE_T7,0,2,95,0.05,0.95366318860092,1.0,0.9762820880951014,0.04929577464788732
Edge-IIoTset,SNN_AE_T7,0,2,96,0.04,0.961973743775464,1.0,0.9806183664051684,0.04010503700167104
Edge-IIoTset,SNN_AE_T7,0,2,97,0.03,0.9728739842051047,1.0,0.9862505076289377,0.028288374313678682
Edge-IIoTset,SNN_AE_T7,0,2,98,0.02,0.9816376024945144,1.0,0.9907337257415934,0.01897827643829076
Edge-IIoTset,SNN_AE_T7,0,2,99,0.01,0.9918898418810899,1.0,0.9959284103225051,0.00829553592742898
Edge-IIoTset,SNN_AE_T7,0,2,99.5,0.005,0.9970633149301069,0.9985882352941177,0.9978251924998531,0.002984005729291
Edge-IIoTset,SNN_AE_T7,0,2,99.9,0.001,0.9996349698850155,0.6443529411764706,0.7836039773946635,0.00023872045834328001
Edge-IIoTset,SNN_AE_T7,0,2,99.99,0.0001,1.0,0.4254117647058824,0.5968966655661935,0.0
Edge-IIoTset,SNN_AE_T7,0,2,max,0.0,1.0,0.4254117647058824,0.5968966655661935,0.0
Edge-IIoTset,SNN_AE_noBN,0,2,90,0.1,0.9097233370792529,1.0,0.952727884103455,0.10068035330627835
Edge-IIoTset,SNN_AE_noBN,0,2,95,0.05,0.9524876736889287,1.0,0.9756657483930211,0.05060873716877536
Edge-IIoTset,SNN_AE_noBN,0,2,96,0.04,0.9627909610919182,1.0,0.9810427907781978,0.03920983528288374
Edge-IIoTset,SNN_AE_noBN,0,2,97,0.03,0.9715396045262316,1.0,0.9855643805437996,0.029720697063738363
Edge-IIoTset,SNN_AE_noBN,0,2,98,0.02,0.9804486994636369,1.0,0.9901278429773728,0.020231558844592983
Edge-IIoTset,SNN_AE_noBN,0,2,99,0.01,0.9912536443148688,1.0,0.9956076134699853,0.008952017187873001
Edge-IIoTset,SNN_AE_noBN,0,2,99.5,0.005,0.9970089730807578,1.0,0.9985022466300548,0.0030436858438768204
Edge-IIoTset,SNN_AE_noBN,0,2,99.9,0.001,0.9998174516246805,0.6443529411764706,0.7836600372013163,0.00011936022917164001
Edge-IIoTset,SNN_AE_noBN,0,2,99.99,0.0001,0.9997413347128815,0.2273529411764706,0.3704591200996837,5.9680114585820004e-05
Edge-IIoTset,SNN_AE_noBN,0,2,max,0.0,0.9997413347128815,0.2273529411764706,0.3704591200996837,5.9680114585820004e-05
Edge-IIoTset,IF,0,2,90,0.1,0.9088763743631,0.9968235294117647,0.9508205919483799,0.10139651468130818
Edge-IIoTset,IF,0,2,95,0.05,0.9501120754066326,0.9724117647058823,0.9611325910636936,0.051802339460491766
Edge-IIoTset,IF,0,2,96,0.04,0.9583582983822648,0.9408823529411765,0.9495399228257645,0.0414776796371449
Edge-IIoTset,IF,0,2,97,0.03,0.9674771274595814,0.9081764705882353,0.93688937435524,0.03097397947004058
Edge-IIoTset,IF,0,2,98,0.02,0.9781449893390192,0.8635294117647059,0.9172706823294177,0.01957507758414896
Edge-IIoTset,IF,0,2,99,0.01,0.9899612137805156,0.7657058823529411,0.863511227569737,0.007877775125328241
Edge-IIoTset,IF,0,2,99.5,0.005,0.987906976744186,0.3123529411764706,0.4746368715083799,0.0038792074480783
Edge-IIoTset,IF,0,2,99.9,0.001,0.09090909090909091,5.882352941176471e-05,0.00011757098348127682,0.0005968011458582001
Edge-IIoTset,IF,0,2,99.99,0.0001,1.0,5.882352941176471e-05,0.00011764013881536382,0.0
Edge-IIoTset,IF,0,2,max,0.0,0.0,0.0,0.0,0.0
Edge-IIoTset,OCSVM,0,2,90,0.1,0.9112349914236707,1.0,0.9535562037244785,0.09883026975411793
Edge-IIoTset,OCSVM,0,2,95,0.05,0.9519010022957612,1.0,0.9753578702774033,0.051265218429219384
Edge-IIoTset,OCSVM,0,2,96,0.04,0.9615384615384616,1.0,0.9803921568627451,0.040582477918357604
Edge-IIoTset,OCSVM,0,2,97,0.03,0.9710401553664249,1.0,0.9853073289477496,0.03025781809501074
Edge-IIoTset,OCSVM,0,2,98,0.02,0.9806183664051684,1.0,0.9902143522833178,0.02005251850083552
Edge-IIoTset,OCSVM,0,2,99,0.01,0.991658402846643,1.0,0.9958117330053013,0.00853425638577226
Edge-IIoTset,OCSVM,0,2,99.5,0.005,0.9961908110642288,0.9999411764705882,0.9980624706434945,0.0038792074480783
Edge-IIoTset,OCSVM,0,2,99.9,0.001,0.9997059515408139,0.9999411764705882,0.9998235501705681,0.00029840057292910004
Edge-IIoTset,OCSVM,0,2,99.99,0.0001,1.0,0.75,0.8571428571428571,0.0
Edge-IIoTset,OCSVM,0,2,max,0.0,1.0,0.75,0.8571428571428571,0.0
Edge-IIoTset,LOF,0,2,90,0.1,0.9108444063437634,1.0,0.9533423059668013,0.09930771067080449
Edge-IIoTset,LOF,0,2,95,0.05,0.9558616811920158,1.0,0.9774328014948972,0.0468488899498687
Edge-IIoTset,LOF,0,2,96,0.04,0.965415412573116,1.0,0.9824034210754428,0.03634518978276438
Edge-IIoTset,LOF,0,2,97,0.03,0.9728739842051047,1.0,0.9862505076289377,0.028288374313678682
Edge-IIoTset,LOF,0,2,98,0.02,0.982886216466235,1.0,0.9913692558898998,0.01766531391740272
Edge-IIoTset,LOF,0,2,99,0.01,0.9927003036673674,0.9999411764705882,0.9963075841050287,0.0074600143232275
Edge-IIoTset,LOF,0,2,99.5,0.005,0.9973586899101955,0.9995294117647059,0.9984428709933308,0.0026856051563619
Edge-IIoTset,LOF,0,2,99.9,0.001,0.9992788709178944,0.5705882352941176,0.7264013180065151,0.00041776080210074003
Edge-IIoTset,LOF,0,2,99.99,0.0001,0.9990875912408759,0.1288235294117647,0.228220091704877,0.00011936022917164001
Edge-IIoTset,LOF,0,2,max,0.0,0.9992063492063492,0.07405882352941176,0.1378970427163198,5.9680114585820004e-05
Edge-IIoTset,SNN_AE,0,3,90,0.1,0.9436056838365897,1.0,0.9709846927119031,0.06008634455023952
Edge-IIoTset,SNN_AE,0,3,95,0.05,0.9892657520325203,0.9161764705882353,0.9513193256779868,0.00999467739073866
Edge-IIoTset,SNN_AE,0,3,96,0.04,0.9922348764975595,0.789235294117647,0.8791691239106219,0.0062097108048968005
Edge-IIoTset,SNN_AE,0,3,97,0.03,0.9923954372623575,0.783,0.8753493571827837,0.006032290496185463
Edge-IIoTset,SNN_AE,0,3,98,0.02,0.992343491968173,0.7776470588235294,0.8719741441857396,0.006032290496185463
Edge-IIoTset,SNN_AE,0,3,99,0.01,0.9921247683755404,0.7558823529411764,0.8580395299145298,0.006032290496185463
Edge-IIoTset,SNN_AE,0,3,99.5,0.005,0.9926425030978935,0.7539411764705882,0.8569804760631184,0.00561830977585901
Edge-IIoTset,SNN_AE,0,3,99.9,0.001,0.9927867835259443,0.7529411764705882,0.8563877830930319,0.005500029570051452
Edge-IIoTset,SNN_AE,0,3,99.99,0.0001,0.9929375242530074,0.7525882352941177,0.8562154927221015,0.005381749364243894
Edge-IIoTset,SNN_AE,0,3,max,0.0,1.0,0.4077647058823529,0.5793080394450945,0.0
Edge-IIoTset,LSTM_AE,0,3,90,0.1,0.9412546370632855,1.0,0.9697384558341177,0.06274764918090958
Edge-IIoTset,LSTM_AE,0,3,95,0.05,0.9887738483015356,0.9999411764705882,0.9943261581656527,0.011414039860429357
Edge-IIoTset,LSTM_AE,0,3,96,0.04,0.9892341713221602,0.9999411764705882,0.9945588579452376,0.010940919037199124
Edge-IIoTset,LSTM_AE,0,3,97,0.03,0.9922553391222718,0.9948235294117647,0.9935377746445776,0.007806493583298835
Edge-IIoTset,LSTM_AE,0,3,98,0.02,0.9922596903876155,0.972764705882353,0.9824154933761065,0.007629073274587498
Edge-IIoTset,LSTM_AE,0,3,99,0.01,0.9920569879594023,0.9257058823529412,0.9577336213979246,0.007451652965876161
Edge-IIoTset,LSTM_AE,0,3,99.5,0.005,0.9921065925738823,0.9241764705882353,0.9569375076135948,0.0073925128629723814
Edge-IIoTset,LSTM_AE,0,3,99.9,0.001,0.9934586561666455,0.9201764705882353,0.9554144017589934,0.006091430599089243
Edge-IIoTset,LSTM_AE,0,3,99.99,0.0001,0.994498737945764,0.9038823529411765,0.9470278265692891,0.0050269087468212195
Edge-IIoTset,LSTM_AE,0,3,max,0.0,1.0,0.42523529411764704,0.5967229353254365,0.0
Edge-IIoTset,CNN_AE,0,3,90,0.1,0.9440773032709502,1.0,0.9712343245636587,0.059554083624105504
Edge-IIoTset,CNN_AE,0,3,95,0.05,0.9885438474063736,0.9999411764705882,0.9942098491051585,0.011650600272044473
Edge-IIoTset,CNN_AE,0,3,96,0.04,0.9904900816802801,0.9986470588235294,0.9945518453427066,0.009639836773315985
Edge-IIoTset,CNN_AE,0,3,97,0.03,0.9907791070907499,0.9986470588235294,0.9946975245349348,0.00934413625879709
Edge-IIoTset,CNN_AE,0,3,98,0.02,0.9922825070159027,0.9983529411764706,0.9953084682148722,0.007806493583298835
Edge-IIoTset,CNN_AE,0,3,99,0.01,0.9923883131330874,0.997,0.9946888112914112,0.007688213377491277
Edge-IIoTset,CNN_AE,0,3,99.5,0.005,0.9924388957270969,0.996,0.9942162590646194,0.007629073274587498
Edge-IIoTset,CNN_AE,0,3,99.9,0.001,0.9925552494284542,0.996,0.994274641064036,0.00751079306877994
Edge-IIoTset,CNN_AE,0,3,99.99,0.0001,0.9954542323851505,0.8501764705882353,0.9170976236555729,0.0039032467916494174
Edge-IIoTset,CNN_AE,0,3,max,0.0,1.0,0.3783529411764706,0.5489928303175146,0.0
Edge-IIoTset,SNN_Dense,0,3,90,0.1,0.9439724582153368,1.0,0.9711788397269274,0.05967236382991306
Edge-IIoTset,SNN_Dense,0,3,95,0.05,0.9885854056257644,0.9985294117647059,0.9935325275818677,0.011591460169140694
Edge-IIoTset,SNN_Dense,0,3,96,0.04,0.9918759231905465,0.948,0.96944177093359,0.007806493583298835
Edge-IIoTset,SNN_Dense,0,3,97,0.03,0.9930477264186396,0.9326470588235294,0.9619001395377055,0.006564551422319475
Edge-IIoTset,SNN_Dense,0,3,98,0.02,0.9929490690032858,0.8532352941176471,0.9178056188306758,0.006091430599089243
Edge-IIoTset,SNN_Dense,0,3,99,0.01,0.9928117803056739,0.8368235294117647,0.9081681509144882,0.006091430599089243
Edge-IIoTset,SNN_Dense,0,3,99.5,0.005,0.9927007299270073,0.824,0.9005175018482209,0.006091430599089243
Edge-IIoTset,SNN_Dense,0,3,99.9,0.001,0.9923094153662361,0.7817647058823529,0.8745434804066725,0.006091430599089243
Edge-IIoTset,SNN_Dense,0,3,99.99,0.0001,0.9939057178705861,0.6523529411764706,0.7876979899140564,0.004021526997456976
Edge-IIoTset,SNN_Dense,0,3,max,0.0,1.0,0.3735294117647059,0.5438972162740899,0.0
Edge-IIoTset,Dense_SNN,0,3,90,0.1,0.9444969164953608,1.0,0.9714563273236377,0.05908096280087528
Edge-IIoTset,Dense_SNN,0,3,95,0.05,0.989732819974332,0.998,0.9938492179719993,0.010408658111065113
Edge-IIoTset,Dense_SNN,0,3,96,0.04,0.9916437865584338,0.9772941176470589,0.9844166617289803,0.008279614406529067
Edge-IIoTset,Dense_SNN,0,3,97,0.03,0.9935413112356812,0.9591764705882353,0.9760565066443194,0.00626885090780058
Edge-IIoTset,Dense_SNN,0,3,98,0.02,0.9936384411092583,0.9463529411764706,0.9694194209273598,0.006091430599089243
Edge-IIoTset,Dense_SNN,0,3,99,0.01,0.9931846754449811,0.8829411764705882,0.9348239030922056,0.006091430599089243
Edge-IIoTset,Dense_SNN,0,3,99.5,0.005,0.9930012910239858,0.8596470588235294,0.9215247343695809,0.006091430599089243
Edge-IIoTset,Dense_SNN,0,3,99.9,0.001,0.9929683233205898,0.8555882352941176,0.9191734074823052,0.006091430599089243
Edge-IIoTset,Dense_SNN,0,3,99.99,0.0001,0.9942044734220773,0.6458235294117647,0.7830118033020718,0.0037849665858418593
Edge-IIoTset,Dense_SNN,0,3,max,0.0,1.0,0.37370588235294117,0.5440842718280307,0.0
Edge-IIoTset,Dense_AE,0,3,90,0.1,0.9451270361928059,1.0,0.9717895218223912,0.05837128156602993
Edge-IIoTset,Dense_AE,0,3,95,0.05,0.9896949231485794,0.9999411764705882,0.9947916666666667,0.010467798213968892
Edge-IIoTset,Dense_AE,0,3,96,0.04,0.989979025868096,0.9995294117647059,0.9947312961011592,0.010172097699449998
Edge-IIoTset,Dense_AE,0,3,97,0.03,0.993039307440337,0.9986470588235294,0.995835288596903,0.007037672245549707
Edge-IIoTset,Dense_AE,0,3,98,0.02,0.9937364631505005,0.9985882352941177,0.9961564416277909,0.006327991010704358
Edge-IIoTset,Dense_AE,0,3,99,0.01,0.9939102939454268,0.9984705882352941,0.9961852221374493,0.006150570701993021
Edge-IIoTset,Dense_AE,0,3,99.5,0.005,0.9939102939454268,0.9984705882352941,0.9961852221374493,0.006150570701993021
Edge-IIoTset,Dense_AE,0,3,99.9,0.001,0.9939102939454268,0.9984705882352941,0.9961852221374493,0.006150570701993021
Edge-IIoTset,Dense_AE,0,3,99.99,0.0001,0.9998177842565598,0.6455294117647059,0.7845295967972549,0.0001182802058075581
Edge-IIoTset,Dense_AE,0,3,max,0.0,0.9994846688997681,0.2281764705882353,0.3715339303673196,0.0001182802058075581
Edge-IIoTset,SNN_AE_T2,0,3,90,0.1,0.9431345353675451,1.0,0.9707351891506067,0.06061860547637353
Edge-IIoTset,SNN_AE_T2,0,3,95,0.05,0.9894444093293724,0.9208235294117647,0.9539014655251212,0.009876397184931102
Edge-IIoTset,SNN_AE_T2,0,3,96,0.04,0.9910701827821962,0.8356470588235294,0.9067466649645752,0.0075699331716837185
Edge-IIoTset,SNN_AE_T2,0,3,97,0.03,0.9926136363636363,0.8221176470588235,0.8993564993564993,0.006150570701993021
Edge-IIoTset,SNN_AE_T2,0,3,98,0.02,0.9923225998807395,0.7831176470588235,0.8753945291951604,0.006091430599089243
Edge-IIoTset,SNN_AE_T2,0,3,99,0.01,0.9922439759036145,0.7751176470588236,0.8703434610303832,0.006091430599089243
Edge-IIoTset,SNN_AE_T2,0,3,99.5,0.005,0.9921295942538397,0.7637647058823529,0.8630970186459268,0.006091430599089243
Edge-IIoTset,SNN_AE_T2,0,3,99.9,0.001,0.9925402745813824,0.7357058823529412,0.8450390189520623,0.005559169672955231
Edge-IIoTset,SNN_AE_T2,0,3,99.99,0.0001,0.9937769664785928,0.7045294117647058,0.8245215475698747,0.004435507717783429
Edge-IIoTset,SNN_AE_T2,0,3,max,0.0,1.0,0.3736470588235294,0.5440219253168893,0.0
Edge-IIoTset,SNN_AE_T5,0,3,90,0.1,0.9434485820522781,1.0,0.9709015106085268,0.06026376485895085
Edge-IIoTset,SNN_AE_T5,0,3,95,0.05,0.9880534515672147,0.9438235294117647,0.9654321730497307,0.011473179963333136
Edge-IIoTset,SNN_AE_T5,0,3,96,0.04,0.9922697489508945,0.7928235294117647,0.8814047019586044,0.0062097108048968005
Edge-IIoTset,SNN_AE_T5,0,3,97,0.03,0.9923065431729907,0.7814705882352941,0.8743582993286824,0.006091430599089243
Edge-IIoTset,SNN_AE_T5,0,3,98,0.02,0.9923319801533604,0.7764705882352941,0.8712296218071415,0.006032290496185463
Edge-IIoTset,SNN_AE_T5,0,3,99,0.01,0.992323323549334,0.7755882352941177,0.8706705847393271,0.006032290496185463
Edge-IIoTset,SNN_AE_T5,0,3,99.5,0.005,0.9923088523601267,0.7741176470588236,0.8697376247439033,0.006032290496185463
Edge-IIoTset,SNN_AE_T5,0,3,99.9,0.001,0.9928757468975027,0.7624117647058823,0.8625141412124842,0.005500029570051452
Edge-IIoTset,SNN_AE_T5,0,3,99.99,0.0001,0.9932867883995704,0.6527647058823529,0.78780349282976,0.004435507717783429
Edge-IIoTset,SNN_AE_T5,0,3,max,0.0,1.0,0.23252941176470587,0.37732067007111153,0.0
Edge-IIoTset,SNN_AE_T7,0,3,90,0.1,0.9442346145301044,1.0,0.9713175637070048,0.05937666331539417
Edge-IIoTset,SNN_AE_T7,0,3,95,0.05,0.9885218201946047,0.998,0.9932382987442555,0.011650600272044473
Edge-IIoTset,SNN_AE_T7,0,3,96,0.04,0.9929495516462454,0.8532941176470589,0.9178398557372901,0.006091430599089243
Edge-IIoTset,SNN_AE_T7,0,3,97,0.03,0.9925699300699301,0.8015294117647059,0.8868784170788857,0.006032290496185463
Edge-IIoTset,SNN_AE_T7,0,3,98,0.02,0.9924505958108208,0.7887647058823529,0.8789616859493297,0.006032290496185463
Edge-IIoTset,SNN_AE_T7,0,3,99,0.01,0.9923250564334086,0.7757647058823529,0.8707824364476725,0.006032290496185463
Edge-IIoTset,SNN_AE_T7,0,3,99.5,0.005,0.9934610705596107,0.7685882352941177,0.8666755107455559,0.005086048849724999
Edge-IIoTset,SNN_AE_T7,0,3,99.9,0.001,0.994170229304314,0.7523529411764706,0.8565210112171439,0.004435507717783429
Edge-IIoTset,SNN_AE_T7,0,3,99.99,0.0001,0.9941666018511317,0.7518823529411764,0.8562146230364739,0.004435507717783429
Edge-IIoTset,SNN_AE_T7,0,3,max,0.0,1.0,0.2605882352941176,0.41343910405972933,0.0
Edge-IIoTset,SNN_AE_noBN,0,3,90,0.1,0.9429775904149101,1.0,0.9706520497887404,0.06079602578508487
Edge-IIoTset,SNN_AE_noBN,0,3,95,0.05,0.9881956155143339,0.9651764705882353,0.9765504106653969,0.011591460169140694
Edge-IIoTset,SNN_AE_noBN,0,3,96,0.04,0.9911795589779488,0.8328823529411765,0.9051622183154866,0.007451652965876161
Edge-IIoTset,SNN_AE_noBN,0,3,97,0.03,0.9922877271041899,0.7871176470588235,0.8778743644415287,0.006150570701993021
Edge-IIoTset,SNN_AE_noBN,0,3,98,0.02,0.9923612671309818,0.7794705882352941,0.8731262148716766,0.006032290496185463
Edge-IIoTset,SNN_AE_noBN,0,3,99,0.01,0.9922604142954701,0.769235294117647,0.8666291129593425,0.006032290496185463
Edge-IIoTset,SNN_AE_noBN,0,3,99.5,0.005,0.9921199011124846,0.7554117647058823,0.8577344376168848,0.006032290496185463
Edge-IIoTset,SNN_AE_noBN,0,3,99.9,0.001,0.9921034295889138,0.7538235294117647,0.8567035464785908,0.006032290496185463
Edge-IIoTset,SNN_AE_noBN,0,3,99.99,0.0001,0.9941661481020535,0.7518235294117647,0.8561763129689175,0.004435507717783429
Edge-IIoTset,SNN_AE_noBN,0,3,max,0.0,1.0,0.43270588235294116,0.6040400722614551,0.0
Edge-IIoTset,IF,0,3,90,0.1,0.9453735316243272,0.961,0.9531227210408098,0.055828257141167424
Edge-IIoTset,IF,0,3,95,0.05,0.9843952196087387,0.7607058823529412,0.8582141553572021,0.012123721095274705
Edge-IIoTset,IF,0,3,96,0.04,0.9849529253530599,0.6892352941176471,0.8109772978959026,0.01058607841977645
Edge-IIoTset,IF,0,3,97,0.03,0.9818267088756009,0.49258823529411766,0.656038231031376,0.009166715950085754
Edge-IIoTset,IF,0,3,98,0.02,0.9793654315509208,0.2596470588235294,0.41047100943878734,0.005500029570051452
Edge-IIoTset,IF,0,3,99,0.01,0.9798396334478808,0.25158823529411767,0.40037444418441387,0.005204329055532557
Edge-IIoTset,IF,0,3,99.5,0.005,0.9798657718120806,0.24905882352941178,0.39716711223676193,0.005145188952628777
Edge-IIoTset,IF,0,3,99.9,0.001,0.1111111111111111,0.00017647058823529413,0.00035238151171668533,0.0014193624696906973
Edge-IIoTset,IF,0,3,99.99,0.0001,0.18181818181818182,0.00011764705882352942,0.00023514196696255364,0.0005322609261340115
Edge-IIoTset,IF,0,3,max,0.0,0.6666666666666666,0.00011764705882352942,0.00023525260248191497,5.914010290377905e-05
Edge-IIoTset,OCSVM,0,3,90,0.1,0.9444444444444444,1.0,0.9714285714285714,0.05914010290377905
Edge-IIoTset,OCSVM,0,3,95,0.05,0.9883139534883721,0.9999411764705882,0.994093567251462,0.01188716068365959
Edge-IIoTset,OCSVM,0,3,96,0.04,0.9892153433601493,0.9981764705882353,0.9936757041634947,0.010940919037199124
Edge-IIoTset,OCSVM,0,3,97,0.03,0.9893459603432968,0.9832352941176471,0.9862811624133353,0.010645218522680229
Edge-IIoTset,OCSVM,0,3,98,0.02,0.990634950365237,0.9333529411764706,0.9611412302753127,0.008871015435566858
Edge-IIoTset,OCSVM,0,3,99,0.01,0.9907071478581885,0.9155882352941176,0.9516676347406072,0.00863445502395174
Edge-IIoTset,OCSVM,0,3,99.5,0.005,0.990753226738586,0.9075882352941177,0.9473490314063796,0.008516174818144184
Edge-IIoTset,OCSVM,0,3,99.9,0.001,0.9933027315825118,0.7764705882352941,0.871603552444782,0.005263469158436336
Edge-IIoTset,OCSVM,0,3,99.99,0.0001,0.9937868903386144,0.7527058823529412,0.8566073102155577,0.004731208232302324
Edge-IIoTset,OCSVM,0,3,max,0.0,1.0,0.42523529411764704,0.5967229353254365,0.0
Edge-IIoTset,LOF,0,3,90,0.1,0.9418168838122435,0.931235294117647,0.9364961992368896,0.05783902063989591
Edge-IIoTset,LOF,0,3,95,0.05,0.9777369749827863,0.5011764705882353,0.6626740297114413,0.011473179963333136
Edge-IIoTset,LOF,0,3,96,0.04,0.9772434017595308,0.49005882352941177,0.6527717923604309,0.011473179963333136
Edge-IIoTset,LOF,0,3,97,0.03,0.9728406055209261,0.3855882352941176,0.5522790462549498,0.010822638831391567
Edge-IIoTset,LOF,0,3,98,0.02,0.9758462044035491,0.3493529411764706,0.5145109590227843,0.008693595126855521
Edge-IIoTset,LOF,0,3,99,0.01,0.9805312954876274,0.317,0.47910739687055476,0.006327991010704358
Edge-IIoTset,LOF,0,3,99.5,0.005,0.9825946164743979,0.28558823529411764,0.44255047627728905,0.005086048849724999
Edge-IIoTset,LOF,0,3,99.9,0.001,0.9824489795918367,0.2831764705882353,0.439634703196347,0.005086048849724999
Edge-IIoTset,LOF,0,3,99.99,0.0001,0.9834640661437354,0.27288235294117646,0.427222912925358,0.004612928026494766
Edge-IIoTset,LOF,0,3,max,0.0,0.9953161592505855,0.025,0.04877488953922075,0.0001182802058075581
Edge-IIoTset,SNN_AE,0,4,90,0.1,0.9150115722051779,1.0,0.9556198881362602,0.09427991401958442
Edge-IIoTset,SNN_AE,0,4,95,0.05,0.9581243307219749,1.0,0.9786143971447486,0.044363506090279434
Edge-IIoTset,SNN_AE,0,4,96,0.04,0.9666230738613749,1.0,0.9830283054326769,0.035048961069978506
Edge-IIoTset,SNN_AE,0,4,97,0.03,0.9744912582401835,1.0,0.9870808535346204,0.026570336756627656
Edge-IIoTset,SNN_AE,0,4,98,0.02,0.9842980473955617,0.9992941176470588,0.9917393969467876,0.01618103654167662
Edge-IIoTset,SNN_AE,0,4,99,0.01,0.9938542581211589,0.9988235294117647,0.9963326976675958,0.006269405302125627
Edge-IIoTset,SNN_AE,0,4,99.5,0.005,0.9984117287721441,0.9614117647058823,0.9795624812706022,0.0015524241700501553
Edge-IIoTset,SNN_AE,0,4,99.9,0.001,1.0,0.6476470588235295,0.7861478043555873,0.0
Edge-IIoTset,SNN_AE,0,4,99.99,0.0001,1.0,0.4224117647058824,0.5939373888590215,0.0
Edge-IIoTset,SNN_AE,0,4,max,0.0,1.0,0.39994117647058824,0.5713685448968444,0.0
Edge-IIoTset,LSTM_AE,0,4,90,0.1,0.9138802279324804,1.0,0.9550025279478681,0.09565321232385957
Edge-IIoTset,LSTM_AE,0,4,95,0.05,0.9554319114258416,1.0,0.9772080590923462,0.04734893718652974
Edge-IIoTset,LSTM_AE,0,4,96,0.04,0.9643748581801679,1.0,0.9818643872011089,0.03749701456890375
Edge-IIoTset,LSTM_AE,0,4,97,0.03,0.9735983047935399,1.0,0.9866225588346247,0.027525674707427752
Edge-IIoTset,LSTM_AE,0,4,98,0.02,0.9841949863949516,1.0,0.9920345461441952,0.01630045378552663
Edge-IIoTset,LSTM_AE,0,4,99,0.01,0.9935710111046172,1.0,0.9967751392553503,0.006567948411750657
Edge-IIoTset,LSTM_AE,0,4,99.5,0.005,0.9994708683638074,1.0,0.9997353641683084,0.0005373775973250537
Edge-IIoTset,LSTM_AE,0,4,99.9,0.001,1.0,0.7502352941176471,0.8572964979498555,0.0
Edge-IIoTset,LSTM_AE,0,4,99.99,0.0001,1.0,0.7502352941176471,0.8572964979498555,0.0
Edge-IIoTset,LSTM_AE,0,4,max,0.0,1.0,0.7502352941176471,0.8572964979498555,0.0
Edge-IIoTset,CNN_AE,0,4,90,0.1,0.913438289183816,1.0,0.9547611693016202,0.09619058992118462
Edge-IIoTset,CNN_AE,0,4,95,0.05,0.9552171714333877,1.0,0.9770957266431014,0.047587771674229756
Edge-IIoTset,CNN_AE,0,4,96,0.04,0.9636641913723711,1.0,0.981495915244941,0.03827322665392883
Edge-IIoTset,CNN_AE,0,4,97,0.03,0.9741003896401559,1.0,0.9868802972251248,0.0269882971101027
Edge-IIoTset,CNN_AE,0,4,98,0.02,0.984081041968162,1.0,0.9919766593727206,0.016419871029376643
Edge-IIoTset,CNN_AE,0,4,99,0.01,0.9939195509822264,1.0,0.9969505043396668,0.006209696680200621
Edge-IIoTset,CNN_AE,0,4,99.5,0.005,0.9998230506075263,0.9971176470588236,0.9984685162278377,0.00017912586577501792
Edge-IIoTset,CNN_AE,0,4,99.9,0.001,1.0,0.7503529411764706,0.8573733028632881,0.0
Edge-IIoTset,CNN_AE,0,4,99.99,0.0001,1.0,0.7503529411764706,0.8573733028632881,0.0
Edge-IIoTset,CNN_AE,0,4,max,0.0,1.0,0.7503529411764706,0.8573733028632881,0.0
Edge-IIoTset,SNN_Dense,0,4,90,0.1,0.9082166898172882,1.0,0.9519010022957614,0.10257941246716026
Edge-IIoTset,SNN_Dense,0,4,95,0.05,0.9539842873176206,1.0,0.9764503159103963,0.0489610699785049
Edge-IIoTset,SNN_Dense,0,4,96,0.04,0.9650865739426625,1.0,0.9822331359237324,0.03672080248387867
Edge-IIoTset,SNN_Dense,0,4,97,0.03,0.9760578744904403,1.0,0.9878838945869773,0.02489849534272749
Edge-IIoTset,SNN_Dense,0,4,98,0.02,0.9841380108834086,1.0,0.9920056019139872,0.016360162407451636
Edge-IIoTset,SNN_Dense,0,4,99,0.01,0.9935129448892526,1.0,0.9967459177391458,0.006627657033675662
Edge-IIoTset,SNN_Dense,0,4,99.5,0.005,0.9984014755610205,0.9552352941176471,0.9763415000751541,0.0015524241700501553
Edge-IIoTset,SNN_Dense,0,4,99.9,0.001,1.0,0.6484117647058824,0.7867109160332584,0.0
Edge-IIoTset,SNN_Dense,0,4,99.99,0.0001,1.0,0.6483529411764706,0.7866676182999072,0.0
Edge-IIoTset,SNN_Dense,0,4,max,0.0,1.0,0.6483529411764706,0.7866676182999072,0.0
Edge-IIoTset,Dense_SNN,0,4,90,0.1,0.9081632653061225,0.9999411764705882,0.9518450081191556,0.10263912108908527
Edge-IIoTset,Dense_SNN,0,4,95,0.05,0.9564262793447053,0.9993529411764706,0.9774185196904756,0.04621447336995462
Edge-IIoTset,Dense_SNN,0,4,96,0.04,0.9654427645788337,0.9991764705882353,0.9820200034688096,0.03630284213040363
Edge-IIoTset,Dense_SNN,0,4,97,0.03,0.9743589743589743,0.9991764705882353,0.9866116806551855,0.02668975400047767
Edge-IIoTset,Dense_SNN,0,4,98,0.02,0.9840672074159907,0.9991176470588236,0.9915353181552832,0.016419871029376643
Edge-IIoTset,Dense_SNN,0,4,99,0.01,0.9941455418301036,0.9988823529411764,0.9965083184178868,0.0059708621925005975
Edge-IIoTset,Dense_SNN,0,4,99.5,0.005,0.9987923434575207,0.973,0.9857274813027025,0.0011941724385001193
Edge-IIoTset,Dense_SNN,0,4,99.9,0.001,1.0,0.6478823529411765,0.7863211251517099,0.0
Edge-IIoTset,Dense_SNN,0,4,99.99,0.0001,1.0,0.31570588235294117,0.4799034291590289,0.0
Edge-IIoTset,Dense_SNN,0,4,max,0.0,1.0,0.3146470588235294,0.4786791355317911,0.0
Edge-IIoTset,Dense_AE,0,4,90,0.1,0.9119682420471005,1.0,0.9539575208327488,0.0979818485789348
Edge-IIoTset,Dense_AE,0,4,95,0.05,0.9562918377679024,1.0,0.9776576472956264,0.04639359923572964
Edge-IIoTset,Dense_AE,0,4,96,0.04,0.9653605905735377,1.0,0.9823750361167293,0.03642225937425364
Edge-IIoTset,Dense_AE,0,4,97,0.03,0.9748824406468631,1.0,0.9872814913758058,0.026152376403152617
Edge-IIoTset,Dense_AE,0,4,98,0.02,0.9835686183753761,1.0,0.9917162524792906,0.016957248626701695
Edge-IIoTset,Dense_AE,0,4,99,0.01,0.9940357852882704,1.0,0.9970089730807578,0.006090279436350609
Edge-IIoTset,Dense_AE,0,4,99.5,0.005,0.9987060345841665,0.9988235294117647,0.9987647785424386,0.0013135896823501315
Edge-IIoTset,Dense_AE,0,4,99.9,0.001,1.0,0.6478235294117647,0.7862777995930461,0.0
Edge-IIoTset,Dense_AE,0,4,99.99,0.0001,1.0,0.6477058823529411,0.7861911391953161,0.0
Edge-IIoTset,Dense_AE,0,4,max,0.0,1.0,0.6477058823529411,0.7861911391953161,0.0
Edge-IIoTset,SNN_AE_T2,0,4,90,0.1,0.913585554600172,1.0,0.9548416086272749,0.0960114640554096
Edge-IIoTset,SNN_AE_T2,0,4,95,0.05,0.9577464788732394,1.0,0.9784172661870503,0.04478146644375448
Edge-IIoTset,SNN_AE_T2,0,4,96,0.04,0.966952960582447,1.0,0.9831988664295422,0.034690709338428466
Edge-IIoTset,SNN_AE_T2,0,4,97,0.03,0.975598553137739,0.9995294117647059,0.9874190080483481,0.025376164318127538
Edge-IIoTset,SNN_AE_T2,0,4,98,0.02,0.9844148319814601,0.9994705882352941,0.9918855808523059,0.016061619297826606
Edge-IIoTset,SNN_AE_T2,0,4,99,0.01,0.9943721421034118,0.9977647058823529,0.9960655352633743,0.005732027704800574
Edge-IIoTset,SNN_AE_T2,0,4,99.5,0.005,0.9983404608412587,0.9200588235294118,0.9576024734441486,0.0015524241700501553
Edge-IIoTset,SNN_AE_T2,0,4,99.9,0.001,1.0,0.6477058823529411,0.7861911391953161,0.0
Edge-IIoTset,SNN_AE_T2,0,4,99.99,0.0001,1.0,0.4274117647058824,0.5988626061155526,0.0
Edge-IIoTset,SNN_AE_T2,0,4,max,0.0,1.0,0.4274117647058824,0.5988626061155526,0.0
Edge-IIoTset,SNN_AE_T5,0,4,90,0.1,0.9130948544419379,1.0,0.9545735302375203,0.09660855027465966
Edge-IIoTset,SNN_AE_T5,0,4,95,0.05,0.9550561797752809,1.0,0.9770114942528736,0.04776689754000478
Edge-IIoTset,SNN_AE_T5,0,4,96,0.04,0.9655250752541603,1.0,0.9824601959141215,0.036243133508478624
Edge-IIoTset,SNN_AE_T5,0,4,97,0.03,0.9754418177645169,1.0,0.9875682583943302,0.025555290183902554
Edge-IIoTset,SNN_AE_T5,0,4,98,0.02,0.9852216748768473,1.0,0.9925558312655086,0.015225698590876522
Edge-IIoTset,SNN_AE_T5,0,4,99,0.01,0.9937397612918324,0.9991176470588236,0.9964214478470023,0.0063888225459756386
Edge-IIoTset,SNN_AE_T5,0,4,99.5,0.005,0.9986457045280575,0.9976470588235294,0.9981461318894742,0.0013732983042751374
Edge-IIoTset,SNN_AE_T5,0,4,99.9,0.001,1.0,0.6477058823529411,0.7861911391953161,0.0
Edge-IIoTset,SNN_AE_T5,0,4,99.99,0.0001,1.0,0.4274117647058824,0.5988626061155526,0.0
Edge-IIoTset,SNN_AE_T5,0,4,max,0.0,1.0,0.4264705882352941,0.5979381443298969,0.0
Edge-IIoTset,SNN_AE_T7,0,4,90,0.1,0.9126536747731787,1.0,0.9543323883571448,0.09714592787198471
Edge-IIoTset,SNN_AE_T7,0,4,95,0.05,0.9572611070443156,1.0,0.9781639287666504,0.04531884404107953
Edge-IIoTset,SNN_AE_T7,0,4,96,0.04,0.9670629728653507,1.0,0.9832557332485033,0.03457129209457846
Edge-IIoTset,SNN_AE_T7,0,4,97,0.03,0.9754418177645169,1.0,0.9875682583943302,0.025555290183902554
Edge-IIoTset,SNN_AE_T7,0,4,98,0.02,0.984251968503937,1.0,0.9920634920634921,0.016240745163601623
Edge-IIoTset,SNN_AE_T7,0,4,99,0.01,0.9928729991821474,0.9997647058823529,0.9963069347558473,0.007284451874850728
Edge-IIoTset,SNN_AE_T7,0,4,99.5,0.005,0.9986224245328222,0.980764705882353,0.9896130104463439,0.0013732983042751374
Edge-IIoTset,SNN_AE_T7,0,4,99.9,0.001,1.0,0.6477058823529411,0.7861911391953161,0.0
Edge-IIoTset,SNN_AE_T7,0,4,99.99,0.0001,1.0,0.4274117647058824,0.5988626061155526,0.0
Edge-IIoTset,SNN_AE_T7,0,4,max,0.0,1.0,0.4274117647058824,0.5988626061155526,0.0
Edge-IIoTset,SNN_AE_noBN,0,4,90,0.1,0.9153071663166963,1.0,0.9557810699125742,0.09392166228803439
Edge-IIoTset,SNN_AE_noBN,0,4,95,0.05,0.9568300782349299,1.0,0.977938850058964,0.04579651301647958
Edge-IIoTset,SNN_AE_noBN,0,4,96,0.04,0.9671730101837629,1.0,0.9833126066460364,0.034451874850728446
Edge-IIoTset,SNN_AE_noBN,0,4,97,0.03,0.9751061144889297,1.0,0.9873961781959691,0.02591354191545259
Edge-IIoTset,SNN_AE_noBN,0,4,98,0.02,0.9829998843529548,1.0,0.9914270717909839,0.017554334845951754
Edge-IIoTset,SNN_AE_noBN,0,4,99,0.01,0.992988606485539,0.9997058823529412,0.9963359226146857,0.007165034631000717
Edge-IIoTset,SNN_AE_noBN,0,4,99.5,0.005,0.9988935893263912,0.9028235294117647,0.9484319480920748,0.0010150465727251014
Edge-IIoTset,SNN_AE_noBN,0,4,99.9,0.001,1.0,0.6476470588235295,0.7861478043555873,0.0
Edge-IIoTset,SNN_AE_noBN,0,4,99.99,0.0001,1.0,0.41752941176470587,0.5890945306664453,0.0
Edge-IIoTset,SNN_AE_noBN,0,4,max,0.0,1.0,0.3871764705882353,0.5582223729963531,0.0
Edge-IIoTset,IF,0,4,90,0.1,0.9072911636890391,0.994764705882353,0.9490165268385756,0.10317649868641032
Edge-IIoTset,IF,0,4,95,0.05,0.9512238382405108,0.9464117647058824,0.9488117001828154,0.04925961308812993
Edge-IIoTset,IF,0,4,96,0.04,0.9604909623839766,0.925235294117647,0.9425335570469799,0.03863147838547886
Edge-IIoTset,IF,0,4,97,0.03,0.9680399974685147,0.8997647058823529,0.9326544922410902,0.030152854072128015
Edge-IIoTset,IF,0,4,98,0.02,0.9788059102761248,0.8611764705882353,0.9162311856557249,0.018927633150226893
Edge-IIoTset,IF,0,4,99,0.01,0.989683014354067,0.7787058823529411,0.8716091651303661,0.008239789825650825
Edge-IIoTset,IF,0,4,99.5,0.005,0.9890081130594085,0.4445882352941177,0.6134242350458567,0.005015524241700501
Edge-IIoTset,IF,0,4,99.9,0.001,0.06818181818181818,0.00017647058823529413,0.0003520300398967379,0.002448053498925245
Edge-IIoTset,IF,0,4,99.99,0.0001,0.15789473684210525,0.00017647058823529413,0.00035254715318173806,0.0009553379508000956
Edge-IIoTset,IF,0,4,max,0.0,0.2,0.00017647058823529413,0.0003526300323244196,0.0007165034631000717
Edge-IIoTset,OCSVM,0,4,90,0.1,0.9130948544419379,1.0,0.9545735302375203,0.09660855027465966
Edge-IIoTset,OCSVM,0,4,95,0.05,0.9566147093579427,1.0,0.9778263495441604,0.046035347504179605
Edge-IIoTset,OCSVM,0,4,96,0.04,0.966183574879227,1.0,0.9828009828009828,0.03552663004537855
Edge-IIoTset,OCSVM,0,4,97,0.03,0.9752739372382537,1.0,0.9874822107984085,0.025734416049677574
Edge-IIoTset,OCSVM,0,4,98,0.02,0.9847080630213161,1.0,0.9922951202428205,0.015763076188201577
Edge-IIoTset,OCSVM,0,4,99,0.01,0.9941520467836257,1.0,0.9970674486803519,0.0059708621925005975
Edge-IIoTset,OCSVM,0,4,99.5,0.005,0.999514945734554,0.9697058823529412,0.9843847968232168,0.0004776689754000478
Edge-IIoTset,OCSVM,0,4,99.9,0.001,1.0,0.5484117647058824,0.7083539110283782,0.0
Edge-IIoTset,OCSVM,0,4,99.99,0.0001,1.0,0.4421176470588235,0.6131505955294502,0.0
Edge-IIoTset,OCSVM,0,4,max,0.0,1.0,0.44141176470588234,0.6124714332353901,0.0
Edge-IIoTset,LOF,0,4,90,0.1,0.9155536406721241,1.0,0.9559154295996402,0.09362311917840936
Edge-IIoTset,LOF,0,4,95,0.05,0.9563994374120957,1.0,0.9777138749101366,0.046274181991879625
Edge-IIoTset,LOF,0,4,96,0.04,0.9655799159377485,1.0,0.9824885857943709,0.03618342488655362
Edge-IIoTset,LOF,0,4,97,0.03,0.9688901963668456,0.7749411764705882,0.8611301761610615,0.025256747074277525
Edge-IIoTset,LOF,0,4,98,0.02,0.9804477611940299,0.7728235294117647,0.8643421052631579,0.015643658944351563
Edge-IIoTset,LOF,0,4,99,0.01,0.9923432898611695,0.693764705882353,0.8166176216029081,0.005433484595175543
Edge-IIoTset,LOF,0,4,99.5,0.005,0.9968980797636632,0.397,0.5678586453512832,0.0012538810604251253
Edge-IIoTset,LOF,0,4,99.9,0.001,0.9995777027027027,0.13923529411764707,0.24442379182156135,5.970862192500597e-05
Edge-IIoTset,LOF,0,4,99.99,0.0001,1.0,0.03741176470588235,0.07212519845770017,0.0
Edge-IIoTset,LOF,0,4,max,0.0,1.0,0.02011764705882353,0.039441817552762076,0.0
Edge-IIoTset,SNN_AE,0,5,90,0.1,0.8377685787502464,1.0,0.9117236940898852,0.1786896813765402
Edge-IIoTset,SNN_AE,0,5,95,0.05,0.8742607354075598,1.0,0.9329126080395116,0.1327145416056017
Edge-IIoTset,SNN_AE,0,5,96,0.04,0.8812856402280974,1.0,0.93689721686415,0.12430114530749606
Edge-IIoTset,SNN_AE,0,5,97,0.03,0.8896797153024911,1.0,0.9416195856873824,0.11442218965423655
Edge-IIoTset,SNN_AE,0,5,98,0.02,0.8985675775675247,1.0,0.9465742364765165,0.10416327416815936
Edge-IIoTset,SNN_AE,0,5,99,0.01,0.9066801835449791,0.9995882352941177,0.9508701247831682,0.09493567822830158
Edge-IIoTset,SNN_AE,0,5,99.5,0.005,0.9098804354291833,0.8997647058823529,0.9047942977137617,0.08223416381696792
Edge-IIoTset,SNN_AE,0,5,99.9,0.001,1.0,0.6484705882352941,0.7867542106765629,0.0
Edge-IIoTset,SNN_AE,0,5,99.99,0.0001,1.0,0.6484117647058824,0.7867109160332584,0.0
Edge-IIoTset,SNN_AE,0,5,max,0.0,1.0,0.2313529411764706,0.3757703148139302,0.0
Edge-IIoTset,LSTM_AE,0,5,90,0.1,0.8369436786136274,1.0,0.9112349914236707,0.1797752808988764
Edge-IIoTset,LSTM_AE,0,5,95,0.05,0.8744855967078189,1.0,0.9330406147091108,0.13244314172501764
Edge-IIoTset,LSTM_AE,0,5,96,0.04,0.8822460947636099,1.0,0.9374396867848576,0.12316126580904305
Edge-IIoTset,LSTM_AE,0,5,97,0.03,0.8910320247392421,1.0,0.9423764516754899,0.11284807034684904
Edge-IIoTset,LSTM_AE,0,5,98,0.02,0.8992805755395683,1.0,0.9469696969696969,0.10334907452640721
Edge-IIoTset,LSTM_AE,0,5,99,0.01,0.9059901939884886,1.0,0.950676658091936,0.09574987787005373
Edge-IIoTset,LSTM_AE,0,5,99.5,0.005,0.9487136558959763,1.0,0.9736819496549156,0.049883298051348855
Edge-IIoTset,LSTM_AE,0,5,99.9,0.001,1.0,0.7492352941176471,0.8566432390624474,0.0
Edge-IIoTset,LSTM_AE,0,5,99.99,0.0001,1.0,0.7302352941176471,0.8440878493234515,0.0
Edge-IIoTset,LSTM_AE,0,5,max,0.0,1.0,0.7092941176470589,0.8299263541881754,0.0
Edge-IIoTset,CNN_AE,0,5,90,0.1,0.8365730032970818,1.0,0.9110152461080894,0.1802638006839277
Edge-IIoTset,CNN_AE,0,5,95,0.05,0.8737215398057254,1.0,0.9326055352881477,0.13336590131900342
Edge-IIoTset,CNN_AE,0,5,96,0.04,0.8821087588210876,1.0,0.9373621526246141,0.12332410573739347
Edge-IIoTset,CNN_AE,0,5,97,0.03,0.8914525432616676,1.0,0.9426115885777655,0.11235955056179775
Edge-IIoTset,CNN_AE,0,5,98,0.02,0.899708917703096,1.0,0.9472071319125226,0.10286055474135591
Edge-IIoTset,CNN_AE,0,5,99,0.01,0.9064732856990508,1.0,0.9509425518823069,0.09520707810888564
Edge-IIoTset,CNN_AE,0,5,99.5,0.005,0.9395163521664546,0.9987058823529412,0.9682073508026575,0.05932801389567389
Edge-IIoTset,CNN_AE,0,5,99.9,0.001,1.0,0.6491764705882352,0.7872735054929376,0.0
Edge-IIoTset,CNN_AE,0,5,99.99,0.0001,1.0,0.6487647058823529,0.7869706375539619,0.0
Edge-IIoTset,CNN_AE,0,5,max,0.0,1.0,0.6487058823529411,0.7869273583559298,0.0
Edge-IIoTset,SNN_Dense,0,5,90,0.1,0.8392160734560893,1.0,0.9125801862737204,0.17678988221245182
Edge-IIoTset,SNN_Dense,0,5,95,0.05,0.8744855967078189,1.0,0.9330406147091108,0.13244314172501764
Edge-IIoTset,SNN_Dense,0,5,96,0.04,0.8822460947636099,1.0,0.9374396867848576,0.12316126580904305
Edge-IIoTset,SNN_Dense,0,5,97,0.03,0.8896797153024911,1.0,0.9416195856873824,0.11442218965423655
Edge-IIoTset,SNN_Dense,0,5,98,0.02,0.8990427838595377,1.0,0.9468378400957976,0.10362047440699126
Edge-IIoTset,SNN_Dense,0,5,99,0.01,0.9112279948475741,0.9987058823529412,0.9529636281993713,0.08977908049720458
Edge-IIoTset,SNN_Dense,0,5,99.5,0.005,0.93173198482933,0.953764705882353,0.9426196151386548,0.06448461162677088
Edge-IIoTset,SNN_Dense,0,5,99.9,0.001,0.9999091239549255,0.647235294117647,0.7858163119554349,5.427997611681051e-05
Edge-IIoTset,SNN_Dense,0,5,99.99,0.0001,0.9999091156957194,0.6471764705882352,0.7857729528979037,5.427997611681051e-05
Edge-IIoTset,SNN_Dense,0,5,max,0.0,0.9999091156957194,0.6471764705882352,0.7857729528979037,5.427997611681051e-05
Edge-IIoTset,Dense_SNN,0,5,90,0.1,0.8414175410809741,1.0,0.9138802279324804,0.17391304347826086
Edge-IIoTset,Dense_SNN,0,5,95,0.05,0.8756116404841617,1.0,0.9336811753398324,0.13108614232209737
Edge-IIoTset,Dense_SNN,0,5,96,0.04,0.8820629896746744,1.0,0.9373363107545557,0.12337838571351029
Edge-IIoTset,Dense_SNN,0,5,97,0.03,0.8906119027661358,1.0,0.9421414320549767,0.11333659013190034
Edge-IIoTset,Dense_SNN,0,5,98,0.02,0.8985675775675247,1.0,0.9465742364765165,0.10416327416815936
Edge-IIoTset,Dense_SNN,0,5,99,0.01,0.9070052819719362,1.0,0.9512352068936575,0.09460999837160072
Edge-IIoTset,Dense_SNN,0,5,99.5,0.005,0.9163835902795924,0.8251764705882353,0.8683917296025752,0.06947836942951745
Edge-IIoTset,Dense_SNN,0,5,99.9,0.001,1.0,0.6468823529411765,0.7855841697324714,0.0
Edge-IIoTset,Dense_SNN,0,5,99.99,0.0001,1.0,0.6468823529411765,0.7855841697324714,0.0
Edge-IIoTset,Dense_SNN,0,5,max,0.0,1.0,0.6429411764705882,0.782670963122091,0.0
Edge-IIoTset,Dense_AE,0,5,90,0.1,0.8361615267325758,1.0,0.9107712089148428,0.1808066004450958
Edge-IIoTset,Dense_AE,0,5,95,0.05,0.8747105737072293,1.0,0.9331686565115961,0.1321717418444336
Edge-IIoTset,Dense_AE,0,5,96,0.04,0.8813770219825798,1.0,0.9369488536155203,0.12419258535526244
Edge-IIoTset,Dense_AE,0,5,97,0.03,0.8899591665794158,1.0,0.9417760788875963,0.11409650979753569
Edge-IIoTset,Dense_AE,0,5,98,0.02,0.8982826948480845,1.0,0.9464161447459987,0.10448895402486023
Edge-IIoTset,Dense_AE,0,5,99,0.01,0.9066183136899365,1.0,0.951022349025202,0.0950442381805352
Edge-IIoTset,Dense_AE,0,5,99.5,0.005,0.9496503496503497,0.9985294117647059,0.9734767025089607,0.048851978505129456
Edge-IIoTset,Dense_AE,0,5,99.9,0.001,0.9999093052784328,0.6485294117647059,0.7867694283879255,5.427997611681051e-05
Edge-IIoTset,Dense_AE,0,5,99.99,0.0001,0.9999091487235395,0.6474117647058824,0.7859463705502195,5.427997611681051e-05
Edge-IIoTset,Dense_AE,0,5,max,0.0,0.9998724652467798,0.4611764705882353,0.6312145243750251,5.427997611681051e-05
Edge-IIoTset,SNN_AE_T2,0,5,90,0.1,0.841126119439909,1.0,0.9137083120582623,0.17429300331107855
Edge-IIoTset,SNN_AE_T2,0,5,95,0.05,0.8775099365095752,1.0,0.9347592994803838,0.12880638332519134
Edge-IIoTset,SNN_AE_T2,0,5,96,0.04,0.8839893921272944,1.0,0.9384228975186995,0.12109862671660425
Edge-IIoTset,SNN_AE_T2,0,5,97,0.03,0.8909853249475891,1.0,0.9423503325942351,0.11290235032296586
Edge-IIoTset,SNN_AE_T2,0,5,98,0.02,0.8988526410405541,1.0,0.9467323810319382,0.1038375943114585
Edge-IIoTset,SNN_AE_T2,0,5,99,0.01,0.9060366894197952,0.9994117647058823,0.9504363392257775,0.09564131791782012
Edge-IIoTset,SNN_AE_T2,0,5,99.5,0.005,0.8997429305912596,0.8235294117647058,0.85995085995086,0.0846767627422244
Edge-IIoTset,SNN_AE_T2,0,5,99.9,0.001,1.0,0.6468823529411765,0.7855841697324714,0.0
Edge-IIoTset,SNN_AE_T2,0,5,99.99,0.0001,1.0,0.6031176470588235,0.7524309250357759,0.0
Edge-IIoTset,SNN_AE_T2,0,5,max,0.0,1.0,0.3794705882352941,0.5501684363140165,0.0
Edge-IIoTset,SNN_AE_T5,0,5,90,0.1,0.836531837417577,1.0,0.9109908365039386,0.1803180806600445
Edge-IIoTset,SNN_AE_T5,0,5,95,0.05,0.8743056984159638,1.0,0.9329382065634947,0.13266026162948488
Edge-IIoTset,SNN_AE_T5,0,5,96,0.04,0.8826125330979699,1.0,0.9376465072667604,0.12272702600010856
Edge-IIoTset,SNN_AE_T5,0,5,97,0.03,0.8912655971479501,1.0,0.942507068803016,0.11257667046626499
Edge-IIoTset,SNN_AE_T5,0,5,98,0.02,0.899233007140968,1.0,0.9469433226570115,0.10340335450252403
Edge-IIoTset,SNN_AE_T5,0,5,99,0.01,0.9065620161247263,0.9987647058823529,0.950432421842201,0.09498995820441838
Edge-IIoTset,SNN_AE_T5,0,5,99.5,0.005,0.911879049676026,0.9934117647058823,0.9509009009009008,0.08858492102263475
Edge-IIoTset,SNN_AE_T5,0,5,99.9,0.001,1.0,0.6471176470588236,0.785757651512446,0.0
Edge-IIoTset,SNN_AE_T5,0,5,99.99,0.0001,1.0,0.6471176470588236,0.785757651512446,0.0
Edge-IIoTset,SNN_AE_T5,0,5,max,0.0,1.0,0.4288235294117647,0.600247015232606,0.0
Edge-IIoTset,SNN_AE_T7,0,5,90,0.1,0.8386364757535395,1.0,0.9122373963671487,0.17754980187808717
Edge-IIoTset,SNN_AE_T7,0,5,95,0.05,0.8765597607507477,1.0,0.9342199263614882,0.12994626282364435
Edge-IIoTset,SNN_AE_T7,0,5,96,0.04,0.8833922261484098,1.0,0.9380863039399624,0.12180426640612278
Edge-IIoTset,SNN_AE_T7,0,5,97,0.03,0.8915403576860544,0.9999411764705882,0.9426345412704135,0.11225099060956413
Edge-IIoTset,SNN_AE_T7,0,5,98,0.02,0.8994496189669772,0.9997647058823529,0.9469578783151326,0.10313195462193997
Edge-IIoTset,SNN_AE_T7,0,5,99,0.01,0.9066702241195305,0.9994705882352941,0.950811415780638,0.09493567822830158
Edge-IIoTset,SNN_AE_T7,0,5,99.5,0.005,0.9282060125308962,0.9498823529411765,0.9389190917812601,0.06779569016989632
Edge-IIoTset,SNN_AE_T7,0,5,99.9,0.001,0.999909354604786,0.6488823529411765,0.787029109589041,5.427997611681051e-05
Edge-IIoTset,SNN_AE_T7,0,5,99.99,0.0001,0.9999092311881638,0.648,0.7863796980404754,5.427997611681051e-05
Edge-IIoTset,SNN_AE_T7,0,5,max,0.0,0.9999090164680193,0.6464705882352941,0.7852524025579651,5.427997611681051e-05
Edge-IIoTset,SNN_AE_noBN,0,5,90,0.1,0.8391746470530161,1.0,0.9125556927371303,0.17684416218856863
Edge-IIoTset,SNN_AE_noBN,0,5,95,0.05,0.8755665430572723,1.0,0.9336555360281195,0.13114042229821418
Edge-IIoTset,SNN_AE_noBN,0,5,96,0.04,0.8822003113648158,1.0,0.9374138406396471,0.12321554578515985
Edge-IIoTset,SNN_AE_noBN,0,5,97,0.03,0.8893073864825277,1.0,0.9414110089710931,0.11485642946317104
Edge-IIoTset,SNN_AE_noBN,0,5,98,0.02,0.8978341257263602,0.9997647058823529,0.9460617868076816,0.10497747380991153
Edge-IIoTset,SNN_AE_noBN,0,5,99,0.01,0.9059865542631523,0.9988235294117647,0.950142689273124,0.09564131791782012
Edge-IIoTset,SNN_AE_noBN,0,5,99.5,0.005,0.914662441287986,0.950764705882353,0.9323642237028065,0.08185420398415025
Edge-IIoTset,SNN_AE_noBN,0,5,99.9,0.001,1.0,0.6468823529411765,0.7855841697324714,0.0
Edge-IIoTset,SNN_AE_noBN,0,5,99.99,0.0001,1.0,0.6468823529411765,0.7855841697324714,0.0
Edge-IIoTset,SNN_AE_noBN,0,5,max,0.0,1.0,0.42864705882352944,0.6000741137233911,0.0
Edge-IIoTset,IF,0,5,90,0.1,0.8349150849150849,0.9832352941176471,0.9030253916801729,0.17939532106605874
Edge-IIoTset,IF,0,5,95,0.05,0.865080667213563,0.9304705882352942,0.8965849511123706,0.13390870108017153
Edge-IIoTset,IF,0,5,96,0.04,0.8740621352748291,0.9251176470588235,0.8988654873831909,0.12299842588069261
Edge-IIoTset,IF,0,5,97,0.03,0.8808132875143184,0.9046470588235294,0.8925710969239697,0.11295663029908266
Edge-IIoTset,IF,0,5,98,0.02,0.88714294415007,0.8568235294117647,0.8717196804213173,0.10058079574444988
Edge-IIoTset,IF,0,5,99,0.01,0.9087596166824132,0.7921176470588235,0.8464391225092714,0.0733865277099278
Edge-IIoTset,IF,0,5,99.5,0.005,0.8934353317914961,0.2954117647058824,0.4440122010521197,0.0325137056939695
Edge-IIoTset,IF,0,5,99.9,0.001,0.0,0.0,0.0,0.0008141996417521576
Edge-IIoTset,IF,0,5,99.99,0.0001,0.0,0.0,0.0,0.00021711990446724203
Edge-IIoTset,IF,0,5,max,0.0,0.0,0.0,0.0,0.00010855995223362102
Edge-IIoTset,OCSVM,0,5,90,0.1,0.8373971725530762,1.0,0.911503713037184,0.1791782011615915
Edge-IIoTset,OCSVM,0,5,95,0.05,0.8738113595476741,1.0,0.9326567000411465,0.1332573413667698
Edge-IIoTset,OCSVM,0,5,96,0.04,0.8822460947636099,1.0,0.9374396867848576,0.12316126580904305
Edge-IIoTset,OCSVM,0,5,97,0.03,0.8905652470008906,1.0,0.9421153259996121,0.11339087010801716
Edge-IIoTset,OCSVM,0,5,98,0.02,0.8987100866990907,1.0,0.9466533021494599,0.10400043423980894
Edge-IIoTset,OCSVM,0,5,99,0.01,0.9065699658703071,1.0,0.950995748489595,0.09509851815665202
Edge-IIoTset,OCSVM,0,5,99.5,0.005,0.9473995621560855,0.9418823529411765,0.9446329016843161,0.04825489876784454
Edge-IIoTset,OCSVM,0,5,99.9,0.001,1.0,0.42864705882352944,0.6000741137233911,0.0
Edge-IIoTset,OCSVM,0,5,99.99,0.0001,1.0,0.42864705882352944,0.6000741137233911,0.0
Edge-IIoTset,OCSVM,0,5,max,0.0,1.0,0.42864705882352944,0.6000741137233911,0.0
Edge-IIoTset,LOF,0,5,90,0.1,0.8037602114368092,0.7871176470588235,0.7953518782691392,0.17733268197361993
Edge-IIoTset,LOF,0,5,95,0.05,0.8451510333863275,0.7817647058823529,0.8122230710466004,0.1321717418444336
Edge-IIoTset,LOF,0,5,96,0.04,0.8534549190855382,0.7817647058823529,0.8160383151172786,0.12386690549856158
Edge-IIoTset,LOF,0,5,97,0.03,0.8620441301643423,0.7744705882352941,0.815914231710718,0.11436790967811974
Edge-IIoTset,LOF,0,5,98,0.02,0.8303137428192665,0.5526470588235294,0.6636058626169874,0.10421755414427618
Edge-IIoTset,LOF,0,5,99,0.01,0.85048995828078,0.5156470588235295,0.6420331783059289,0.08364544319600499
Edge-IIoTset,LOF,0,5,99.5,0.005,0.9280142996425089,0.33594117647058824,0.49330569232098126,0.024046029419747057
Edge-IIoTset,LOF,0,5,99.9,0.001,1.0,0.13188235294117648,0.23303190936493087,0.0
Edge-IIoTset,LOF,0,5,99.99,0.0001,1.0,0.1318235294117647,0.23294007587963203,0.0
Edge-IIoTset,LOF,0,5,max,0.0,0.0,0.0,0.0,0.0
Edge-IIoTset,SNN_AE,0,6,90,0.1,0.9008531609347676,1.0,0.9478408742438181,0.10981335837539617
Edge-IIoTset,SNN_AE,0,6,95,0.05,0.9485548487891976,1.0,0.9735983047935398,0.05411433266815354
Edge-IIoTset,SNN_AE,0,6,96,0.04,0.9572072072072072,1.0,0.9781357882623705,0.04460617443361897
Edge-IIoTset,SNN_AE,0,6,97,0.03,0.9712620693595384,1.0,0.9854215575457207,0.02952224439488203
Edge-IIoTset,SNN_AE,0,6,98,0.02,0.9816376024945144,1.0,0.9907337257415934,0.018664162460382674
Edge-IIoTset,SNN_AE,0,6,99,0.01,0.9956065842657138,0.9997647058823529,0.9976813125531978,0.004401925108580819
Edge-IIoTset,SNN_AE,0,6,99.5,0.005,0.9998796847741082,0.9777058823529412,0.988668470987122,0.00011738466956215518
Edge-IIoTset,SNN_AE,0,6,99.9,0.001,0.9999090909090909,0.647,0.7856428571428572,5.869233478107759e-05
Edge-IIoTset,SNN_AE,0,6,99.99,0.0001,0.9999090909090909,0.647,0.7856428571428572,5.869233478107759e-05
Edge-IIoTset,SNN_AE,0,6,max,0.0,0.9998257536156124,0.33752941176470586,0.504683583271032,5.869233478107759e-05
Edge-IIoTset,LSTM_AE,0,6,90,0.1,0.9019046103241551,1.0,0.9484225501408686,0.10852212701021247
Edge-IIoTset,LSTM_AE,0,6,95,0.05,0.944391978223432,1.0,0.9714008171195109,0.05875102711585867
Edge-IIoTset,LSTM_AE,0,6,96,0.04,0.9527545816286499,1.0,0.9758057572539679,0.04947763822044841
Edge-IIoTset,LSTM_AE,0,6,97,0.03,0.9617016462069355,1.0,0.9804769732099086,0.03973471064678953
Edge-IIoTset,LSTM_AE,0,6,98,0.02,0.9698214387586286,1.0,0.9846795447305164,0.031048245099190047
Edge-IIoTset,LSTM_AE,0,6,99,0.01,0.9792062669201083,1.0,0.989493902971392,0.02118793285596901
Edge-IIoTset,LSTM_AE,0,6,99.5,0.005,0.9997647612326511,1.0,0.9998823667803788,0.00023476933912431035
Edge-IIoTset,LSTM_AE,0,6,99.9,0.001,1.0,0.7502352941176471,0.8572964979498555,0.0
Edge-IIoTset,LSTM_AE,0,6,99.99,0.0001,1.0,0.7502352941176471,0.8572964979498555,0.0
Edge-IIoTset,LSTM_AE,0,6,max,0.0,1.0,0.7502352941176471,0.8572964979498555,0.0
Edge-IIoTset,CNN_AE,0,6,90,0.1,0.9014263746752214,1.0,0.9481580635265903,0.10910905035802325
Edge-IIoTset,CNN_AE,0,6,95,0.05,0.9420892213909671,1.0,0.9701811956056499,0.06133348984622608
Edge-IIoTset,CNN_AE,0,6,96,0.04,0.9494554593688914,1.0,0.9740724824523708,0.05311656297687522
Edge-IIoTset,CNN_AE,0,6,97,0.03,0.9593138084758196,1.0,0.9792344690533107,0.042317173377156944
Edge-IIoTset,CNN_AE,0,6,98,0.02,0.9676684881602914,1.0,0.983568618375376,0.03333724615565207
Edge-IIoTset,CNN_AE,0,6,99,0.01,0.979883566776183,1.0,0.9898395877609246,0.02048362483859608
Edge-IIoTset,CNN_AE,0,6,99.5,0.005,0.9998819501829772,0.9964705882352941,0.9981733545459903,0.00011738466956215518
Edge-IIoTset,CNN_AE,0,6,99.9,0.001,1.0,0.5291764705882352,0.6921064779196799,0.0
Edge-IIoTset,CNN_AE,0,6,99.99,0.0001,1.0,0.5291764705882352,0.6921064779196799,0.0
Edge-IIoTset,CNN_AE,0,6,max,0.0,1.0,0.5291764705882352,0.6921064779196799,0.0
Edge-IIoTset,SNN_Dense,0,6,90,0.1,0.9036785030831385,1.0,0.9494024349380096,0.10635051062331259
Edge-IIoTset,SNN_Dense,0,6,95,0.05,0.9423503325942351,1.0,0.9703196347031964,0.061040028172320696
Edge-IIoTset,SNN_Dense,0,6,96,0.04,0.9504640500950464,1.0,0.9746029926044831,0.05200140861603474
Edge-IIoTset,SNN_Dense,0,6,97,0.03,0.9623004641684592,1.0,0.9807880920786938,0.03908909496419768
Edge-IIoTset,SNN_Dense,0,6,98,0.02,0.9712065813528337,1.0,0.9853929979132854,0.029580936729663106
Edge-IIoTset,SNN_Dense,0,6,99,0.01,0.9920634920634921,1.0,0.9960159362549801,0.007982157530226552
Edge-IIoTset,SNN_Dense,0,6,99.5,0.005,0.9996465806679625,0.9982941176470588,0.9989698913971216,0.00035215400868646553
Edge-IIoTset,SNN_Dense,0,6,99.9,0.001,1.0,0.6449411764705882,0.784151051351738,0.0
Edge-IIoTset,SNN_Dense,0,6,99.99,0.0001,1.0,0.6449411764705882,0.784151051351738,0.0
Edge-IIoTset,SNN_Dense,0,6,max,0.0,1.0,0.6449411764705882,0.784151051351738,0.0
Edge-IIoTset,Dense_SNN,0,6,90,0.1,0.9028626055552605,1.0,0.9489519662842949,0.10734828031459091
Edge-IIoTset,Dense_SNN,0,6,95,0.05,0.9435533107620581,1.0,0.9709569637604593,0.05969010447235591
Edge-IIoTset,Dense_SNN,0,6,96,0.04,0.9517944124069201,1.0,0.9753019133128711,0.050534100246507806
Edge-IIoTset,Dense_SNN,0,6,97,0.03,0.9608862762830658,1.0,0.9800530381644184,0.04061509566850569
Edge-IIoTset,Dense_SNN,0,6,98,0.02,0.9710956243573632,1.0,0.9853358836144439,0.02969832139922526
Edge-IIoTset,Dense_SNN,0,6,99,0.01,0.988822913028292,0.9991764705882353,0.9939727309965475,0.011268928277966897
Edge-IIoTset,Dense_SNN,0,6,99.5,0.005,0.9968196006831969,0.9955882352941177,0.9962035374790311,0.0031693860781781898
Edge-IIoTset,Dense_SNN,0,6,99.9,0.001,0.9999088422971741,0.645235294117647,0.7843403646764391,5.869233478107759e-05
Edge-IIoTset,Dense_SNN,0,6,99.99,0.0001,0.9999082484631617,0.6410588235294118,0.781246639664504,5.869233478107759e-05
Edge-IIoTset,Dense_SNN,0,6,max,0.0,0.9998576309794989,0.41311764705882353,0.5846653346653347,5.869233478107759e-05
Edge-IIoTset,Dense_AE,0,6,90,0.1,0.9039187536555537,1.0,0.9495350071215125,0.1060570489494072
Edge-IIoTset,Dense_AE,0,6,95,0.05,0.9439200444197668,1.0,0.971151099685804,0.05927925812888837
Edge-IIoTset,Dense_AE,0,6,96,0.04,0.952167581494343,1.0,0.9754977907844149,0.05012325390304026
Edge-IIoTset,Dense_AE,0,6,97,0.03,0.9606147934678194,1.0,0.9799118079372856,0.040908557342411084
Edge-IIoTset,Dense_AE,0,6,98,0.02,0.9699321047526673,1.0,0.9847365829640571,0.03093086042962789
Edge-IIoTset,Dense_AE,0,6,99,0.01,0.980279091223619,1.0,0.9900413487857435,0.020072778495128535
Edge-IIoTset,Dense_AE,0,6,99.5,0.005,0.999646622298133,0.9984117647058823,0.9990288119132404,0.00035215400868646553
Edge-IIoTset,Dense_AE,0,6,99.9,0.001,0.9999217159855958,0.7513529411764706,0.8579969100557534,5.869233478107759e-05
Edge-IIoTset,Dense_AE,0,6,99.99,0.0001,0.9999088007295942,0.6449411764705882,0.7841230109064904,5.869233478107759e-05
Edge-IIoTset,Dense_AE,0,6,max,0.0,1.0,0.22829411764705881,0.3717254920741344,0.0
Edge-IIoTset,SNN_AE_T2,0,6,90,0.1,0.9009486459271822,1.0,0.9478937243859601,0.10969597370583402
Edge-IIoTset,SNN_AE_T2,0,6,95,0.05,0.9502907626929099,0.9997058823529412,0.9743722050223599,0.05217748562037798
Edge-IIoTset,SNN_AE_T2,0,6,96,0.04,0.9598441206370721,0.9997058823529412,0.9793695614591137,0.04173025002934617
Edge-IIoTset,SNN_AE_T2,0,6,97,0.03,0.9689834084041279,0.9997058823529412,0.9841049248675411,0.03192863012090621
Edge-IIoTset,SNN_AE_T2,0,6,98,0.02,0.9782420998100501,0.9997058823529412,0.9888575335292235,0.02218570254724733
Edge-IIoTset,SNN_AE_T2,0,6,99,0.01,0.9887535691393275,0.9981176470588236,0.9934135417581452,0.011327620612747976
Edge-IIoTset,SNN_AE_T2,0,6,99.5,0.005,0.9988691336307093,0.935235294117647,0.9660054075401767,0.0010564620260593966
Edge-IIoTset,SNN_AE_T2,0,6,99.9,0.001,0.9999088007295942,0.6449411764705882,0.7841230109064904,5.869233478107759e-05
Edge-IIoTset,SNN_AE_T2,0,6,99.99,0.0001,0.9999088007295942,0.6449411764705882,0.7841230109064904,5.869233478107759e-05
Edge-IIoTset,SNN_AE_T2,0,6,max,0.0,0.9998601007274762,0.4204117647058824,0.591933079344045,5.869233478107759e-05
Edge-IIoTset,SNN_AE_T5,0,6,90,0.1,0.9020960466967365,1.0,0.9485283861068489,0.10828735767108816
Edge-IIoTset,SNN_AE_T5,0,6,95,0.05,0.9424025722046676,1.0,0.9703473272639059,0.06098133583753962
Edge-IIoTset,SNN_AE_T5,0,6,96,0.04,0.9512085944494181,1.0,0.9749942647396193,0.05117971592909966
Edge-IIoTset,SNN_AE_T5,0,6,97,0.03,0.9599638601840872,1.0,0.9795730214065517,0.041612865359784014
Edge-IIoTset,SNN_AE_T5,0,6,98,0.02,0.9718172983479106,1.0,0.9857072449482505,0.028935321047071253
Edge-IIoTset,SNN_AE_T5,0,6,99,0.01,0.9925268566090611,1.0,0.9962494139709329,0.007512618851977931
Edge-IIoTset,SNN_AE_T5,0,6,99.5,0.005,0.99976401179941,0.9968235294117647,0.9982916053019145,0.00023476933912431035
Edge-IIoTset,SNN_AE_T5,0,6,99.9,0.001,0.9999088007295942,0.6449411764705882,0.7841230109064904,5.869233478107759e-05
Edge-IIoTset,SNN_AE_T5,0,6,99.99,0.0001,0.9999088007295942,0.6449411764705882,0.7841230109064904,5.869233478107759e-05
Edge-IIoTset,SNN_AE_T5,0,6,max,0.0,0.9998612460108228,0.4238823529411765,0.5953649770727475,5.869233478107759e-05
Edge-IIoTset,SNN_AE_T7,0,6,90,0.1,0.9021439184886436,1.0,0.9485548487891977,0.10822866533630708
Edge-IIoTset,SNN_AE_T7,0,6,95,0.05,0.9409941326248201,1.0,0.9696001825129755,0.06256602887662871
Edge-IIoTset,SNN_AE_T7,0,6,96,0.04,0.9500391192578518,1.0,0.9743795494927494,0.052470947294283365
Edge-IIoTset,SNN_AE_T7,0,6,97,0.03,0.9603434640153655,1.0,0.9797706184081608,0.04120201901631647
Edge-IIoTset,SNN_AE_T7,0,6,98,0.02,0.977348510980798,1.0,0.9885445135779497,0.02312477990374457
Edge-IIoTset,SNN_AE_T7,0,6,99,0.01,0.993039307440337,0.9986470588235294,0.995835288596903,0.006984387838948234
Edge-IIoTset,SNN_AE_T7,0,6,99.5,0.005,0.9997053103082454,0.9977647058823529,0.9987340654164335,0.00029346167390538794
Edge-IIoTset,SNN_AE_T7,0,6,99.9,0.001,0.9999090826438767,0.6469411764705882,0.7855994856959178,5.869233478107759e-05
Edge-IIoTset,SNN_AE_T7,0,6,99.99,0.0001,0.9999090826438767,0.6469411764705882,0.7855994856959178,5.869233478107759e-05
Edge-IIoTset,SNN_AE_T7,0,6,max,0.0,0.9998612845054793,0.424,0.5954810194555744,5.869233478107759e-05
Edge-IIoTset,SNN_AE_noBN,0,6,90,0.1,0.8973709217611656,0.9998823529411764,0.9458572144009793,0.11409789881441484
Edge-IIoTset,SNN_AE_noBN,0,6,95,0.05,0.9414144773306728,0.9991176470588236,0.9694081388048627,0.06203779786359902
Edge-IIoTset,SNN_AE_noBN,0,6,96,0.04,0.9511990138951143,0.9986470588235294,0.9743457300275482,0.05112102359431858
Edge-IIoTset,SNN_AE_noBN,0,6,97,0.03,0.9622973126204785,0.9984117647058823,0.9800219412206247,0.0390304026294166
Edge-IIoTset,SNN_AE_noBN,0,6,98,0.02,0.977594747148946,0.9984117647058823,0.9878936033991037,0.022831318229839182
Edge-IIoTset,SNN_AE_noBN,0,6,99,0.01,0.9874323616687031,0.9982941176470588,0.9928335332143797,0.012677544312712759
Edge-IIoTset,SNN_AE_noBN,0,6,99.5,0.005,0.9989924731820068,0.9915294117647059,0.9952469518495557,0.000997769691278319
Edge-IIoTset,SNN_AE_noBN,0,6,99.9,0.001,0.9999088007295942,0.6449411764705882,0.7841230109064904,5.869233478107759e-05
Edge-IIoTset,SNN_AE_noBN,0,6,99.99,0.0001,0.9999088007295942,0.6449411764705882,0.7841230109064904,5.869233478107759e-05
Edge-IIoTset,SNN_AE_noBN,0,6,max,0.0,1.0,0.4238235294117647,0.5953315430696137,0.0
Edge-IIoTset,IF,0,6,90,0.1,0.9027156549520767,0.9972352941176471,0.9476243711570711,0.10723089564502876
Edge-IIoTset,IF,0,6,95,0.05,0.9420714203697325,0.9652352941176471,0.9535126968446742,0.05922056579410729
Edge-IIoTset,IF,0,6,96,0.04,0.9500679548543403,0.945764705882353,0.9479114465112165,0.04959502289001057
Edge-IIoTset,IF,0,6,97,0.03,0.9565787011042486,0.9019411764705882,0.9284568106815223,0.04084986500763001
Edge-IIoTset,IF,0,6,98,0.02,0.9638811142209783,0.8508235294117648,0.9038305317752923,0.031811245451344054
Edge-IIoTset,IF,0,6,99,0.01,0.9755748209574067,0.761235294117647,0.8551792499586981,0.01901631646906914
Edge-IIoTset,IF,0,6,99.5,0.005,0.9908485856905158,0.4203529411764706,0.5902858086899059,0.003873694095551121
Edge-IIoTset,IF,0,6,99.9,0.001,0.14285714285714285,0.00011764705882352942,0.00023510050546608676,0.0007043080173729311
Edge-IIoTset,IF,0,6,99.99,0.0001,0.6666666666666666,0.00011764705882352942,0.00023525260248191497,5.869233478107759e-05
Edge-IIoTset,IF,0,6,max,0.0,0.0,0.0,0.0,0.0
Edge-IIoTset,OCSVM,0,6,90,0.1,0.9003283550471348,1.0,0.9475503037734797,0.11045897405798803
Edge-IIoTset,OCSVM,0,6,95,0.05,0.9396418306433783,1.0,0.9688817964208366,0.06409202958093672
Edge-IIoTset,OCSVM,0,6,96,0.04,0.9498798681343242,1.0,0.9742957847379432,0.052647024298626596
Edge-IIoTset,OCSVM,0,6,97,0.03,0.9582863585118376,1.0,0.978698906160046,0.04343232773799742
Edge-IIoTset,OCSVM,0,6,98,0.02,0.9687161661633141,1.0,0.9841095256013198,0.0322220917948116
Edge-IIoTset,OCSVM,0,6,99,0.01,0.988487033375974,1.0,0.9942101877302766,0.011621082286653364
Edge-IIoTset,OCSVM,0,6,99.5,0.005,0.999940019193858,0.9806470588235294,0.990199572344975,5.869233478107759e-05
Edge-IIoTset,OCSVM,0,6,99.9,0.001,1.0,0.5758823529411765,0.730869727510265,0.0
Edge-IIoTset,OCSVM,0,6,99.99,0.0001,1.0,0.498,0.664886515353805,0.0
Edge-IIoTset,OCSVM,0,6,max,0.0,1.0,0.49376470588235294,0.6611010474915334,0.0
Edge-IIoTset,LOF,0,6,90,0.1,0.9014263746752214,1.0,0.9481580635265903,0.10910905035802325
Edge-IIoTset,LOF,0,6,95,0.05,0.941984817421178,1.0,0.9701258310269067,0.06145087451578824
Edge-IIoTset,LOF,0,6,96,0.04,0.9508893612260879,1.0,0.9748265382189346,0.05153186993778613
Edge-IIoTset,LOF,0,6,97,0.03,0.96045197740113,1.0,0.9798270893371758,0.041084634346754315
Edge-IIoTset,LOF,0,6,98,0.02,0.969434306569343,1.0,0.984479962937225,0.031459091442657586
Edge-IIoTset,LOF,0,6,99,0.01,0.9790544221805194,0.9513529411764706,0.9650049225812226,0.020307547834252846
Edge-IIoTset,LOF,0,6,99.5,0.005,0.9837625269567424,0.4561764705882353,0.6233171241409798,0.007512618851977931
Edge-IIoTset,LOF,0,6,99.9,0.001,0.998046875,0.030058823529411766,0.058359981726815904,5.869233478107759e-05
Edge-IIoTset,LOF,0,6,99.99,0.0001,0.9966442953020134,0.017470588235294116,0.03433922996878251,5.869233478107759e-05
Edge-IIoTset,LOF,0,6,max,0.0,0.9894736842105263,0.0055294117647058825,0.010997367651360047,5.869233478107759e-05
Edge-IIoTset,SNN_AE,0,7,90,0.1,0.9105029189652402,1.0,0.9531552241316475,0.09977906490714755
Edge-IIoTset,SNN_AE,0,7,95,0.05,0.9519543061933027,1.0,0.9753858511675942,0.05123305666686571
Edge-IIoTset,SNN_AE,0,7,96,0.04,0.9593138084758196,1.0,0.9792344690533107,0.04305248701259927
Edge-IIoTset,SNN_AE,0,7,97,0.03,0.9699321047526673,1.0,0.9847365829640571,0.03146832268465994
Edge-IIoTset,SNN_AE,0,7,98,0.02,0.9796012446698168,1.0,0.9896955230831926,0.02113811428912641
Edge-IIoTset,SNN_AE,0,7,99,0.01,0.9894075194971482,1.0,0.9946755602363817,0.010867618080850301
Edge-IIoTset,SNN_AE,0,7,99.5,0.005,0.994263974246415,0.9992352941176471,0.996743435528825,0.005851794351227085
Edge-IIoTset,SNN_AE,0,7,99.9,0.001,0.9973560517038778,0.9985294117647059,0.9979423868312757,0.002687048426583866
Edge-IIoTset,SNN_AE,0,7,99.99,0.0001,0.9983652498832322,0.7544117647058823,0.8594116464517859,0.001253955932405804
Edge-IIoTset,SNN_AE,0,7,max,0.0,0.9998620499379225,0.4263529411764706,0.5977978473339107,5.971218725741924e-05
Edge-IIoTset,LSTM_AE,0,7,90,0.1,0.909431337933986,1.0,0.9525677303672989,0.10109273302681077
Edge-IIoTset,LSTM_AE,0,7,95,0.05,0.9531819456125595,1.0,0.9760298550308597,0.049859676359945065
Edge-IIoTset,LSTM_AE,0,7,96,0.04,0.9614840789548103,1.0,0.9803638880078429,0.0406639995223025
Edge-IIoTset,LSTM_AE,0,7,97,0.03,0.9703750214053314,1.0,0.9849648019931052,0.030990625186600586
Edge-IIoTset,LSTM_AE,0,7,98,0.02,0.979375504090333,1.0,0.9895803015309389,0.021376963038156088
Edge-IIoTset,LSTM_AE,0,7,99,0.01,0.9903297215425841,1.0,0.9951413686120705,0.009912223084731595
Edge-IIoTset,LSTM_AE,0,7,99.5,0.005,0.9951413686120705,1.0,0.9975647683595927,0.004956111542365797
Edge-IIoTset,LSTM_AE,0,7,99.9,0.001,0.9991184249191889,1.0,0.9995590180802587,0.0008956828088612886
Edge-IIoTset,LSTM_AE,0,7,99.99,0.0001,0.999755246894695,0.9611176470588235,0.9800557838226914,0.00023884874902967696
Edge-IIoTset,LSTM_AE,0,7,max,0.0,1.0,0.8185294117647058,0.9002102539220443,0.0
Edge-IIoTset,CNN_AE,0,7,90,0.1,0.9114304096075488,1.0,0.95366318860092,0.09864453334925659
Edge-IIoTset,CNN_AE,0,7,95,0.05,0.9559154295996402,1.0,0.9774609015639375,0.04681435480981668
Edge-IIoTset,CNN_AE,0,7,96,0.04,0.9642107651296012,1.0,0.9817793306575033,0.037678390159431537
Edge-IIoTset,CNN_AE,0,7,97,0.03,0.972484411646931,1.0,0.9860502885647169,0.028721562070818656
Edge-IIoTset,CNN_AE,0,7,98,0.02,0.9811277197437526,1.0,0.9904739709266759,0.019525885233176093
Edge-IIoTset,CNN_AE,0,7,99,0.01,0.988487033375974,1.0,0.9942101877302766,0.01182301307696901
Edge-IIoTset,CNN_AE,0,7,99.5,0.005,0.9948501872659176,1.0,0.9974184463740906,0.005254672478652893
Edge-IIoTset,CNN_AE,0,7,99.9,0.001,0.999353359590853,1.0,0.9996765752256623,0.0006568340598316116
Edge-IIoTset,CNN_AE,0,7,99.99,0.0001,1.0,0.9178823529411765,0.9571831677094835,0.0
Edge-IIoTset,CNN_AE,0,7,max,0.0,1.0,0.7502352941176471,0.8572964979498555,0.0
Edge-IIoTset,SNN_Dense,0,7,90,0.1,0.9116748002359629,1.0,0.9537969534603192,0.09834597241296948
Edge-IIoTset,SNN_Dense,0,7,95,0.05,0.9545199326221224,1.0,0.9767308244757253,0.04836687167850958
Edge-IIoTset,SNN_Dense,0,7,96,0.04,0.9623549391452024,1.0,0.9808163854031444,0.03970860452618379
Edge-IIoTset,SNN_Dense,0,7,97,0.03,0.970818342755982,1.0,0.985193126829127,0.03051292768854123
Edge-IIoTset,SNN_Dense,0,7,98,0.02,0.9801095416546555,1.0,0.9899548697044693,0.02060070460380964
Edge-IIoTset,SNN_Dense,0,7,99,0.01,0.9881422924901185,1.0,0.9940357852882703,0.012181286200513525
Edge-IIoTset,SNN_Dense,0,7,99.5,0.005,0.9934548854604955,1.0,0.9967166979362102,0.006687764972830954
Edge-IIoTset,SNN_Dense,0,7,99.9,0.001,0.9979438373869111,0.9992352941176471,0.9985891481982246,0.0020899265540096734
Edge-IIoTset,SNN_Dense,0,7,99.99,0.0001,0.9983764978739853,0.7596470588235295,0.8628027392684149,0.001253955932405804
Edge-IIoTset,SNN_Dense,0,7,max,0.0,1.0,0.4386470588235294,0.6098049638140409,0.0
Edge-IIoTset,Dense_SNN,0,7,90,0.1,0.9095773140716961,1.0,0.952647800504343,0.10091359646503852
Edge-IIoTset,Dense_SNN,0,7,95,0.05,0.9517411264136155,1.0,0.9752739372382537,0.051471905415895386
Edge-IIoTset,Dense_SNN,0,7,96,0.04,0.9615384615384616,1.0,0.9803921568627451,0.040604287335045085
Edge-IIoTset,Dense_SNN,0,7,97,0.03,0.9700981511070532,1.0,0.9848221527053644,0.03128918612288768
Edge-IIoTset,Dense_SNN,0,7,98,0.02,0.9801015111316184,0.9995882352941177,0.9897489661599395,0.02060070460380964
Edge-IIoTset,Dense_SNN,0,7,99,0.01,0.9892228824420366,0.9988823529411764,0.9940291517883276,0.01104675464262256
Edge-IIoTset,Dense_SNN,0,7,99.5,0.005,0.9938524590163934,0.9985294117647059,0.9961854460093897,0.00626977966202902
Edge-IIoTset,Dense_SNN,0,7,99.9,0.001,0.997883722297337,0.9985294117647059,0.9982064626150363,0.0021496387412670926
Edge-IIoTset,Dense_SNN,0,7,99.99,0.0001,0.9984020697001978,0.7718235294117647,0.8706124344768097,0.001253955932405804
Edge-IIoTset,Dense_SNN,0,7,max,0.0,1.0,0.4263529411764706,0.5978225008248103,0.0
Edge-IIoTset,Dense_AE,0,7,90,0.1,0.9151593453919036,1.0,0.9557004722284687,0.09410640711769272
Edge-IIoTset,Dense_AE,0,7,95,0.05,0.9547343592047625,1.0,0.976843073033385,0.04812802292947991
Edge-IIoTset,Dense_AE,0,7,96,0.04,0.9633911368015414,1.0,0.9813542688910697,0.03857407296829283
Edge-IIoTset,Dense_AE,0,7,97,0.03,0.972150740550123,1.0,0.9858787369153593,0.02907983519436317
Edge-IIoTset,Dense_AE,0,7,98,0.02,0.9814109225262672,1.0,0.9906182623390245,0.019227324296888997
Edge-IIoTset,Dense_AE,0,7,99,0.01,0.989522700814901,1.0,0.994733762434172,0.010748193706335464
Edge-IIoTset,Dense_AE,0,7,99.5,0.005,0.9942101877302766,1.0,0.997096689052465,0.005911506538484505
Edge-IIoTset,Dense_AE,0,7,99.9,0.001,0.9982384028185555,1.0,0.9991184249191889,0.0017913656177225771
Edge-IIoTset,Dense_AE,0,7,99.99,0.0001,0.9984920292977165,0.8179411764705883,0.8992433551057363,0.001253955932405804
Edge-IIoTset,Dense_AE,0,7,max,0.0,1.0,0.3973529411764706,0.5687223742370027,0.0
Edge-IIoTset,SNN_AE_T2,0,7,90,0.1,0.9044958765629156,1.0,0.9498533314708758,0.10718337612706753
Edge-IIoTset,SNN_AE_T2,0,7,95,0.05,0.9511021595613741,1.0,0.9749383494867238,0.052188451662984414
Edge-IIoTset,SNN_AE_T2,0,7,96,0.04,0.9605062432905814,1.0,0.97985532724286,0.04173881889293605
Edge-IIoTset,SNN_AE_T2,0,7,97,0.03,0.9715951305938161,1.0,0.985592950111604,0.029676957066937362
Edge-IIoTset,SNN_AE_T2,0,7,98,0.02,0.980731510326526,1.0,0.9902720335527466,0.019943870543978025
Edge-IIoTset,SNN_AE_T2,0,7,99,0.01,0.989926046701217,1.0,0.9949375237760805,0.010330208395533528
Edge-IIoTset,SNN_AE_T2,0,7,99.5,0.005,0.9941451990632318,0.9988235294117647,0.9964788732394365,0.0059712187257419235
Edge-IIoTset,SNN_AE_T2,0,7,99.9,0.001,0.9982812777810703,0.9908235294117647,0.9945384229327192,0.001731653430465158
Edge-IIoTset,SNN_AE_T2,0,7,99.99,0.0001,0.9983818770226537,0.7621764705882353,0.864433918206685,0.001253955932405804
Edge-IIoTset,SNN_AE_T2,0,7,max,0.0,0.9998620499379225,0.4263529411764706,0.5977978473339107,5.971218725741924e-05
Edge-IIoTset,SNN_AE_T5,0,7,90,0.1,0.9114304096075488,1.0,0.95366318860092,0.09864453334925659
Edge-IIoTset,SNN_AE_T5,0,7,95,0.05,0.9524343100453807,1.0,0.9756377514419352,0.050695646981548936
Edge-IIoTset,SNN_AE_T5,0,7,96,0.04,0.9613209681067632,1.0,0.9802790912236189,0.040843136084074756
Edge-IIoTset,SNN_AE_T5,0,7,97,0.03,0.9715396045262316,1.0,0.9855643805437996,0.02973666925419478
Edge-IIoTset,SNN_AE_T5,0,7,98,0.02,0.9801095416546555,1.0,0.9899548697044693,0.02060070460380964
Edge-IIoTset,SNN_AE_T5,0,7,99,0.01,0.9894075194971482,1.0,0.9946755602363817,0.010867618080850301
Edge-IIoTset,SNN_AE_T5,0,7,99.5,0.005,0.9940932218258378,0.9998823529411764,0.9969793835596351,0.006030930912999343
Edge-IIoTset,SNN_AE_T5,0,7,99.9,0.001,0.9981612195266624,0.9898823529411764,0.9940045482737234,0.0018510778049799965
Edge-IIoTset,SNN_AE_T5,0,7,99.99,0.0001,0.9983959670027498,0.7688823529411765,0.8687358766449554,0.001253955932405804
Edge-IIoTset,SNN_AE_T5,0,7,max,0.0,1.0,0.4263529411764706,0.5978225008248103,0.0
Edge-IIoTset,SNN_AE_T7,0,7,90,0.1,0.9125556927371303,1.0,0.9542788178169469,0.09727115304233594
Edge-IIoTset,SNN_AE_T7,0,7,95,0.05,0.9525410433126016,1.0,0.975693746950957,0.050576222607034094
Edge-IIoTset,SNN_AE_T7,0,7,96,0.04,0.9621915327145121,1.0,0.9807315103265258,0.03988774108795605
Edge-IIoTset,SNN_AE_T7,0,7,97,0.03,0.9715951305938161,1.0,0.985592950111604,0.029676957066937362
Edge-IIoTset,SNN_AE_T7,0,7,98,0.02,0.9801095416546555,1.0,0.9899548697044693,0.02060070460380964
Edge-IIoTset,SNN_AE_T7,0,7,99,0.01,0.9899836943862101,1.0,0.994966639353857,0.010270496208276109
Edge-IIoTset,SNN_AE_T7,0,7,99.5,0.005,0.9942101877302766,1.0,0.997096689052465,0.005911506538484505
Edge-IIoTset,SNN_AE_T7,0,7,99.9,0.001,0.9981771139597789,0.9985294117647059,0.9983532317826266,0.0018510778049799965
Edge-IIoTset,SNN_AE_T7,0,7,99.99,0.0001,0.9984615384615385,0.8017058823529412,0.8893311582381729,0.001253955932405804
Edge-IIoTset,SNN_AE_T7,0,7,max,0.0,0.9998620499379225,0.4263529411764706,0.5977978473339107,5.971218725741924e-05
Edge-IIoTset,SNN_AE_noBN,0,7,90,0.1,0.9104053981684785,1.0,0.9531017856642279,0.09989848928166238
Edge-IIoTset,SNN_AE_noBN,0,7,95,0.05,0.9541984732824428,1.0,0.9765625,0.0487251448020541
Edge-IIoTset,SNN_AE_noBN,0,7,96,0.04,0.9620826259196378,1.0,0.980674935102394,0.04000716546247089
Edge-IIoTset,SNN_AE_noBN,0,7,97,0.03,0.9713665199748528,0.9997647058823529,0.9853610458880483,0.029915805815967037
Edge-IIoTset,SNN_AE_noBN,0,7,98,0.02,0.9793023926203517,0.9991764705882353,0.989139612752948,0.021436675225413506
Edge-IIoTset,SNN_AE_noBN,0,7,99,0.01,0.9898024590641571,0.9991764705882353,0.9944673750768421,0.010449632770048367
Edge-IIoTset,SNN_AE_noBN,0,7,99.5,0.005,0.9940890735646983,0.9991764705882353,0.9966262798134187,0.006030930912999343
Edge-IIoTset,SNN_AE_noBN,0,7,99.9,0.001,0.9985827329632692,0.9947058823529412,0.9966405375139978,0.0014330924941780617
Edge-IIoTset,SNN_AE_noBN,0,7,99.99,0.0001,0.9983628284088252,0.7532941176470588,0.8586850839843095,0.001253955932405804
Edge-IIoTset,SNN_AE_noBN,0,7,max,0.0,1.0,0.23070588235294118,0.3749163559889112,0.0
Edge-IIoTset,IF,0,7,90,0.1,0.9103281334050565,0.9954705882352941,0.9509974711997753,0.09954021615811787
Edge-IIoTset,IF,0,7,95,0.05,0.9532355176243643,0.9592352941176471,0.956225994663852,0.04776974980593539
Edge-IIoTset,IF,0,7,96,0.04,0.960843005497862,0.925235294117647,0.9427030266706623,0.03827551203200573
Edge-IIoTset,IF,0,7,97,0.03,0.96882187579862,0.892,0.9288251868185716,0.029139547381620588
Edge-IIoTset,IF,0,7,98,0.02,0.9774645969498911,0.8445294117647059,0.9061474375157789,0.019764733982205768
Edge-IIoTset,IF,0,7,99,0.01,0.986803732866725,0.7961764705882353,0.8812996483917176,0.010807905893592882
Edge-IIoTset,IF,0,7,99.5,0.005,0.991393222162453,0.6504705882352941,0.7855366910563331,0.005732369976712247
Edge-IIoTset,IF,0,7,99.9,0.001,0.10714285714285714,0.00017647058823529413,0.00035236081747709656,0.0014928046814354809
Edge-IIoTset,IF,0,7,99.99,0.0001,0.75,0.00017647058823529413,0.00035285815102328866,5.971218725741924e-05
Edge-IIoTset,IF,0,7,max,0.0,1.0,0.00017647058823529413,0.00035287890372287246,0.0
Edge-IIoTset,OCSVM,0,7,90,0.1,0.9090909090909091,1.0,0.9523809523809523,0.1015107183376127
Edge-IIoTset,OCSVM,0,7,95,0.05,0.9533957714093433,1.0,0.9761419425224657,0.04962082761091539
Edge-IIoTset,OCSVM,0,7,96,0.04,0.9617560534057479,1.0,0.9805052485869189,0.040365438586015406
Edge-IIoTset,OCSVM,0,7,97,0.03,0.9715951305938161,1.0,0.985592950111604,0.029676957066937362
Edge-IIoTset,OCSVM,0,7,98,0.02,0.9812409812409812,1.0,0.9905316824471959,0.019406460858661254
Edge-IIoTset,OCSVM,0,7,99,0.01,0.9906759906759907,1.0,0.9953161592505855,0.009553949961187079
Edge-IIoTset,OCSVM,0,7,99.5,0.005,0.9943264900274902,1.0,0.9971551749420771,0.0057920821639696665
Edge-IIoTset,OCSVM,0,7,99.9,0.001,0.9994708683638074,1.0,0.9997353641683084,0.0005374096853167731
Edge-IIoTset,OCSVM,0,7,99.99,0.0001,1.0,0.7729411764705882,0.8719309887193099,0.0
Edge-IIoTset,OCSVM,0,7,max,0.0,1.0,0.7541176470588236,0.8598256203890007,0.0
Edge-IIoTset,LOF,0,7,90,0.1,0.9106492393400472,1.0,0.953235393069418,0.09959992834537529
Edge-IIoTset,LOF,0,7,95,0.05,0.9414736842105264,0.7891764705882353,0.8586239999999999,0.049799964172687644
Edge-IIoTset,LOF,0,7,96,0.04,0.9522256053356531,0.7726470588235295,0.8530882639475222,0.03935033140263928
Edge-IIoTset,LOF,0,7,97,0.03,0.9645666397118283,0.7718235294117647,0.857497630951214,0.028781274258076073
Edge-IIoTset,LOF,0,7,98,0.02,0.9760786943885535,0.7704705882352941,0.8611722936322693,0.019167612109631575
Edge-IIoTset,LOF,0,7,99,0.01,0.986500754147813,0.7694705882352941,0.8645736946463979,0.010688481519078044
Edge-IIoTset,LOF,0,7,99.5,0.005,0.9937694704049844,0.7693529411764706,0.8672789363747886,0.004896399355108378
Edge-IIoTset,LOF,0,7,99.9,0.001,0.9985584546633992,0.40747058823529414,0.5787692693319966,0.0005971218725741924
Edge-IIoTset,LOF,0,7,99.99,0.0001,0.9997225305216426,0.21194117647058824,0.34973791496796736,5.971218725741924e-05
Edge-IIoTset,LOF,0,7,max,0.0,1.0,0.014647058823529412,0.028871238912400718,0.0
Edge-IIoTset,SNN_AE,0,8,90,0.1,0.9118214975327184,1.0,0.9538772303894064,0.09816683585119723
Edge-IIoTset,SNN_AE,0,8,95,0.05,0.9560229445506692,1.0,0.9775171065493646,0.046694930435301846
Edge-IIoTset,SNN_AE,0,8,96,0.04,0.9661286656058196,1.0,0.9827725748641462,0.035588463605421866
Edge-IIoTset,SNN_AE,0,8,97,0.03,0.9748824406468631,1.0,0.9872814913758058,0.02615393801874963
Edge-IIoTset,SNN_AE,0,8,98,0.02,0.9854501188336908,1.0,0.9926717468103121,0.01498775900161223
Edge-IIoTset,SNN_AE,0,8,99,0.01,0.9951996253366117,1.0,0.9975940379085734,0.004896399355108378
Edge-IIoTset,SNN_AE,0,8,99.5,0.005,0.9987655046734466,0.9994117647058823,0.9990885301814119,0.001253955932405804
Edge-IIoTset,SNN_AE,0,8,99.9,0.001,1.0,0.6495882352941177,0.7875762222301467,0.0
Edge-IIoTset,SNN_AE,0,8,99.99,0.0001,1.0,0.6495882352941177,0.7875762222301467,0.0
Edge-IIoTset,SNN_AE,0,8,max,0.0,1.0,0.4275294117647059,0.5989780781275754,0.0
Edge-IIoTset,LSTM_AE,0,8,90,0.1,0.9150115722051779,1.0,0.9556198881362602,0.09428554367946498
Edge-IIoTset,LSTM_AE,0,8,95,0.05,0.9547343592047625,1.0,0.976843073033385,0.04812802292947991
Edge-IIoTset,LSTM_AE,0,8,96,0.04,0.9651413648234359,1.0,0.9822615126827295,0.036663282976055415
Edge-IIoTset,LSTM_AE,0,8,97,0.03,0.9746029926044831,1.0,0.9871381703103679,0.026452498955036725
Edge-IIoTset,LSTM_AE,0,8,98,0.02,0.9843089572115106,1.0,0.992092439672026,0.016182002746760613
Edge-IIoTset,LSTM_AE,0,8,99,0.01,0.9954910113017509,1.0,0.9977404114211931,0.004597838418821281
Edge-IIoTset,LSTM_AE,0,8,99.5,0.005,0.9992946155654832,1.0,0.9996471833470539,0.0007165462470890309
Edge-IIoTset,LSTM_AE,0,8,99.9,0.001,1.0,0.4274117647058824,0.5988626061155526,0.0
Edge-IIoTset,LSTM_AE,0,8,99.99,0.0001,1.0,0.4274117647058824,0.5988626061155526,0.0
Edge-IIoTset,LSTM_AE,0,8,max,0.0,1.0,0.4274117647058824,0.5988626061155526,0.0
Edge-IIoTset,CNN_AE,0,8,90,0.1,0.911088482769709,1.0,0.9534759808183068,0.09906251866005852
Edge-IIoTset,CNN_AE,0,8,95,0.05,0.9552171714333877,1.0,0.9770957266431014,0.04759061324416313
Edge-IIoTset,CNN_AE,0,8,96,0.04,0.9648674726147909,1.0,0.9821196452814929,0.03696184391234251
Edge-IIoTset,CNN_AE,0,8,97,0.03,0.9747706422018348,1.0,0.9872241579558653,0.026273362393264464
Edge-IIoTset,CNN_AE,0,8,98,0.02,0.9855072463768116,1.0,0.9927007299270074,0.01492804681435481
Edge-IIoTset,CNN_AE,0,8,99,0.01,0.9948501872659176,1.0,0.9974184463740906,0.005254672478652893
Edge-IIoTset,CNN_AE,0,8,99.5,0.005,0.9994121105232217,1.0,0.9997059688326962,0.0005971218725741924
Edge-IIoTset,CNN_AE,0,8,99.9,0.001,1.0,0.5787058823529412,0.7331395782100008,0.0
Edge-IIoTset,CNN_AE,0,8,99.99,0.0001,1.0,0.5489411764705883,0.7087953820446605,0.0
Edge-IIoTset,CNN_AE,0,8,max,0.0,1.0,0.5418823529411765,0.7028841751869372,0.0
Edge-IIoTset,SNN_Dense,0,8,90,0.1,0.9133401386127975,1.0,0.95470755061354,0.09631575804621724
Edge-IIoTset,SNN_Dense,0,8,95,0.05,0.9544127554457669,1.0,0.9766747098701597,0.04848629605302442
Edge-IIoTset,SNN_Dense,0,8,96,0.04,0.9650865739426625,1.0,0.9822331359237324,0.03672299516331283
Edge-IIoTset,SNN_Dense,0,8,97,0.03,0.9743795494927495,1.0,0.9870235434145209,0.0266913477040664
Edge-IIoTset,SNN_Dense,0,8,98,0.02,0.9853929979132854,1.0,0.9926427653859629,0.015047471188869649
Edge-IIoTset,SNN_Dense,0,8,99,0.01,0.9945009945009945,1.0,0.9972429166422245,0.0056129456021974085
Edge-IIoTset,SNN_Dense,0,8,99.5,0.005,0.999117231638418,0.9986470588235294,0.9988820899035067,0.0008956828088612886
Edge-IIoTset,SNN_Dense,0,8,99.9,0.001,1.0,0.6497058823529411,0.787662684970583,0.0
Edge-IIoTset,SNN_Dense,0,8,99.99,0.0001,1.0,0.6497058823529411,0.787662684970583,0.0
Edge-IIoTset,SNN_Dense,0,8,max,0.0,1.0,0.4275294117647059,0.5989780781275754,0.0
Edge-IIoTset,Dense_SNN,0,8,90,0.1,0.9114792772505496,1.0,0.953689938571148,0.09858482116199917
Edge-IIoTset,Dense_SNN,0,8,95,0.05,0.9561842623319646,1.0,0.9776014261479629,0.04651579387352959
Edge-IIoTset,Dense_SNN,0,8,96,0.04,0.9646484707484537,1.0,0.9820061808624325,0.03720069266137219
Edge-IIoTset,Dense_SNN,0,8,97,0.03,0.9746029926044831,1.0,0.9871381703103679,0.026452498955036725
Edge-IIoTset,Dense_SNN,0,8,98,0.02,0.9837934826648145,0.9998235294117647,0.9917437348659451,0.016719412432077387
Edge-IIoTset,Dense_SNN,0,8,99,0.01,0.9937382958801498,0.9988823529411764,0.9963036845810843,0.006389204036543859
Edge-IIoTset,Dense_SNN,0,8,99.5,0.005,0.9986976854318357,0.9924117647058823,0.9955448027616322,0.0013136681196632232
Edge-IIoTset,Dense_SNN,0,8,99.9,0.001,1.0,0.6869411764705883,0.8144222051746983,0.0
Edge-IIoTset,Dense_SNN,0,8,99.99,0.0001,1.0,0.6503529411764706,0.7881380096948959,0.0
Edge-IIoTset,Dense_SNN,0,8,max,0.0,1.0,0.42758823529411766,0.59903580699658,0.0
Edge-IIoTset,Dense_AE,0,8,90,0.1,0.9101129610792869,1.0,0.9529415062081336,0.10025676240520691
Edge-IIoTset,Dense_AE,0,8,95,0.05,0.9548416086272747,1.0,0.9768992069877025,0.048008598554965067
Edge-IIoTset,Dense_AE,0,8,96,0.04,0.9635003400589436,1.0,0.9814109225262673,0.03845464859377799
Edge-IIoTset,Dense_AE,0,8,97,0.03,0.9742120343839542,1.0,0.9869375907111756,0.026870484265838657
Edge-IIoTset,Dense_AE,0,8,98,0.02,0.9848792074619084,1.0,0.9923820086979365,0.015584880874186422
Edge-IIoTset,Dense_AE,0,8,99,0.01,0.9946173648490522,1.0,0.9973014196879033,0.00549352122768257
Edge-IIoTset,Dense_AE,0,8,99.5,0.005,0.9985902255639098,1.0,0.9992946155654832,0.0014330924941780617
Edge-IIoTset,Dense_AE,0,8,99.9,0.001,0.9989146164978292,0.6496470588235295,0.7872825777017393,0.0007165462470890309
Edge-IIoTset,Dense_AE,0,8,99.99,0.0001,0.9989146164978292,0.6496470588235295,0.7872825777017393,0.0007165462470890309
Edge-IIoTset,Dense_AE,0,8,max,0.0,1.0,0.2262941176470588,0.36906989015206026,0.0
Edge-IIoTset,SNN_AE_T2,0,8,90,0.1,0.9137328675087342,1.0,0.9549220615082151,0.09583806054815788
Edge-IIoTset,SNN_AE_T2,0,8,95,0.05,0.9570455441085403,1.0,0.9780513764634813,0.04556039887741088
Edge-IIoTset,SNN_AE_T2,0,8,96,0.04,0.9656347628514627,1.0,0.9825169773154169,0.03612587329073864
Edge-IIoTset,SNN_AE_T2,0,8,97,0.03,0.9752739372382537,1.0,0.9874822107984085,0.025735952707947693
Edge-IIoTset,SNN_AE_T2,0,8,98,0.02,0.9851005855411908,0.9995294117647059,0.9922625478116149,0.015346032125156745
Edge-IIoTset,SNN_AE_T2,0,8,99,0.01,0.9938992198040711,0.9966470588235294,0.9952712426939231,0.006210067474771601
Edge-IIoTset,SNN_AE_T2,0,8,99.5,0.005,0.9989384288747346,0.941,0.9691040164778578,0.0010151071833761271
Edge-IIoTset,SNN_AE_T2,0,8,99.9,0.001,1.0,0.6870588235294117,0.8145048814504882,0.0
Edge-IIoTset,SNN_AE_T2,0,8,99.99,0.0001,1.0,0.6675882352941176,0.8006631627217891,0.0
Edge-IIoTset,SNN_AE_T2,0,8,max,0.0,1.0,0.3921176470588235,0.5633398123890814,0.0
Edge-IIoTset,SNN_AE_T5,0,8,90,0.1,0.9118214975327184,1.0,0.9538772303894064,0.09816683585119723
Edge-IIoTset,SNN_AE_T5,0,8,95,0.05,0.9570455441085403,1.0,0.9780513764634813,0.04556039887741088
Edge-IIoTset,SNN_AE_T5,0,8,96,0.04,0.966952960582447,1.0,0.9831988664295422,0.03469278079656058
Edge-IIoTset,SNN_AE_T5,0,8,97,0.03,0.9752739372382537,1.0,0.9874822107984085,0.025735952707947693
Edge-IIoTset,SNN_AE_T5,0,8,98,0.02,0.9854501188336908,1.0,0.9926717468103121,0.01498775900161223
Edge-IIoTset,SNN_AE_T5,0,8,99,0.01,0.9949078138718174,0.9998823529411764,0.9973888807393282,0.005194960291395474
Edge-IIoTset,SNN_AE_T5,0,8,99.5,0.005,0.9991314597679757,0.9473529411764706,0.972553519127993,0.0008359706216038693
Edge-IIoTset,SNN_AE_T5,0,8,99.9,0.001,1.0,0.6497647058823529,0.7877059117164659,0.0
Edge-IIoTset,SNN_AE_T5,0,8,99.99,0.0001,1.0,0.6497058823529411,0.787662684970583,0.0
Edge-IIoTset,SNN_AE_T5,0,8,max,0.0,1.0,0.5682941176470588,0.7247290049135442,0.0
Edge-IIoTset,SNN_AE_T7,0,8,90,0.1,0.9131929522990976,1.0,0.9546271338724169,0.09649489460798949
Edge-IIoTset,SNN_AE_T7,0,8,95,0.05,0.9569916685431209,1.0,0.9780232424347026,0.045620111064668296
Edge-IIoTset,SNN_AE_T7,0,8,96,0.04,0.9656347628514627,1.0,0.9825169773154169,0.03612587329073864
Edge-IIoTset,SNN_AE_T7,0,8,97,0.03,0.9761699684180304,1.0,0.9879413046636641,0.024780557711828983
Edge-IIoTset,SNN_AE_T7,0,8,98,0.02,0.9853929979132854,1.0,0.9926427653859629,0.015047471188869649
Edge-IIoTset,SNN_AE_T7,0,8,99,0.01,0.9941520467836257,1.0,0.9970674486803519,0.0059712187257419235
Edge-IIoTset,SNN_AE_T7,0,8,99.5,0.005,0.9988820241247426,0.9985882352941177,0.9987351081041329,0.0011345315578909655
Edge-IIoTset,SNN_AE_T7,0,8,99.9,0.001,1.0,0.6496470588235295,0.7876194551419199,0.0
Edge-IIoTset,SNN_AE_T7,0,8,99.99,0.0001,1.0,0.6496470588235295,0.7876194551419199,0.0
Edge-IIoTset,SNN_AE_T7,0,8,max,0.0,1.0,0.6496470588235295,0.7876194551419199,0.0
Edge-IIoTset,SNN_AE_noBN,0,8,90,0.1,0.911919321961163,1.0,0.9539307558498401,0.09804741147668239
Edge-IIoTset,SNN_AE_noBN,0,8,95,0.05,0.9540378247937594,1.0,0.976478359516356,0.04890428136382636
Edge-IIoTset,SNN_AE_noBN,0,8,96,0.04,0.9637734565451557,1.0,0.9815525852362944,0.03815608765749089
Edge-IIoTset,SNN_AE_noBN,0,8,97,0.03,0.9738153899043145,0.9997647058823529,0.9866194525875831,0.027288469576640592
Edge-IIoTset,SNN_AE_noBN,0,8,98,0.02,0.9839494727083092,0.9988823529411764,0.991359682409948,0.01654027587030513
Edge-IIoTset,SNN_AE_noBN,0,8,99,0.01,0.994493908153702,0.9987058823529412,0.9965954449401269,0.0056129456021974085
Edge-IIoTset,SNN_AE_noBN,0,8,99.5,0.005,0.9992658305292138,0.960764705882353,0.9796371270055481,0.0007165462470890309
Edge-IIoTset,SNN_AE_noBN,0,8,99.9,0.001,1.0,0.6495882352941177,0.7875762222301467,0.0
Edge-IIoTset,SNN_AE_noBN,0,8,99.99,0.0001,1.0,0.6495882352941177,0.7875762222301467,0.0
Edge-IIoTset,SNN_AE_noBN,0,8,max,0.0,1.0,0.6495882352941177,0.7875762222301467,0.0
Edge-IIoTset,IF,0,8,90,0.1,0.9113665663944993,0.998,0.952717879604672,0.09852510897474175
Edge-IIoTset,IF,0,8,95,0.05,0.9518141238411354,0.9783529411764705,0.9649010848755583,0.050277661670747
Edge-IIoTset,IF,0,8,96,0.04,0.9605772615276311,0.9631764705882353,0.9618751101450979,0.04012658983698573
Edge-IIoTset,IF,0,8,97,0.03,0.9698615093648953,0.9351176470588235,0.9521727411577969,0.029497820505165105
Edge-IIoTset,IF,0,8,98,0.02,0.9795931588494429,0.8894705882352941,0.9323591071648786,0.01880933898608706
Edge-IIoTset,IF,0,8,99,0.01,0.9888913908278916,0.775,0.8689773439303499,0.008837403714098047
Edge-IIoTset,IF,0,8,99.5,0.005,0.9863994273443092,0.32423529411764707,0.4880467504869842,0.004538126231563862
Edge-IIoTset,IF,0,8,99.9,0.001,0.05555555555555555,0.00011764705882352942,0.00023479690068091102,0.0020302143667522542
Edge-IIoTset,IF,0,8,99.99,0.0001,0.11764705882352941,0.00011764705882352942,0.00023505905858847034,0.0008956828088612886
Edge-IIoTset,IF,0,8,max,0.0,0.3333333333333333,5.882352941176471e-05,0.00011762630124095749,0.00011942437451483848
Edge-IIoTset,OCSVM,0,8,90,0.1,0.9131439007358866,1.0,0.9546003313024679,0.09655460679524691
Edge-IIoTset,OCSVM,0,8,95,0.05,0.9569916685431209,1.0,0.9780232424347026,0.045620111064668296
Edge-IIoTset,OCSVM,0,8,96,0.04,0.9659090909090909,1.0,0.9826589595375723,0.035827312354451545
Edge-IIoTset,OCSVM,0,8,97,0.03,0.9752179899036255,1.0,0.987453531598513,0.02579566489520511
Edge-IIoTset,OCSVM,0,8,98,0.02,0.9846510280915146,1.0,0.9922661608054867,0.0158237296232161
Edge-IIoTset,OCSVM,0,8,99,0.01,0.9946173648490522,1.0,0.9973014196879033,0.00549352122768257
Edge-IIoTset,OCSVM,0,8,99.5,0.005,0.9995735347873766,0.9651176470588235,0.982043454839289,0.00041798531080193465
Edge-IIoTset,OCSVM,0,8,99.9,0.001,1.0,0.75,0.8571428571428571,0.0
Edge-IIoTset,OCSVM,0,8,99.99,0.0001,1.0,0.6509411764705882,0.7885697997577139,0.0
Edge-IIoTset,OCSVM,0,8,max,0.0,1.0,0.6508823529411765,0.788526634598254,0.0
Edge-IIoTset,LOF,0,8,90,0.1,0.9141750914175092,1.0,0.9551635015170243,0.0953006508628411
Edge-IIoTset,LOF,0,8,95,0.05,0.9570994257403446,1.0,0.9780795121109257,0.04550068669015346
Edge-IIoTset,LOF,0,8,96,0.04,0.9664582148948266,1.0,0.982943047123446,0.03523019048187735
Edge-IIoTset,LOF,0,8,97,0.03,0.9753298909925416,1.0,0.9875108916642463,0.02567624052069027
Edge-IIoTset,LOF,0,8,98,0.02,0.9863077280111395,1.0,0.9931066713401099,0.01409207619275094
Edge-IIoTset,LOF,0,8,99,0.01,0.9947907521217442,0.9997647058823529,0.9972715270646911,0.005314384665910312
Edge-IIoTset,LOF,0,8,99.5,0.005,0.9977998952331063,0.560235294117647,0.7175739310604633,0.001253955932405804
Edge-IIoTset,LOF,0,8,99.9,0.001,1.0,0.203,0.33748960931005817,0.0
Edge-IIoTset,LOF,0,8,99.99,0.0001,1.0,0.1468235294117647,0.2560525235945835,0.0
Edge-IIoTset,LOF,0,8,max,0.0,1.0,0.03476470588235294,0.06719345119663464,0.0
Edge-IIoTset,SNN_AE,0,9,90,0.1,0.915800247804773,1.0,0.9560498270674577,0.09333014868334627
Edge-IIoTset,SNN_AE,0,9,95,0.05,0.960072287795787,1.0,0.9796294695594548,0.042216516390995405
Edge-IIoTset,SNN_AE,0,9,96,0.04,0.9685505925250684,1.0,0.9840240796480667,0.03296112736609542
Edge-IIoTset,SNN_AE,0,9,97,0.03,0.977459605543097,0.9999411764705882,0.9885725916664243,0.02340717740490834
Edge-IIoTset,SNN_AE,0,9,98,0.02,0.9861876849863618,0.9995882352941177,0.9928427448803716,0.01421150056726578
Edge-IIoTset,SNN_AE,0,9,99,0.01,0.9942596063730085,0.9984705882352941,0.9963606480394458,0.005851794351227085
Edge-IIoTset,SNN_AE,0,9,99.5,0.005,0.9980002352664392,0.9981176470588236,0.9980589377095465,0.0020302143667522542
Edge-IIoTset,SNN_AE,0,9,99.9,0.001,0.999051964211649,0.9918235294117647,0.9954246243764205,0.0009553949961187078
Edge-IIoTset,SNN_AE,0,9,99.99,0.0001,0.999118554429264,0.6667647058823529,0.7997883224554595,0.0005971218725741924
Edge-IIoTset,SNN_AE,0,9,max,0.0,0.9984217171717171,0.37211764705882355,0.5421666095303393,0.0005971218725741924
Edge-IIoTset,LSTM_AE,0,9,90,0.1,0.9167385677308024,1.0,0.9565608822867432,0.0921956171254553
Edge-IIoTset,LSTM_AE,0,9,95,0.05,0.9598554570605838,1.0,0.9795165797585781,0.04245536514002508
Edge-IIoTset,LSTM_AE,0,9,96,0.04,0.9682747622031098,1.0,0.9838817026940996,0.03325968830238252
Edge-IIoTset,LSTM_AE,0,9,97,0.03,0.9781920708901548,1.0,0.9889758282672562,0.02263091897056189
Edge-IIoTset,LSTM_AE,0,9,98,0.02,0.9886020004652245,1.0,0.9942683354778337,0.01170358870245417
Edge-IIoTset,LSTM_AE,0,9,99,0.01,0.9973599295981226,1.0,0.9986782200029373,0.002687048426583866
Edge-IIoTset,LSTM_AE,0,9,99.5,0.005,0.9987662299512368,1.0,0.9993827341935864,0.001253955932405804
Edge-IIoTset,LSTM_AE,0,9,99.9,0.001,0.9988249118683902,1.0,0.9994121105232218,0.0011942437451483848
Edge-IIoTset,LSTM_AE,0,9,99.99,0.0001,1.0,0.8421176470588235,0.9142930131562141,0.0
Edge-IIoTset,LSTM_AE,0,9,max,0.0,1.0,0.818764705882353,0.9003525340405576,0.0
Edge-IIoTset,CNN_AE,0,9,90,0.1,0.918918918918919,1.0,0.9577464788732395,0.08956828088612886
Edge-IIoTset,CNN_AE,0,9,95,0.05,0.9609405912610932,1.0,0.9800812890951544,0.04126112139487669
Edge-IIoTset,CNN_AE,0,9,96,0.04,0.9696001825129755,1.0,0.9845654880838618,0.031826595808204454
Edge-IIoTset,CNN_AE,0,9,97,0.03,0.978980708321336,1.0,0.9893787283573403,0.021794948348958024
Edge-IIoTset,CNN_AE,0,9,98,0.02,0.9887745012505089,1.0,0.9943555698534787,0.011524452140681913
Edge-IIoTset,CNN_AE,0,9,99,0.01,0.9969505043396669,1.0,0.9984729237636556,0.0031050337373858005
Edge-IIoTset,CNN_AE,0,9,99.5,0.005,0.9974769700170157,1.0,0.9987368915782979,0.002567624052069027
Edge-IIoTset,CNN_AE,0,9,99.9,0.001,0.998003992015968,1.0,0.9990009990009989,0.0020302143667522542
Edge-IIoTset,CNN_AE,0,9,99.99,0.0001,1.0,0.8251764705882353,0.9042155472476472,0.0
Edge-IIoTset,CNN_AE,0,9,max,0.0,1.0,0.8249411764705883,0.9040742650850955,0.0
Edge-IIoTset,SNN_Dense,0,9,90,0.1,0.9158989278594903,1.0,0.9561035966367649,0.09321072430883143
Edge-IIoTset,SNN_Dense,0,9,95,0.05,0.9597470784169819,1.0,0.9794601446144097,0.04257478951453992
Edge-IIoTset,SNN_Dense,0,9,96,0.04,0.9693237541338807,1.0,0.9844229544270079,0.032125156744491554
Edge-IIoTset,SNN_Dense,0,9,97,0.03,0.9797141539880129,1.0,0.9897531439217512,0.02101868991461157
Edge-IIoTset,SNN_Dense,0,9,98,0.02,0.9879125987912599,1.0,0.9939195509822265,0.012420134949543202
Edge-IIoTset,SNN_Dense,0,9,99,0.01,0.9933968328171565,1.0,0.9966874798463928,0.006747477160088374
Edge-IIoTset,SNN_Dense,0,9,99.5,0.005,0.9964830011723329,1.0,0.9982384028185555,0.0035827312354451543
Edge-IIoTset,SNN_Dense,0,9,99.9,0.001,0.9984555984555985,0.988764705882353,0.9935865228313877,0.0015525168686929003
Edge-IIoTset,SNN_Dense,0,9,99.99,0.0001,0.9992166692777691,0.7503529411764706,0.8570852650675267,0.0005971218725741924
Edge-IIoTset,SNN_Dense,0,9,max,0.0,0.9992164237580317,0.7501176470588236,0.856931657818695,0.0005971218725741924
Edge-IIoTset,Dense_SNN,0,9,90,0.1,0.9170847494200788,1.0,0.9567493035427863,0.09177763181465337
Edge-IIoTset,Dense_SNN,0,9,95,0.05,0.9609949123798757,1.0,0.9801095416546556,0.04120140920761928
Edge-IIoTset,Dense_SNN,0,9,96,0.04,0.9707629054362723,1.0,0.9851645804357905,0.03057263987579865
Edge-IIoTset,Dense_SNN,0,9,97,0.03,0.9797706184081609,1.0,0.9897819568571512,0.020958977727354153
Edge-IIoTset,Dense_SNN,0,9,98,0.02,0.9888320148906468,1.0,0.9943846513804397,0.011464739953424494
Edge-IIoTset,Dense_SNN,0,9,99,0.01,0.9927007299270073,1.0,0.9963369963369962,0.007464023407177405
Edge-IIoTset,Dense_SNN,0,9,99.5,0.005,0.9950248756218906,1.0,0.9975062344139651,0.005075535916880636
Edge-IIoTset,Dense_SNN,0,9,99.9,0.001,0.9981770067627168,0.9984705882352941,0.9983237759153065,0.0018510778049799965
Edge-IIoTset,Dense_SNN,0,9,99.99,0.0001,0.9992166692777691,0.7503529411764706,0.8570852650675267,0.0005971218725741924
Edge-IIoTset,Dense_SNN,0,9,max,0.0,1.0,0.4245294117647059,0.5960275839286452,0.0
Edge-IIoTset,Dense_AE,0,9,90,0.1,0.9182736455463728,1.0,0.9573958831977022,0.09034453932047531
Edge-IIoTset,Dense_AE,0,9,95,0.05,0.9606690777576854,1.0,0.9799400507263085,0.04155968233116379
Edge-IIoTset,Dense_AE,0,9,96,0.04,0.9684954138893637,1.0,0.9839956009608428,0.03302083955335284
Edge-IIoTset,Dense_AE,0,9,97,0.03,0.9785299027226155,1.0,0.9891484595467372,0.022272645847017377
Edge-IIoTset,Dense_AE,0,9,98,0.02,0.9861932938856016,1.0,0.9930486593843098,0.01421150056726578
Edge-IIoTset,Dense_AE,0,9,99,0.01,0.9933968328171565,1.0,0.9966874798463928,0.006747477160088374
Edge-IIoTset,Dense_AE,0,9,99.5,0.005,0.9951413686120705,1.0,0.9975647683595927,0.004956111542365797
Edge-IIoTset,Dense_AE,0,9,99.9,0.001,0.9977111332824696,1.0,0.9988542554129086,0.0023287753030393505
Edge-IIoTset,Dense_AE,0,9,99.99,0.0001,0.9990922294843864,0.6474117647058824,0.7856938892061679,0.0005971218725741924
Edge-IIoTset,Dense_AE,0,9,max,0.0,0.9999091487235395,0.6474117647058824,0.7859463705502195,5.971218725741924e-05
Edge-IIoTset,SNN_AE_T2,0,9,90,0.1,0.9158495851740114,1.0,0.9560767110961138,0.09327043649608885
Edge-IIoTset,SNN_AE_T2,0,9,95,0.05,0.9596928982725528,1.0,0.9794319294809011,0.042634501701797334
Edge-IIoTset,SNN_AE_T2,0,9,96,0.04,0.9680505723560567,0.9998823529411764,0.983709019358199,0.033498537051412196
Edge-IIoTset,SNN_AE_T2,0,9,97,0.03,0.9756994312632848,0.9990588235294118,0.9872409684075915,0.02525825520988834
Edge-IIoTset,SNN_AE_T2,0,9,98,0.02,0.9847974933271441,0.9983529411764706,0.9915288894081907,0.01564459306144384
Edge-IIoTset,SNN_AE_T2,0,9,99,0.01,0.9947171603252805,0.985764705882353,0.9902206990279789,0.005314384665910312
Edge-IIoTset,SNN_AE_T2,0,9,99.5,0.005,0.9989108335753704,0.809235294117647,0.8941245287924088,0.0008956828088612886
Edge-IIoTset,SNN_AE_T2,0,9,99.9,0.001,0.9991466252909232,0.7575882352941177,0.8617597858815659,0.0006568340598316116
Edge-IIoTset,SNN_AE_T2,0,9,99.99,0.0001,0.9990925589836661,0.6476470588235295,0.7858672376873663,0.0005971218725741924
Edge-IIoTset,SNN_AE_T2,0,9,max,0.0,1.0,0.25929411764705884,0.4118086696562033,0.0
Edge-IIoTset,SNN_AE_T5,0,9,90,0.1,0.9181744531460978,1.0,0.9573419681824581,0.09046396369499014
Edge-IIoTset,SNN_AE_T5,0,9,95,0.05,0.9609949123798757,1.0,0.9801095416546556,0.04120140920761928
Edge-IIoTset,SNN_AE_T5,0,9,96,0.04,0.9695379349686252,0.9997647058823529,0.9844193454966697,0.031886307995461875
Edge-IIoTset,SNN_AE_T5,0,9,97,0.03,0.9775668679896462,0.9997058823529412,0.9885124327468373,0.023287753030393505
Edge-IIoTset,SNN_AE_T5,0,9,98,0.02,0.985148227649823,0.9988823529411764,0.9919677541840699,0.015286319937899326
Edge-IIoTset,SNN_AE_T5,0,9,99,0.01,0.993039307440337,0.9986470588235294,0.995835288596903,0.00710575028363289
Edge-IIoTset,SNN_AE_T5,0,9,99.5,0.005,0.995192025798886,0.9984117647058823,0.9967992952576714,0.004896399355108378
Edge-IIoTset,SNN_AE_T5,0,9,99.9,0.001,0.9982900943396227,0.9959411764705882,0.9971142520612486,0.001731653430465158
Edge-IIoTset,SNN_AE_T5,0,9,99.99,0.0001,0.9991828062433603,0.7192352941176471,0.8364059240004105,0.0005971218725741924
Edge-IIoTset,SNN_AE_T5,0,9,max,0.0,0.9979201331114809,0.2822352941176471,0.44002201027146004,0.0005971218725741924
Edge-IIoTset,SNN_AE_T7,0,9,90,0.1,0.9194159004867496,1.0,0.9580163426317273,0.08897115901355467
Edge-IIoTset,SNN_AE_T7,0,9,95,0.05,0.960397717643071,1.0,0.9797988530589896,0.041858243267450884
Edge-IIoTset,SNN_AE_T7,0,9,96,0.04,0.9693237541338807,1.0,0.9844229544270079,0.032125156744491554
Edge-IIoTset,SNN_AE_T7,0,9,97,0.03,0.9774047030414534,1.0,0.9885732561858518,0.023466889592165762
Edge-IIoTset,SNN_AE_T7,0,9,98,0.02,0.9852745086671691,0.9997058823529412,0.9924377354083331,0.015166895563384486
Edge-IIoTset,SNN_AE_T7,0,9,99,0.01,0.9904389902640938,0.9993529411764706,0.9948759991801599,0.009792798710216755
Edge-IIoTset,SNN_AE_T7,0,9,99.5,0.005,0.9941455418301036,0.9988823529411764,0.9965083184178868,0.0059712187257419235
Edge-IIoTset,SNN_AE_T7,0,9,99.9,0.001,0.998114985862394,0.9967058823529412,0.9974099364257123,0.0019107899922374157
Edge-IIoTset,SNN_AE_T7,0,9,99.99,0.0001,0.999160862633213,0.7004117647058824,0.8235294117647058,0.0005971218725741924
Edge-IIoTset,SNN_AE_T7,0,9,max,0.0,0.9984217171717171,0.37211764705882355,0.5421666095303393,0.0005971218725741924
Edge-IIoTset,SNN_AE_noBN,0,9,90,0.1,0.9180257047197321,1.0,0.9572611070443156,0.09064310025676241
Edge-IIoTset,SNN_AE_noBN,0,9,95,0.05,0.9568839356073399,1.0,0.9779669792325835,0.04573953543918314
Edge-IIoTset,SNN_AE_noBN,0,9,96,0.04,0.9655250752541603,1.0,0.9824601959141215,0.03624529766525348
Edge-IIoTset,SNN_AE_noBN,0,9,97,0.03,0.9757777522672483,1.0,0.9877403985823019,0.02519854302263092
Edge-IIoTset,SNN_AE_noBN,0,9,98,0.02,0.9835117153601388,1.0,0.9916873268193088,0.017017973368364483
Edge-IIoTset,SNN_AE_noBN,0,9,99,0.01,0.9927510814918742,0.9989411764705882,0.9958365097050371,0.007404311219919986
Edge-IIoTset,SNN_AE_noBN,0,9,99.5,0.005,0.9979336331591102,0.9658823529411765,0.9816464398876069,0.0020302143667522542
Edge-IIoTset,SNN_AE_noBN,0,9,99.9,0.001,0.9991674760649368,0.8471764705882353,0.916916024702362,0.0007165462470890309
Edge-IIoTset,SNN_AE_noBN,0,9,99.99,0.0001,0.9992164237580317,0.7501176470588236,0.856931657818695,0.0005971218725741924
Edge-IIoTset,SNN_AE_noBN,0,9,max,0.0,1.0,0.30858823529411766,0.47163535017531244,0.0
Edge-IIoTset,IF,0,9,90,0.1,0.9181699630515106,0.994,0.9545814032312733,0.08992655400967338
Edge-IIoTset,IF,0,9,95,0.05,0.9580323562772372,0.944,0.9509644158691594,0.04197766764196573
Edge-IIoTset,IF,0,9,96,0.04,0.9675591531755915,0.9140588235294118,0.9400483968542045,0.031110049561115422
Edge-IIoTset,IF,0,9,97,0.03,0.9769266885773694,0.856764705882353,0.9129085837851391,0.020540992416552217
Edge-IIoTset,IF,0,9,98,0.02,0.9852651542782114,0.7945294117647059,0.8796769676642027,0.012061861825998686
Edge-IIoTset,IF,0,9,99,0.01,0.990264679038637,0.7658823529411765,0.8637388881517846,0.007643159968949663
Edge-IIoTset,IF,0,9,99.5,0.005,0.992542183275846,0.6262941176470588,0.767987881848018,0.004776974980593539
Edge-IIoTset,IF,0,9,99.9,0.001,0.09523809523809523,0.00011764705882352942,0.00023500381881205571,0.0011345315578909655
Edge-IIoTset,IF,0,9,99.99,0.0001,1.0,0.00011764705882352942,0.00023526643924244207,0.0
Edge-IIoTset,IF,0,9,max,0.0,0.0,0.0,0.0,0.0
Edge-IIoTset,OCSVM,0,9,90,0.1,0.913438289183816,1.0,0.9547611693016202,0.0961963336717024
Edge-IIoTset,OCSVM,0,9,95,0.05,0.9577464788732394,1.0,0.9784172661870503,0.04478414044306443
Edge-IIoTset,OCSVM,0,9,96,0.04,0.9670629728653507,1.0,0.9832557332485033,0.03457335642204574
Edge-IIoTset,OCSVM,0,9,97,0.03,0.9764503159103963,1.0,0.988084859052601,0.024481996775541887
Edge-IIoTset,OCSVM,0,9,98,0.02,0.9868802972251248,1.0,0.9933968328171566,0.013494954320176748
Edge-IIoTset,OCSVM,0,9,99,0.01,0.9935129448892526,1.0,0.9967459177391458,0.006628052785573536
Edge-IIoTset,OCSVM,0,9,99.5,0.005,0.9965998358541447,1.0,0.998297022725938,0.003463306860930316
Edge-IIoTset,OCSVM,0,9,99.9,0.001,0.9991771482308687,1.0,0.9995884047745046,0.0008359706216038693
Edge-IIoTset,OCSVM,0,9,99.99,0.0001,0.9999341932087391,0.8938235294117647,0.9439060752888557,5.971218725741924e-05
Edge-IIoTset,OCSVM,0,9,max,0.0,1.0,0.7501176470588236,0.857219682710406,0.0
Edge-IIoTset,LOF,0,9,90,0.1,0.9198138729574722,1.0,0.9582323431599121,0.08849346151549531
Edge-IIoTset,LOF,0,9,95,0.05,0.9615928502743368,1.0,0.9804204273479629,0.04054457514778766
Edge-IIoTset,LOF,0,9,96,0.04,0.9703196347031964,1.0,0.984936268829664,0.031050337373858004
Edge-IIoTset,LOF,0,9,97,0.03,0.979824408395837,0.9912941176470588,0.9855258925699582,0.020720128978324474
Edge-IIoTset,LOF,0,9,98,0.02,0.9860170417303911,0.7964117647058824,0.8811298037811982,0.011464739953424494
Edge-IIoTset,LOF,0,9,99,0.01,0.9939736900124936,0.7955882352941176,0.8837847551213774,0.004896399355108378
Edge-IIoTset,LOF,0,9,99.5,0.005,0.9976311060284268,0.7184117647058823,0.8353053826687642,0.001731653430465158
Edge-IIoTset,LOF,0,9,99.9,0.001,0.9976580796252927,0.32576470588235296,0.4911533856591726,0.0007762584343464501
Edge-IIoTset,LOF,0,9,99.99,0.0001,0.9978290901914347,0.2974117647058824,0.4582408120723252,0.0006568340598316116
Edge-IIoTset,LOF,0,9,max,0.0,0.0,0.0,0.0,0.0
Edge-IIoTset,SNN_AE,1,0,90,0.1,0.9136837579275503,1.0,0.9548952423748807,0.09590349934312671
Edge-IIoTset,SNN_AE,1,0,95,0.05,0.9557004722284687,1.0,0.977348510980798,0.04705601337632868
Edge-IIoTset,SNN_AE,1,0,96,0.04,0.964593735814798,1.0,0.9819778188539742,0.03726262988176281
Edge-IIoTset,SNN_AE,1,0,97,0.03,0.9751061144889297,1.0,0.9873961781959691,0.02591663680879016
Edge-IIoTset,SNN_AE,1,0,98,0.02,0.9825453704774014,1.0,0.9911958486385634,0.01803415741072495
Edge-IIoTset,SNN_AE,1,0,99,0.01,0.9905006119237718,0.9997647058823529,0.9951110981000614,0.00973366774155022
Edge-IIoTset,SNN_AE,1,0,99.5,0.005,0.9954849302216489,0.9986470588235294,0.997063487402361,0.004598112982204705
Edge-IIoTset,SNN_AE,1,0,99.9,0.001,0.9987029030265596,0.9511176470588235,0.9743296173546249,0.0012540308133285561
Edge-IIoTset,SNN_AE,1,0,99.99,0.0001,0.9986383442265795,0.6471176470588236,0.7853369503141063,0.0008957362952346829
Edge-IIoTset,SNN_AE,1,0,max,0.0,0.9988196840384964,0.6471176470588236,0.7853930177768259,0.0007763047892033919
Edge-IIoTset,LSTM_AE,1,0,90,0.1,0.9151593453919036,1.0,0.9557004722284687,0.09411202675265735
Edge-IIoTset,LSTM_AE,1,0,95,0.05,0.9578544061302682,1.0,0.9784735812133072,0.04466738325570285
Edge-IIoTset,LSTM_AE,1,0,96,0.04,0.966952960582447,1.0,0.9831988664295422,0.03469485250209005
Edge-IIoTset,LSTM_AE,1,0,97,0.03,0.9744912582401835,1.0,0.9870808535346204,0.02657351009196226
Edge-IIoTset,LSTM_AE,1,0,98,0.02,0.9836824441615554,1.0,0.9917741088617933,0.01683984235041204
Edge-IIoTset,LSTM_AE,1,0,99,0.01,0.9917741088617934,1.0,0.99587006824639,0.00841992117520602
Edge-IIoTset,LSTM_AE,1,0,99.5,0.005,0.9959573470822592,0.9999411764705882,0.9979452858987906,0.004120386958079541
Edge-IIoTset,LSTM_AE,1,0,99.9,0.001,0.9991183731045021,0.9999411764705882,0.9995296054565768,0.0008957362952346829
Edge-IIoTset,LSTM_AE,1,0,99.99,0.0001,0.9996467263306642,0.9987058823529412,0.9991760828625236,0.00035829451809387314
Edge-IIoTset,LSTM_AE,1,0,max,0.0,0.9999408389043365,0.9942352941176471,0.997079904433236,5.9715753015645525e-05
Edge-IIoTset,CNN_AE,1,0,90,0.1,0.9144209563767415,1.0,0.9552976876176561,0.09500776304789203
Edge-IIoTset,CNN_AE,1,0,95,0.05,0.9586105785496786,1.0,0.9788679679852594,0.04383136271348382
Edge-IIoTset,CNN_AE,1,0,96,0.04,0.9686609686609686,1.0,0.984081041968162,0.03284366415860504
Edge-IIoTset,CNN_AE,1,0,97,0.03,0.9764503159103963,1.0,0.988084859052601,0.024483458736414665
Edge-IIoTset,CNN_AE,1,0,98,0.02,0.9850504114034071,1.0,0.9924689123708331,0.015406664278036546
Edge-IIoTset,CNN_AE,1,0,99,0.01,0.9922951202428204,1.0,0.9961326614320871,0.007882479398065209
Edge-IIoTset,CNN_AE,1,0,99.5,0.005,0.9962494139709329,1.0,0.9981211836542978,0.0038218081930013136
Edge-IIoTset,CNN_AE,1,0,99.9,0.001,0.9985902255639098,1.0,0.9992946155654832,0.0014331780723754925
Edge-IIoTset,CNN_AE,1,0,99.99,0.0001,0.999410064302991,0.9965294117647059,0.9979676592736592,0.0005971575301564553
Edge-IIoTset,CNN_AE,1,0,max,0.0,0.999409820585458,0.9961176470588236,0.9977610181475371,0.0005971575301564553
Edge-IIoTset,SNN_Dense,1,0,90,0.1,0.909625983198673,1.0,0.9526744935414273,0.1008599068434253
Edge-IIoTset,SNN_Dense,1,0,95,0.05,0.9549488821480733,1.0,0.976955347393828,0.04789203391854771
Edge-IIoTset,SNN_Dense,1,0,96,0.04,0.9637734565451557,1.0,0.9815525852362944,0.03815836617699749
Edge-IIoTset,SNN_Dense,1,0,97,0.03,0.9727069863248842,1.0,0.9861646895031471,0.028484414188462915
Edge-IIoTset,SNN_Dense,1,0,98,0.02,0.9824318076745261,1.0,0.9911380597014926,0.01815358891675624
Edge-IIoTset,SNN_Dense,1,0,99,0.01,0.9907337257415934,1.0,0.9953452969934717,0.00949480472948764
Edge-IIoTset,SNN_Dense,1,0,99.5,0.005,0.9948501872659176,1.0,0.9974184463740906,0.005254986265376806
Edge-IIoTset,SNN_Dense,1,0,99.9,0.001,0.998823390987175,0.9987058823529412,0.9987646332137184,0.0011943150603129105
Edge-IIoTset,SNN_Dense,1,0,99.99,0.0001,0.9993866643301498,0.6709411764705883,0.8028719248231443,0.0004180102711095187
Edge-IIoTset,SNN_Dense,1,0,max,0.0,0.9996374841399311,0.6488235294117647,0.7869016194620816,0.0002388630120625821
Edge-IIoTset,Dense_SNN,1,0,90,0.1,0.9142734215338281,1.0,0.9552171714333877,0.09518691030693897
Edge-IIoTset,Dense_SNN,1,0,95,0.05,0.9567223816759525,1.0,0.9778825965659064,0.04592141406903141
Edge-IIoTset,Dense_SNN,1,0,96,0.04,0.9644295682759403,1.0,0.9818927426574638,0.03744177714080975
Edge-IIoTset,Dense_SNN,1,0,97,0.03,0.9729296629084874,1.0,0.9862791169901082,0.028245551176400336
Edge-IIoTset,Dense_SNN,1,0,98,0.02,0.9803356207831152,1.0,0.9900701785038292,0.020363071778335125
Edge-IIoTset,Dense_SNN,1,0,99,0.01,0.9907866347892005,0.9994705882352941,0.9951096664616825,0.009435088976471993
Edge-IIoTset,Dense_SNN,1,0,99.5,0.005,0.9950187529301453,0.9987647058823529,0.9968882104274306,0.00507583900632987
Edge-IIoTset,Dense_SNN,1,0,99.9,0.001,0.9986470588235294,0.9986470588235294,0.9986470588235294,0.0013734623193598472
Edge-IIoTset,Dense_SNN,1,0,99.99,0.0001,0.998828125,0.7520588235294118,0.8580536912751677,0.0008957362952346829
Edge-IIoTset,Dense_SNN,1,0,max,0.0,0.9992184447049629,0.7520588235294118,0.8581976841751973,0.0005971575301564553
Edge-IIoTset,Dense_AE,1,0,90,0.1,0.9143225945248211,1.0,0.9552440086533868,0.09512719455392332
Edge-IIoTset,Dense_AE,1,0,95,0.05,0.9541449177751585,1.0,0.976534451561019,0.048787770213782396
Edge-IIoTset,Dense_AE,1,0,96,0.04,0.9632273783217179,1.0,0.981269300701319,0.03875552370715395
Edge-IIoTset,Dense_AE,1,0,97,0.03,0.9715396045262316,1.0,0.9855643805437996,0.029738445001791472
Edge-IIoTset,Dense_AE,1,0,98,0.02,0.9805052485869189,1.0,0.9901566777331235,0.020183924519288188
Edge-IIoTset,Dense_AE,1,0,99,0.01,0.9910802775024777,1.0,0.9955201592832256,0.009136510211393766
Edge-IIoTset,Dense_AE,1,0,99.5,0.005,0.9950831187075626,1.0,0.997535500528107,0.005016123253314225
Edge-IIoTset,Dense_AE,1,0,99.9,0.001,0.9987073271050003,0.9998235294117647,0.9992651165525148,0.0013137465663442015
Edge-IIoTset,Dense_AE,1,0,99.99,0.0001,0.9987284287011807,0.6468235294117647,0.785148161370939,0.0008360205422190374
Edge-IIoTset,Dense_AE,1,0,max,0.0,0.9989098837209303,0.6468235294117647,0.7852042273636103,0.0007165890361877463
Edge-IIoTset,SNN_AE_T2,1,0,90,0.1,0.9131439007358866,1.0,0.9546003313024679,0.09656037262629882
Edge-IIoTset,SNN_AE_T2,1,0,95,0.05,0.9564532463148419,1.0,0.9777419911428078,0.04621999283410964
Edge-IIoTset,SNN_AE_T2,1,0,96,0.04,0.963718820861678,1.0,0.9815242494226328,0.03821808193001314
Edge-IIoTset,SNN_AE_T2,1,0,97,0.03,0.9737656088899072,1.0,0.9867084566718904,0.02734981488116565
Edge-IIoTset,SNN_AE_T2,1,0,98,0.02,0.9827725748641462,1.0,0.9913114467315878,0.017795294398662367
Edge-IIoTset,SNN_AE_T2,1,0,99,0.01,0.9913657312875561,0.9995882352941177,0.9954600041006415,0.008837931446315539
Edge-IIoTset,SNN_AE_T2,1,0,99.5,0.005,0.9953062661347102,0.9978823529411764,0.9965926448125955,0.004777260241251642
Edge-IIoTset,SNN_AE_T2,1,0,99.9,0.001,0.9986084052323964,0.8442352941176471,0.9149560117302052,0.0011943150603129105
Edge-IIoTset,SNN_AE_T2,1,0,99.99,0.0001,0.9986406887177164,0.648235294117647,0.7861601569466738,0.0008957362952346829
Edge-IIoTset,SNN_AE_T2,1,0,max,0.0,0.998821609862219,0.6481764705882352,0.7861729452054794,0.0007763047892033919
Edge-IIoTset,SNN_AE_T5,1,0,90,0.1,0.9115281501340483,1.0,0.9537166900420757,0.09853099247581512
Edge-IIoTset,SNN_AE_T5,1,0,95,0.05,0.9547343592047625,1.0,0.976843073033385,0.0481308969306103
Edge-IIoTset,SNN_AE_T5,1,0,96,0.04,0.9632819582955575,1.0,0.9812976217963519,0.0386958079541383
Edge-IIoTset,SNN_AE_T5,1,0,97,0.03,0.972985347985348,1.0,0.9863077280111394,0.028185835423384688
Edge-IIoTset,SNN_AE_T5,1,0,98,0.02,0.9825453704774014,1.0,0.9911958486385634,0.01803415741072495
Edge-IIoTset,SNN_AE_T5,1,0,99,0.01,0.9913114467315879,1.0,0.995636768280184,0.008897647199331183
Edge-IIoTset,SNN_AE_T5,1,0,99.5,0.005,0.9950825430277485,0.9998823529411764,0.9974766739041135,0.005016123253314225
Edge-IIoTset,SNN_AE_T5,1,0,99.9,0.001,0.9989277417048907,0.9864117647058823,0.9926303015952881,0.0010748835542816195
Edge-IIoTset,SNN_AE_T5,1,0,99.99,0.0001,0.9986377259104532,0.6468235294117647,0.7851201313769591,0.0008957362952346829
Edge-IIoTset,SNN_AE_T5,1,0,max,0.0,0.9990006359589352,0.6468235294117647,0.7852322633627307,0.0006568732831721008
Edge-IIoTset,SNN_AE_T7,1,0,90,0.1,0.909625983198673,1.0,0.9526744935414273,0.1008599068434253
Edge-IIoTset,SNN_AE_T7,1,0,95,0.05,0.9543591758827822,1.0,0.9766466549852066,0.04854890720171982
Edge-IIoTset,SNN_AE_T7,1,0,96,0.04,0.9639374007711499,1.0,0.9816376024945144,0.03797921891795056
Edge-IIoTset,SNN_AE_T7,1,0,97,0.03,0.9737098344693281,1.0,0.9866798223976319,0.027409530634181296
Edge-IIoTset,SNN_AE_T7,1,0,98,0.02,0.9822615126827295,1.0,0.9910513889293731,0.018332736175803176
Edge-IIoTset,SNN_AE_T7,1,0,99,0.01,0.9914848944360201,1.0,0.9957242429567152,0.008718499940284247
Edge-IIoTset,SNN_AE_T7,1,0,99.5,0.005,0.995199344300685,0.9999411764705882,0.9975646254511311,0.004896691747282933
Edge-IIoTset,SNN_AE_T7,1,0,99.9,0.001,0.9987584249733948,0.9937058823529412,0.9962257474789173,0.0012540308133285561
Edge-IIoTset,SNN_AE_T7,1,0,99.99,0.0001,0.9988255559035389,0.7504117647058823,0.8569797124815263,0.0008957362952346829
Edge-IIoTset,SNN_AE_T7,1,0,max,0.0,0.9989816700610998,0.7501764705882353,0.8568836928038701,0.0007763047892033919
Edge-IIoTset,SNN_AE_noBN,1,0,90,0.1,0.9122129212277312,1.0,0.9540913682792681,0.09769497193359608
Edge-IIoTset,SNN_AE_noBN,1,0,95,0.05,0.9539307558498401,1.0,0.9764222739151661,0.049026633225844975
Edge-IIoTset,SNN_AE_noBN,1,0,96,0.04,0.9629000283205891,1.0,0.9810994084547684,0.03911381822524782
Edge-IIoTset,SNN_AE_noBN,1,0,97,0.03,0.9714285714285714,1.0,0.9855072463768115,0.029857876507822765
Edge-IIoTset,SNN_AE_noBN,1,0,98,0.02,0.9817509817509817,1.0,0.990791467537009,0.018870177952943986
Edge-IIoTset,SNN_AE_noBN,1,0,99,0.01,0.9910204081632653,0.9997647058823529,0.9953733528550512,0.00919622596440941
Edge-IIoTset,SNN_AE_noBN,1,0,99.5,0.005,0.9953725398313027,0.9995882352941177,0.9974759333176801,0.0047175444882359965
Edge-IIoTset,SNN_AE_noBN,1,0,99.9,0.001,0.9986989946777055,0.9934117647058823,0.9960483633146564,0.0013137465663442015
Edge-IIoTset,SNN_AE_noBN,1,0,99.99,0.0001,0.9986441290789116,0.6498823529411765,0.787371271781349,0.0008957362952346829
Edge-IIoTset,SNN_AE_noBN,1,0,max,0.0,0.9990035329287074,0.6487058823529411,0.78661863832519,0.0006568732831721008
Edge-IIoTset,IF,1,0,90,0.1,0.9115847111874598,0.9988823529411764,0.953239025485573,0.09835184521676818
Edge-IIoTset,IF,1,0,95,0.05,0.9542573239677917,0.9829411764705882,0.9683868911361595,0.047832318165532066
Edge-IIoTset,IF,1,0,96,0.04,0.9626700779160368,0.9738823529411764,0.9682437569448505,0.038337513436044426
Edge-IIoTset,IF,1,0,97,0.03,0.9702866965436798,0.9297058823529412,0.9495629186818468,0.028902424459572435
Edge-IIoTset,IF,1,0,98,0.02,0.9794566833355859,0.8525882352941176,0.9116296622429083,0.01815358891675624
Edge-IIoTset,IF,1,0,99,0.01,0.9880605924930975,0.7788823529411765,0.8710897667839873,0.009554520482503284
Edge-IIoTset,IF,1,0,99.5,0.005,0.991966098702216,0.6609411764705883,0.7933067391534578,0.005434133524423743
Edge-IIoTset,IF,1,0,99.9,0.001,0.08,0.00011764705882352942,0.00023494860499265787,0.0013734623193598472
Edge-IIoTset,IF,1,0,99.99,0.0001,0.25,0.00011764705882352942,0.00023518344308560675,0.00035829451809387314
Edge-IIoTset,IF,1,0,max,0.0,0.0,0.0,0.0,0.00011943150603129105
Edge-IIoTset,OCSVM,1,0,90,0.1,0.9096746575342466,1.0,0.9527011880744228,0.10080019109040965
Edge-IIoTset,OCSVM,1,0,95,0.05,0.9530216391972194,1.0,0.9759458063034617,0.05004180102711095
Edge-IIoTset,OCSVM,1,0,96,0.04,0.9628454916175804,1.0,0.9810710987996306,0.03917353397826347
Edge-IIoTset,OCSVM,1,0,97,0.03,0.9714840848048459,1.0,0.9855358126322501,0.029798160754807117
Edge-IIoTset,OCSVM,1,0,98,0.02,0.9813542688910697,1.0,0.9905894006934126,0.019288188224053506
Edge-IIoTset,OCSVM,1,0,99,0.01,0.9914270717909839,1.0,0.9956950830233988,0.008778215693299892
Edge-IIoTset,OCSVM,1,0,99.5,0.005,0.995490747247599,0.9999411764705882,0.997710998943538,0.004598112982204705
Edge-IIoTset,OCSVM,1,0,99.9,0.001,0.9982382993716601,0.9999411764705882,0.9990890123130272,0.0017914725904693658
Edge-IIoTset,OCSVM,1,0,99.99,0.0001,0.9995877988458368,0.9985294117647059,0.9990583249955859,0.0004180102711095187
Edge-IIoTset,OCSVM,1,0,max,0.0,0.99987320907823,0.9277647058823529,0.9624702508085677,0.00011943150603129105
Edge-IIoTset,LOF,1,0,90,0.1,0.9146131496825568,0.9999411764705882,0.9553757095486989,0.09476890003582945
Edge-IIoTset,LOF,1,0,95,0.05,0.9569353749155596,0.9999411764705882,0.9779657116557359,0.04568255105696883
Edge-IIoTset,LOF,1,0,96,0.04,0.9662914961346066,0.9999411764705882,0.9828283996299723,0.0354114415382778
Edge-IIoTset,LOF,1,0,97,0.03,0.974936912135811,0.9999411764705882,0.9872807527006621,0.026095784067837094
Edge-IIoTset,LOF,1,0,98,0.02,0.9790454884414616,0.7722941176470588,0.863465965143045,0.016780126597396392
Edge-IIoTset,LOF,1,0,99,0.01,0.9903439951719976,0.772235294117647,0.8677948175568483,0.007643616386002627
Edge-IIoTset,LOF,1,0,99.5,0.005,0.9954504094631483,0.772235294117647,0.8697495693653108,0.0035829451809387316
Edge-IIoTset,LOF,1,0,99.9,0.001,0.9979441679290197,0.5425294117647059,0.7029189848334731,0.001134599307297265
Edge-IIoTset,LOF,1,0,99.99,0.0001,0.9981791697013839,0.3224705882352941,0.48746220878534585,0.0005971575301564553
Edge-IIoTset,LOF,1,0,max,0.0,0.9976774193548387,0.22741176470588234,0.3703952095808383,0.0005374417771408098
Edge-IIoTset,SNN_AE,1,1,90,0.1,0.9140767824497258,1.0,0.9551098376313276,0.09542007523735595
Edge-IIoTset,SNN_AE,1,1,95,0.05,0.9567762269248087,1.0,0.9779107225034515,0.045858959813697975
Edge-IIoTset,SNN_AE,1,1,96,0.04,0.9661286656058196,1.0,0.9827725748641462,0.035588463605421866
Edge-IIoTset,SNN_AE,1,1,97,0.03,0.9738771769019249,1.0,0.9867657302066403,0.027228757389383174
Edge-IIoTset,SNN_AE,1,1,98,0.02,0.9840690534121191,0.9992352941176471,0.9915941859786352,0.01642085149579029
Edge-IIoTset,SNN_AE,1,1,99,0.01,0.993097800655124,0.9987058823529412,0.9958939465039888,0.00704603809637547
Edge-IIoTset,SNN_AE,1,1,99.5,0.005,0.9967122644278753,0.9986470588235294,0.9976787235918079,0.003343882486415477
Edge-IIoTset,SNN_AE,1,1,99.9,0.001,0.9997273966378919,0.6471764705882352,0.7857168362792358,0.00017913656177225771
Edge-IIoTset,SNN_AE,1,1,99.99,0.0001,1.0,0.22876470588235295,0.3723490832495572,0.0
Edge-IIoTset,SNN_AE,1,1,max,0.0,1.0,0.22876470588235295,0.3723490832495572,0.0
Edge-IIoTset,LSTM_AE,1,1,90,0.1,0.9110396570203644,1.0,0.9534492428491306,0.09912223084731593
Edge-IIoTset,LSTM_AE,1,1,95,0.05,0.952647800504343,1.0,0.9757497488879322,0.05045679823251926
Edge-IIoTset,LSTM_AE,1,1,96,0.04,0.9619193119447745,1.0,0.9805900845037926,0.04018630202424315
Edge-IIoTset,LSTM_AE,1,1,97,0.03,0.9723731625007149,1.0,0.9859930980483137,0.02884098644533349
Edge-IIoTset,LSTM_AE,1,1,98,0.02,0.9826021617247558,1.0,0.991224745634238,0.01797336836448319
Edge-IIoTset,LSTM_AE,1,1,99,0.01,0.9931066713401099,1.0,0.9965414150888096,0.00704603809637547
Edge-IIoTset,LSTM_AE,1,1,99.5,0.005,0.9970674486803519,1.0,0.9985315712187959,0.0029856093628709618
Edge-IIoTset,LSTM_AE,1,1,99.9,0.001,0.9994121105232217,1.0,0.9997059688326962,0.0005971218725741924
Edge-IIoTset,LSTM_AE,1,1,99.99,0.0001,0.9999292836433067,0.831764705882353,0.9081275488905303,5.971218725741924e-05
Edge-IIoTset,LSTM_AE,1,1,max,0.0,0.9999216055189715,0.7502941176470588,0.8573060895281625,5.971218725741924e-05
Edge-IIoTset,CNN_AE,1,1,90,0.1,0.9109420212195906,1.0,0.9533957714093433,0.09924165522183077
Edge-IIoTset,CNN_AE,1,1,95,0.05,0.9548952423748807,1.0,0.9769272763842197,0.04794888636770765
Edge-IIoTset,CNN_AE,1,1,96,0.04,0.9637734565451557,1.0,0.9815525852362944,0.03815608765749089
Edge-IIoTset,CNN_AE,1,1,97,0.03,0.972484411646931,1.0,0.9860502885647169,0.028721562070818656
Edge-IIoTset,CNN_AE,1,1,98,0.02,0.9810710987996306,1.0,0.9904451176881846,0.01958559742043351
Edge-IIoTset,CNN_AE,1,1,99,0.01,0.9918319719953326,1.0,0.9958992384299942,0.008359706216038694
Edge-IIoTset,CNN_AE,1,1,99.5,0.005,0.9973599295981226,1.0,0.9986782200029373,0.002687048426583866
Edge-IIoTset,CNN_AE,1,1,99.9,0.001,0.9990720251267042,0.8232941176470588,0.9027056660969396,0.0007762584343464501
Edge-IIoTset,CNN_AE,1,1,99.99,0.0001,0.9999277195518612,0.813764705882353,0.8972920382682017,5.971218725741924e-05
Edge-IIoTset,CNN_AE,1,1,max,0.0,0.9999217955736295,0.7521176470588236,0.8584953167489173,5.971218725741924e-05
Edge-IIoTset,SNN_Dense,1,1,90,0.1,0.911088482769709,1.0,0.9534759808183068,0.09906251866005852
Edge-IIoTset,SNN_Dense,1,1,95,0.05,0.9548416086272747,1.0,0.9768992069877025,0.048008598554965067
Edge-IIoTset,SNN_Dense,1,1,96,0.04,0.9646484707484537,1.0,0.9820061808624325,0.03720069266137219
Edge-IIoTset,SNN_Dense,1,1,97,0.03,0.972985347985348,1.0,0.9863077280111394,0.02818415238550188
Edge-IIoTset,SNN_Dense,1,1,98,0.02,0.9817509817509817,1.0,0.990791467537009,0.01886905117334448
Edge-IIoTset,SNN_Dense,1,1,99,0.01,0.991658402846643,1.0,0.9958117330053013,0.00853884277781095
Edge-IIoTset,SNN_Dense,1,1,99.5,0.005,0.9971259311396563,1.0,0.9985608975300303,0.0029258971756135426
Edge-IIoTset,SNN_Dense,1,1,99.9,0.001,0.9997309175710826,0.6556470588235294,0.7919286653167075,0.00017913656177225771
Edge-IIoTset,SNN_Dense,1,1,99.99,0.0001,1.0,0.4748235294117647,0.6439055520102106,0.0
Edge-IIoTset,SNN_Dense,1,1,max,0.0,1.0,0.46147058823529413,0.6315153954518012,0.0
Edge-IIoTset,Dense_SNN,1,1,90,0.1,0.9112349914236707,1.0,0.9535562037244785,0.09888338209828626
Edge-IIoTset,Dense_SNN,1,1,95,0.05,0.9517411264136155,1.0,0.9752739372382537,0.051471905415895386
Edge-IIoTset,Dense_SNN,1,1,96,0.04,0.9632819582955575,1.0,0.9812976217963519,0.038693497342807665
Edge-IIoTset,Dense_SNN,1,1,97,0.03,0.9720395677282864,1.0,0.9858215662965004,0.02919925956887801
Edge-IIoTset,Dense_SNN,1,1,98,0.02,0.982943047123446,1.0,0.9913981629975215,0.017615095240938676
Edge-IIoTset,Dense_SNN,1,1,99,0.01,0.9939776647371806,1.0,0.9969797378529749,0.0061503552875141814
Edge-IIoTset,Dense_SNN,1,1,99.5,0.005,0.9971222176543137,0.9987058823529412,0.9979134216945368,0.0029258971756135426
Edge-IIoTset,Dense_SNN,1,1,99.9,0.001,0.9988176443838108,0.646,0.7845686729773174,0.0007762584343464501
Edge-IIoTset,Dense_SNN,1,1,99.99,0.0001,1.0,0.42458823529411766,0.5960855561978693,0.0
Edge-IIoTset,Dense_SNN,1,1,max,0.0,1.0,0.42458823529411766,0.5960855561978693,0.0
Edge-IIoTset,Dense_AE,1,1,90,0.1,0.9136837579275503,1.0,0.9548952423748807,0.0958977727354153
Edge-IIoTset,Dense_AE,1,1,95,0.05,0.9555393176325108,1.0,0.9772642350033054,0.04723234012061862
Edge-IIoTset,Dense_AE,1,1,96,0.04,0.9647579592531639,1.0,0.9820629097946333,0.03708126828685735
Edge-IIoTset,Dense_AE,1,1,97,0.03,0.9728183118741058,1.0,0.9862218999274837,0.028363288947274138
Edge-IIoTset,Dense_AE,1,1,98,0.02,0.9823182711198428,1.0,0.9910802775024777,0.018271929300770286
Edge-IIoTset,Dense_AE,1,1,99,0.01,0.993338786958046,1.0,0.9966582634695433,0.006807189347345794
Edge-IIoTset,Dense_AE,1,1,99.5,0.005,0.9973014196879033,1.0,0.9986488868002115,0.002746760613841285
Edge-IIoTset,Dense_AE,1,1,99.9,0.001,0.9992720655141037,0.646,0.7847088245802072,0.0004776974980593539
Edge-IIoTset,Dense_AE,1,1,99.99,0.0001,1.0,0.646,0.7849331713244229,0.0
Edge-IIoTset,Dense_AE,1,1,max,0.0,1.0,0.646,0.7849331713244229,0.0
Edge-IIoTset,SNN_AE_T2,1,1,90,0.1,0.9124087591240876,1.0,0.9541984732824427,0.0974502896041082
Edge-IIoTset,SNN_AE_T2,1,1,95,0.05,0.9540913682792681,1.0,0.9765064047331841,0.04884456917656894
Edge-IIoTset,SNN_AE_T2,1,1,96,0.04,0.9632819582955575,1.0,0.9812976217963519,0.038693497342807665
Edge-IIoTset,SNN_AE_T2,1,1,97,0.03,0.9717617468846461,1.0,0.9856786687539862,0.029497820505165105
Edge-IIoTset,SNN_AE_T2,1,1,98,0.02,0.9821480154832746,1.0,0.9909936168352327,0.018451065862542543
Edge-IIoTset,SNN_AE_T2,1,1,99,0.01,0.9924684726763194,0.9999411764705882,0.9961908110642288,0.0077028721562070815
Edge-IIoTset,SNN_AE_T2,1,1,99.5,0.005,0.9973551193135065,0.9981764705882353,0.9977656259187393,0.002687048426583866
Edge-IIoTset,SNN_AE_T2,1,1,99.9,0.001,0.9996672212978369,0.7068235294117647,0.8281185389386629,0.00023884874902967696
Edge-IIoTset,SNN_AE_T2,1,1,99.99,0.0001,1.0,0.3417647058823529,0.5094256904866287,0.0
Edge-IIoTset,SNN_AE_T2,1,1,max,0.0,1.0,0.3417647058823529,0.5094256904866287,0.0
Edge-IIoTset,SNN_AE_T5,1,1,90,0.1,0.914666953621005,1.0,0.9554319114258416,0.09470352899026692
Edge-IIoTset,SNN_AE_T5,1,1,95,0.05,0.9557004722284687,1.0,0.977348510980798,0.04705320355884636
Edge-IIoTset,SNN_AE_T5,1,1,96,0.04,0.9647579592531639,1.0,0.9820629097946333,0.03708126828685735
Edge-IIoTset,SNN_AE_T5,1,1,97,0.03,0.9733195923508531,1.0,0.9864794290024952,0.027825879261957367
Edge-IIoTset,SNN_AE_T5,1,1,98,0.02,0.9836255279754672,1.0,0.9917451798267363,0.016898548993849644
Edge-IIoTset,SNN_AE_T5,1,1,99,0.01,0.9930486593843099,1.0,0.9965122072745392,0.00710575028363289
Edge-IIoTset,SNN_AE_T5,1,1,99.5,0.005,0.9971242443805388,0.9994117647058823,0.9982666940861953,0.0029258971756135426
Edge-IIoTset,SNN_AE_T5,1,1,99.9,0.001,0.9999089501957571,0.646,0.7849051209663009,5.971218725741924e-05
Edge-IIoTset,SNN_AE_T5,1,1,99.99,0.0001,1.0,0.3745294117647059,0.5449565626738564,0.0
Edge-IIoTset,SNN_AE_T5,1,1,max,0.0,1.0,0.3745294117647059,0.5449565626738564,0.0
Edge-IIoTset,SNN_AE_T7,1,1,90,0.1,0.9157509157509157,1.0,0.9560229445506693,0.09338986087060369
Edge-IIoTset,SNN_AE_T7,1,1,95,0.05,0.9567223816759525,1.0,0.9778825965659064,0.045918672000955396
Edge-IIoTset,SNN_AE_T7,1,1,96,0.04,0.9639374007711499,1.0,0.9816376024945144,0.037976951095718636
Edge-IIoTset,SNN_AE_T7,1,1,97,0.03,0.9729296629084874,1.0,0.9862791169901082,0.0282438645727593
Edge-IIoTset,SNN_AE_T7,1,1,98,0.02,0.983341045812124,1.0,0.991600559962669,0.01719710993013674
Edge-IIoTset,SNN_AE_T7,1,1,99,0.01,0.9915427238261884,1.0,0.9957534045980379,0.00865826715232579
Edge-IIoTset,SNN_AE_T7,1,1,99.5,0.005,0.9965998358541447,1.0,0.998297022725938,0.003463306860930316
Edge-IIoTset,SNN_AE_T7,1,1,99.9,0.001,0.9999089667728721,0.6461176470588236,0.78499195997856,5.971218725741924e-05
Edge-IIoTset,SNN_AE_T7,1,1,99.99,0.0001,1.0,0.4713529411764706,0.6407068324471276,0.0
Edge-IIoTset,SNN_AE_T7,1,1,max,0.0,1.0,0.4713529411764706,0.6407068324471276,0.0
Edge-IIoTset,SNN_AE_noBN,1,1,90,0.1,0.9107956067506028,1.0,0.9533155754941819,0.09942079178360304
Edge-IIoTset,SNN_AE_noBN,1,1,95,0.05,0.9554319114258416,1.0,0.9772080590923462,0.04735176449513346
Edge-IIoTset,SNN_AE_noBN,1,1,96,0.04,0.9654702407996365,1.0,0.9824318076745261,0.036305009852510894
Edge-IIoTset,SNN_AE_noBN,1,1,97,0.03,0.9746588693957114,1.0,0.9871668311944718,0.026392786767779303
Edge-IIoTset,SNN_AE_noBN,1,1,98,0.02,0.9845939997683308,1.0,0.9922372030584252,0.015883441810473516
Edge-IIoTset,SNN_AE_noBN,1,1,99,0.01,0.9928166793202126,1.0,0.9963953931365941,0.0073445990326625665
Edge-IIoTset,SNN_AE_noBN,1,1,99.5,0.005,0.9970674486803519,1.0,0.9985315712187959,0.0029856093628709618
Edge-IIoTset,SNN_AE_noBN,1,1,99.9,0.001,0.9995479613054877,0.6503529411764706,0.7879975767078865,0.0002985609362870962
Edge-IIoTset,SNN_AE_noBN,1,1,99.99,0.0001,1.0,0.3694705882352941,0.5395816330913621,0.0
Edge-IIoTset,SNN_AE_noBN,1,1,max,0.0,1.0,0.36623529411764705,0.5361233100835271,0.0
Edge-IIoTset,IF,1,1,90,0.1,0.9081868131868132,0.9722941176470589,0.9391477272727272,0.09977906490714755
Edge-IIoTset,IF,1,1,95,0.05,0.9464934425220122,0.904235294117647,0.9248819229265064,0.05188989072669732
Edge-IIoTset,IF,1,1,96,0.04,0.9571492148261174,0.8855882352941177,0.9199792233187694,0.04024601421150057
Edge-IIoTset,IF,1,1,97,0.03,0.9686184210526316,0.8660588235294118,0.9144720496894411,0.028482713321788977
Edge-IIoTset,IF,1,1,98,0.02,0.9775415375950437,0.816764705882353,0.8899500064094348,0.019048187735116736
Edge-IIoTset,IF,1,1,99,0.01,0.9894188007974237,0.7590588235294118,0.8590639770987286,0.008240281841523854
Edge-IIoTset,IF,1,1,99.5,0.005,0.06451612903225806,0.00023529411764705883,0.0004688782088852421,0.003463306860930316
Edge-IIoTset,IF,1,1,99.9,0.001,0.3076923076923077,0.00023529411764705883,0.00047022864868042085,0.0005374096853167731
Edge-IIoTset,IF,1,1,99.99,0.0001,1.0,0.00023529411764705883,0.0004704775346977182,0.0
Edge-IIoTset,IF,1,1,max,0.0,1.0,0.00023529411764705883,0.0004704775346977182,0.0
Edge-IIoTset,OCSVM,1,1,90,0.1,0.912751677852349,1.0,0.9543859649122807,0.09703230429330627
Edge-IIoTset,OCSVM,1,1,95,0.05,0.954252034802133,1.0,0.9765905500502657,0.04866543261479668
Edge-IIoTset,OCSVM,1,1,96,0.04,0.9633365444551482,1.0,0.9813259445262217,0.03863378515555025
Edge-IIoTset,OCSVM,1,1,97,0.03,0.9726513331044742,1.0,0.9861360867799757,0.028542425509046395
Edge-IIoTset,OCSVM,1,1,98,0.02,0.9822615126827295,1.0,0.9910513889293731,0.018331641488027708
Edge-IIoTset,OCSVM,1,1,99,0.01,0.9922951202428204,1.0,0.9961326614320871,0.00788200871797934
Edge-IIoTset,OCSVM,1,1,99.5,0.005,0.9963661938811393,1.0,0.9981797897950796,0.003702155609959993
Edge-IIoTset,OCSVM,1,1,99.9,0.001,0.99935263653484,0.9988823529411764,0.9991174393975053,0.0006568340598316116
Edge-IIoTset,OCSVM,1,1,99.99,0.0001,0.999921666927777,0.7508823529411764,0.8576899818584962,5.971218725741924e-05
Edge-IIoTset,OCSVM,1,1,max,0.0,0.9999216055189715,0.7502941176470588,0.8573060895281625,5.971218725741924e-05
Edge-IIoTset,LOF,1,1,90,0.1,0.9139293586366325,1.0,0.9550293531080588,0.0955992117991282
Edge-IIoTset,LOF,1,1,95,0.05,0.952861386693571,1.0,0.9758617720501709,0.05021794948348958
Edge-IIoTset,LOF,1,1,96,0.04,0.9615362859890265,0.9999411764705882,0.9803627555581188,0.040604287335045085
Edge-IIoTset,LOF,1,1,97,0.03,0.972260352322123,0.9999411764705882,0.9859065073657348,0.02896041081984833
Edge-IIoTset,LOF,1,1,98,0.02,0.9815798591061323,0.9999411764705882,0.990675447287138,0.019048187735116736
Edge-IIoTset,LOF,1,1,99,0.01,0.9910797574626866,0.9999411764705882,0.9954907472475989,0.009135964650385143
Edge-IIoTset,LOF,1,1,99.5,0.005,0.9972374066890025,0.998,0.9976185576103255,0.0028064728010987043
Edge-IIoTset,LOF,1,1,99.9,0.001,1.0,0.4787647058823529,0.6475197899677791,0.0
Edge-IIoTset,LOF,1,1,99.99,0.0001,1.0,0.1264705882352941,0.22454308093994776,0.0
Edge-IIoTset,LOF,1,1,max,0.0,1.0,0.12170588235294118,0.21700141591064032,0.0
Edge-IIoTset,SNN_AE,1,2,90,0.1,0.9092854086435601,1.0,0.9524876736889288,0.10127186958858303
Edge-IIoTset,SNN_AE,1,2,95,0.05,0.952327600694639,1.0,0.9755817623597601,0.05081507135606377
Edge-IIoTset,SNN_AE,1,2,96,0.04,0.9621915327145121,1.0,0.9807315103265258,0.03988774108795605
Edge-IIoTset,SNN_AE,1,2,97,0.03,0.9710956243573632,1.0,0.9853358836144439,0.030214366752254133
Edge-IIoTset,SNN_AE,1,2,98,0.02,0.979375504090333,1.0,0.9895803015309389,0.021376963038156088
Edge-IIoTset,SNN_AE,1,2,99,0.01,0.9890538573508005,0.9992352941176471,0.9941185076810535,0.011225891204394817
Edge-IIoTset,SNN_AE,1,2,99.5,0.005,0.9935019318580962,0.9982941176470588,0.9958922598439058,0.006628052785573536
Edge-IIoTset,SNN_AE,1,2,99.9,0.001,0.9975275210455053,0.9967647058823529,0.9971459675758378,0.002507911864811608
Edge-IIoTset,SNN_AE,1,2,99.99,0.0001,0.9980134799574317,0.8274705882352941,0.9047756874095514,0.0016719412432077386
Edge-IIoTset,SNN_AE,1,2,max,0.0,0.9999090743771595,0.6468823529411765,0.7855561111507965,5.971218725741924e-05
Edge-IIoTset,LSTM_AE,1,2,90,0.1,0.909431337933986,1.0,0.9525677303672989,0.10109273302681077
Edge-IIoTset,LSTM_AE,1,2,95,0.05,0.9513150531617236,1.0,0.9750501864066533,0.051949602913954736
Edge-IIoTset,LSTM_AE,1,2,96,0.04,0.9601807399039819,1.0,0.9796859242184123,0.04209709201648056
Edge-IIoTset,LSTM_AE,1,2,97,0.03,0.9687713699566902,1.0,0.9841380108834086,0.032722278617065746
Edge-IIoTset,LSTM_AE,1,2,98,0.02,0.9797141539880129,1.0,0.9897531439217512,0.02101868991461157
Edge-IIoTset,LSTM_AE,1,2,99,0.01,0.9888895352219185,1.0,0.9944137346085227,0.011405027766167074
Edge-IIoTset,LSTM_AE,1,2,99.5,0.005,0.9940939126366879,1.0,0.9970382100231665,0.006030930912999343
Edge-IIoTset,LSTM_AE,1,2,99.9,0.001,0.9978868278938718,1.0,0.9989422963920555,0.0021496387412670926
Edge-IIoTset,LSTM_AE,1,2,99.99,0.0001,1.0,0.9309411764705883,0.9642356668494487,0.0
Edge-IIoTset,LSTM_AE,1,2,max,0.0,1.0,0.7505294117647059,0.8574884908767095,0.0
Edge-IIoTset,CNN_AE,1,2,90,0.1,0.9116259116259117,1.0,0.9537701974865351,0.0984056846002269
Edge-IIoTset,CNN_AE,1,2,95,0.05,0.95366318860092,1.0,0.9762820880951014,0.049322266674628294
Edge-IIoTset,CNN_AE,1,2,96,0.04,0.9619193119447745,1.0,0.9805900845037926,0.04018630202424315
Edge-IIoTset,CNN_AE,1,2,97,0.03,0.9704304144308711,1.0,0.9849933368097804,0.030930912999343165
Edge-IIoTset,CNN_AE,1,2,98,0.02,0.9789243349072901,1.0,0.9893499388930921,0.02185466053621544
Edge-IIoTset,CNN_AE,1,2,99,0.01,0.9877977919814062,1.0,0.9938614440222157,0.01253955932405804
Edge-IIoTset,CNN_AE,1,2,99.5,0.005,0.9939195509822264,1.0,0.9969505043396668,0.006210067474771601
Edge-IIoTset,CNN_AE,1,2,99.9,0.001,0.9978282561483829,1.0,0.9989129476745894,0.0022093509285245117
Edge-IIoTset,CNN_AE,1,2,99.99,0.0001,1.0,0.9355882352941176,0.9667223826166236,0.0
Edge-IIoTset,CNN_AE,1,2,max,0.0,1.0,0.7441764705882353,0.8533270378739334,0.0
Edge-IIoTset,SNN_Dense,1,2,90,0.1,0.9117725931885224,1.0,0.9538504699116287,0.09822654803845465
Edge-IIoTset,SNN_Dense,1,2,95,0.05,0.9519010022957612,1.0,0.9753578702774033,0.05129276885412313
Edge-IIoTset,SNN_Dense,1,2,96,0.04,0.9606690777576854,1.0,0.9799400507263085,0.04155968233116379
Edge-IIoTset,SNN_Dense,1,2,97,0.03,0.9704304144308711,1.0,0.9849933368097804,0.030930912999343165
Edge-IIoTset,SNN_Dense,1,2,98,0.02,0.9790934746299602,1.0,0.9894363123126618,0.021675523974443184
Edge-IIoTset,SNN_Dense,1,2,99,0.01,0.9897531439217513,1.0,0.9948501872659176,0.010509344957305785
Edge-IIoTset,SNN_Dense,1,2,99.5,0.005,0.9935129448892526,1.0,0.9967459177391458,0.006628052785573536
Edge-IIoTset,SNN_Dense,1,2,99.9,0.001,0.9978245531514581,0.9982941176470588,0.998059280169372,0.0022093509285245117
Edge-IIoTset,SNN_Dense,1,2,99.99,0.0001,0.9978792591545314,0.8303529411764706,0.9064406344313878,0.0017913656177225771
Edge-IIoTset,SNN_Dense,1,2,max,0.0,1.0,0.22929411764705881,0.3730500526366159,0.0
Edge-IIoTset,Dense_SNN,1,2,90,0.1,0.9086050240513095,1.0,0.9521142537104452,0.1021078402101869
Edge-IIoTset,Dense_SNN,1,2,95,0.05,0.951621031412733,0.9997058823529412,0.9750710003155569,0.05159132979041022
Edge-IIoTset,Dense_SNN,1,2,96,0.04,0.9597808281082303,0.9994705882352941,0.9792236982393454,0.0425150773272825
Edge-IIoTset,Dense_SNN,1,2,97,0.03,0.9682033164282865,0.9994705882352941,0.9835885264407074,0.03331940048963994
Edge-IIoTset,Dense_SNN,1,2,98,0.02,0.9786241069370822,0.9991176470588236,0.9887646990336477,0.022153221472502538
Edge-IIoTset,Dense_SNN,1,2,99,0.01,0.987434554973822,0.9984705882352941,0.9929219069903481,0.012897832447602555
Edge-IIoTset,Dense_SNN,1,2,99.5,0.005,0.9932112132030199,0.9982941176470588,0.99574617889518,0.006926613721860632
Edge-IIoTset,Dense_SNN,1,2,99.9,0.001,0.9976483038391439,0.9981764705882353,0.9979123173277661,0.0023884874902967697
Edge-IIoTset,Dense_SNN,1,2,99.99,0.0001,0.9979944361777835,0.9074117647058824,0.950549958406507,0.0018510778049799965
Edge-IIoTset,Dense_SNN,1,2,max,0.0,1.0,0.4264117647058824,0.5978803249618541,0.0
Edge-IIoTset,Dense_AE,1,2,90,0.1,0.9091395261778705,1.0,0.9524076304658394,0.1014510061503553
Edge-IIoTset,Dense_AE,1,2,95,0.05,0.9524343100453807,1.0,0.9756377514419352,0.050695646981548936
Edge-IIoTset,Dense_AE,1,2,96,0.04,0.9608862762830658,1.0,0.9800530381644184,0.04132083358213411
Edge-IIoTset,Dense_AE,1,2,97,0.03,0.970873786407767,1.0,0.9852216748768473,0.030453215501283812
Edge-IIoTset,Dense_AE,1,2,98,0.02,0.9811277197437526,1.0,0.9904739709266759,0.019525885233176093
Edge-IIoTset,Dense_AE,1,2,99,0.01,0.9894075194971482,1.0,0.9946755602363817,0.010867618080850301
Edge-IIoTset,Dense_AE,1,2,99.5,0.005,0.9931646900741953,1.0,0.9965706246152944,0.006986325909118051
Edge-IIoTset,Dense_AE,1,2,99.9,0.001,0.9974769700170157,1.0,0.9987368915782979,0.002567624052069027
Edge-IIoTset,Dense_AE,1,2,99.99,0.0001,0.9980153807988092,0.9465882352941176,0.971621784808598,0.0019107899922374157
Edge-IIoTset,Dense_AE,1,2,max,0.0,1.0,0.582764705882353,0.7363883004422641,0.0
Edge-IIoTset,SNN_AE_T2,1,2,90,0.1,0.9122129212277312,1.0,0.9540913682792681,0.09768913835313787
Edge-IIoTset,SNN_AE_T2,1,2,95,0.05,0.9528969234224118,0.9984117647058823,0.9751235206250718,0.050098525108974744
Edge-IIoTset,SNN_AE_T2,1,2,96,0.04,0.9618065393551312,0.9984117647058823,0.9797673680260917,0.04024601421150057
Edge-IIoTset,SNN_AE_T2,1,2,97,0.03,0.969774882870529,0.9984117647058823,0.9838849921743666,0.031587747059174776
Edge-IIoTset,SNN_AE_T2,1,2,98,0.02,0.9781017691465452,0.9984117647058823,0.9881524175472302,0.022690631157819312
Edge-IIoTset,SNN_AE_T2,1,2,99,0.01,0.9884113673421849,0.9984117647058823,0.9933863982207655,0.01188272526422643
Edge-IIoTset,SNN_AE_T2,1,2,99.5,0.005,0.9941901408450704,0.9965294117647059,0.995358401880141,0.005911506538484505
Edge-IIoTset,SNN_AE_T2,1,2,99.9,0.001,0.9978176830028682,0.9413529411764706,0.9687632423270175,0.0020899265540096734
Edge-IIoTset,SNN_AE_T2,1,2,99.99,0.0001,0.997788099977881,0.7960588235294118,0.8855806039982987,0.0017913656177225771
Edge-IIoTset,SNN_AE_T2,1,2,max,0.0,0.9999090826438767,0.6469411764705882,0.7855994856959178,5.971218725741924e-05
Edge-IIoTset,SNN_AE_T5,1,2,90,0.1,0.9111861499705205,1.0,0.9535294612558545,0.09894309428554368
Edge-IIoTset,SNN_AE_T5,1,2,95,0.05,0.9530750686774682,1.0,0.975973820937509,0.0499791007344599
Edge-IIoTset,SNN_AE_T5,1,2,96,0.04,0.9617560534057479,1.0,0.9805052485869189,0.040365438586015406
Edge-IIoTset,SNN_AE_T5,1,2,97,0.03,0.9702642543233834,1.0,0.9849077373193128,0.031110049561115422
Edge-IIoTset,SNN_AE_T5,1,2,98,0.02,0.9801095416546555,1.0,0.9899548697044693,0.02060070460380964
Edge-IIoTset,SNN_AE_T5,1,2,99,0.01,0.9894075194971482,1.0,0.9946755602363817,0.010867618080850301
Edge-IIoTset,SNN_AE_T5,1,2,99.5,0.005,0.9933891066518458,0.9988235294117647,0.9960989059337694,0.006747477160088374
Edge-IIoTset,SNN_AE_T5,1,2,99.9,0.001,0.9977600943118184,0.9957058823529412,0.996731929927867,0.002269063115781931
Edge-IIoTset,SNN_AE_T5,1,2,99.99,0.0001,0.9979368681658758,0.8535882352941176,0.9201356963951681,0.0017913656177225771
Edge-IIoTset,SNN_AE_T5,1,2,max,0.0,0.9998620689655172,0.4264117647058824,0.5978556701030928,5.971218725741924e-05
Edge-IIoTset,SNN_AE_T7,1,2,90,0.1,0.9065216232069535,1.0,0.9509691494420048,0.10467546426225592
Edge-IIoTset,SNN_AE_T7,1,2,95,0.05,0.951048951048951,1.0,0.974910394265233,0.052248163850241836
Edge-IIoTset,SNN_AE_T7,1,2,96,0.04,0.960397717643071,1.0,0.9797988530589896,0.041858243267450884
Edge-IIoTset,SNN_AE_T7,1,2,97,0.03,0.969047483326683,1.0,0.9842804620328287,0.032423717680778646
Edge-IIoTset,SNN_AE_T7,1,2,98,0.02,0.9789243349072901,1.0,0.9893499388930921,0.02185466053621544
Edge-IIoTset,SNN_AE_T7,1,2,99,0.01,0.9885445135779496,1.0,0.9942392607538673,0.01176330088971159
Edge-IIoTset,SNN_AE_T7,1,2,99.5,0.005,0.9939195509822264,1.0,0.9969505043396668,0.006210067474771601
Edge-IIoTset,SNN_AE_T7,1,2,99.9,0.001,0.9974149579930673,0.9986470588235294,0.998030628141442,0.0026273362393264463
Edge-IIoTset,SNN_AE_T7,1,2,99.99,0.0001,0.9981240620310156,0.9389411764705883,0.9676285160038798,0.0017913656177225771
Edge-IIoTset,SNN_AE_T7,1,2,max,0.0,1.0,0.4264117647058824,0.5978803249618541,0.0
Edge-IIoTset,SNN_AE_noBN,1,2,90,0.1,0.911919321961163,1.0,0.9539307558498401,0.09804741147668239
Edge-IIoTset,SNN_AE_noBN,1,2,95,0.05,0.9518477043673013,1.0,0.9753298909925416,0.05135248104138054
Edge-IIoTset,SNN_AE_noBN,1,2,96,0.04,0.9613753322400045,1.0,0.9803073551884208,0.04078342389681734
Edge-IIoTset,SNN_AE_noBN,1,2,97,0.03,0.9702642543233834,1.0,0.9849077373193128,0.031110049561115422
Edge-IIoTset,SNN_AE_noBN,1,2,98,0.02,0.9790934746299602,1.0,0.9894363123126618,0.021675523974443184
Edge-IIoTset,SNN_AE_noBN,1,2,99,0.01,0.9886020004652245,1.0,0.9942683354778337,0.01170358870245417
Edge-IIoTset,SNN_AE_noBN,1,2,99.5,0.005,0.9941424554826617,0.9983529411764706,0.9962432495891055,0.0059712187257419235
Edge-IIoTset,SNN_AE_noBN,1,2,99.9,0.001,0.9975878096134612,0.9974117647058823,0.9974997793922993,0.002448199677554189
Edge-IIoTset,SNN_AE_noBN,1,2,99.99,0.0001,0.9978348283328178,0.7590588235294118,0.8622210343445142,0.0016719412432077386
Edge-IIoTset,SNN_AE_noBN,1,2,max,0.0,0.9999092229484386,0.6479411764705882,0.7863363792118789,5.971218725741924e-05
Edge-IIoTset,IF,1,2,90,0.1,0.9103996562097121,0.9969411764705882,0.9517070979335129,0.09959992834537529
Edge-IIoTset,IF,1,2,95,0.05,0.9512320622034189,0.9787058823529412,0.9647734191528226,0.05093449573057861
Edge-IIoTset,IF,1,2,96,0.04,0.9579464127284557,0.9527058823529412,0.9553189606865838,0.04245536514002508
Edge-IIoTset,IF,1,2,97,0.03,0.967088136853849,0.9178235294117647,0.9418120359751313,0.03170717143368962
Edge-IIoTset,IF,1,2,98,0.02,0.9755175159235668,0.8648823529411764,0.9168745323023197,0.0220337970979877
Edge-IIoTset,IF,1,2,99,0.01,0.9838790571039622,0.8077647058823529,0.8871660690635398,0.013435242132919328
Edge-IIoTset,IF,1,2,99.5,0.005,0.9902259253324788,0.7270588235294118,0.8384777152160641,0.007284886845405147
Edge-IIoTset,IF,1,2,99.9,0.001,0.10869565217391304,0.0002941176470588235,0.0005866478939340607,0.002448199677554189
Edge-IIoTset,IF,1,2,99.99,0.0001,0.3333333333333333,0.0002941176470588235,0.0005877167205406993,0.0005971218725741924
Edge-IIoTset,IF,1,2,max,0.0,1.0,5.882352941176471e-05,0.00011764013881536382,0.0
Edge-IIoTset,OCSVM,1,2,90,0.1,0.9087507350189769,1.0,0.9521942476265158,0.10192870364841464
Edge-IIoTset,OCSVM,1,2,95,0.05,0.9518477043673013,1.0,0.9753298909925416,0.05135248104138054
Edge-IIoTset,OCSVM,1,2,96,0.04,0.961212258283388,1.0,0.9802225681831286,0.0409625604585896
Edge-IIoTset,OCSVM,1,2,97,0.03,0.9712065813528337,1.0,0.9853929979132854,0.030094942377739298
Edge-IIoTset,OCSVM,1,2,98,0.02,0.9802225681831287,1.0,0.990012520746586,0.0204812802292948
Edge-IIoTset,OCSVM,1,2,99,0.01,0.9914270717909839,1.0,0.9956950830233988,0.008777691526840627
Edge-IIoTset,OCSVM,1,2,99.5,0.005,0.9968335874281693,1.0,0.9984142831972749,0.003224458111900639
Edge-IIoTset,OCSVM,1,2,99.9,0.001,0.9991771482308687,1.0,0.9995884047745046,0.0008359706216038693
Edge-IIoTset,OCSVM,1,2,99.99,0.0001,0.9998440059277748,0.7540588235294118,0.8597297206666443,0.00011942437451483848
Edge-IIoTset,OCSVM,1,2,max,0.0,1.0,0.7505294117647059,0.8574884908767095,0.0
Edge-IIoTset,LOF,1,2,90,0.1,0.8399963238672916,0.5376470588235294,0.6556436282773214,0.10395891801516689
Edge-IIoTset,LOF,1,2,95,0.05,0.9168012924071083,0.5341176470588235,0.6749925661611655,0.04920284230011345
Edge-IIoTset,LOF,1,2,96,0.04,0.93276447003187,0.5337058823529411,0.6789389007370823,0.039051770466352186
Edge-IIoTset,LOF,1,2,97,0.03,0.950682056663169,0.5329411764705883,0.6830003769317753,0.02806472801098704
Edge-IIoTset,LOF,1,2,98,0.02,0.9678111587982833,0.5305882352941177,0.6854103343465046,0.017913656177225772
Edge-IIoTset,LOF,1,2,99,0.01,0.9817404368427135,0.49970588235294117,0.6623007055704986,0.00943452558667224
Edge-IIoTset,LOF,1,2,99.5,0.005,0.9914719626168225,0.49923529411764705,0.6640845070422535,0.004358989669791605
Edge-IIoTset,LOF,1,2,99.9,0.001,0.9980683506686479,0.3951176470588235,0.5661188369152971,0.0007762584343464501
Edge-IIoTset,LOF,1,2,99.99,0.0001,1.0,0.25794117647058823,0.41010053776011224,0.0
Edge-IIoTset,LOF,1,2,max,0.0,1.0,0.032,0.06201550387596899,0.0
Edge-IIoTset,SNN_AE,1,3,90,0.1,0.9030544488711819,1.0,0.9490579204466154,0.10793068779939677
Edge-IIoTset,SNN_AE,1,3,95,0.05,0.9447068630175048,1.0,0.971567366766681,0.058844402389260156
Edge-IIoTset,SNN_AE,1,3,96,0.04,0.953235393069418,1.0,0.9760578744904403,0.04932284582175173
Edge-IIoTset,SNN_AE,1,3,97,0.03,0.9638280984238575,1.0,0.9815809226860673,0.037731385652611034
Edge-IIoTset,SNN_AE,1,3,98,0.02,0.9718156871712783,0.9999411764705882,0.9856778383393251,0.029156070731563073
Edge-IIoTset,SNN_AE,1,3,99,0.01,0.981450447847443,0.9990588235294118,0.990176359131322,0.018983973032113077
Edge-IIoTset,SNN_AE,1,3,99.5,0.005,0.9870922728065585,0.9986470588235294,0.9928360478376561,0.01312910284463895
Edge-IIoTset,SNN_AE,1,3,99.9,0.001,0.9937263012754223,0.8478823529411764,0.9150293604189812,0.005381749364243894
Edge-IIoTset,SNN_AE,1,3,99.99,0.0001,0.9943866002716161,0.6460588235294118,0.7832412194687111,0.003666686380034301
Edge-IIoTset,SNN_AE,1,3,max,0.0,1.0,0.3724705882352941,0.542773872792731,0.0
Edge-IIoTset,LSTM_AE,1,3,90,0.1,0.9034863945578231,1.0,0.9492964038418583,0.10739842687326276
Edge-IIoTset,LSTM_AE,1,3,95,0.05,0.9485548487891976,1.0,0.9735983047935398,0.054527174877284285
Edge-IIoTset,LSTM_AE,1,3,96,0.04,0.9560229445506692,1.0,0.9775171065493646,0.04624756047075522
Edge-IIoTset,LSTM_AE,1,3,97,0.03,0.9646484707484537,1.0,0.9820061808624325,0.03684428410905435
Edge-IIoTset,LSTM_AE,1,3,98,0.02,0.9727069863248842,1.0,0.9861646895031471,0.028209829085102608
Edge-IIoTset,LSTM_AE,1,3,99,0.01,0.9818643872011089,1.0,0.9908492160634144,0.01856999231178662
Edge-IIoTset,LSTM_AE,1,3,99.5,0.005,0.9868230103906658,1.0,0.9933678090396469,0.013424803359157845
Edge-IIoTset,LSTM_AE,1,3,99.9,0.001,0.9909069713219865,1.0,0.9954327204590702,0.009225856052989532
Edge-IIoTset,LSTM_AE,1,3,99.99,0.0001,0.9949070537305832,0.9192941176470588,0.9556071909013085,0.004731208232302324
Edge-IIoTset,LSTM_AE,1,3,max,0.0,1.0,0.7500588235294118,0.8571812712177741,0.0
Edge-IIoTset,CNN_AE,1,3,90,0.1,0.9017610863568852,1.0,0.9483431886645096,0.10952747057779881
Edge-IIoTset,CNN_AE,1,3,95,0.05,0.944549394377153,1.0,0.9714840848048459,0.059021822697971495
Edge-IIoTset,CNN_AE,1,3,96,0.04,0.9539307558498401,1.0,0.9764222739151661,0.0485540244840026
Edge-IIoTset,CNN_AE,1,3,97,0.03,0.9626819185684353,1.0,0.980986179635881,0.0389733278135904
Edge-IIoTset,CNN_AE,1,3,98,0.02,0.9723731625007149,1.0,0.9859930980483137,0.028564669702525282
Edge-IIoTset,CNN_AE,1,3,99,0.01,0.9827157639169894,1.0,0.991282544680603,0.017682890768229938
Edge-IIoTset,CNN_AE,1,3,99.5,0.005,0.9869375907111756,1.0,0.993425858290723,0.013306523153350286
Edge-IIoTset,CNN_AE,1,3,99.9,0.001,0.9906759906759907,1.0,0.9953161592505855,0.009462416464604648
Edge-IIoTset,CNN_AE,1,3,99.99,0.0001,0.9953176775680738,0.812764705882353,0.8948254646719772,0.0038441066887456386
Edge-IIoTset,CNN_AE,1,3,max,0.0,1.0,0.6900588235294117,0.8166092374090702,0.0
Edge-IIoTset,SNN_Dense,1,3,90,0.1,0.9041591320072333,1.0,0.949667616334283,0.10657046543260985
Edge-IIoTset,SNN_Dense,1,3,95,0.05,0.9460737937559129,1.0,0.9722897423432183,0.0573067597137619
Edge-IIoTset,SNN_Dense,1,3,96,0.04,0.9549488821480733,1.0,0.976955347393828,0.0474303625288308
Edge-IIoTset,SNN_Dense,1,3,97,0.03,0.9643748581801679,1.0,0.9818643872011089,0.03713998462357324
Edge-IIoTset,SNN_Dense,1,3,98,0.02,0.9746588693957114,1.0,0.9871668311944718,0.02613992548347034
Edge-IIoTset,SNN_Dense,1,3,99,0.01,0.9820912767186597,1.0,0.9909647333139027,0.018333431900171508
Edge-IIoTset,SNN_Dense,1,3,99.5,0.005,0.9873388314554536,1.0,0.9936290841077795,0.012892542433023834
Edge-IIoTset,SNN_Dense,1,3,99.9,0.001,0.9905522831982271,0.9991176470588236,0.9948165285383781,0.009580696670412206
Edge-IIoTset,SNN_Dense,1,3,99.99,0.0001,0.9950660512494032,0.7355294117647059,0.8458364337414599,0.003666686380034301
Edge-IIoTset,SNN_Dense,1,3,max,0.0,1.0,0.6457647058823529,0.7847594538566016,0.0
Edge-IIoTset,Dense_SNN,1,3,90,0.1,0.9034383801881277,1.0,0.9492698997682665,0.10745756697616654
Edge-IIoTset,Dense_SNN,1,3,95,0.05,0.9432391943627587,1.0,0.9707906233046855,0.06050032527056597
Edge-IIoTset,Dense_SNN,1,3,96,0.04,0.953235393069418,1.0,0.9760578744904403,0.04932284582175173
Edge-IIoTset,Dense_SNN,1,3,97,0.03,0.9617016462069355,1.0,0.9804769732099086,0.04003784966585842
Edge-IIoTset,Dense_SNN,1,3,98,0.02,0.9718728561628173,1.0,0.9857358227994897,0.029096930628659295
Edge-IIoTset,Dense_SNN,1,3,99,0.01,0.9823172493498988,0.9999411764705882,0.9910508672205217,0.01809687148855639
Edge-IIoTset,Dense_SNN,1,3,99.5,0.005,0.9870952740801023,0.9988823529411764,0.9929538344589656,0.01312910284463895
Edge-IIoTset,Dense_SNN,1,3,99.9,0.001,0.9941772534785239,0.7733529411764706,0.8699708840656432,0.004553787923590987
Edge-IIoTset,Dense_SNN,1,3,99.99,0.0001,0.9944007947259099,0.6477058823529411,0.7844548142343177,0.003666686380034301
Edge-IIoTset,Dense_SNN,1,3,max,0.0,1.0,0.6457647058823529,0.7847594538566016,0.0
Edge-IIoTset,Dense_AE,1,3,90,0.1,0.8997565364666031,1.0,0.9472335209227168,0.11201135489975753
Edge-IIoTset,Dense_AE,1,3,95,0.05,0.9416717443084252,1.0,0.969959775197558,0.06227452835767934
Edge-IIoTset,Dense_AE,1,3,96,0.04,0.9509425518823069,1.0,0.9748544886314764,0.05186587024661423
Edge-IIoTset,Dense_AE,1,3,97,0.03,0.9607233681831026,1.0,0.9799682951433925,0.04110237151812644
Edge-IIoTset,Dense_AE,1,3,98,0.02,0.9703750214053314,1.0,0.9849648019931052,0.030693713407061327
Edge-IIoTset,Dense_AE,1,3,99,0.01,0.9821480154832746,1.0,0.9909936168352327,0.018274291797267726
Edge-IIoTset,Dense_AE,1,3,99.5,0.005,0.9875682583943302,1.0,0.9937452504822587,0.012655982021408716
Edge-IIoTset,Dense_AE,1,3,99.9,0.001,0.9954946131243878,0.8968235294117647,0.9435865697044715,0.004080667100360755
Edge-IIoTset,Dense_AE,1,3,99.99,0.0001,1.0,0.6476470588235295,0.7861478043555873,0.0
Edge-IIoTset,Dense_AE,1,3,max,0.0,1.0,0.6457647058823529,0.7847594538566016,0.0
Edge-IIoTset,SNN_AE_T2,1,3,90,0.1,0.9010919113749603,1.0,0.9479730106507556,0.11035543201845172
Edge-IIoTset,SNN_AE_T2,1,3,95,0.05,0.9444444444444444,1.0,0.9714285714285714,0.05914010290377905
Edge-IIoTset,SNN_AE_T2,1,3,96,0.04,0.952914798206278,1.0,0.9758897818599311,0.049677686439174404
Edge-IIoTset,SNN_AE_T2,1,3,97,0.03,0.9615928502743368,1.0,0.9804204273479629,0.040156129871665974
Edge-IIoTset,SNN_AE_T2,1,3,98,0.02,0.9704304144308711,1.0,0.9849933368097804,0.030634573304157548
Edge-IIoTset,SNN_AE_T2,1,3,99,0.01,0.9816921744152469,0.9998823529411764,0.9907037738598281,0.01874741262049796
Edge-IIoTset,SNN_AE_T2,1,3,99.5,0.005,0.9876691729323308,0.9658823529411765,0.9766542750929368,0.012123721095274705
Edge-IIoTset,SNN_AE_T2,1,3,99.9,0.001,0.9935168942109679,0.766235294117647,0.8651987645710869,0.0050269087468212195
Edge-IIoTset,SNN_AE_T2,1,3,99.99,0.0001,0.9943891402714932,0.6463529411764706,0.7834581105169339,0.003666686380034301
Edge-IIoTset,SNN_AE_T2,1,3,max,0.0,1.0,0.2762352941176471,0.43289085545722716,0.0
Edge-IIoTset,SNN_AE_T5,1,3,90,0.1,0.9041110461096633,1.0,0.9496410915286428,0.10662960553551364
Edge-IIoTset,SNN_AE_T5,1,3,95,0.05,0.9454949944382648,1.0,0.9719839908519154,0.05795730084570347
Edge-IIoTset,SNN_AE_T5,1,3,96,0.04,0.9553245293621804,1.0,0.977151889639316,0.04701638180850435
Edge-IIoTset,SNN_AE_T5,1,3,97,0.03,0.9648127128263337,1.0,0.9820912767186597,0.036666863800343015
Edge-IIoTset,SNN_AE_T5,1,3,98,0.02,0.9727069863248842,1.0,0.9861646895031471,0.028209829085102608
Edge-IIoTset,SNN_AE_T5,1,3,99,0.01,0.9824318076745261,1.0,0.9911380597014926,0.017978591282748833
Edge-IIoTset,SNN_AE_T5,1,3,99.5,0.005,0.9872777971418613,0.9997058823529412,0.9934529724674109,0.012951682535927612
Edge-IIoTset,SNN_AE_T5,1,3,99.9,0.001,0.9919454406490681,0.9924705882352941,0.9922079449557469,0.00810219409781773
Edge-IIoTset,SNN_AE_T5,1,3,99.99,0.0001,0.9943850751675422,0.6458823529411765,0.7831110477141432,0.003666686380034301
Edge-IIoTset,SNN_AE_T5,1,3,max,0.0,1.0,0.4253529411764706,0.5968387602657752,0.0
Edge-IIoTset,SNN_AE_T7,1,3,90,0.1,0.9054593874833555,1.0,0.9503843466107617,0.10497368265420781
Edge-IIoTset,SNN_AE_T7,1,3,95,0.05,0.9473918858671422,1.0,0.972985347985348,0.055828257141167424
Edge-IIoTset,SNN_AE_T7,1,3,96,0.04,0.9557542025074492,1.0,0.9773766062034668,0.046543260985274115
Edge-IIoTset,SNN_AE_T7,1,3,97,0.03,0.964593735814798,1.0,0.9819778188539742,0.03690342421195813
Edge-IIoTset,SNN_AE_T7,1,3,98,0.02,0.9726513331044742,1.0,0.9861360867799757,0.028268969188006386
Edge-IIoTset,SNN_AE_T7,1,3,99,0.01,0.9818643872011089,1.0,0.9908492160634144,0.01856999231178662
Edge-IIoTset,SNN_AE_T7,1,3,99.5,0.005,0.986476289976203,0.9997647058823529,0.9930760466271291,0.013779643976580519
Edge-IIoTset,SNN_AE_T7,1,3,99.9,0.001,0.9914312325364794,0.9392352941176471,0.9646276997432411,0.00816133420072151
Edge-IIoTset,SNN_AE_T7,1,3,99.99,0.0001,0.9973665092626226,0.6460588235294118,0.7841639297443952,0.0017150629842095926
Edge-IIoTset,SNN_AE_T7,1,3,max,0.0,1.0,0.6457647058823529,0.7847594538566016,0.0
Edge-IIoTset,SNN_AE_noBN,1,3,90,0.1,0.9040148896570062,1.0,0.9495880463622399,0.10674788574132119
Edge-IIoTset,SNN_AE_noBN,1,3,95,0.05,0.9469169498134017,1.0,0.9727348153234344,0.05636051806730144
Edge-IIoTset,SNN_AE_noBN,1,3,96,0.04,0.9559691840521847,1.0,0.9774890032487135,0.046306700573659
Edge-IIoTset,SNN_AE_noBN,1,3,97,0.03,0.9641560798548094,1.0,0.9817509817509817,0.03737654503518836
Edge-IIoTset,SNN_AE_noBN,1,3,98,0.02,0.9727069863248842,1.0,0.9861646895031471,0.028209829085102608
Edge-IIoTset,SNN_AE_noBN,1,3,99,0.01,0.9826021617247558,1.0,0.991224745634238,0.017801170974037495
Edge-IIoTset,SNN_AE_noBN,1,3,99.5,0.005,0.9867657302066404,1.0,0.993338786958046,0.013483943462061623
Edge-IIoTset,SNN_AE_noBN,1,3,99.9,0.001,0.9926570048309179,0.9065294117647059,0.9476402767102229,0.006741971731030812
Edge-IIoTset,SNN_AE_noBN,1,3,99.99,0.0001,0.994403827060204,0.6480588235294118,0.7847145553616582,0.003666686380034301
Edge-IIoTset,SNN_AE_noBN,1,3,max,0.0,1.0,0.4252941176470588,0.5967808501857201,0.0
Edge-IIoTset,IF,1,3,90,0.1,0.9009953691382339,0.9957058823529412,0.945985972559868,0.11000059140102904
Edge-IIoTset,IF,1,3,95,0.05,0.9428224547609412,0.9592941176470589,0.9509869667900983,0.058489561771837485
Edge-IIoTset,IF,1,3,96,0.04,0.9518542615484711,0.9466470588235294,0.9492435190373669,0.04814004376367615
Edge-IIoTset,IF,1,3,97,0.03,0.9600643922976906,0.9121176470588235,0.93547705951555,0.038145366372937486
Edge-IIoTset,IF,1,3,98,0.02,0.9694249284413219,0.8765882352941177,0.9206721858396144,0.027795848364776155
Edge-IIoTset,IF,1,3,99,0.01,0.9811775005471657,0.7911176470588235,0.8759566222685381,0.015258146549174996
Edge-IIoTset,IF,1,3,99.5,0.005,0.9855769230769231,0.2411764705882353,0.387523629489603,0.0035484061742267433
Edge-IIoTset,IF,1,3,99.9,0.001,0.15,0.00017647058823529413,0.00035252643948296123,0.001005381749364244
Edge-IIoTset,IF,1,3,99.99,0.0001,0.5,0.00017647058823529413,0.000352816652946019,0.00017742030871133717
Edge-IIoTset,IF,1,3,max,0.0,1.0,0.00011764705882352942,0.00023526643924244207,0.0
Edge-IIoTset,OCSVM,1,3,90,0.1,0.9017132551848512,1.0,0.948316737790422,0.10958661068070258
Edge-IIoTset,OCSVM,1,3,95,0.05,0.9444444444444444,1.0,0.9714285714285714,0.05914010290377905
Edge-IIoTset,OCSVM,1,3,96,0.04,0.9546807435278262,1.0,0.9768150084753067,0.0477260630433497
Edge-IIoTset,OCSVM,1,3,97,0.03,0.9635549509720569,1.0,0.9814392517968998,0.03802708616712993
Edge-IIoTset,OCSVM,1,3,98,0.02,0.9727626459143969,1.0,0.9861932938856015,0.02815068898219883
Edge-IIoTset,OCSVM,1,3,99,0.01,0.9812409812409812,1.0,0.9905316824471959,0.01922053344372819
Edge-IIoTset,OCSVM,1,3,99.5,0.005,0.9855643805437997,1.0,0.9927297147361968,0.014725885623040984
Edge-IIoTset,OCSVM,1,3,99.9,0.001,0.9896955230831926,1.0,0.9948210785030869,0.010467798213968892
Edge-IIoTset,OCSVM,1,3,99.99,0.0001,0.9908816501069048,0.9268823529411765,0.9578141146434866,0.008575314921047962
Edge-IIoTset,OCSVM,1,3,max,0.0,0.9951615420633682,0.7501176470588236,0.855437042999933,0.003666686380034301
Edge-IIoTset,LOF,1,3,90,0.1,0.9024791633487286,1.0,0.9487401289170411,0.10864036903424212
Edge-IIoTset,LOF,1,3,95,0.05,0.9284755106367941,0.7727647058823529,0.8434941731676779,0.0598497841386244
Edge-IIoTset,LOF,1,3,96,0.04,0.9384626405903002,0.7705882352941177,0.8462805646177202,0.050801348394346205
Edge-IIoTset,LOF,1,3,97,0.03,0.950301533095982,0.7693529411764706,0.8503071872054091,0.04045183038618487
Edge-IIoTset,LOF,1,3,98,0.02,0.9614252061248527,0.768235294117647,0.8540413287993721,0.030989413921580222
Edge-IIoTset,LOF,1,3,99,0.01,0.9738831100800719,0.7655294117647059,0.8572275466851101,0.02063989591341889
Edge-IIoTset,LOF,1,3,99.5,0.005,0.9794360992850831,0.7172352941176471,0.8280756562192265,0.015139866343367437
Edge-IIoTset,LOF,1,3,99.9,0.001,0.9797528267157507,0.4383529411764706,0.6057059253840527,0.009107575847181974
Edge-IIoTset,LOF,1,3,99.99,0.0001,0.9818496110630942,0.26729411764705885,0.42019604216756057,0.00496776864391744
Edge-IIoTset,LOF,1,3,max,0.0,0.9829847571783056,0.16311764705882353,0.27980424801977705,0.0028387249393813947
Edge-IIoTset,SNN_AE,1,4,90,0.1,0.9515280420911228,1.0,0.9751620489875524,0.05170766658705517
Edge-IIoTset,SNN_AE,1,4,95,0.05,0.9981744302455686,0.9970588235294118,0.9976163149995586,0.0018509672796751852
Edge-IIoTset,SNN_AE,1,4,96,0.04,0.9984022723238062,0.9924705882352941,0.9954275937343284,0.0016121327919751613
Edge-IIoTset,SNN_AE,1,4,97,0.03,0.9987430418387502,0.9815294117647059,0.9900614115762305,0.0012538810604251253
Edge-IIoTset,SNN_AE,1,4,98,0.02,0.9989688728491332,0.9118235294117647,0.9534089860688255,0.0009553379508000956
Edge-IIoTset,SNN_AE,1,4,99,0.01,0.9989744992137828,0.8595294117647059,0.9240206152970564,0.0008956293288750896
Edge-IIoTset,SNN_AE,1,4,99.5,0.005,0.9989693555036416,0.8552352941176471,0.9215313430943779,0.0008956293288750896
Edge-IIoTset,SNN_AE,1,4,99.9,0.001,0.9989641599337062,0.8509411764705882,0.9190305263492266,0.0008956293288750896
Edge-IIoTset,SNN_AE,1,4,99.99,0.0001,0.9988461538461538,0.7638235294117647,0.8656666666666666,0.0008956293288750896
Edge-IIoTset,SNN_AE,1,4,max,0.0,0.9997407983411094,0.22688235294117648,0.36983411640617514,5.970862192500597e-05
Edge-IIoTset,LSTM_AE,1,4,90,0.1,0.9538237109353083,1.0,0.9763661947563392,0.049140195844279914
Edge-IIoTset,LSTM_AE,1,4,95,0.05,0.9974769700170157,1.0,0.9987368915782979,0.0025674707427752567
Edge-IIoTset,LSTM_AE,1,4,96,0.04,0.997535500528107,1.0,0.9987662299512367,0.0025077621208502506
Edge-IIoTset,LSTM_AE,1,4,97,0.03,0.998003992015968,1.0,0.9990009990009989,0.002030093145450203
Edge-IIoTset,LSTM_AE,1,4,98,0.02,0.9981797897950796,1.0,0.9990890658517235,0.0018509672796751852
Edge-IIoTset,LSTM_AE,1,4,99,0.01,0.9984142831972749,1.0,0.9992065124753872,0.0016121327919751613
Edge-IIoTset,LSTM_AE,1,4,99.5,0.005,0.9985902255639098,1.0,0.9992946155654832,0.0014330069262001434
Edge-IIoTset,LSTM_AE,1,4,99.9,0.001,0.9992358784458943,1.0,0.999617793196719,0.0007762120850250777
Edge-IIoTset,LSTM_AE,1,4,99.99,0.0001,0.999763970024193,0.9966470588235294,0.9982030812737501,0.0002388344877000239
Edge-IIoTset,LSTM_AE,1,4,max,0.0,1.0,0.834764705882353,0.9099419704401911,0.0
Edge-IIoTset,CNN_AE,1,4,90,0.1,0.9554319114258416,1.0,0.9772080590923462,0.04734893718652974
Edge-IIoTset,CNN_AE,1,4,95,0.05,0.9987075549289155,1.0,0.9993533595908529,0.0013135896823501315
Edge-IIoTset,CNN_AE,1,4,96,0.04,0.9991184249191889,1.0,0.9995590180802587,0.0008956293288750896
Edge-IIoTset,CNN_AE,1,4,97,0.03,0.9991771482308687,1.0,0.9995884047745046,0.0008359207069500836
Edge-IIoTset,CNN_AE,1,4,98,0.02,0.999176276771005,0.9989411764705882,0.99905871278974,0.0008359207069500836
Edge-IIoTset,CNN_AE,1,4,99,0.01,0.9994112105511069,0.9984705882352941,0.9989406779661016,0.0005970862192500597
Edge-IIoTset,CNN_AE,1,4,99.5,0.005,0.9994700582935877,0.9984705882352941,0.9989700732719301,0.0005373775973250537
Edge-IIoTset,CNN_AE,1,4,99.9,0.001,0.9994700582935877,0.9984705882352941,0.9989700732719301,0.0005373775973250537
Edge-IIoTset,CNN_AE,1,4,99.99,0.0001,0.9998232903339813,0.9984705882352941,0.9991464814433293,0.00017912586577501792
Edge-IIoTset,CNN_AE,1,4,max,0.0,0.9998436522826767,0.7523529411764706,0.8586197636949516,0.00011941724385001195
Edge-IIoTset,SNN_Dense,1,4,90,0.1,0.9534492428491307,1.0,0.9761699684180305,0.04955815619775496
Edge-IIoTset,SNN_Dense,1,4,95,0.05,0.9977662826240301,0.9984705882352941,0.9981183111842878,0.0022689276331502267
Edge-IIoTset,SNN_Dense,1,4,96,0.04,0.9980009407337723,0.9984705882352941,0.9982357092448836,0.002030093145450203
Edge-IIoTset,SNN_Dense,1,4,97,0.03,0.9981183111842878,0.9984705882352941,0.9982944186320061,0.0019106759016001911
Edge-IIoTset,SNN_Dense,1,4,98,0.02,0.9983527473820449,0.9982352941176471,0.998294017295135,0.0016718414139001673
Edge-IIoTset,SNN_Dense,1,4,99,0.01,0.9984695078879209,0.9977647058823529,0.9981169824643992,0.0015524241700501553
Edge-IIoTset,SNN_Dense,1,4,99.5,0.005,0.9986450662739322,0.9971764705882353,0.9979102281089036,0.0013732983042751374
Edge-IIoTset,SNN_Dense,1,4,99.9,0.001,0.998873940615184,0.9914117647058823,0.9951288636967497,0.0011344638165751134
Edge-IIoTset,SNN_Dense,1,4,99.99,0.0001,0.9989102005231038,0.8087647058823529,0.893836952281888,0.0008956293288750896
Edge-IIoTset,SNN_Dense,1,4,max,0.0,0.9989053948397185,0.7515294117647059,0.857737495803961,0.0008359207069500836
Edge-IIoTset,Dense_SNN,1,4,90,0.1,0.953235393069418,1.0,0.9760578744904403,0.04979699068545498
Edge-IIoTset,Dense_SNN,1,4,95,0.05,0.9980572235959025,0.9972352941176471,0.9976460895662921,0.001970384523525197
Edge-IIoTset,Dense_SNN,1,4,96,0.04,0.9984680650483149,0.9968235294117647,0.9976451195101849,0.0015524241700501553
Edge-IIoTset,Dense_SNN,1,4,97,0.03,0.9988613891052915,0.9804705882352941,0.9895805503606733,0.0011344638165751134
Edge-IIoTset,Dense_SNN,1,4,98,0.02,0.9989150090415914,0.9748235294117648,0.9867222387615362,0.0010747551946501074
Edge-IIoTset,Dense_SNN,1,4,99,0.01,0.998849582973828,0.8171764705882353,0.8989258444415685,0.0009553379508000956
Edge-IIoTset,Dense_SNN,1,4,99.5,0.005,0.9988164805089134,0.7942941176470588,0.884891379140863,0.0009553379508000956
Edge-IIoTset,Dense_SNN,1,4,99.9,0.001,0.9988606152677554,0.7735294117647059,0.8718713741090668,0.0008956293288750896
Edge-IIoTset,Dense_SNN,1,4,99.99,0.0001,0.9988349514563106,0.7564705882352941,0.8609205020920502,0.0008956293288750896
Edge-IIoTset,Dense_SNN,1,4,max,0.0,0.9998628257887517,0.42876470588235294,0.6001646768217375,5.970862192500597e-05
Edge-IIoTset,Dense_AE,1,4,90,0.1,0.9531285041489123,1.0,0.9760018371799287,0.04991640792930499
Edge-IIoTset,Dense_AE,1,4,95,0.05,0.9974184463740906,1.0,0.9987075549289155,0.002627179364700263
Edge-IIoTset,Dense_AE,1,4,96,0.04,0.9974769700170157,1.0,0.9987368915782979,0.0025674707427752567
Edge-IIoTset,Dense_AE,1,4,97,0.03,0.9975940379085735,1.0,0.9987955700478834,0.002448053498925245
Edge-IIoTset,Dense_AE,1,4,98,0.02,0.9977111332824696,1.0,0.9988542554129086,0.002328636255075233
Edge-IIoTset,Dense_AE,1,4,99,0.01,0.998062584394998,1.0,0.9990303528927805,0.001970384523525197
Edge-IIoTset,Dense_AE,1,4,99.5,0.005,0.9982384028185555,1.0,0.9991184249191889,0.0017912586577501792
Edge-IIoTset,Dense_AE,1,4,99.9,0.001,0.9984142831972749,1.0,0.9992065124753872,0.0016121327919751613
Edge-IIoTset,Dense_AE,1,4,99.99,0.0001,0.9989345077425771,0.8272352941176471,0.9050131926121372,0.0008956293288750896
Edge-IIoTset,Dense_AE,1,4,max,0.0,1.0,0.2791764705882353,0.43649406787455164,0.0
Edge-IIoTset,SNN_AE_T2,1,4,90,0.1,0.9530837869689657,0.999,0.9755018811568397,0.04991640792930499
Edge-IIoTset,SNN_AE_T2,1,4,95,0.05,0.9976430381238584,0.9959411764705882,0.9967913808836949,0.0023883448770002386
Edge-IIoTset,SNN_AE_T2,1,4,96,0.04,0.9980993110002376,0.9884705882352941,0.993261614848091,0.0019106759016001911
Edge-IIoTset,SNN_AE_T2,1,4,97,0.03,0.9986651538410198,0.8801764705882353,0.9356845824344183,0.0011941724385001193
Edge-IIoTset,SNN_AE_T2,1,4,98,0.02,0.9985800496982605,0.8273529411764706,0.904938073025575,0.0011941724385001193
Edge-IIoTset,SNN_AE_T2,1,4,99,0.01,0.9986136446552353,0.8050588235294117,0.8914509037616023,0.0011344638165751134
Edge-IIoTset,SNN_AE_T2,1,4,99.5,0.005,0.9987630459992269,0.7599411764705882,0.863136796392183,0.0009553379508000956
Edge-IIoTset,SNN_AE_T2,1,4,99.9,0.001,0.9987625676720804,0.7596470588235295,0.8629468760441028,0.0009553379508000956
Edge-IIoTset,SNN_AE_T2,1,4,99.99,0.0001,0.9987548638132295,0.7549411764705882,0.8598994974874372,0.0009553379508000956
Edge-IIoTset,SNN_AE_T2,1,4,max,0.0,1.0,0.3526470588235294,0.5214176994998914,0.0
Edge-IIoTset,SNN_AE_T5,1,4,90,0.1,0.952167581494343,1.0,0.9754977907844149,0.0509911631239551
Edge-IIoTset,SNN_AE_T5,1,4,95,0.05,0.9984027449124467,0.992764705882353,0.9955757432751299,0.0016121327919751613
Edge-IIoTset,SNN_AE_T5,1,4,96,0.04,0.9986793132428863,0.9785882352941176,0.9885317012300195,0.0013135896823501315
Edge-IIoTset,SNN_AE_T5,1,4,97,0.03,0.9987831589194451,0.9656470588235294,0.9819356382342387,0.0011941724385001193
Edge-IIoTset,SNN_AE_T5,1,4,98,0.02,0.9988136863136863,0.941,0.9690453113641869,0.0011344638165751134
Edge-IIoTset,SNN_AE_T5,1,4,99,0.01,0.9988009592326139,0.931,0.9637094318942946,0.0011344638165751134
Edge-IIoTset,SNN_AE_T5,1,4,99.5,0.005,0.9987992163306579,0.9296470588235294,0.9629832739237729,0.0011344638165751134
Edge-IIoTset,SNN_AE_T5,1,4,99.9,0.001,0.99890414491072,0.9115294117647059,0.9532187125149939,0.0010150465727251014
Edge-IIoTset,SNN_AE_T5,1,4,99.99,0.0001,0.9987077877325982,0.6819411764705883,0.8104725950782998,0.0008956293288750896
Edge-IIoTset,SNN_AE_T5,1,4,max,0.0,0.9998626750892612,0.4282941176470588,0.5997034840622683,5.970862192500597e-05
Edge-IIoTset,SNN_AE_T7,1,4,90,0.1,0.953235393069418,1.0,0.9760578744904403,0.04979699068545498
Edge-IIoTset,SNN_AE_T7,1,4,95,0.05,0.9975903614457832,0.9984705882352941,0.998030280758489,0.002448053498925245
Edge-IIoTset,SNN_AE_T7,1,4,96,0.04,0.9977662826240301,0.9984705882352941,0.9981183111842878,0.0022689276331502267
Edge-IIoTset,SNN_AE_T7,1,4,97,0.03,0.998234255444379,0.9976470588235294,0.9979405707561048,0.0017912586577501792
Edge-IIoTset,SNN_AE_T7,1,4,98,0.02,0.9985815602836879,0.9938823529411764,0.9962264150943395,0.0014330069262001434
Edge-IIoTset,SNN_AE_T7,1,4,99,0.01,0.9987324963785611,0.9733529411764706,0.9858794089609152,0.0012538810604251253
Edge-IIoTset,SNN_AE_T7,1,4,99.5,0.005,0.998811013767209,0.9388823529411765,0.9679199514857489,0.0011344638165751134
Edge-IIoTset,SNN_AE_T7,1,4,99.9,0.001,0.9988412514484357,0.8112941176470588,0.8953518566606077,0.0009553379508000956
Edge-IIoTset,SNN_AE_T7,1,4,99.99,0.0001,0.9988322304398599,0.7547058823529412,0.8597755067850562,0.0008956293288750896
Edge-IIoTset,SNN_AE_T7,1,4,max,0.0,1.0,0.553235294117647,0.7123650823707631,0.0
Edge-IIoTset,SNN_AE_noBN,1,4,90,0.1,0.9522209152523385,1.0,0.9755257797033254,0.05093145450203009
Edge-IIoTset,SNN_AE_noBN,1,4,95,0.05,0.998680821659652,0.9351764705882353,0.9658859625140496,0.0012538810604251253
Edge-IIoTset,SNN_AE_noBN,1,4,96,0.04,0.9987319300025361,0.9265882352941176,0.9613084340290491,0.0011941724385001193
Edge-IIoTset,SNN_AE_noBN,1,4,97,0.03,0.9988374346056965,0.9097058823529411,0.9521903765046332,0.0010747551946501074
Edge-IIoTset,SNN_AE_noBN,1,4,98,0.02,0.9988292817299084,0.8531764705882353,0.9202753719742395,0.0010150465727251014
Edge-IIoTset,SNN_AE_noBN,1,4,99,0.01,0.9988556715777428,0.8215294117647058,0.9015557420437673,0.0009553379508000956
Edge-IIoTset,SNN_AE_noBN,1,4,99.5,0.005,0.998836025025462,0.8076470588235294,0.8931243088531841,0.0009553379508000956
Edge-IIoTset,SNN_AE_noBN,1,4,99.9,0.001,0.9987962684321396,0.7809411764705882,0.8765350587613892,0.0009553379508000956
Edge-IIoTset,SNN_AE_noBN,1,4,99.99,0.0001,0.9988272087568413,0.7514705882352941,0.8576703591809332,0.0008956293288750896
Edge-IIoTset,SNN_AE_noBN,1,4,max,0.0,1.0,0.42823529411764705,0.5996705107084019,0.0
Edge-IIoTset,IF,1,4,90,0.1,0.9504411155189768,0.9442352941176471,0.9473280415474048,0.04997611655123
Edge-IIoTset,IF,1,4,95,0.05,0.987758735811262,0.7831764705882353,0.8736507103251419,0.009851922617625986
Edge-IIoTset,IF,1,4,96,0.04,0.9923253421947938,0.737764705882353,0.8463173521373866,0.005791736326725579
Edge-IIoTset,IF,1,4,97,0.03,0.9931542917324908,0.6656470588235294,0.7970698034796083,0.004657272510150466
Edge-IIoTset,IF,1,4,98,0.02,0.9870399170554691,0.336,0.5013384824680739,0.004478146644375448
Edge-IIoTset,IF,1,4,99,0.01,0.9844688341271485,0.2796470588235294,0.43556736451509454,0.004478146644375448
Edge-IIoTset,IF,1,4,99.5,0.005,0.9838744356052462,0.2691764705882353,0.4227056486998291,0.004478146644375448
Edge-IIoTset,IF,1,4,99.9,0.001,0.03125,5.882352941176471e-05,0.00011742602160638798,0.0018509672796751852
Edge-IIoTset,IF,1,4,99.99,0.0001,0.06666666666666667,5.882352941176471e-05,0.00011754334410813987,0.0008359207069500836
Edge-IIoTset,IF,1,4,max,0.0,0.0,0.0,0.0,0.0004179603534750418
Edge-IIoTset,OCSVM,1,4,90,0.1,0.952167581494343,1.0,0.9754977907844149,0.0509911631239551
Edge-IIoTset,OCSVM,1,4,95,0.05,0.9981211836542978,1.0,0.999059708509638,0.0019106759016001911
Edge-IIoTset,OCSVM,1,4,96,0.04,0.9986488868002115,1.0,0.9993239867148693,0.0013732983042751374
Edge-IIoTset,OCSVM,1,4,97,0.03,0.9989422963920555,1.0,0.9994708683638075,0.0010747551946501074
Edge-IIoTset,OCSVM,1,4,98,0.02,0.9991184249191889,1.0,0.9995590180802587,0.0008956293288750896
Edge-IIoTset,OCSVM,1,4,99,0.01,0.9994121105232217,1.0,0.9997059688326962,0.0005970862192500597
Edge-IIoTset,OCSVM,1,4,99.5,0.005,0.999705830440666,0.9995294117647059,0.9996176133188223,0.00029854310962502983
Edge-IIoTset,OCSVM,1,4,99.9,0.001,0.9997644009895158,0.9984705882352941,0.9991170757549003,0.0002388344877000239
Edge-IIoTset,OCSVM,1,4,99.99,0.0001,0.999846519837311,0.7664117647058823,0.8677033731810463,0.00011941724385001195
Edge-IIoTset,OCSVM,1,4,max,0.0,0.9998431987455899,0.7501764705882353,0.8572004705091582,0.00011941724385001195
Edge-IIoTset,LOF,1,4,90,0.1,0.9363380592486347,0.9984117647058823,0.9663791385543883,0.06890374970145689
Edge-IIoTset,LOF,1,4,95,0.05,0.9859408586533434,0.9982941176470588,0.9920790342852132,0.014449486505851445
Edge-IIoTset,LOF,1,4,96,0.04,0.9974131342230583,0.9979411764705882,0.9976770854773735,0.002627179364700263
Edge-IIoTset,LOF,1,4,97,0.03,0.9986218302094818,0.42623529411764705,0.5974604221635884,0.0005970862192500597
Edge-IIoTset,LOF,1,4,98,0.02,0.9987257539289254,0.41494117647058826,0.5862943107675685,0.0005373775973250537
Edge-IIoTset,LOF,1,4,99,0.01,0.9996317436936107,0.31935294117647056,0.48406223529936243,0.00011941724385001195
Edge-IIoTset,LOF,1,4,99.5,0.005,0.9996003996003996,0.2942941176470588,0.4547148375369233,0.00011941724385001195
Edge-IIoTset,LOF,1,4,99.9,0.001,0.9997052755673446,0.19952941176470587,0.33266316873436963,5.970862192500597e-05
Edge-IIoTset,LOF,1,4,99.99,0.0001,0.9996510816468946,0.16852941176470587,0.2884324977348233,5.970862192500597e-05
Edge-IIoTset,LOF,1,4,max,0.0,1.0,0.016529411764705883,0.03252126613043227,0.0
Edge-IIoTset,SNN_AE,1,5,90,0.1,0.9401614865612211,1.0,0.9691579727495582,0.06350510623312595
Edge-IIoTset,SNN_AE,1,5,95,0.05,0.9812631333177679,0.9888823529411764,0.9850580100785187,0.018840239464725905
Edge-IIoTset,SNN_AE,1,5,96,0.04,0.9823679108095007,0.9537058823529412,0.9678247373447947,0.01707946942129358
Edge-IIoTset,SNN_AE,1,5,97,0.03,0.986681143684401,0.8018235294117647,0.8846990102222945,0.010799389599718276
Edge-IIoTset,SNN_AE,1,5,98,0.02,0.9866804032673486,0.7887058823529411,0.8766550067017556,0.010623312595375044
Edge-IIoTset,SNN_AE,1,5,99,0.01,0.9897496843199881,0.7838235294117647,0.8748317631224765,0.008099542199788708
Edge-IIoTset,SNN_AE,1,5,99.5,0.005,0.9904331450094161,0.7734117647058824,0.8685714285714285,0.007453926517196854
Edge-IIoTset,SNN_AE,1,5,99.9,0.001,0.9988386497367606,0.7588823529411765,0.8624816151891964,0.0008803850217161638
Edge-IIoTset,SNN_AE,1,5,99.99,0.0001,0.999609375,0.7526470588235294,0.858724832214765,0.00029346167390538794
Edge-IIoTset,SNN_AE,1,5,max,0.0,1.0,0.648235294117647,0.7865810135617416,0.0
Edge-IIoTset,LSTM_AE,1,5,90,0.1,0.9379827852571176,1.0,0.9679990889420339,0.06597018429393121
Edge-IIoTset,LSTM_AE,1,5,95,0.05,0.9823750361167293,1.0,0.9911091677598017,0.017901162108228664
Edge-IIoTset,LSTM_AE,1,5,96,0.04,0.9826021617247558,1.0,0.991224745634238,0.017666392769104356
Edge-IIoTset,LSTM_AE,1,5,97,0.03,0.9843080486392588,0.9999411764705882,0.9920630288882405,0.015905622725672027
Edge-IIoTset,LSTM_AE,1,5,98,0.02,0.9868222454429351,0.9999411764705882,0.9933383977093437,0.013323159995304612
Edge-IIoTset,LSTM_AE,1,5,99,0.01,0.9869368323269856,0.9999411764705882,0.9933964469378214,0.013205775325742459
Edge-IIoTset,LSTM_AE,1,5,99.5,0.005,0.9869941357487081,0.9999411764705882,0.9934254740963679,0.01314708299096138
Edge-IIoTset,LSTM_AE,1,5,99.9,0.001,0.9938610851262862,0.9999411764705882,0.9968918601923529,0.006162695152013147
Edge-IIoTset,LSTM_AE,1,5,99.99,0.0001,0.9990009402914903,0.9999411764705882,0.9994708372530573,0.000997769691278319
Edge-IIoTset,LSTM_AE,1,5,max,0.0,0.9999368208238565,0.931,0.9642378457414403,5.869233478107759e-05
Edge-IIoTset,CNN_AE,1,5,90,0.1,0.9399535552360943,1.0,0.969047483326683,0.06373987557225026
Edge-IIoTset,CNN_AE,1,5,95,0.05,0.9828134945894335,0.9990588235294118,0.9908695779002946,0.017431623429980045
Edge-IIoTset,CNN_AE,1,5,96,0.04,0.9829272527345333,0.9990588235294118,0.9909273899471981,0.01731423876041789
Edge-IIoTset,CNN_AE,1,5,97,0.03,0.9832686852312859,0.9990588235294118,0.9911008665713535,0.016962084751731422
Edge-IIoTset,CNN_AE,1,5,98,0.02,0.9833178869323448,0.9985882352941177,0.9908942330142424,0.016903392416950346
Edge-IIoTset,CNN_AE,1,5,99,0.01,0.9914658634538153,0.9294117647058824,0.9594364828758806,0.007982157530226552
Edge-IIoTset,CNN_AE,1,5,99.5,0.005,0.9915264875721818,0.929235294117647,0.9593708247297461,0.007923465195445475
Edge-IIoTset,CNN_AE,1,5,99.9,0.001,0.999366607550038,0.9281176470588235,0.9624252775405636,0.0005869233478107759
Edge-IIoTset,CNN_AE,1,5,99.99,0.0001,0.9999364958404775,0.926235294117647,0.9616758787064463,5.869233478107759e-05
Edge-IIoTset,CNN_AE,1,5,max,0.0,1.0,0.9034705882352941,0.9492876788528694,0.0
Edge-IIoTset,SNN_Dense,1,5,90,0.1,0.9401094951059006,1.0,0.9691303480318103,0.06356379856790703
Edge-IIoTset,SNN_Dense,1,5,95,0.05,0.9834827459167383,0.9421764705882353,0.9623865889563181,0.015788238056109873
Edge-IIoTset,SNN_Dense,1,5,96,0.04,0.9884306773651801,0.9347647058823529,0.9608489282583065,0.010916774269280432
Edge-IIoTset,SNN_Dense,1,5,97,0.03,0.9912368552829244,0.9315294117647058,0.96045608927705,0.008216926869350863
Edge-IIoTset,SNN_Dense,1,5,98,0.02,0.9980796312892075,0.9171764705882353,0.9559193182514867,0.0017607700434323277
Edge-IIoTset,SNN_Dense,1,5,99,0.01,0.9995889003083248,0.8581764705882353,0.9235005538851083,0.00035215400868646553
Edge-IIoTset,SNN_Dense,1,5,99.5,0.005,0.9996569938944914,0.8571764705882353,0.9229502485986637,0.00029346167390538794
Edge-IIoTset,SNN_Dense,1,5,99.9,0.001,0.9996562156215621,0.8552352941176471,0.9218234846563529,0.00029346167390538794
Edge-IIoTset,SNN_Dense,1,5,99.99,0.0001,0.9996551486309401,0.8525882352941176,0.92028318359313,0.00029346167390538794
Edge-IIoTset,SNN_Dense,1,5,max,0.0,1.0,0.7518235294117647,0.8583324938719318,0.0
Edge-IIoTset,Dense_SNN,1,5,90,0.1,0.9356596400462326,1.0,0.9667604993033637,0.0686113393590797
Edge-IIoTset,Dense_SNN,1,5,95,0.05,0.9841168627905629,0.9986470588235294,0.9913287203293334,0.01608169973001526
Edge-IIoTset,Dense_SNN,1,5,96,0.04,0.9844794512585014,0.9962352941176471,0.9903224863316084,0.015670853386547716
Edge-IIoTset,Dense_SNN,1,5,97,0.03,0.9883523558677202,0.9932941176470588,0.9908170749596595,0.01167977462143444
Edge-IIoTset,Dense_SNN,1,5,98,0.02,0.9963970679587526,0.9435294117647058,0.9692428545531452,0.0034041554173025
Edge-IIoTset,Dense_SNN,1,5,99,0.01,0.9995895190531573,0.8594705882352941,0.9242496125502103,0.00035215400868646553
Edge-IIoTset,Dense_SNN,1,5,99.5,0.005,0.9995864350703061,0.8530588235294118,0.9205281198425795,0.00035215400868646553
Edge-IIoTset,Dense_SNN,1,5,99.9,0.001,0.9995835357812175,0.8471176470588235,0.9170567071035121,0.00035215400868646553
Edge-IIoTset,Dense_SNN,1,5,99.99,0.0001,0.9996334579576277,0.8021176470588235,0.8900492803759668,0.00029346167390538794
Edge-IIoTset,Dense_SNN,1,5,max,0.0,1.0,0.7461764705882353,0.8546403907697491,0.0
Edge-IIoTset,Dense_AE,1,5,90,0.1,0.9356081452944414,1.0,0.9667330110889963,0.06867003169386078
Edge-IIoTset,Dense_AE,1,5,95,0.05,0.9820345445092715,1.0,0.990935851476203,0.018253316116915132
Edge-IIoTset,Dense_AE,1,5,96,0.04,0.9822604876921299,0.9999411764705882,0.9910219786626246,0.01801854677779082
Edge-IIoTset,Dense_AE,1,5,97,0.03,0.9975917767988253,0.9990588235294118,0.9983247612049962,0.0024063857260241813
Edge-IIoTset,Dense_AE,1,5,98,0.02,0.9982954211485334,0.9990588235294118,0.9986769764501808,0.00170207770865125
Edge-IIoTset,Dense_AE,1,5,99,0.01,0.9993527508090615,0.9990588235294118,0.999205765553758,0.0006456156825918535
Edge-IIoTset,Dense_AE,1,5,99.5,0.005,0.9993527508090615,0.9990588235294118,0.999205765553758,0.0006456156825918535
Edge-IIoTset,Dense_AE,1,5,99.9,0.001,0.9993527508090615,0.9990588235294118,0.999205765553758,0.0006456156825918535
Edge-IIoTset,Dense_AE,1,5,99.99,0.0001,0.9996186602262616,0.9251764705882353,0.9609580252948005,0.00035215400868646553
Edge-IIoTset,Dense_AE,1,5,max,0.0,1.0,0.6481764705882352,0.7865377065562653,0.0
Edge-IIoTset,SNN_AE_T2,1,5,90,0.1,0.9385006072650989,1.0,0.9682747622031098,0.06538326094612043
Edge-IIoTset,SNN_AE_T2,1,5,95,0.05,0.979967344888219,0.9179411764705883,0.9479407119426557,0.01872285479516375
Edge-IIoTset,SNN_AE_T2,1,5,96,0.04,0.9792580773833267,0.8664705882352941,0.919418263529118,0.01831200845169621
Edge-IIoTset,SNN_AE_T2,1,5,97,0.03,0.9831730769230769,0.8420588235294117,0.9071609632446134,0.01437962202136401
Edge-IIoTset,SNN_AE_T2,1,5,98,0.02,0.9903886335144171,0.8364705882352941,0.9069455960201542,0.008099542199788708
Edge-IIoTset,SNN_AE_T2,1,5,99,0.01,0.9903879884936505,0.8303529411764706,0.9033372796211564,0.00804084986500763
Edge-IIoTset,SNN_AE_T2,1,5,99.5,0.005,0.9903744818379822,0.8291764705882353,0.9026350334582013,0.00804084986500763
Edge-IIoTset,SNN_AE_T2,1,5,99.9,0.001,0.9904393673110721,0.828764705882353,0.902417934347478,0.007982157530226552
Edge-IIoTset,SNN_AE_T2,1,5,99.99,0.0001,1.0,0.652235294117647,0.7895186556536599,0.0
Edge-IIoTset,SNN_AE_T2,1,5,max,0.0,1.0,0.6495294117647059,0.7875329862349333,0.0
Edge-IIoTset,SNN_AE_T5,1,5,90,0.1,0.9385006072650989,1.0,0.9682747622031098,0.06538326094612043
Edge-IIoTset,SNN_AE_T5,1,5,95,0.05,0.981263949254082,0.982764705882353,0.982013754187974,0.01872285479516375
Edge-IIoTset,SNN_AE_T5,1,5,96,0.04,0.9820734986555124,0.966764705882353,0.9743589743589743,0.017607700434323276
Edge-IIoTset,SNN_AE_T5,1,5,97,0.03,0.9853006681514477,0.9108235294117647,0.9465994192266545,0.013557929334428924
Edge-IIoTset,SNN_AE_T5,1,5,98,0.02,0.9976002742543709,0.8558823529411764,0.9213234130125059,0.002054231717337716
Edge-IIoTset,SNN_AE_T5,1,5,99,0.01,0.9994047176129176,0.7900588235294118,0.8824862840434968,0.0004695386782486207
Edge-IIoTset,SNN_AE_T5,1,5,99.5,0.005,0.9995498199279712,0.7836470588235294,0.8785280928514904,0.00035215400868646553
Edge-IIoTset,SNN_AE_T5,1,5,99.9,0.001,0.9995426132032322,0.7712941176470588,0.8707085463842221,0.00035215400868646553
Edge-IIoTset,SNN_AE_T5,1,5,99.99,0.0001,0.999537750385208,0.7631764705882353,0.8655103402268179,0.00035215400868646553
Edge-IIoTset,SNN_AE_T5,1,5,max,0.0,1.0,0.6485882352941177,0.7868407906943553,0.0
Edge-IIoTset,SNN_AE_T7,1,5,90,0.1,0.938759732729582,1.0,0.9684126577230909,0.06508979927221505
Edge-IIoTset,SNN_AE_T7,1,5,95,0.05,0.9813370312590282,0.9990588235294118,0.990118634680969,0.018957624134288063
Edge-IIoTset,SNN_AE_T7,1,5,96,0.04,0.9822450986062113,0.9990588235294118,0.990580618821265,0.01801854677779082
Edge-IIoTset,SNN_AE_T7,1,5,97,0.03,0.9887921858368293,0.9289411764705883,0.957932728761639,0.010505927925812888
Edge-IIoTset,SNN_AE_T7,1,5,98,0.02,0.9978782654820315,0.8852941176470588,0.9382208091764852,0.0018781547129944828
Edge-IIoTset,SNN_AE_T7,1,5,99,0.01,0.9996618651518225,0.8695294117647059,0.9300657501494322,0.00029346167390538794
Edge-IIoTset,SNN_AE_T7,1,5,99.5,0.005,0.9996605566870332,0.8661764705882353,0.9281437125748503,0.00029346167390538794
Edge-IIoTset,SNN_AE_T7,1,5,99.9,0.001,0.9996593077132734,0.863,0.9263164540977397,0.00029346167390538794
Edge-IIoTset,SNN_AE_T7,1,5,99.99,0.0001,0.999657416923604,0.8582352941176471,0.9235638550403545,0.00029346167390538794
Edge-IIoTset,SNN_AE_T7,1,5,max,0.0,1.0,0.651235294117647,0.7887855794236045,0.0
Edge-IIoTset,SNN_AE_noBN,1,5,90,0.1,0.9393303127417394,1.0,0.9687161661633141,0.0644441835896232
Edge-IIoTset,SNN_AE_noBN,1,5,95,0.05,0.9813513042467902,0.9936470588235294,0.9874609066729021,0.018840239464725905
Edge-IIoTset,SNN_AE_noBN,1,5,96,0.04,0.9852685789568237,0.9678235294117647,0.976468144455325,0.014438314356145088
Edge-IIoTset,SNN_AE_noBN,1,5,97,0.03,0.9855582524271844,0.9554117647058824,0.9702508960573477,0.013968775677896467
Edge-IIoTset,SNN_AE_noBN,1,5,98,0.02,0.985572533024898,0.9523529411764706,0.9686780147784724,0.013910083343115389
Edge-IIoTset,SNN_AE_noBN,1,5,99,0.01,0.9928513199974917,0.9313529411764706,0.9611193735393208,0.0066909261650428455
Edge-IIoTset,SNN_AE_noBN,1,5,99.5,0.005,0.9929596174282678,0.8794117647058823,0.9327427002745196,0.006221387486794225
Edge-IIoTset,SNN_AE_noBN,1,5,99.9,0.001,0.9954106445646962,0.8548235294117648,0.9197759422766543,0.003932386430332198
Edge-IIoTset,SNN_AE_noBN,1,5,99.99,0.0001,0.999468610035679,0.7744705882352941,0.8727007589566832,0.0004108463434675431
Edge-IIoTset,SNN_AE_noBN,1,5,max,0.0,1.0,0.649,0.7871437234687689,0.0
Edge-IIoTset,IF,1,5,90,0.1,0.9360009225092251,0.9549411764705882,0.9453761938038668,0.06514849160699612
Edge-IIoTset,IF,1,5,95,0.05,0.9717357254734444,0.8028823529411765,0.8792759131611158,0.023300856908087805
Edge-IIoTset,IF,1,5,96,0.04,0.9749945640356599,0.7912941176470588,0.8735915835958048,0.02024885549947177
Edge-IIoTset,IF,1,5,97,0.03,0.9776706231454005,0.775235294117647,0.8647637795275591,0.017666392769104356
Edge-IIoTset,IF,1,5,98,0.02,0.9895077920074062,0.37723529411764706,0.5462288658915719,0.003991078765113276
Edge-IIoTset,IF,1,5,99,0.01,0.9893101720394187,0.34841176470588237,0.515334754426415,0.0037563094259889657
Edge-IIoTset,IF,1,5,99.5,0.005,0.9916325136612022,0.34158823529411764,0.5081379068953448,0.002875924404272802
Edge-IIoTset,IF,1,5,99.9,0.001,0.1111111111111111,0.00011764705882352942,0.0002350452462098954,0.0009390773564972414
Edge-IIoTset,IF,1,5,99.99,0.0001,0.14285714285714285,5.882352941176471e-05,0.00011759863585582407,0.00035215400868646553
Edge-IIoTset,IF,1,5,max,0.0,1.0,5.882352941176471e-05,0.00011764013881536382,0.0
Edge-IIoTset,OCSVM,1,5,90,0.1,0.9391227488675284,1.0,0.9686057774485785,0.06467895292874751
Edge-IIoTset,OCSVM,1,5,95,0.05,0.9821314982941074,0.9990588235294118,0.9905228472282973,0.018135931447352975
Edge-IIoTset,OCSVM,1,5,96,0.04,0.9888196587666686,0.9988823529411764,0.993825534778919,0.011268928277966897
Edge-IIoTset,OCSVM,1,5,97,0.03,0.9895316804407713,0.9508235294117647,0.9697915104244788,0.010036389247564267
Edge-IIoTset,OCSVM,1,5,98,0.02,0.9909010489068621,0.9224705882352942,0.9554621336745263,0.008451696208475173
Edge-IIoTset,OCSVM,1,5,99,0.01,0.9984102801881168,0.8866470588235295,0.9392155030065115,0.0014086160347458621
Edge-IIoTset,OCSVM,1,5,99.5,0.005,0.9984070091596974,0.8848235294117647,0.9381899831597331,0.0014086160347458621
Edge-IIoTset,OCSVM,1,5,99.9,0.001,0.9984052096484817,0.8838235294117647,0.9376267590252426,0.0014086160347458621
Edge-IIoTset,OCSVM,1,5,99.99,0.0001,0.9996650589496249,0.8778235294117647,0.93479077925332,0.00029346167390538794
Edge-IIoTset,OCSVM,1,5,max,0.0,0.9999324962872957,0.8713529411764706,0.9312252467467151,5.869233478107759e-05
Edge-IIoTset,LOF,1,5,90,0.1,0.9370521441957887,1.0,0.9675032724375392,0.06702664631999061
Edge-IIoTset,LOF,1,5,95,0.05,0.9755283008003686,0.9965882352941177,0.9859458201181366,0.024944242281957976
Edge-IIoTset,LOF,1,5,96,0.04,0.9785660638973944,0.9963529411764706,0.9873794048208925,0.021774856203779787
Edge-IIoTset,LOF,1,5,97,0.03,0.9808429118773946,0.5571764705882353,0.710657613384852,0.010858081934499355
Edge-IIoTset,LOF,1,5,98,0.02,0.9825758370945733,0.5506470588235294,0.7057714781166358,0.009742927573658881
Edge-IIoTset,LOF,1,5,99,0.01,0.9954079289759682,0.3825294117647059,0.5526707177155483,0.0017607700434323277
Edge-IIoTset,LOF,1,5,99.5,0.005,0.9982168909061436,0.36223529411764704,0.5315723596184556,0.0006456156825918535
Edge-IIoTset,LOF,1,5,99.9,0.001,0.9989748846745259,0.34394117647058825,0.511705246575942,0.00035215400868646553
Edge-IIoTset,LOF,1,5,99.99,0.0001,1.0,0.31288235294117644,0.47663425780724944,0.0
Edge-IIoTset,LOF,1,5,max,0.0,1.0,0.30941176470588233,0.47259658580413294,0.0
Edge-IIoTset,SNN_AE,1,6,90,0.1,0.8314178119039468,1.0,0.9079499025289075,0.18710307767464582
Edge-IIoTset,SNN_AE,1,6,95,0.05,0.8699211953740661,1.0,0.9304362103880467,0.1379796992889323
Edge-IIoTset,SNN_AE,1,6,96,0.04,0.8768762572858101,1.0,0.9343996482260147,0.1295663029908267
Edge-IIoTset,SNN_AE,1,6,97,0.03,0.8839434276206323,1.0,0.9383969971296092,0.12115290669272105
Edge-IIoTset,SNN_AE,1,6,98,0.02,0.8927633651927318,1.0,0.9433438765884246,0.11083971123052706
Edge-IIoTset,SNN_AE,1,6,99,0.01,0.902372989329511,0.9998823529411764,0.948628512431286,0.09982087607881453
Edge-IIoTset,SNN_AE,1,6,99.5,0.005,0.9074687466609681,0.9991764705882353,0.9511170838232824,0.0940129186343158
Edge-IIoTset,SNN_AE,1,6,99.9,0.001,0.9999195106245976,0.730764705882353,0.8444127243066885,5.427997611681051e-05
Edge-IIoTset,SNN_AE,1,6,99.99,0.0001,1.0,0.2283529411764706,0.3718034671008524,0.0
Edge-IIoTset,SNN_AE,1,6,max,0.0,1.0,0.2283529411764706,0.3718034671008524,0.0
Edge-IIoTset,LSTM_AE,1,6,90,0.1,0.8324356086573304,1.0,0.9085564641120197,0.18574607827172557
Edge-IIoTset,LSTM_AE,1,6,95,0.05,0.8690317963398425,1.0,0.9299272468683332,0.13906529881126853
Edge-IIoTset,LSTM_AE,1,6,96,0.04,0.8781898956503771,1.0,0.9351449474668574,0.12799218368343918
Edge-IIoTset,LSTM_AE,1,6,97,0.03,0.8868948247078464,1.0,0.9400575094005752,0.11767898822124519
Edge-IIoTset,LSTM_AE,1,6,98,0.02,0.8953022961870655,1.0,0.9447593642325218,0.1079085925202193
Edge-IIoTset,LSTM_AE,1,6,99,0.01,0.9031024224394391,1.0,0.949084412684234,0.09900667643706237
Edge-IIoTset,LSTM_AE,1,6,99.5,0.005,0.907295725036025,1.0,0.9513949128354366,0.09428431851489985
Edge-IIoTset,LSTM_AE,1,6,99.9,0.001,0.9987075549289155,1.0,0.9993533595908529,0.001194159474569831
Edge-IIoTset,LSTM_AE,1,6,99.99,0.0001,0.9998822629069288,0.9991176470588236,0.9994998087504046,0.00010855995223362102
Edge-IIoTset,LSTM_AE,1,6,max,0.0,1.0,0.8965882352941177,0.9454748464735439,0.0
Edge-IIoTset,CNN_AE,1,6,90,0.1,0.8315398160829583,1.0,0.9080226471530819,0.1869402377462954
Edge-IIoTset,CNN_AE,1,6,95,0.05,0.869120654396728,1.0,0.9299781181619257,0.1389567388590349
Edge-IIoTset,CNN_AE,1,6,96,0.04,0.8767858063850636,1.0,0.9343482920662838,0.1296748629430603
Edge-IIoTset,CNN_AE,1,6,97,0.03,0.8846794338051623,1.0,0.9388115749944776,0.12028442707485208
Edge-IIoTset,CNN_AE,1,6,98,0.02,0.8940310281356824,1.0,0.9440510898236847,0.10937415187537318
Edge-IIoTset,CNN_AE,1,6,99,0.01,0.9027667144601986,1.0,0.9488989980742931,0.09938663626988004
Edge-IIoTset,CNN_AE,1,6,99.5,0.005,0.9066183136899365,1.0,0.951022349025202,0.0950442381805352
Edge-IIoTset,CNN_AE,1,6,99.9,0.001,0.9999410516387645,0.9978235294117647,0.9988811682958426,5.427997611681051e-05
Edge-IIoTset,CNN_AE,1,6,99.99,0.0001,0.9999215809284818,0.7500588235294118,0.8571524603388008,5.427997611681051e-05
Edge-IIoTset,CNN_AE,1,6,max,0.0,1.0,0.7500588235294118,0.8571812712177741,0.0
Edge-IIoTset,SNN_Dense,1,6,90,0.1,0.8303619401162506,1.0,0.9073199370213221,0.18851435705368288
Edge-IIoTset,SNN_Dense,1,6,95,0.05,0.8683215854530596,1.0,0.9295204767893269,0.13993377842913748
Edge-IIoTset,SNN_Dense,1,6,96,0.04,0.8759725872108002,1.0,0.9338863405389073,0.1306519025131629
Edge-IIoTset,SNN_Dense,1,6,97,0.03,0.8838055627761893,1.0,0.9383193045398095,0.12131574662107149
Edge-IIoTset,SNN_Dense,1,6,98,0.02,0.8922011126272699,1.0,0.9430298995950519,0.11149107094392878
Edge-IIoTset,SNN_Dense,1,6,99,0.01,0.9023354564755839,1.0,0.9486607142857143,0.09987515605493133
Edge-IIoTset,SNN_Dense,1,6,99.5,0.005,0.9085079093629757,1.0,0.9520609318996416,0.09292731911197959
Edge-IIoTset,SNN_Dense,1,6,99.9,0.001,0.9999091487235395,0.6474117647058824,0.7859463705502195,5.427997611681051e-05
Edge-IIoTset,SNN_Dense,1,6,99.99,0.0001,1.0,0.5971764705882353,0.7477902180318209,0.0
Edge-IIoTset,SNN_Dense,1,6,max,0.0,1.0,0.5969411764705882,0.7476057168115515,0.0
Edge-IIoTset,Dense_SNN,1,6,90,0.1,0.8366141732283464,1.0,0.9110396570203645,0.18020952070781088
Edge-IIoTset,Dense_SNN,1,6,95,0.05,0.8732727179329121,1.0,0.9323497957057065,0.13390870108017153
Edge-IIoTset,Dense_SNN,1,6,96,0.04,0.8807833790995285,1.0,0.9366133164375637,0.12489822504478099
Edge-IIoTset,Dense_SNN,1,6,97,0.03,0.8891213389121339,1.0,0.9413067552602437,0.11507354936763828
Edge-IIoTset,Dense_SNN,1,6,98,0.02,0.895538113048517,1.0,0.9448906428035462,0.10763719263963524
Edge-IIoTset,Dense_SNN,1,6,99,0.01,0.9032463737314702,1.0,0.9491638982719633,0.09884383650871194
Edge-IIoTset,Dense_SNN,1,6,99.5,0.005,0.9066666666666666,1.0,0.9510489510489509,0.09498995820441838
Edge-IIoTset,Dense_SNN,1,6,99.9,0.001,0.9999094694912185,0.6497058823529411,0.7876346002995079,5.427997611681051e-05
Edge-IIoTset,Dense_SNN,1,6,99.99,0.0001,0.9997889850179362,0.2787058823529412,0.4358986153916924,5.427997611681051e-05
Edge-IIoTset,Dense_SNN,1,6,max,0.0,1.0,0.2787058823529412,0.43591866777072413,0.0
Edge-IIoTset,Dense_AE,1,6,90,0.1,0.8329250367466928,1.0,0.9088479016305802,0.18509471855832382
Edge-IIoTset,Dense_AE,1,6,95,0.05,0.8702329152802661,1.0,0.9306144792664568,0.13759973945611464
Edge-IIoTset,Dense_AE,1,6,96,0.04,0.8782352637288836,1.0,0.935170668647028,0.12793790370732236
Edge-IIoTset,Dense_AE,1,6,97,0.03,0.88518614944025,1.0,0.939096809832896,0.11968734733756717
Edge-IIoTset,Dense_AE,1,6,98,0.02,0.8939370037335016,1.0,0.943998667295999,0.1094827118276068
Edge-IIoTset,Dense_AE,1,6,99,0.01,0.9026708437317474,1.0,0.9488460357770769,0.09949519622211367
Edge-IIoTset,Dense_AE,1,6,99.5,0.005,0.9063283040998027,1.0,0.9508627681293174,0.09536991803723606
Edge-IIoTset,Dense_AE,1,6,99.9,0.001,0.999909362820629,0.6489411764705882,0.7870723789819142,5.427997611681051e-05
Edge-IIoTset,Dense_AE,1,6,99.99,0.0001,0.9997389033942559,0.22523529411764706,0.3676428228516563,5.427997611681051e-05
Edge-IIoTset,Dense_AE,1,6,max,0.0,1.0,0.22523529411764706,0.36766047337846275,0.0
Edge-IIoTset,SNN_AE_T2,1,6,90,0.1,0.8304025009769441,1.0,0.9073441502988898,0.1884600770775661
Edge-IIoTset,SNN_AE_T2,1,6,95,0.05,0.8686765457332652,1.0,0.9297238173366147,0.139499538620203
Edge-IIoTset,SNN_AE_T2,1,6,96,0.04,0.8770572150853841,1.0,0.9345023774839898,0.12934918308635945
Edge-IIoTset,SNN_AE_T2,1,6,97,0.03,0.8855550346408293,1.0,0.9393043622399646,0.11925310752863269
Edge-IIoTset,SNN_AE_T2,1,6,98,0.02,0.8952080042127436,1.0,0.9447068630175048,0.10801715247245292
Edge-IIoTset,SNN_AE_T2,1,6,99,0.01,0.902406630186474,0.9991764705882353,0.9483292856544678,0.09971231612658091
Edge-IIoTset,SNN_AE_T2,1,6,99.5,0.005,0.9062583364456064,0.9991764705882353,0.9504518367232746,0.09536991803723606
Edge-IIoTset,SNN_AE_T2,1,6,99.9,0.001,0.9999223421604411,0.7574117647058823,0.8619339291093483,5.427997611681051e-05
Edge-IIoTset,SNN_AE_T2,1,6,99.99,0.0001,1.0,0.2788235294117647,0.43606255749770007,0.0
Edge-IIoTset,SNN_AE_T2,1,6,max,0.0,1.0,0.2787058823529412,0.43591866777072413,0.0
Edge-IIoTset,SNN_AE_T5,1,6,90,0.1,0.8319874712474918,1.0,0.9082894771992627,0.18634315800901047
Edge-IIoTset,SNN_AE_T5,1,6,95,0.05,0.868365939623027,1.0,0.9295458894933974,0.13987949845302067
Edge-IIoTset,SNN_AE_T5,1,6,96,0.04,0.8760628703942283,1.0,0.9339376459277571,0.13054334256092928
Edge-IIoTset,SNN_AE_T5,1,6,97,0.03,0.884403287899282,1.0,0.9386560653746342,0.12061010693155295
Edge-IIoTset,SNN_AE_T5,1,6,98,0.02,0.8941721018304228,1.0,0.9441297345329334,0.10921131194702274
Edge-IIoTset,SNN_AE_T5,1,6,99,0.01,0.9031024224394391,1.0,0.949084412684234,0.09900667643706237
Edge-IIoTset,SNN_AE_T5,1,6,99.5,0.005,0.9066666666666666,1.0,0.9510489510489509,0.09498995820441838
Edge-IIoTset,SNN_AE_T5,1,6,99.9,0.001,0.9999091569767442,0.6474705882352941,0.7859897172236504,5.427997611681051e-05
Edge-IIoTset,SNN_AE_T5,1,6,99.99,0.0001,1.0,0.2787058823529412,0.43591866777072413,0.0
Edge-IIoTset,SNN_AE_T5,1,6,max,0.0,1.0,0.2787058823529412,0.43591866777072413,0.0
Edge-IIoTset,SNN_AE_T7,1,6,90,0.1,0.8281775222877186,1.0,0.9060143363444986,0.19144547576399065
Edge-IIoTset,SNN_AE_T7,1,6,95,0.05,0.8664627930682977,1.0,0.9284543965046423,0.14221353742604353
Edge-IIoTset,SNN_AE_T7,1,6,96,0.04,0.8755214502755317,1.0,0.9336298981245023,0.131194702274331
Edge-IIoTset,SNN_AE_T7,1,6,97,0.03,0.8836677409294106,1.0,0.9382416248137314,0.12147858654942192
Edge-IIoTset,SNN_AE_T7,1,6,98,0.02,0.8936080740117746,1.0,0.9438152342882523,0.10986267166042447
Edge-IIoTset,SNN_AE_T7,1,6,99,0.01,0.9016654290866659,1.0,0.9482902883918112,0.10063507572056668
Edge-IIoTset,SNN_AE_T7,1,6,99.5,0.005,0.9064732856990508,1.0,0.9509425518823069,0.09520707810888564
Edge-IIoTset,SNN_AE_T7,1,6,99.9,0.001,0.9999091569767442,0.6474705882352941,0.7859897172236504,5.427997611681051e-05
Edge-IIoTset,SNN_AE_T7,1,6,99.99,0.0001,1.0,0.5318235294117647,0.69436657578434,0.0
Edge-IIoTset,SNN_AE_T7,1,6,max,0.0,1.0,0.5317647058823529,0.6943164362519201,0.0
Edge-IIoTset,SNN_AE_noBN,1,6,90,0.1,0.8331291350159274,1.0,0.9089693891191017,0.1848233186777398
Edge-IIoTset,SNN_AE_noBN,1,6,95,0.05,0.8706340264263034,1.0,0.930843782511088,0.13711121967106335
Edge-IIoTset,SNN_AE_noBN,1,6,96,0.04,0.8791890773686388,1.0,0.9357111404667547,0.12679802420886935
Edge-IIoTset,SNN_AE_noBN,1,6,97,0.03,0.8877284595300261,1.0,0.9405255878284924,0.1167019486511426
Edge-IIoTset,SNN_AE_noBN,1,6,98,0.02,0.8953494496234266,1.0,0.9447856170283714,0.10785431254410248
Edge-IIoTset,SNN_AE_noBN,1,6,99,0.01,0.9024545744341728,0.9991764705882353,0.9483557590307632,0.09965803615046409
Edge-IIoTset,SNN_AE_noBN,1,6,99.5,0.005,0.9059683183103099,0.9991764705882353,0.9502923158689754,0.09569559789393693
Edge-IIoTset,SNN_AE_noBN,1,6,99.9,0.001,0.999909362820629,0.6489411764705882,0.7870723789819142,5.427997611681051e-05
Edge-IIoTset,SNN_AE_noBN,1,6,99.99,0.0001,0.9998619547211486,0.42605882352941177,0.597508661936974,5.427997611681051e-05
Edge-IIoTset,SNN_AE_noBN,1,6,max,0.0,0.9998619165976249,0.4259411764705882,0.5973929543767016,5.427997611681051e-05
Edge-IIoTset,IF,1,6,90,0.1,0.8339476141333726,0.9982352941176471,0.908725802564995,0.1834120392987027
Edge-IIoTset,IF,1,6,95,0.05,0.8674604825291181,0.9813529411764705,0.92089865312431,0.13835965912175
Edge-IIoTset,IF,1,6,96,0.04,0.8733598937583001,0.9671176470588235,0.9178506629448709,0.12940346306247624
Edge-IIoTset,IF,1,6,97,0.03,0.8787160112514478,0.9371764705882353,0.9070052090746065,0.11936166748086631
Edge-IIoTset,IF,1,6,98,0.02,0.8813688212927757,0.8862941176470588,0.883824607713741,0.11007979156489171
Edge-IIoTset,IF,1,6,99,0.01,0.884352016231296,0.8204705882352941,0.8512144513609178,0.09900667643706237
Edge-IIoTset,IF,1,6,99.5,0.005,0.9199725620212644,0.4733529411764706,0.6250825338874433,0.037995983281767357
Edge-IIoTset,IF,1,6,99.9,0.001,0.0,0.0,0.0,0.00021711990446724203
Edge-IIoTset,IF,1,6,99.99,0.0001,0.0,0.0,0.0,0.0
Edge-IIoTset,IF,1,6,max,0.0,0.0,0.0,0.0,0.0
Edge-IIoTset,OCSVM,1,6,90,0.1,0.8384710234278668,1.0,0.9121395036887994,0.1777669217825544
Edge-IIoTset,OCSVM,1,6,95,0.05,0.8728243569338193,1.0,0.9320941963429009,0.13445150084133964
Edge-IIoTset,OCSVM,1,6,96,0.04,0.8800538385877724,1.0,0.9362006773687255,0.12576670466264994
Edge-IIoTset,OCSVM,1,6,97,0.03,0.8873577617705397,1.0,0.9403174954366945,0.11713618846007708
Edge-IIoTset,OCSVM,1,6,98,0.02,0.8948310348457732,1.0,0.9444969164953608,0.1084513922813874
Edge-IIoTset,OCSVM,1,6,99,0.01,0.9020481799851428,1.0,0.9485019249009653,0.1002008359116322
Edge-IIoTset,OCSVM,1,6,99.5,0.005,0.9058453668673736,1.0,0.9505969189476333,0.09591271779840417
Edge-IIoTset,OCSVM,1,6,99.9,0.001,0.997174476100777,0.9964705882352941,0.9968224079086737,0.0026054388536069046
Edge-IIoTset,OCSVM,1,6,99.99,0.0001,0.0,0.0,0.0,0.0
Edge-IIoTset,OCSVM,1,6,max,0.0,0.0,0.0,0.0,0.0
Edge-IIoTset,LOF,1,6,90,0.1,0.8347902956487575,0.9998823529411764,0.9099084631443712,0.18259783965695056
Edge-IIoTset,LOF,1,6,95,0.05,0.8704870179751114,0.9998823529411764,0.9307087907575218,0.13727405959941377
Edge-IIoTset,LOF,1,6,96,0.04,0.8780412211374554,0.9998823529411764,0.9350092136747435,0.1281550236117896
Edge-IIoTset,LOF,1,6,97,0.03,0.8867442224424853,0.9998823529411764,0.9399209267604854,0.11784182814959561
Edge-IIoTset,LOF,1,6,98,0.02,0.8945844955528657,0.9998823529411764,0.9443071025804839,0.10872279216197145
Edge-IIoTset,LOF,1,6,99,0.01,0.9023678063283075,0.9998235294117647,0.948599174014957,0.09982087607881453
Edge-IIoTset,LOF,1,6,99.5,0.005,0.9063316797354244,0.9994705882352941,0.9506252272918007,0.09531563806111926
Edge-IIoTset,LOF,1,6,99.9,0.001,0.942512749188688,0.4783529411764706,0.6346183861401592,0.02692286815393801
Edge-IIoTset,LOF,1,6,99.99,0.0001,1.0,0.005294117647058823,0.010532475131655937,0.0
Edge-IIoTset,LOF,1,6,max,0.0,1.0,5.882352941176471e-05,0.00011764013881536382,0.0
Edge-IIoTset,SNN_AE,1,7,90,0.1,0.9522742549854358,1.0,0.9755537702283943,0.05084745762711865
Edge-IIoTset,SNN_AE,1,7,95,0.05,0.9994700270875044,0.9984117647058823,0.9989406156200341,0.0005371210312723801
Edge-IIoTset,SNN_AE,1,7,96,0.04,0.9997638027753174,0.9959411764705882,0.997848828642994,0.00023872045834328001
Edge-IIoTset,SNN_AE,1,7,97,0.03,0.999814906219151,0.9532352941176471,0.9759696458684655,0.00017904034375746002
Edge-IIoTset,SNN_AE,1,7,98,0.02,0.9998112138946573,0.9345882352941176,0.9661001489769236,0.00017904034375746002
Edge-IIoTset,SNN_AE,1,7,99,0.01,0.9998033173801875,0.8970588235294118,0.945648466809289,0.00017904034375746002
Edge-IIoTset,SNN_AE,1,7,99.5,0.005,0.9997950819672131,0.861,0.9252212389380532,0.00017904034375746002
Edge-IIoTset,SNN_AE,1,7,99.9,0.001,0.9997911008982662,0.8445882352941176,0.9156595771818501,0.00017904034375746002
Edge-IIoTset,SNN_AE,1,7,99.99,0.0001,0.9998581157775256,0.8290588235294117,0.9064831489580654,0.00011936022917164001
Edge-IIoTset,SNN_AE,1,7,max,0.0,0.9998534905867702,0.8028823529411765,0.8906071580046327,0.00011936022917164001
Edge-IIoTset,LSTM_AE,1,7,90,0.1,0.9519543061933027,1.0,0.9753858511675942,0.051205538314633564
Edge-IIoTset,LSTM_AE,1,7,95,0.05,0.999353359590853,1.0,0.9996765752256623,0.0006564812604440201
Edge-IIoTset,LSTM_AE,1,7,96,0.04,0.999353359590853,1.0,0.9996765752256623,0.0006564812604440201
Edge-IIoTset,LSTM_AE,1,7,97,0.03,0.999353359590853,1.0,0.9996765752256623,0.0006564812604440201
Edge-IIoTset,LSTM_AE,1,7,98,0.02,0.999353359590853,1.0,0.9996765752256623,0.0006564812604440201
Edge-IIoTset,LSTM_AE,1,7,99,0.01,0.9994121105232217,1.0,0.9997059688326962,0.0005968011458582001
Edge-IIoTset,LSTM_AE,1,7,99.5,0.005,0.9996471833470539,1.0,0.9998235605481386,0.00035808068751492004
Edge-IIoTset,LSTM_AE,1,7,99.9,0.001,0.9997647612326511,1.0,0.9998823667803788,0.00023872045834328001
Edge-IIoTset,LSTM_AE,1,7,99.99,0.0001,0.9999411764705882,0.9999411764705882,0.9999411764705882,5.9680114585820004e-05
Edge-IIoTset,LSTM_AE,1,7,max,0.0,0.9999411764705882,0.9999411764705882,0.9999411764705882,5.9680114585820004e-05
Edge-IIoTset,CNN_AE,1,7,90,0.1,0.9512085944494181,1.0,0.9749942647396193,0.05204105991883504
Edge-IIoTset,CNN_AE,1,7,95,0.05,0.999000999000999,1.0,0.9995002498750626,0.00101456194795894
Edge-IIoTset,CNN_AE,1,7,96,0.04,0.999000999000999,1.0,0.9995002498750626,0.00101456194795894
Edge-IIoTset,CNN_AE,1,7,97,0.03,0.9996467887207865,0.9988823529411764,0.9992644246329478,0.00035808068751492004
Edge-IIoTset,CNN_AE,1,7,98,0.02,0.9996467887207865,0.9988823529411764,0.9992644246329478,0.00035808068751492004
Edge-IIoTset,CNN_AE,1,7,99,0.01,0.9996467887207865,0.9988823529411764,0.9992644246329478,0.00035808068751492004
Edge-IIoTset,CNN_AE,1,7,99.5,0.005,0.9996467887207865,0.9988823529411764,0.9992644246329478,0.00035808068751492004
Edge-IIoTset,CNN_AE,1,7,99.9,0.001,0.999764498086547,0.9988823529411764,0.9993232308371341,0.00023872045834328001
Edge-IIoTset,CNN_AE,1,7,99.99,0.0001,0.9998822351763528,0.9988823529411764,0.9993820439631579,0.00011936022917164001
Edge-IIoTset,CNN_AE,1,7,max,0.0,0.9998822351763528,0.9988823529411764,0.9993820439631579,0.00011936022917164001
Edge-IIoTset,SNN_Dense,1,7,90,0.1,0.9534492428491307,1.0,0.9761699684180305,0.049534495106230605
Edge-IIoTset,SNN_Dense,1,7,95,0.05,0.9993525984344653,0.9988235294117647,0.9990879938807331,0.0006564812604440201
Edge-IIoTset,SNN_Dense,1,7,96,0.04,0.9996467679265277,0.9988235294117647,0.9992349791090449,0.00035808068751492004
Edge-IIoTset,SNN_Dense,1,7,97,0.03,0.9997643732327992,0.9983529411764706,0.9990581587002589,0.00023872045834328001
Edge-IIoTset,SNN_Dense,1,7,98,0.02,0.9997640396413403,0.9969411764705882,0.9983506126295948,0.00023872045834328001
Edge-IIoTset,SNN_Dense,1,7,99,0.01,0.9997631454287068,0.9931764705882353,0.9964589235127479,0.00023872045834328001
Edge-IIoTset,SNN_Dense,1,7,99.5,0.005,0.9998190045248869,0.9748235294117648,0.9871630677587492,0.00017904034375746002
Edge-IIoTset,SNN_Dense,1,7,99.9,0.001,0.9998174849425078,0.9667058823529412,0.9829829231091306,0.00017904034375746002
Edge-IIoTset,SNN_Dense,1,7,99.99,0.0001,0.99987085943049,0.9108823529411765,0.9533043986825499,0.00011936022917164001
Edge-IIoTset,SNN_Dense,1,7,max,0.0,0.9998641765704585,0.8660588235294118,0.9281639085894404,0.00011936022917164001
Edge-IIoTset,Dense_SNN,1,7,90,0.1,0.9527545816286499,1.0,0.9758057572539679,0.050310336595846265
Edge-IIoTset,Dense_SNN,1,7,95,0.05,0.9994702142688957,0.9987647058823529,0.9991173355301871,0.0005371210312723801
Edge-IIoTset,Dense_SNN,1,7,96,0.04,0.9994697773064687,0.9979411764705882,0.9987048919762171,0.0005371210312723801
Edge-IIoTset,Dense_SNN,1,7,97,0.03,0.9994685562444642,0.9956470588235294,0.997554147635185,0.0005371210312723801
Edge-IIoTset,Dense_SNN,1,7,98,0.02,0.9994675501390285,0.993764705882353,0.9966079697961833,0.0005371210312723801
Edge-IIoTset,Dense_SNN,1,7,99,0.01,0.999441132637854,0.946764705882353,0.9723900434992749,0.0005371210312723801
Edge-IIoTset,Dense_SNN,1,7,99.5,0.005,0.9994938630899658,0.9292941176470588,0.9631165030787051,0.00047744091668656003
Edge-IIoTset,Dense_SNN,1,7,99.9,0.001,0.9997336884154461,0.8832941176470588,0.9379138038725796,0.00023872045834328001
Edge-IIoTset,Dense_SNN,1,7,99.99,0.0001,0.9997225690109586,0.8478823529411764,0.9175631803424787,0.00023872045834328001
Edge-IIoTset,Dense_SNN,1,7,max,0.0,0.999844127503702,0.7546470588235294,0.8601119640642286,0.00011936022917164001
Edge-IIoTset,Dense_AE,1,7,90,0.1,0.9524876736889287,1.0,0.9756657483930211,0.05060873716877536
Edge-IIoTset,Dense_AE,1,7,95,0.05,0.9987072511458456,0.9997647058823529,0.9992356987477219,0.0013129625208880401
Edge-IIoTset,Dense_AE,1,7,96,0.04,0.998824428378299,0.9995882352941177,0.9992061858701086,0.0011936022917164002
Edge-IIoTset,Dense_AE,1,7,97,0.03,0.9995879201742509,0.9988235294117647,0.9992055786035837,0.00041776080210074003
Edge-IIoTset,Dense_AE,1,7,98,0.02,0.9995879201742509,0.9988235294117647,0.9992055786035837,0.00041776080210074003
Edge-IIoTset,Dense_AE,1,7,99,0.01,0.9997050147492625,0.9967647058823529,0.9982326951399115,0.00029840057292910004
Edge-IIoTset,Dense_AE,1,7,99.5,0.005,0.9997050147492625,0.9967647058823529,0.9982326951399115,0.00029840057292910004
Edge-IIoTset,Dense_AE,1,7,99.9,0.001,0.9997049625302413,0.9965882352941177,0.9981441659056766,0.00029840057292910004
Edge-IIoTset,Dense_AE,1,7,99.99,0.0001,0.9998747181157605,0.9389411764705883,0.9684504307729644,0.00011936022917164001
Edge-IIoTset,Dense_AE,1,7,max,0.0,0.9998721472863261,0.9200588235294118,0.9583065281990013,0.00011936022917164001
Edge-IIoTset,SNN_AE_T2,1,7,90,0.1,0.9531285041489123,1.0,0.9760018371799287,0.04989257579374552
Edge-IIoTset,SNN_AE_T2,1,7,95,0.05,0.9972395160343005,0.9987647058823529,0.9980015282431082,0.0028049653855335404
Edge-IIoTset,SNN_AE_T2,1,7,96,0.04,0.9979967004477964,0.9963529411764706,0.9971741434122219,0.00202912389591788
Edge-IIoTset,SNN_AE_T2,1,7,97,0.03,0.9986313597143707,0.9871764705882353,0.992870877089188,0.00137264263547386
Edge-IIoTset,SNN_AE_T2,1,7,98,0.02,0.998979653082048,0.9790588235294118,0.9889189269481001,0.00101456194795894
Edge-IIoTset,SNN_AE_T2,1,7,99,0.01,0.9991451305319918,0.8937647058823529,0.9435215946843852,0.0007758414896156601
Edge-IIoTset,SNN_AE_T2,1,7,99.5,0.005,0.9991412339807108,0.8897058823529411,0.9412533449499035,0.0007758414896156601
Edge-IIoTset,SNN_AE_T2,1,7,99.9,0.001,0.9998540465591477,0.8059411764705883,0.8924860762791911,0.00011936022917164001
Edge-IIoTset,SNN_AE_T2,1,7,99.99,0.0001,0.9998471999388799,0.7698235294117647,0.8698860048522715,0.00011936022917164001
Edge-IIoTset,SNN_AE_T2,1,7,max,0.0,0.9998438597860879,0.7533529411764706,0.859270690060049,0.00011936022917164001
Edge-IIoTset,SNN_AE_T5,1,7,90,0.1,0.9478672985781991,1.0,0.9732360097323601,0.055800907137741704
Edge-IIoTset,SNN_AE_T5,1,7,95,0.05,0.9991762283024419,0.9988823529411764,0.9990292690101484,0.0008355216042014801
Edge-IIoTset,SNN_AE_T5,1,7,96,0.04,0.9994701518897916,0.9986470588235294,0.9990584358265168,0.0005371210312723801
Edge-IIoTset,SNN_AE_T5,1,7,97,0.03,0.9995286909390833,0.998,0.9987637605227526,0.00047744091668656003
Edge-IIoTset,SNN_AE_T5,1,7,98,0.02,0.9995274381239293,0.9953529411764706,0.9974358218633028,0.00047744091668656003
Edge-IIoTset,SNN_AE_T5,1,7,99,0.01,0.999640933572711,0.9825882352941177,0.9910412340551764,0.00035808068751492004
Edge-IIoTset,SNN_AE_T5,1,7,99.5,0.005,0.9998145515237683,0.9514117647058824,0.9750128100792719,0.00017904034375746002
Edge-IIoTset,SNN_AE_T5,1,7,99.9,0.001,0.9998118414450577,0.9377058823529412,0.9677634774162215,0.00017904034375746002
Edge-IIoTset,SNN_AE_T5,1,7,99.99,0.0001,0.9998086124401914,0.9218823529411765,0.959265493496557,0.00017904034375746002
Edge-IIoTset,SNN_AE_T5,1,7,max,0.0,0.9998039728175641,0.9000588235294118,0.9473130262506191,0.00017904034375746002
Edge-IIoTset,SNN_AE_T7,1,7,90,0.1,0.9516878463863853,1.0,0.9752459627685512,0.05150393888756266
Edge-IIoTset,SNN_AE_T7,1,7,95,0.05,0.9992208570572371,0.9807058823529412,0.9898767997625056,0.0007758414896156601
Edge-IIoTset,SNN_AE_T7,1,7,96,0.04,0.9995763481208013,0.9715294117647059,0.985353339498255,0.00041776080210074003
Edge-IIoTset,SNN_AE_T7,1,7,97,0.03,0.9998156568759985,0.9571176470588235,0.9780008414978663,0.00017904034375746002
Edge-IIoTset,SNN_AE_T7,1,7,98,0.02,0.9998755444928438,0.9451764705882353,0.97175687934684,0.00011936022917164001
Edge-IIoTset,SNN_AE_T7,1,7,99,0.01,0.9998742770932864,0.9356470588235294,0.9666950285644828,0.00011936022917164001
Edge-IIoTset,SNN_AE_T7,1,7,99.5,0.005,0.9998733455765942,0.9287647058823529,0.963008142478119,0.00011936022917164001
Edge-IIoTset,SNN_AE_T7,1,7,99.9,0.001,0.999871729091842,0.9170588235294118,0.9566764850270005,0.00011936022917164001
Edge-IIoTset,SNN_AE_T7,1,7,99.99,0.0001,0.9998667821221608,0.883,0.9378065161028333,0.00011936022917164001
Edge-IIoTset,SNN_AE_T7,1,7,max,0.0,0.9998662565199946,0.8795294117647059,0.9358452775865306,0.00011936022917164001
Edge-IIoTset,SNN_AE_noBN,1,7,90,0.1,0.9539842873176206,1.0,0.9764503159103963,0.048937693960372404
Edge-IIoTset,SNN_AE_noBN,1,7,95,0.05,0.9987625950150256,0.9970588235294118,0.9979099820435078,0.00125328240630222
Edge-IIoTset,SNN_AE_noBN,1,7,96,0.04,0.9991310824230387,0.9469411764705883,0.972336313119111,0.0008355216042014801
Edge-IIoTset,SNN_AE_noBN,1,7,97,0.03,0.9991127447873757,0.9273529411764706,0.9618963360688246,0.0008355216042014801
Edge-IIoTset,SNN_AE_noBN,1,7,98,0.02,0.999807272260054,0.9154705882352941,0.9557821040348831,0.00017904034375746002
Edge-IIoTset,SNN_AE_noBN,1,7,99,0.01,0.9998697492673396,0.9031176470588236,0.9490341523721217,0.00011936022917164001
Edge-IIoTset,SNN_AE_noBN,1,7,99.5,0.005,0.9998687491796824,0.896235294117647,0.9452199267944661,0.00011936022917164001
Edge-IIoTset,SNN_AE_noBN,1,7,99.9,0.001,0.999858806918461,0.8331176470588235,0.9089042194769773,0.00011936022917164001
Edge-IIoTset,SNN_AE_noBN,1,7,99.99,0.0001,0.9998549147624229,0.8107647058823529,0.8954360890043852,0.00011936022917164001
Edge-IIoTset,SNN_AE_noBN,1,7,max,0.0,0.9998434687328794,0.7514705882352941,0.8580447996776036,0.00011936022917164001
Edge-IIoTset,IF,1,7,90,0.1,0.952180918402578,0.9733529411764706,0.9626505323171797,0.049594175220816425
Edge-IIoTset,IF,1,7,95,0.05,0.9903867988797215,0.7696470588235295,0.8661745721756976,0.007579374552399141
Edge-IIoTset,IF,1,7,96,0.04,0.9930025945435962,0.7429411764705882,0.8499613042161581,0.00531153019813798
Edge-IIoTset,IF,1,7,97,0.03,0.9943070075561536,0.5650588235294117,0.7206031281647349,0.0032824063022201004
Edge-IIoTset,IF,1,7,98,0.02,0.9885007593838143,0.268,0.42167615345457904,0.00316304607304846
Edge-IIoTset,IF,1,7,99,0.01,0.987816091954023,0.25276470588235295,0.40252927400468386,0.00316304607304846
Edge-IIoTset,IF,1,7,99.5,0.005,0.9877908316056209,0.25223529411764706,0.4018555831498056,0.00316304607304846
Edge-IIoTset,IF,1,7,99.9,0.001,0.125,0.00011764705882352942,0.00023507287259050307,0.0008355216042014801
Edge-IIoTset,IF,1,7,99.99,0.0001,0.6666666666666666,0.00011764705882352942,0.00023525260248191497,5.9680114585820004e-05
Edge-IIoTset,IF,1,7,max,0.0,0.6666666666666666,0.00011764705882352942,0.00023525260248191497,5.9680114585820004e-05
Edge-IIoTset,OCSVM,1,7,90,0.1,0.9512618208270383,1.0,0.9750222247713,0.051981379804249224
Edge-IIoTset,OCSVM,1,7,95,0.05,0.9964830011723329,1.0,0.9982384028185555,0.0035808068751492002
Edge-IIoTset,OCSVM,1,7,96,0.04,0.9973014196879033,1.0,0.9986488868002115,0.00274528527094772
Edge-IIoTset,OCSVM,1,7,97,0.03,0.9984729237636556,1.0,0.9992358784458943,0.0015516829792313201
Edge-IIoTset,OCSVM,1,7,98,0.02,0.999000999000999,1.0,0.9995002498750626,0.00101456194795894
Edge-IIoTset,OCSVM,1,7,99,0.01,0.9995884047745046,1.0,0.999794160025877,0.00041776080210074003
Edge-IIoTset,OCSVM,1,7,99.5,0.005,0.9997646643525328,0.9995882352941177,0.9996764420390034,0.00023872045834328001
Edge-IIoTset,OCSVM,1,7,99.9,0.001,0.9999390986601705,0.9658235294117647,0.9825852782764812,5.9680114585820004e-05
Edge-IIoTset,OCSVM,1,7,99.99,0.0001,0.9999375858194982,0.9424117647058824,0.9703228150929684,5.9680114585820004e-05
Edge-IIoTset,OCSVM,1,7,max,0.0,0.9999356664951107,0.9142941176470588,0.9551991150442477,5.9680114585820004e-05
Edge-IIoTset,LOF,1,7,90,0.1,0.932251036615363,0.7802941176470588,0.8495308847545551,0.05753163046073048
Edge-IIoTset,LOF,1,7,95,0.05,0.972702925422332,0.5554705882352942,0.7071289501273027,0.0158152303652423
Edge-IIoTset,LOF,1,7,96,0.04,0.9890625,0.5212941176470588,0.6827426810477658,0.00584865122941036
Edge-IIoTset,LOF,1,7,97,0.03,0.9968181818181818,0.516,0.68,0.0016710432084029601
Edge-IIoTset,LOF,1,7,98,0.02,0.9971940954007563,0.4808235294117647,0.6488073977060762,0.00137264263547386
Edge-IIoTset,LOF,1,7,99,0.01,0.9998062015503876,0.3034705882352941,0.4656137184115523,5.9680114585820004e-05
Edge-IIoTset,LOF,1,7,99.5,0.005,0.9997730882686635,0.2591764705882353,0.4116410519923389,5.9680114585820004e-05
Edge-IIoTset,LOF,1,7,99.9,0.001,0.9996798975672215,0.18370588235294116,0.31037567084078715,5.9680114585820004e-05
Edge-IIoTset,LOF,1,7,99.99,0.0001,0.9996468926553672,0.16652941176470587,0.28549818475191613,5.9680114585820004e-05
Edge-IIoTset,LOF,1,7,max,0.0,0.9988913525498891,0.053,0.10065914422969499,5.9680114585820004e-05
Edge-IIoTset,SNN_AE,1,8,90,0.1,0.9145193393942654,1.0,0.9553513726151339,0.09488266555203917
Edge-IIoTset,SNN_AE,1,8,95,0.05,0.9592596772373321,1.0,0.9792062669201083,0.04311219919985669
Edge-IIoTset,SNN_AE,1,8,96,0.04,0.9679439731253203,1.0,0.9837109047247057,0.03361796142592703
Edge-IIoTset,SNN_AE,1,8,97,0.03,0.977348510980798,1.0,0.9885445135779497,0.02352660177942318
Edge-IIoTset,SNN_AE,1,8,98,0.02,0.9873947139122858,0.9998823529411764,0.9935992985532661,0.012957544634859975
Edge-IIoTset,SNN_AE,1,8,99,0.01,0.9919340697878309,0.9982941176470588,0.9951039315136767,0.008240281841523854
Edge-IIoTset,SNN_AE,1,8,99.5,0.005,0.9962430290578221,0.9982941176470588,0.9972675187307184,0.0038215799844748314
Edge-IIoTset,SNN_AE,1,8,99.9,0.001,0.9994834710743802,0.9105882352941177,0.9529672494459493,0.0004776974980593539
Edge-IIoTset,SNN_AE,1,8,99.99,0.0001,0.9994831039607159,0.9099411764705883,0.9526126181605444,0.0004776974980593539
Edge-IIoTset,SNN_AE,1,8,max,0.0,0.9995625227852716,0.8064117647058824,0.8926583102718542,0.00035827312354451543
Edge-IIoTset,LSTM_AE,1,8,90,0.1,0.9163926472966417,1.0,0.9563725352310765,0.09261360243625724
Edge-IIoTset,LSTM_AE,1,8,95,0.05,0.9586105785496786,1.0,0.9788679679852594,0.04382874544694572
Edge-IIoTset,LSTM_AE,1,8,96,0.04,0.9683850754770721,1.0,0.9839386485313268,0.033140263927867675
Edge-IIoTset,LSTM_AE,1,8,97,0.03,0.9784172661870504,1.0,0.989090909090909,0.022392070221532216
Edge-IIoTset,LSTM_AE,1,8,98,0.02,0.9879700122043354,1.0,0.993948607010261,0.012360422762285782
Edge-IIoTset,LSTM_AE,1,8,99,0.01,0.9981211836542978,1.0,0.999059708509638,0.0019107899922374157
Edge-IIoTset,LSTM_AE,1,8,99.5,0.005,0.9991184249191889,1.0,0.9995590180802587,0.0008956828088612886
Edge-IIoTset,LSTM_AE,1,8,99.9,0.001,0.9992358784458943,1.0,0.999617793196719,0.0007762584343464501
Edge-IIoTset,LSTM_AE,1,8,99.99,0.0001,0.9992946155654832,1.0,0.9996471833470539,0.0007165462470890309
Edge-IIoTset,LSTM_AE,1,8,max,0.0,0.9999215870775504,0.7501176470588236,0.8571908715087555,5.971218725741924e-05
Edge-IIoTset,CNN_AE,1,8,90,0.1,0.9157509157509157,1.0,0.9560229445506693,0.09338986087060369
Edge-IIoTset,CNN_AE,1,8,95,0.05,0.9611579125911687,1.0,0.9801943091071583,0.04102227264584702
Edge-IIoTset,CNN_AE,1,8,96,0.04,0.9704304144308711,1.0,0.9849933368097804,0.030930912999343165
Edge-IIoTset,CNN_AE,1,8,97,0.03,0.979883566776183,1.0,0.9898395877609246,0.020839553352839314
Edge-IIoTset,CNN_AE,1,8,98,0.02,0.9879700122043354,1.0,0.993948607010261,0.012360422762285782
Edge-IIoTset,CNN_AE,1,8,99,0.01,0.9968920424558728,1.0,0.9984436026194461,0.0031647459246432197
Edge-IIoTset,CNN_AE,1,8,99.5,0.005,0.9983556495184402,1.0,0.9991771482308687,0.0016719412432077386
Edge-IIoTset,CNN_AE,1,8,99.9,0.001,0.9987662299512368,1.0,0.9993827341935864,0.001253955932405804
Edge-IIoTset,CNN_AE,1,8,99.99,0.0001,0.9992352041416638,0.9991176470588236,0.999176422142479,0.0007762584343464501
Edge-IIoTset,CNN_AE,1,8,max,0.0,1.0,0.7501176470588236,0.857219682710406,0.0
Edge-IIoTset,SNN_Dense,1,8,90,0.1,0.9153564505707517,1.0,0.955807938828292,0.09386755836866305
Edge-IIoTset,SNN_Dense,1,8,95,0.05,0.9594220892826909,1.0,0.9792908781934963,0.042933062638084434
Edge-IIoTset,SNN_Dense,1,8,96,0.04,0.9677235726077305,1.0,0.9835970723522435,0.03385681017495671
Edge-IIoTset,SNN_Dense,1,8,97,0.03,0.9780232424347025,1.0,0.9888895352219185,0.022810055532334148
Edge-IIoTset,SNN_Dense,1,8,98,0.02,0.9864221886967622,1.0,0.9931646900741952,0.013972651818236101
Edge-IIoTset,SNN_Dense,1,8,99,0.01,0.9922372030584252,1.0,0.9961034775730232,0.007941720905236758
Edge-IIoTset,SNN_Dense,1,8,99.5,0.005,0.9953744364424146,1.0,0.9976818568619971,0.00471726279333612
Edge-IIoTset,SNN_Dense,1,8,99.9,0.001,0.9987641242937854,0.9982941176470588,0.9985290656625088,0.001253955932405804
Edge-IIoTset,SNN_Dense,1,8,99.99,0.0001,0.9989992936190252,0.9982941176470588,0.998646581146287,0.0010151071833761271
Edge-IIoTset,SNN_Dense,1,8,max,0.0,1.0,0.6467647058823529,0.7854974102518306,0.0
Edge-IIoTset,Dense_SNN,1,8,90,0.1,0.9167880062557299,1.0,0.9565877950651324,0.09213590493819789
Edge-IIoTset,Dense_SNN,1,8,95,0.05,0.96045197740113,1.0,0.9798270893371758,0.04179853108019347
Edge-IIoTset,Dense_SNN,1,8,96,0.04,0.969710798014945,1.0,0.9846225131041674,0.03170717143368962
Edge-IIoTset,Dense_SNN,1,8,97,0.03,0.978642565194865,1.0,0.9892060167001252,0.022153221472502538
Edge-IIoTset,Dense_SNN,1,8,98,0.02,0.987966515521451,0.9997058823529412,0.9938015320741477,0.012360422762285782
Edge-IIoTset,Dense_SNN,1,8,99,0.01,0.9938004444964323,0.9995294117647059,0.9966566954073554,0.006329491849286439
Edge-IIoTset,Dense_SNN,1,8,99.5,0.005,0.9955472228732131,0.9995294117647059,0.9975343430785488,0.004538126231563862
Edge-IIoTset,Dense_SNN,1,8,99.9,0.001,0.9988229062444823,0.9982941176470588,0.9985584419405137,0.0011942437451483848
Edge-IIoTset,Dense_SNN,1,8,99.99,0.0001,0.9991154617289775,0.9966470588235294,0.9978797337887979,0.0008956828088612886
Edge-IIoTset,Dense_SNN,1,8,max,0.0,0.999530626613471,0.7515882352941177,0.8580062451734211,0.00035827312354451543
Edge-IIoTset,Dense_AE,1,8,90,0.1,0.9172331930506097,1.0,0.9568300782349299,0.09159849525288111
Edge-IIoTset,Dense_AE,1,8,95,0.05,0.9614297025223391,1.0,0.9803356207831151,0.04072371170955992
Edge-IIoTset,Dense_AE,1,8,96,0.04,0.9691027248888382,1.0,0.9843089572115106,0.032364005493521225
Edge-IIoTset,Dense_AE,1,8,97,0.03,0.9781920708901548,1.0,0.9889758282672562,0.02263091897056189
Edge-IIoTset,Dense_AE,1,8,98,0.02,0.987453531598513,1.0,0.9936871638999298,0.012897832447602555
Edge-IIoTset,Dense_AE,1,8,99,0.01,0.9938033438559569,1.0,0.9968920424558729,0.006329491849286439
Edge-IIoTset,Dense_AE,1,8,99.5,0.005,0.9961910342806914,1.0,0.9980918831645383,0.0038812921717322505
Edge-IIoTset,Dense_AE,1,8,99.9,0.001,0.9987656497972139,0.9995294117647059,0.9991473848234499,0.001253955932405804
Edge-IIoTset,Dense_AE,1,8,99.99,0.0001,0.999234573716439,0.9982941176470588,0.9987641242937852,0.0007762584343464501
Edge-IIoTset,Dense_AE,1,8,max,0.0,0.9995454545454545,0.6467647058823529,0.7853571428571429,0.0002985609362870962
Edge-IIoTset,SNN_AE_T2,1,8,90,0.1,0.9151593453919036,1.0,0.9557004722284687,0.09410640711769272
Edge-IIoTset,SNN_AE_T2,1,8,95,0.05,0.958232343159912,1.0,0.9786707348665841,0.044246730757747654
Edge-IIoTset,SNN_AE_T2,1,8,96,0.04,0.9676134099834937,1.0,0.9835401660447222,0.033976234549471546
Edge-IIoTset,SNN_AE_T2,1,8,97,0.03,0.9781870503597122,0.9997647058823529,0.9888581818181819,0.02263091897056189
Edge-IIoTset,SNN_AE_T2,1,8,98,0.02,0.9852668213457076,0.9991764705882353,0.9921728971962617,0.015166895563384486
Edge-IIoTset,SNN_AE_T2,1,8,99,0.01,0.9912753249795058,0.9958235294117647,0.9935442220787605,0.008897115901355467
Edge-IIoTset,SNN_AE_T2,1,8,99.5,0.005,0.9951593137254902,0.9553529411764706,0.9748499399759905,0.00471726279333612
Edge-IIoTset,SNN_AE_T2,1,8,99.9,0.001,0.9986902874474392,0.8522352941176471,0.9196686450630019,0.0011345315578909655
Edge-IIoTset,SNN_AE_T2,1,8,99.99,0.0001,0.9991984260001457,0.8065882352941176,0.892621163297855,0.0006568340598316116
Edge-IIoTset,SNN_AE_T2,1,8,max,0.0,0.9993451211525868,0.7181176470588235,0.8357064622124862,0.0004776974980593539
Edge-IIoTset,SNN_AE_T5,1,8,90,0.1,0.9159976291826069,1.0,0.9561573722545629,0.0930912999343166
Edge-IIoTset,SNN_AE_T5,1,8,95,0.05,0.9601265107873037,1.0,0.9796576960756065,0.042156804203737984
Edge-IIoTset,SNN_AE_T5,1,8,96,0.04,0.9687161661633141,1.0,0.9841095256013198,0.03278199080432316
Edge-IIoTset,SNN_AE_T5,1,8,97,0.03,0.9774047030414534,1.0,0.9885732561858518,0.023466889592165762
Edge-IIoTset,SNN_AE_T5,1,8,98,0.02,0.9881388452817024,0.9997058823529412,0.9938887101962046,0.012181286200513525
Edge-IIoTset,SNN_AE_T5,1,8,99,0.01,0.9949580817259776,0.9982941176470588,0.9966233079836744,0.005135248104138054
Edge-IIoTset,SNN_AE_T5,1,8,99.5,0.005,0.9961260785349534,0.9982941176470588,0.9972089197050269,0.00394100435898967
Edge-IIoTset,SNN_AE_T5,1,8,99.9,0.001,0.9981744302455686,0.9970588235294118,0.9976163149995586,0.0018510778049799965
Edge-IIoTset,SNN_AE_T5,1,8,99.99,0.0001,0.9990889212827988,0.9675882352941176,0.9830863016973463,0.0008956828088612886
Edge-IIoTset,SNN_AE_T5,1,8,max,0.0,0.9995479544940857,0.7804117647058824,0.8764906021867671,0.00035827312354451543
Edge-IIoTset,SNN_AE_T7,1,8,90,0.1,0.9175797484751984,1.0,0.9570186055675965,0.09118050994207917
Edge-IIoTset,SNN_AE_T7,1,8,95,0.05,0.9621915327145121,1.0,0.9807315103265258,0.03988774108795605
Edge-IIoTset,SNN_AE_T7,1,8,96,0.04,0.9709846927119031,1.0,0.9852787759360149,0.030333791126768973
Edge-IIoTset,SNN_AE_T7,1,8,97,0.03,0.9784735812133072,1.0,0.9891196834817012,0.022332358034274795
Edge-IIoTset,SNN_AE_T7,1,8,98,0.02,0.9871095110904656,1.0,0.9935129448892525,0.013256105571147071
Edge-IIoTset,SNN_AE_T7,1,8,99,0.01,0.9919477185202474,1.0,0.9959575839240729,0.008240281841523854
Edge-IIoTset,SNN_AE_T7,1,8,99.5,0.005,0.994966639353857,1.0,0.9974769700170159,0.005135248104138054
Edge-IIoTset,SNN_AE_T7,1,8,99.9,0.001,0.9993689259119021,0.9315294117647058,0.9642574438287765,0.0005971218725741924
Edge-IIoTset,SNN_AE_T7,1,8,99.99,0.0001,0.9993604093380236,0.9191176470588235,0.9575609008732955,0.0005971218725741924
Edge-IIoTset,SNN_AE_T7,1,8,max,0.0,0.9996363305755068,0.6467647058823529,0.7853851923282973,0.00023884874902967696
Edge-IIoTset,SNN_AE_noBN,1,8,90,0.1,0.9149130832570905,1.0,0.9555661729574774,0.09440496805397981
Edge-IIoTset,SNN_AE_noBN,1,8,95,0.05,0.9569377990430622,1.0,0.9779951100244498,0.04567982325192572
Edge-IIoTset,SNN_AE_noBN,1,8,96,0.04,0.9666230738613749,1.0,0.9830283054326769,0.035051053920105095
Edge-IIoTset,SNN_AE_noBN,1,8,97,0.03,0.9755537702283944,1.0,0.9876256317899262,0.025437391771660597
Edge-IIoTset,SNN_AE_noBN,1,8,98,0.02,0.9859032370344587,0.9997058823529412,0.9927565862491968,0.014510061503552876
Edge-IIoTset,SNN_AE_noBN,1,8,99,0.01,0.9917051229627899,0.9986470588235294,0.9951639848764617,0.008479130590553533
Edge-IIoTset,SNN_AE_noBN,1,8,99.5,0.005,0.9944333763037618,0.9982941176470588,0.9963600070451476,0.005672657789454828
Edge-IIoTset,SNN_AE_noBN,1,8,99.9,0.001,0.9976359338061466,0.9681176470588235,0.9826551631489386,0.0023287753030393505
Edge-IIoTset,SNN_AE_noBN,1,8,99.99,0.0001,0.999096657633243,0.9108235294117647,0.9529201797033664,0.0008359706216038693
Edge-IIoTset,SNN_AE_noBN,1,8,max,0.0,0.9995297805642633,0.7502352941176471,0.8571236559139785,0.00035827312354451543
Edge-IIoTset,IF,1,8,90,0.1,0.918276776532987,0.9980588235294118,0.9565070327254278,0.09016540275870305
Edge-IIoTset,IF,1,8,95,0.05,0.9595061150447657,0.9645294117647059,0.9620112059608672,0.04132083358213411
Edge-IIoTset,IF,1,8,96,0.04,0.9673873436171505,0.937,0.9519512340883285,0.03206544455723413
Edge-IIoTset,IF,1,8,97,0.03,0.9767702026849171,0.8731176470588236,0.9220400049695616,0.021078402101868992
Edge-IIoTset,IF,1,8,98,0.02,0.985845975176018,0.7989411764705883,0.8826071416967215,0.011643876515196752
Edge-IIoTset,IF,1,8,99,0.01,0.9915043680371884,0.7277058823529412,0.8393662855785867,0.006329491849286439
Edge-IIoTset,IF,1,8,99.5,0.005,0.9931239546552686,0.6287058823529412,0.7699733448598806,0.0044187018570490235
Edge-IIoTset,IF,1,8,99.9,0.001,0.06896551724137931,0.00011764705882352942,0.00023489341711198546,0.0016122290559503194
Edge-IIoTset,IF,1,8,99.99,0.0001,0.18181818181818182,0.00011764705882352942,0.00023514196696255364,0.0005374096853167731
Edge-IIoTset,IF,1,8,max,0.0,0.25,0.00011764705882352942,0.00023518344308560675,0.00035827312354451543
Edge-IIoTset,OCSVM,1,8,90,0.1,0.9134873723804406,1.0,0.9547879809042404,0.09613662148444498
Edge-IIoTset,OCSVM,1,8,95,0.05,0.96045197740113,1.0,0.9798270893371758,0.04179853108019347
Edge-IIoTset,OCSVM,1,8,96,0.04,0.9691027248888382,1.0,0.9843089572115106,0.032364005493521225
Edge-IIoTset,OCSVM,1,8,97,0.03,0.9779107225034515,1.0,0.9888320148906469,0.022929479906848987
Edge-IIoTset,OCSVM,1,8,98,0.02,0.9882571793977445,1.0,0.9940939126366879,0.012061861825998686
Edge-IIoTset,OCSVM,1,8,99,0.01,0.9953161592505855,1.0,0.9976525821596244,0.004776974980593539
Edge-IIoTset,OCSVM,1,8,99.5,0.005,0.9974769700170157,1.0,0.9987368915782979,0.002567624052069027
Edge-IIoTset,OCSVM,1,8,99.9,0.001,0.999000999000999,1.0,0.9995002498750626,0.0010151071833761271
Edge-IIoTset,OCSVM,1,8,99.99,0.0001,0.9991757433029144,0.9982941176470588,0.9987347359129026,0.0008359706216038693
Edge-IIoTset,OCSVM,1,8,max,0.0,1.0,0.7501176470588236,0.857219682710406,0.0
Edge-IIoTset,LOF,1,8,90,0.1,0.91623996119226,0.9999411764705882,0.9562624813658482,0.09279273899802949
Edge-IIoTset,LOF,1,8,95,0.05,0.959636445749125,0.9999411764705882,0.9793743158379905,0.042694213889054755
Edge-IIoTset,LOF,1,8,96,0.04,0.970207179955482,0.9999411764705882,0.9848498015700589,0.031169761748372844
Edge-IIoTset,LOF,1,8,97,0.03,0.9791486665514659,0.9999411764705882,0.9894356974476878,0.021615811787185763
Edge-IIoTset,LOF,1,8,98,0.02,0.988601337598139,0.9999411764705882,0.9942389238192718,0.01170358870245417
Edge-IIoTset,LOF,1,8,99,0.01,0.9964579094129173,0.7777647058823529,0.8736330899600251,0.0028064728010987043
Edge-IIoTset,LOF,1,8,99.5,0.005,0.9973275024295433,0.48294117647058826,0.6507609384908053,0.0013136681196632232
Edge-IIoTset,LOF,1,8,99.9,0.001,0.9987115773973864,0.3191764705882353,0.48375161592297056,0.00041798531080193465
Edge-IIoTset,LOF,1,8,99.99,0.0001,0.9989890820865346,0.2906470588235294,0.45028706825845255,0.0002985609362870962
Edge-IIoTset,LOF,1,8,max,0.0,0.9995473064735174,0.25976470588235295,0.41236343262676256,0.00011942437451483848
Edge-IIoTset,SNN_AE,1,9,90,0.1,0.9503046564928168,1.0,0.974519189429333,0.05308096489133031
Edge-IIoTset,SNN_AE,1,9,95,0.05,0.9974719266270797,0.998,0.9977358934399717,0.0025674707427752567
Edge-IIoTset,SNN_AE,1,9,96,0.04,0.9978232733262736,0.9977058823529412,0.9977645743867287,0.002209219011225221
Edge-IIoTset,SNN_AE,1,9,97,0.03,0.9985108410769598,0.9860588235294118,0.9922457677281875,0.0014927155481251494
Edge-IIoTset,SNN_AE,1,9,98,0.02,0.9985622716108549,0.9805294117647059,0.9894636868192206,0.0014330069262001434
Edge-IIoTset,SNN_AE,1,9,99,0.01,0.9987055415151328,0.9530588235294117,0.9753484032146404,0.0012538810604251253
Edge-IIoTset,SNN_AE,1,9,99.5,0.005,0.9985708452429564,0.8631176470588235,0.9259165772701459,0.0012538810604251253
Edge-IIoTset,SNN_AE,1,9,99.9,0.001,0.9984778196578719,0.8102941176470588,0.8945967008702429,0.0012538810604251253
Edge-IIoTset,SNN_AE,1,9,99.99,0.0001,0.9984832761235731,0.735764705882353,0.8472245741186033,0.0011344638165751134
Edge-IIoTset,SNN_AE,1,9,max,0.0,0.9980579830767097,0.42323529411764704,0.594407038704614,0.0008359207069500836
Edge-IIoTset,LSTM_AE,1,9,90,0.1,0.9529682157071585,1.0,0.9759177932776486,0.050095533795080006
Edge-IIoTset,LSTM_AE,1,9,95,0.05,0.9984142831972749,1.0,0.9992065124753872,0.0016121327919751613
Edge-IIoTset,LSTM_AE,1,9,96,0.04,0.9987075549289155,1.0,0.9993533595908529,0.0013135896823501315
Edge-IIoTset,LSTM_AE,1,9,97,0.03,0.9987662299512368,1.0,0.9993827341935864,0.0012538810604251253
Edge-IIoTset,LSTM_AE,1,9,98,0.02,0.999000999000999,1.0,0.9995002498750626,0.0010150465727251014
Edge-IIoTset,LSTM_AE,1,9,99,0.01,0.999059708509638,1.0,0.9995296331138288,0.0009553379508000956
Edge-IIoTset,LSTM_AE,1,9,99.5,0.005,0.999059708509638,1.0,0.9995296331138288,0.0009553379508000956
Edge-IIoTset,LSTM_AE,1,9,99.9,0.001,0.9992946155654832,1.0,0.9996471833470539,0.0007165034631000717
Edge-IIoTset,LSTM_AE,1,9,99.99,0.0001,0.9998738090731276,0.9321764705882353,0.9648391123017445,0.00011941724385001195
Edge-IIoTset,LSTM_AE,1,9,max,0.0,1.0,0.7501176470588236,0.857219682710406,0.0
Edge-IIoTset,CNN_AE,1,9,90,0.1,0.9503046564928168,1.0,0.974519189429333,0.05308096489133031
Edge-IIoTset,CNN_AE,1,9,95,0.05,0.9972429166422244,1.0,0.9986195553205863,0.0028063052304752806
Edge-IIoTset,CNN_AE,1,9,96,0.04,0.9973014196879033,1.0,0.9986488868002115,0.002746596608550275
Edge-IIoTset,CNN_AE,1,9,97,0.03,0.9978868278938718,1.0,0.9989422963920555,0.0021495103893002148
Edge-IIoTset,CNN_AE,1,9,98,0.02,0.9978868278938718,1.0,0.9989422963920555,0.0021495103893002148
Edge-IIoTset,CNN_AE,1,9,99,0.01,0.9982384028185555,1.0,0.9991184249191889,0.0017912586577501792
Edge-IIoTset,CNN_AE,1,9,99.5,0.005,0.9982970227259381,1.0,0.9991477857121868,0.0017315500358251732
Edge-IIoTset,CNN_AE,1,9,99.9,0.001,0.998472116119175,0.9994705882352941,0.9989711026839522,0.0015524241700501553
Edge-IIoTset,CNN_AE,1,9,99.99,0.0001,0.9985543435405441,0.8938823529411765,0.943323607921038,0.0013135896823501315
Edge-IIoTset,CNN_AE,1,9,max,0.0,1.0,0.7500588235294118,0.8571812712177741,0.0
Edge-IIoTset,SNN_Dense,1,9,90,0.1,0.953770197486535,1.0,0.9763381575924649,0.04919990446620492
Edge-IIoTset,SNN_Dense,1,9,95,0.05,0.9972377314134587,0.9981176470588236,0.9976774952226958,0.0028063052304752806
Edge-IIoTset,SNN_Dense,1,9,96,0.04,0.9974135904067717,0.9981176470588236,0.9977654945313419,0.002627179364700263
Edge-IIoTset,SNN_Dense,1,9,97,0.03,0.9980002352664392,0.9981176470588236,0.9980589377095465,0.002030093145450203
Edge-IIoTset,SNN_Dense,1,9,98,0.02,0.9982864571023399,0.9938235294117647,0.9960499941044688,0.0017315500358251732
Edge-IIoTset,SNN_Dense,1,9,99,0.01,0.9985005622891415,0.9401176470588235,0.9684299824274374,0.0014330069262001434
Edge-IIoTset,SNN_Dense,1,9,99.5,0.005,0.9986152199911877,0.933235294117647,0.9648189254112567,0.0013135896823501315
Edge-IIoTset,SNN_Dense,1,9,99.9,0.001,0.9986438488860188,0.9096470588235294,0.952070186239803,0.0012538810604251253
Edge-IIoTset,SNN_Dense,1,9,99.99,0.0001,0.9982703686845699,0.6450588235294118,0.7837055565481508,0.0011344638165751134
Edge-IIoTset,SNN_Dense,1,9,max,0.0,0.9970214767204891,0.37411764705882355,0.544078018734762,0.0011344638165751134
Edge-IIoTset,Dense_SNN,1,9,90,0.1,0.9504109129535416,1.0,0.9745750566113451,0.052961547647480296
Edge-IIoTset,Dense_SNN,1,9,95,0.05,0.99840839424664,0.9962941176470588,0.9973501354375222,0.0016121327919751613
Edge-IIoTset,Dense_SNN,1,9,96,0.04,0.9985245514636449,0.9952352941176471,0.996877209521565,0.0014927155481251494
Edge-IIoTset,Dense_SNN,1,9,97,0.03,0.9985811409991132,0.9935882352941177,0.996078431372549,0.0014330069262001434
Edge-IIoTset,Dense_SNN,1,9,98,0.02,0.9986761343121916,0.9762352941176471,0.9873282170265928,0.0013135896823501315
Edge-IIoTset,Dense_SNN,1,9,99,0.01,0.9986529512613275,0.9594117647058824,0.9786391455658228,0.0013135896823501315
Edge-IIoTset,Dense_SNN,1,9,99.5,0.005,0.9986271450858034,0.9413529411764706,0.9691445874337623,0.0013135896823501315
Edge-IIoTset,Dense_SNN,1,9,99.9,0.001,0.998574760300596,0.9067058823529411,0.9504254532001479,0.0013135896823501315
Edge-IIoTset,Dense_SNN,1,9,99.99,0.0001,0.9985197880959801,0.7539411764705882,0.859163426732806,0.0011344638165751134
Edge-IIoTset,Dense_SNN,1,9,max,0.0,0.9978021978021978,0.37388235294117644,0.5439452289259734,0.0008359207069500836
Edge-IIoTset,Dense_AE,1,9,90,0.1,0.95366318860092,1.0,0.9762820880951014,0.04931932171005493
Edge-IIoTset,Dense_AE,1,9,95,0.05,0.997184420459878,1.0,0.9985902255639099,0.002866013852400287
Edge-IIoTset,Dense_AE,1,9,96,0.04,0.9973014196879033,1.0,0.9986488868002115,0.002746596608550275
Edge-IIoTset,Dense_AE,1,9,97,0.03,0.997535500528107,1.0,0.9987662299512367,0.0025077621208502506
Edge-IIoTset,Dense_AE,1,9,98,0.02,0.997535500528107,1.0,0.9987662299512367,0.0025077621208502506
Edge-IIoTset,Dense_AE,1,9,99,0.01,0.9982384028185555,1.0,0.9991184249191889,0.0017912586577501792
Edge-IIoTset,Dense_AE,1,9,99.5,0.005,0.9982382993716601,0.9999411764705882,0.9990890123130272,0.0017912586577501792
Edge-IIoTset,Dense_AE,1,9,99.9,0.001,0.9982946192296384,0.9985882352941177,0.998441405675636,0.0017315500358251732
Edge-IIoTset,Dense_AE,1,9,99.99,0.0001,0.9986516216024413,0.827764705882353,0.9052137274452414,0.0011344638165751134
Edge-IIoTset,Dense_AE,1,9,max,0.0,0.9987257900101937,0.23052941176470587,0.37459376792200344,0.00029854310962502983
Edge-IIoTset,SNN_AE_T2,1,9,90,0.1,0.9533423059668013,1.0,0.9761139182361047,0.04967757344160497
Edge-IIoTset,SNN_AE_T2,1,9,95,0.05,0.9962450828465849,0.9832352941176471,0.9896974362010778,0.003761643181275376
Edge-IIoTset,SNN_AE_T2,1,9,96,0.04,0.9964472812669356,0.9734117647058823,0.984794834409498,0.003522808693575352
Edge-IIoTset,SNN_AE_T2,1,9,97,0.03,0.9970138338716558,0.9623529411764706,0.9793768146307882,0.0029257224743252925
Edge-IIoTset,SNN_AE_T2,1,9,98,0.02,0.998231016182926,0.896235294117647,0.9444874934135077,0.0016121327919751613
Edge-IIoTset,SNN_AE_T2,1,9,99,0.01,0.9983818770226537,0.834764705882353,0.9092714807458192,0.0013732983042751374
Edge-IIoTset,SNN_AE_T2,1,9,99.5,0.005,0.9983785689108213,0.8330588235294117,0.9082571749238417,0.0013732983042751374
Edge-IIoTset,SNN_AE_T2,1,9,99.9,0.001,0.9983743285270003,0.8308823529411765,0.9069603184795172,0.0013732983042751374
Edge-IIoTset,SNN_AE_T2,1,9,99.99,0.0001,0.9982939750381611,0.654,0.7902761488431602,0.0011344638165751134
Edge-IIoTset,SNN_AE_T2,1,9,max,0.0,0.9964503042596349,0.2311764705882353,0.37528647822765465,0.0008359207069500836
Edge-IIoTset,SNN_AE_T5,1,9,90,0.1,0.952327600694639,1.0,0.9755817623597601,0.05081203725818008
Edge-IIoTset,SNN_AE_T5,1,9,95,0.05,0.9980933087052375,0.9853529411764705,0.991682207027203,0.0019106759016001911
Edge-IIoTset,SNN_AE_T5,1,9,96,0.04,0.9984256736300333,0.9699411764705882,0.9839773235864538,0.0015524241700501553
Edge-IIoTset,SNN_AE_T5,1,9,97,0.03,0.9984112435074854,0.9611176470588235,0.9794095609171288,0.0015524241700501553
Edge-IIoTset,SNN_AE_T5,1,9,98,0.02,0.9984644677845341,0.9562352941176471,0.9768937231453382,0.0014927155481251494
Edge-IIoTset,SNN_AE_T5,1,9,99,0.01,0.9984572662758407,0.951764705882353,0.9745520252973949,0.0014927155481251494
Edge-IIoTset,SNN_AE_T5,1,9,99.5,0.005,0.9985016856036958,0.9408235294117647,0.9688048943000787,0.0014330069262001434
Edge-IIoTset,SNN_AE_T5,1,9,99.9,0.001,0.9985741136820273,0.9062941176470588,0.950198896049832,0.0013135896823501315
Edge-IIoTset,SNN_AE_T5,1,9,99.99,0.0001,0.9982670558190442,0.6438235294117647,0.7827921613503075,0.0011344638165751134
Edge-IIoTset,SNN_AE_T5,1,9,max,0.0,0.9980287243030133,0.41694117647058826,0.5881669570989959,0.0008359207069500836
Edge-IIoTset,SNN_AE_T7,1,9,90,0.1,0.9517944124069201,1.0,0.9753019133128711,0.05140912347743014
Edge-IIoTset,SNN_AE_T7,1,9,95,0.05,0.9983524566048838,0.9980588235294118,0.9982056184733049,0.0016718414139001673
Edge-IIoTset,SNN_AE_T7,1,9,96,0.04,0.9984112039543368,0.9980588235294118,0.9982349826439959,0.0016121327919751613
Edge-IIoTset,SNN_AE_T7,1,9,97,0.03,0.9984112039543368,0.9980588235294118,0.9982349826439959,0.0016121327919751613
Edge-IIoTset,SNN_AE_T7,1,9,98,0.02,0.9984674329501916,0.9964117647058823,0.9974385396731931,0.0015524241700501553
Edge-IIoTset,SNN_AE_T7,1,9,99,0.01,0.9986648865153538,0.924,0.9598826728589325,0.0012538810604251253
Edge-IIoTset,SNN_AE_T7,1,9,99.5,0.005,0.9987115062491947,0.9118823529411765,0.9533239038189533,0.0011941724385001193
Edge-IIoTset,SNN_AE_T7,1,9,99.9,0.001,0.998696134037421,0.9011176470588236,0.9474009709638518,0.0011941724385001193
Edge-IIoTset,SNN_AE_T7,1,9,99.99,0.0001,0.9985127201565558,0.7503529411764706,0.8568261964735515,0.0011344638165751134
Edge-IIoTset,SNN_AE_T7,1,9,max,0.0,0.9977931904161412,0.3723529411764706,0.542323509252913,0.0008359207069500836
Edge-IIoTset,SNN_AE_noBN,1,9,90,0.1,0.9522742549854358,1.0,0.9755537702283943,0.05087174588010509
Edge-IIoTset,SNN_AE_noBN,1,9,95,0.05,0.9975216103487881,0.9707058823529412,0.983931073547387,0.002448053498925245
Edge-IIoTset,SNN_AE_noBN,1,9,96,0.04,0.9976642694695433,0.954764705882353,0.9757431843457873,0.0022689276331502267
Edge-IIoTset,SNN_AE_noBN,1,9,97,0.03,0.9977739302498145,0.9491764705882353,0.9728686844326541,0.0021495103893002148
Edge-IIoTset,SNN_AE_noBN,1,9,98,0.02,0.9981877265341832,0.9395882352941176,0.9680019392764074,0.0017315500358251732
Edge-IIoTset,SNN_AE_noBN,1,9,99,0.01,0.9986632718014004,0.9228823529411765,0.959278508101498,0.0012538810604251253
Edge-IIoTset,SNN_AE_noBN,1,9,99.5,0.005,0.998633968646328,0.9030588235294118,0.9484446915639576,0.0012538810604251253
Edge-IIoTset,SNN_AE_noBN,1,9,99.9,0.001,0.9985705534000409,0.8629411764705882,0.9258149001293744,0.0012538810604251253
Edge-IIoTset,SNN_AE_noBN,1,9,99.99,0.0001,0.9982700537193845,0.6449411764705882,0.7836186255941107,0.0011344638165751134
Edge-IIoTset,SNN_AE_noBN,1,9,max,0.0,0.9976747791040149,0.37858823529411767,0.5488891731695876,0.0008956293288750896
Edge-IIoTset,IF,1,9,90,0.1,0.9498152884342143,0.9830588235294118,0.9661511779158839,0.05272271315978027
Edge-IIoTset,IF,1,9,95,0.05,0.9890190876262068,0.7894117647058824,0.8780136739834474,0.00889658466682589
Edge-IIoTset,IF,1,9,96,0.04,0.9925469617461404,0.7677058823529411,0.8657666920959235,0.005851444948650585
Edge-IIoTset,IF,1,9,97,0.03,0.9939072019996875,0.7484705882352941,0.8539024226561975,0.004657272510150466
Edge-IIoTset,IF,1,9,98,0.02,0.9919507575757576,0.36970588235294116,0.5386527254028111,0.0030451397181753045
Edge-IIoTset,IF,1,9,99,0.01,0.9904744116548375,0.3119411764705882,0.47445647311443134,0.0030451397181753045
Edge-IIoTset,IF,1,9,99.5,0.005,0.9899348727057431,0.29505882352941176,0.4546154891920062,0.0030451397181753045
Edge-IIoTset,IF,1,9,99.9,0.001,0.25,0.00011764705882352942,0.00023518344308560675,0.00035825173155003585
Edge-IIoTset,IF,1,9,99.99,0.0001,0.4,0.00011764705882352942,0.00023522493384298734,0.00017912586577501792
Edge-IIoTset,IF,1,9,max,0.0,1.0,0.00011764705882352942,0.00023526643924244207,0.0
Edge-IIoTset,OCSVM,1,9,90,0.1,0.952647800504343,1.0,0.9757497488879322,0.050453785526630046
Edge-IIoTset,OCSVM,1,9,95,0.05,0.9976525821596244,1.0,0.9988249118683901,0.0023883448770002386
Edge-IIoTset,OCSVM,1,9,96,0.04,0.9981211836542978,1.0,0.999059708509638,0.0019106759016001911
Edge-IIoTset,OCSVM,1,9,97,0.03,0.9984142831972749,1.0,0.9992065124753872,0.0016121327919751613
Edge-IIoTset,OCSVM,1,9,98,0.02,0.9987662299512368,1.0,0.9993827341935864,0.0012538810604251253
Edge-IIoTset,OCSVM,1,9,99,0.01,0.999000999000999,1.0,0.9995002498750626,0.0010150465727251014
Edge-IIoTset,OCSVM,1,9,99.5,0.005,0.9993529792365154,0.9994117647058823,0.9993823711067321,0.0006567948411750657
Edge-IIoTset,OCSVM,1,9,99.9,0.001,0.9995876288659794,0.9981176470588236,0.9988520971302429,0.0004179603534750418
Edge-IIoTset,OCSVM,1,9,99.99,0.0001,0.999743671900032,0.9177058823529411,0.956969789909523,0.0002388344877000239
Edge-IIoTset,OCSVM,1,9,max,0.0,1.0,0.7501176470588236,0.857219682710406,0.0
Edge-IIoTset,LOF,1,9,90,0.1,0.936076333351718,0.9983529411764706,0.9662121772793258,0.06920229281108192
Edge-IIoTset,LOF,1,9,95,0.05,0.983128478664193,0.9974705882352941,0.9902476056996029,0.017375208980176738
Edge-IIoTset,LOF,1,9,96,0.04,0.9931418522860492,0.9966470588235294,0.9948913681738109,0.006985908765225699
Edge-IIoTset,LOF,1,9,97,0.03,0.9959708073589782,0.7706470588235295,0.8689394441865093,0.0031645569620253164
Edge-IIoTset,LOF,1,9,98,0.02,0.9964102955777897,0.7674117647058823,0.8670454923071811,0.0028063052304752806
Edge-IIoTset,LOF,1,9,99,0.01,0.9946444139992527,0.4697647058823529,0.6381397578808582,0.0025674707427752567
Edge-IIoTset,LOF,1,9,99.5,0.005,0.9952664528935715,0.38341176470588234,0.5535691536795617,0.0018509672796751852
Edge-IIoTset,LOF,1,9,99.9,0.001,0.9952305246422893,0.33141176470588235,0.49724195754821054,0.0016121327919751613
Edge-IIoTset,LOF,1,9,99.99,0.0001,0.9948729380294249,0.2625294117647059,0.41543330540817275,0.0013732983042751374
Edge-IIoTset,LOF,1,9,max,0.0,0.9367088607594937,0.004352941176470588,0.008665612740792786,0.00029854310962502983
Edge-IIoTset,SNN_AE,2,0,90,0.1,0.915800247804773,1.0,0.9560498270674577,0.09332457606878433
Edge-IIoTset,SNN_AE,2,0,95,0.05,0.9562380470244122,1.0,0.9776295359135084,0.04645330785765465
Edge-IIoTset,SNN_AE,2,0,96,0.04,0.9650865739426625,1.0,0.9822331359237324,0.03672080248387867
Edge-IIoTset,SNN_AE,2,0,97,0.03,0.9747147525944613,1.0,0.9871954937429227,0.026331502268927633
Edge-IIoTset,SNN_AE,2,0,98,0.02,0.9830567281559013,1.0,0.9914559822704342,0.017494626224026748
Edge-IIoTset,SNN_AE,2,0,99,0.01,0.9918181286891473,0.9982941176470588,0.9950455864677084,0.008359207069500836
Edge-IIoTset,SNN_AE,2,0,99.5,0.005,0.9961256237158791,0.9981764705882353,0.9971499926546202,0.003940769047050394
Edge-IIoTset,SNN_AE,2,0,99.9,0.001,0.9984576301941571,0.6473529411764706,0.7854542859182072,0.0010150465727251014
Edge-IIoTset,SNN_AE,2,0,99.99,0.0001,0.9984572102731646,0.6471764705882352,0.7853242442628217,0.0010150465727251014
Edge-IIoTset,SNN_AE,2,0,max,0.0,0.9984572102731646,0.6471764705882352,0.7853242442628217,0.0010150465727251014
Edge-IIoTset,LSTM_AE,2,0,90,0.1,0.9148638467333979,1.0,0.9555393176325108,0.09445903988535945
Edge-IIoTset,LSTM_AE,2,0,95,0.05,0.9560767110961138,1.0,0.9775452114660302,0.046632433723429664
Edge-IIoTset,LSTM_AE,2,0,96,0.04,0.9650317892824705,1.0,0.9822047608042523,0.03678051110580368
Edge-IIoTset,LSTM_AE,2,0,97,0.03,0.9740445768635765,1.0,0.9868516529765187,0.027048005732027706
Edge-IIoTset,LSTM_AE,2,0,98,0.02,0.9833979290796553,1.0,0.9916294805611456,0.017136374492476715
Edge-IIoTset,LSTM_AE,2,0,99,0.01,0.9918319719953326,1.0,0.9958992384299942,0.008359207069500836
Edge-IIoTset,LSTM_AE,2,0,99.5,0.005,0.9973599295981226,1.0,0.9986782200029373,0.0026868879866252687
Edge-IIoTset,LSTM_AE,2,0,99.9,0.001,0.9996471833470539,1.0,0.9998235605481386,0.00035825173155003585
Edge-IIoTset,LSTM_AE,2,0,99.99,0.0001,0.9999215932256547,0.7501764705882353,0.8572292800967937,5.970862192500597e-05
Edge-IIoTset,LSTM_AE,2,0,max,0.0,0.9999215932256547,0.7501764705882353,0.8572292800967937,5.970862192500597e-05
Edge-IIoTset,CNN_AE,2,0,90,0.1,0.9142242538316752,1.0,0.9551903357213092,0.09523525197038453
Edge-IIoTset,CNN_AE,2,0,95,0.05,0.9562918377679024,1.0,0.9776576472956264,0.04639359923572964
Edge-IIoTset,CNN_AE,2,0,96,0.04,0.9655799159377485,1.0,0.9824885857943709,0.03618342488655362
Edge-IIoTset,CNN_AE,2,0,97,0.03,0.9748265382189346,1.0,0.9872528238334447,0.02621208502507762
Edge-IIoTset,CNN_AE,2,0,98,0.02,0.9828293923801815,1.0,0.991340350467971,0.017733460711726774
Edge-IIoTset,CNN_AE,2,0,99,0.01,0.9914270717909839,1.0,0.9956950830233988,0.008777167422975877
Edge-IIoTset,CNN_AE,2,0,99.5,0.005,0.9962494139709329,1.0,0.9981211836542978,0.0038213518032003822
Edge-IIoTset,CNN_AE,2,0,99.9,0.001,0.9999215932256547,0.7501764705882353,0.8572292800967937,5.970862192500597e-05
Edge-IIoTset,CNN_AE,2,0,99.99,0.0001,0.9999114338853955,0.6641176470588235,0.7981336820897105,5.970862192500597e-05
Edge-IIoTset,CNN_AE,2,0,max,0.0,1.0,0.6467058823529411,0.7854540258626848,0.0
Edge-IIoTset,SNN_Dense,2,0,90,0.1,0.9150115722051779,1.0,0.9556198881362602,0.09427991401958442
Edge-IIoTset,SNN_Dense,2,0,95,0.05,0.9567223816759525,1.0,0.9778825965659064,0.04591593026032959
Edge-IIoTset,SNN_Dense,2,0,96,0.04,0.9657444753735159,1.0,0.982573765280467,0.0360042990207786
Edge-IIoTset,SNN_Dense,2,0,97,0.03,0.9741562088132485,1.0,0.9869089431366288,0.026928588488177693
Edge-IIoTset,SNN_Dense,2,0,98,0.02,0.9825453704774014,1.0,0.9911958486385634,0.018032003821351804
Edge-IIoTset,SNN_Dense,2,0,99,0.01,0.9917162524792906,1.0,0.9958408997715423,0.008478624313350848
Edge-IIoTset,SNN_Dense,2,0,99.5,0.005,0.9958406561218512,0.9999411764705882,0.997886703845025,0.004239312156675424
Edge-IIoTset,SNN_Dense,2,0,99.9,0.001,0.9983649741120901,0.6465294117647059,0.7848191652683066,0.0010747551946501074
Edge-IIoTset,SNN_Dense,2,0,99.99,0.0001,0.9984556686046512,0.6465294117647059,0.7848471865181377,0.0010150465727251014
Edge-IIoTset,SNN_Dense,2,0,max,0.0,0.9984555283001726,0.6464705882352941,0.7848037990502376,0.0010150465727251014
Edge-IIoTset,Dense_SNN,2,0,90,0.1,0.9115281501340483,1.0,0.9537166900420757,0.09851922617625986
Edge-IIoTset,Dense_SNN,2,0,95,0.05,0.9548416086272747,1.0,0.9768992069877025,0.0480057320277048
Edge-IIoTset,Dense_SNN,2,0,96,0.04,0.965305774799841,1.0,0.9823466527982433,0.03648196799617865
Edge-IIoTset,Dense_SNN,2,0,97,0.03,0.9730967372638809,1.0,0.9863649550333623,0.028063052304752808
Edge-IIoTset,Dense_SNN,2,0,98,0.02,0.983341045812124,1.0,0.991600559962669,0.017196083114401718
Edge-IIoTset,Dense_SNN,2,0,99,0.01,0.9918319719953326,1.0,0.9958992384299942,0.008359207069500836
Edge-IIoTset,Dense_SNN,2,0,99.5,0.005,0.9961260785349534,0.9982941176470588,0.9972089197050269,0.003940769047050394
Edge-IIoTset,Dense_SNN,2,0,99.9,0.001,0.9984620951691695,0.649235294117647,0.7868396663577386,0.0010150465727251014
Edge-IIoTset,Dense_SNN,2,0,99.99,0.0001,0.9984556686046512,0.6465294117647059,0.7848471865181377,0.0010150465727251014
Edge-IIoTset,Dense_SNN,2,0,max,0.0,0.9984555283001726,0.6464705882352941,0.7848037990502376,0.0010150465727251014
Edge-IIoTset,Dense_AE,2,0,90,0.1,0.9128987219417892,1.0,0.9544663410252091,0.09684738476235968
Edge-IIoTset,Dense_AE,2,0,95,0.05,0.9547343592047625,1.0,0.976843073033385,0.04812514927155481
Edge-IIoTset,Dense_AE,2,0,96,0.04,0.9640467279119882,1.0,0.9816942888491078,0.037855266300453785
Edge-IIoTset,Dense_AE,2,0,97,0.03,0.9733753220727168,1.0,0.9865080516465979,0.027764509195127775
Edge-IIoTset,Dense_AE,2,0,98,0.02,0.9824885857943709,1.0,0.9911669533276973,0.01809171244327681
Edge-IIoTset,Dense_AE,2,0,99,0.01,0.9920634920634921,1.0,0.9960159362549801,0.008120372581800811
Edge-IIoTset,Dense_AE,2,0,99.5,0.005,0.9958992384299942,1.0,0.9979454065159965,0.004179603534750418
Edge-IIoTset,Dense_AE,2,0,99.9,0.001,0.9981834695731153,0.6464705882352941,0.7847197429489469,0.0011941724385001193
Edge-IIoTset,Dense_AE,2,0,99.99,0.0001,0.9977803890847369,0.4495294117647059,0.6198142665963745,0.0010150465727251014
Edge-IIoTset,Dense_AE,2,0,max,0.0,0.9977970535591354,0.4262941176470588,0.5973704818035691,0.0009553379508000956
Edge-IIoTset,SNN_AE_T2,2,0,90,0.1,0.9168374501132563,1.0,0.9566147093579427,0.09207069500835921
Edge-IIoTset,SNN_AE_T2,2,0,95,0.05,0.9581783338969676,1.0,0.978642565194865,0.04430379746835443
Edge-IIoTset,SNN_AE_T2,2,0,96,0.04,0.9679439731253203,1.0,0.9837109047247057,0.03361595414377836
Edge-IIoTset,SNN_AE_T2,2,0,97,0.03,0.9757175660160735,0.9998235294117647,0.9876234747239977,0.025256747074277525
Edge-IIoTset,SNN_AE_T2,2,0,98,0.02,0.9837186395503795,0.9987058823529412,0.9911556087451473,0.01677812276092668
Edge-IIoTset,SNN_AE_T2,2,0,99,0.01,0.9918784691790826,0.9985882352941177,0.9952220430895501,0.00829949844757583
Edge-IIoTset,SNN_AE_T2,2,0,99.5,0.005,0.9963610752435732,0.9985882352941177,0.9974734120688643,0.0037019345593503703
Edge-IIoTset,SNN_AE_T2,2,0,99.9,0.001,0.9984556686046512,0.6465294117647059,0.7848471865181377,0.0010150465727251014
Edge-IIoTset,SNN_AE_T2,2,0,99.99,0.0001,0.9984556686046512,0.6465294117647059,0.7848471865181377,0.0010150465727251014
Edge-IIoTset,SNN_AE_T2,2,0,max,0.0,0.9984555283001726,0.6464705882352941,0.7848037990502376,0.0010150465727251014
Edge-IIoTset,SNN_AE_T5,2,0,90,0.1,0.9146177435842255,1.0,0.9554050636468373,0.09475758299498448
Edge-IIoTset,SNN_AE_T5,2,0,95,0.05,0.9574228429826538,1.0,0.9782483599953965,0.045139718175304516
Edge-IIoTset,SNN_AE_T5,2,0,96,0.04,0.9654702407996365,1.0,0.9824318076745261,0.03630284213040363
Edge-IIoTset,SNN_AE_T5,2,0,97,0.03,0.9732638690101334,1.0,0.9864508080192648,0.027883926438977788
Edge-IIoTset,SNN_AE_T5,2,0,98,0.02,0.9843089572115106,1.0,0.992092439672026,0.01618103654167662
Edge-IIoTset,SNN_AE_T5,2,0,99,0.01,0.9919477185202474,1.0,0.9959575839240729,0.008239789825650825
Edge-IIoTset,SNN_AE_T5,2,0,99.5,0.005,0.9958953911105899,0.9990588235294118,0.9974745991660304,0.004179603534750418
Edge-IIoTset,SNN_AE_T5,2,0,99.9,0.001,0.9984555283001726,0.6464705882352941,0.7848037990502376,0.0010150465727251014
Edge-IIoTset,SNN_AE_T5,2,0,99.99,0.0001,0.9984555283001726,0.6464705882352941,0.7848037990502376,0.0010150465727251014
Edge-IIoTset,SNN_AE_T5,2,0,max,0.0,0.9984555283001726,0.6464705882352941,0.7848037990502376,0.0010150465727251014
Edge-IIoTset,SNN_AE_T7,2,0,90,0.1,0.9154057401324646,1.0,0.95583480925473,0.09380224504418438
Edge-IIoTset,SNN_AE_T7,2,0,95,0.05,0.9580163426317273,1.0,0.9785580659087639,0.04448292333412945
Edge-IIoTset,SNN_AE_T7,2,0,96,0.04,0.9660188657802022,1.0,0.9827157639169893,0.03570575591115357
Edge-IIoTset,SNN_AE_T7,2,0,97,0.03,0.9741562088132485,1.0,0.9869089431366288,0.026928588488177693
Edge-IIoTset,SNN_AE_T7,2,0,98,0.02,0.9833979290796553,1.0,0.9916294805611456,0.017136374492476715
Edge-IIoTset,SNN_AE_T7,2,0,99,0.01,0.991658402846643,1.0,0.9958117330053013,0.008538332935275854
Edge-IIoTset,SNN_AE_T7,2,0,99.5,0.005,0.9955493089716562,1.0,0.997769691278319,0.004537855266300453
Edge-IIoTset,SNN_AE_T7,2,0,99.9,0.001,0.9984555283001726,0.6464705882352941,0.7848037990502376,0.0010150465727251014
Edge-IIoTset,SNN_AE_T7,2,0,99.99,0.0001,0.9984555283001726,0.6464705882352941,0.7848037990502376,0.0010150465727251014
Edge-IIoTset,SNN_AE_T7,2,0,max,0.0,0.9984555283001726,0.6464705882352941,0.7848037990502376,0.0010150465727251014
Edge-IIoTset,SNN_AE_noBN,2,0,90,0.1,0.9162938608311324,1.0,0.9563187354091075,0.09272748984953427
Edge-IIoTset,SNN_AE_noBN,2,0,95,0.05,0.9564532463148419,1.0,0.9777419911428078,0.04621447336995462
Edge-IIoTset,SNN_AE_noBN,2,0,96,0.04,0.9642654566080544,1.0,0.9818076812012706,0.03761643181275376
Edge-IIoTset,SNN_AE_noBN,2,0,97,0.03,0.9722063364977697,1.0,0.9859073247114772,0.029018390255552903
Edge-IIoTset,SNN_AE_noBN,2,0,98,0.02,0.9809969387165713,0.9990588235294118,0.9899455017048933,0.019644136613326965
Edge-IIoTset,SNN_AE_noBN,2,0,99,0.01,0.9904867514882689,0.9982941176470588,0.9943751098611354,0.009732505373775973
Edge-IIoTset,SNN_AE_noBN,2,0,99.5,0.005,0.9953662971435275,0.9982352941176471,0.9967987312402714,0.0047169811320754715
Edge-IIoTset,SNN_AE_noBN,2,0,99.9,0.001,0.9984555283001726,0.6464705882352941,0.7848037990502376,0.0010150465727251014
Edge-IIoTset,SNN_AE_noBN,2,0,99.99,0.0001,0.9984555283001726,0.6464705882352941,0.7848037990502376,0.0010150465727251014
Edge-IIoTset,SNN_AE_noBN,2,0,max,0.0,0.9984555283001726,0.6464705882352941,0.7848037990502376,0.0010150465727251014
Edge-IIoTset,IF,2,0,90,0.1,0.9123176661264182,0.9933529411764705,0.9511123627147283,0.09690709338428469
Edge-IIoTset,IF,2,0,95,0.05,0.9529542399625972,0.9591764705882353,0.9560552314502653,0.04806544064962981
Edge-IIoTset,IF,2,0,96,0.04,0.9612883804936785,0.9392352941176471,0.9501338887235941,0.03839264389777884
Edge-IIoTset,IF,2,0,97,0.03,0.97024256064016,0.9129411764705883,0.9407200872833071,0.02842130403630284
Edge-IIoTset,IF,2,0,98,0.02,0.9802942722017867,0.8778823529411764,0.926266137040715,0.01791258657750179
Edge-IIoTset,IF,2,0,99,0.01,0.9900147928994083,0.7873529411764706,0.877129750982962,0.008060663959875806
Edge-IIoTset,IF,2,0,99.5,0.005,0.7341040462427746,0.007470588235294118,0.014790659756594656,0.002746596608550275
Edge-IIoTset,IF,2,0,99.9,0.001,0.0,0.0,0.0,0.0007762120850250777
Edge-IIoTset,IF,2,0,99.99,0.0001,0.0,0.0,0.0,0.00011941724385001195
Edge-IIoTset,IF,2,0,max,0.0,0.0,0.0,0.0,5.970862192500597e-05
Edge-IIoTset,OCSVM,2,0,90,0.1,0.9145685388422639,1.0,0.9553782173766439,0.09481729161690948
Edge-IIoTset,OCSVM,2,0,95,0.05,0.9572072072072072,1.0,0.9781357882623705,0.045378552663004536
Edge-IIoTset,OCSVM,2,0,96,0.04,0.9667879890809827,1.0,0.9831135785334258,0.03486983520420349
Edge-IIoTset,OCSVM,2,0,97,0.03,0.9755537702283944,1.0,0.9876256317899262,0.025435872940052544
Edge-IIoTset,OCSVM,2,0,98,0.02,0.984251968503937,1.0,0.9920634920634921,0.016240745163601623
Edge-IIoTset,OCSVM,2,0,99,0.01,0.9923530441888974,1.0,0.9961618470012599,0.007821829472175782
Edge-IIoTset,OCSVM,2,0,99.5,0.005,0.9973014196879033,1.0,0.9986488868002115,0.002746596608550275
Edge-IIoTset,OCSVM,2,0,99.9,0.001,0.9996465806679625,0.9982941176470588,0.9989698913971216,0.00035825173155003585
Edge-IIoTset,OCSVM,2,0,99.99,0.0001,0.9999217772215269,0.7519411764705882,0.8583803384367445,5.970862192500597e-05
Edge-IIoTset,OCSVM,2,0,max,0.0,0.9999215932256547,0.7501764705882353,0.8572292800967937,5.970862192500597e-05
Edge-IIoTset,LOF,2,0,90,0.1,0.9070487167173577,0.9999411764705882,0.9512324781063765,0.1040124193933604
Edge-IIoTset,LOF,2,0,95,0.05,0.9516318647483626,0.9999411764705882,0.9751885953589767,0.05158824934320516
Edge-IIoTset,LOF,2,0,96,0.04,0.9614819004524887,0.9999411764705882,0.9803344867358709,0.040661571530929065
Edge-IIoTset,LOF,2,0,97,0.03,0.9702625570776255,0.9999411764705882,0.9848783314020856,0.03110819202292811
Edge-IIoTset,LOF,2,0,98,0.02,0.9800518881522052,0.9999411764705882,0.9898966370650749,0.020659183186052067
Edge-IIoTset,LOF,2,0,99,0.01,0.9905017190140435,0.9998823529411764,0.9951699306226399,0.009732505373775973
Edge-IIoTset,LOF,2,0,99.5,0.005,0.9955385970061638,0.9975882352941177,0.9965623622741296,0.004537855266300453
Edge-IIoTset,LOF,2,0,99.9,0.001,0.9975241688281066,0.49770588235294116,0.6640766030923789,0.0012538810604251253
Edge-IIoTset,LOF,2,0,99.99,0.0001,0.9979728873685544,0.4633529411764706,0.63286867794159,0.0009553379508000956
Edge-IIoTset,LOF,2,0,max,0.0,0.996852871754524,0.29811764705882354,0.4589748234015577,0.0009553379508000956
Edge-IIoTset,SNN_AE,2,1,90,0.1,0.9092854086435601,1.0,0.9524876736889288,0.10127186958858303
Edge-IIoTset,SNN_AE,2,1,95,0.05,0.9521142537104452,1.0,0.9754698034715249,0.05105392010509345
Edge-IIoTset,SNN_AE,2,1,96,0.04,0.9606690777576854,1.0,0.9799400507263085,0.04155968233116379
Edge-IIoTset,SNN_AE,2,1,97,0.03,0.9707074744475532,1.0,0.985136035696694,0.03063235206305607
Edge-IIoTset,SNN_AE,2,1,98,0.02,0.9806183664051684,1.0,0.9902143522833178,0.020063294918492864
Edge-IIoTset,SNN_AE,2,1,99,0.01,0.9911871133418934,0.999,0.9950782211284936,0.009016540275870306
Edge-IIoTset,SNN_AE,2,1,99.5,0.005,0.9950164165103189,0.9982941176470588,0.9966525722339676,0.005075535916880636
Edge-IIoTset,SNN_AE,2,1,99.9,0.001,0.9980781935018918,0.9775882352941176,0.9877269620516479,0.0019107899922374157
Edge-IIoTset,SNN_AE,2,1,99.99,0.0001,1.0,0.36805882352941177,0.5380745581975319,0.0
Edge-IIoTset,SNN_AE,2,1,max,0.0,1.0,0.36805882352941177,0.5380745581975319,0.0
Edge-IIoTset,LSTM_AE,2,1,90,0.1,0.9105516871987145,1.0,0.9531819456125595,0.09971935271989013
Edge-IIoTset,LSTM_AE,2,1,95,0.05,0.9539307558498401,1.0,0.9764222739151661,0.049023705738341194
Edge-IIoTset,LSTM_AE,2,1,96,0.04,0.9630091202628448,1.0,0.9811560326667244,0.038992058279094764
Edge-IIoTset,LSTM_AE,2,1,97,0.03,0.9723175474719744,1.0,0.9859645052778101,0.028900698632590913
Edge-IIoTset,LSTM_AE,2,1,98,0.02,0.9809578765147143,1.0,0.9903874162540053,0.01970502179494835
Edge-IIoTset,LSTM_AE,2,1,99,0.01,0.9905605407295187,1.0,0.9952578888823839,0.009673374335701916
Edge-IIoTset,LSTM_AE,2,1,99.5,0.005,0.9958992384299942,1.0,0.9979454065159965,0.004179853108019347
Edge-IIoTset,LSTM_AE,2,1,99.9,0.001,0.999000999000999,1.0,0.9995002498750626,0.0010151071833761271
Edge-IIoTset,LSTM_AE,2,1,99.99,0.0001,0.9999410481636503,0.9977647058823529,0.9988516915466831,5.971218725741924e-05
Edge-IIoTset,LSTM_AE,2,1,max,0.0,1.0,0.7501764705882353,0.8572580916210131,0.0
Edge-IIoTset,CNN_AE,2,1,90,0.1,0.9114792772505496,1.0,0.953689938571148,0.09858482116199917
Edge-IIoTset,CNN_AE,2,1,95,0.05,0.9531819456125595,1.0,0.9760298550308597,0.049859676359945065
Edge-IIoTset,CNN_AE,2,1,96,0.04,0.9630091202628448,1.0,0.9811560326667244,0.038992058279094764
Edge-IIoTset,CNN_AE,2,1,97,0.03,0.9718172983479106,1.0,0.9857072449482505,0.029438108317907684
Edge-IIoTset,CNN_AE,2,1,98,0.02,0.9800530381644184,1.0,0.9899260467012171,0.020660416791067057
Edge-IIoTset,CNN_AE,2,1,99,0.01,0.9901566777331237,1.0,0.995053996312447,0.010091359646503852
Edge-IIoTset,CNN_AE,2,1,99.5,0.005,0.9958992384299942,1.0,0.9979454065159965,0.004179853108019347
Edge-IIoTset,CNN_AE,2,1,99.9,0.001,0.9992946155654832,1.0,0.9996471833470539,0.0007165462470890309
Edge-IIoTset,CNN_AE,2,1,99.99,0.0001,0.999843591147259,0.7520588235294118,0.8584281733642194,0.00011942437451483848
Edge-IIoTset,CNN_AE,2,1,max,0.0,1.0,0.7507647058823529,0.8576420387729732,0.0
Edge-IIoTset,SNN_Dense,2,1,90,0.1,0.9097720218345285,1.0,0.9527545816286499,0.10067474771600883
Edge-IIoTset,SNN_Dense,2,1,95,0.05,0.9517944124069201,1.0,0.9753019133128711,0.051412193228637965
Edge-IIoTset,SNN_Dense,2,1,96,0.04,0.9609405912610932,1.0,0.9800812890951544,0.04126112139487669
Edge-IIoTset,SNN_Dense,2,1,97,0.03,0.9704304144308711,1.0,0.9849933368097804,0.030930912999343165
Edge-IIoTset,SNN_Dense,2,1,98,0.02,0.9803921568627451,1.0,0.99009900990099,0.020302143667522542
Edge-IIoTset,SNN_Dense,2,1,99,0.01,0.9898107714701602,1.0,0.9948792977322605,0.010449632770048367
Edge-IIoTset,SNN_Dense,2,1,99.5,0.005,0.9938614440222158,1.0,0.9969212725406832,0.00626977966202902
Edge-IIoTset,SNN_Dense,2,1,99.9,0.001,0.9979802780087917,0.9882352941176471,0.9930838801205888,0.0020302143667522542
Edge-IIoTset,SNN_Dense,2,1,99.99,0.0001,1.0,0.42464705882352943,0.5961435236797556,0.0
Edge-IIoTset,SNN_Dense,2,1,max,0.0,1.0,0.42464705882352943,0.5961435236797556,0.0
Edge-IIoTset,Dense_SNN,2,1,90,0.1,0.9102104192322107,1.0,0.9529949267034784,0.10013733803069207
Edge-IIoTset,Dense_SNN,2,1,95,0.05,0.9540378247937594,1.0,0.976478359516356,0.04890428136382636
Edge-IIoTset,Dense_SNN,2,1,96,0.04,0.9621370762352143,1.0,0.980703221898526,0.03994745327521347
Edge-IIoTset,Dense_SNN,2,1,97,0.03,0.9714840848048459,1.0,0.9855358126322501,0.0297963814414522
Edge-IIoTset,Dense_SNN,2,1,98,0.02,0.980731510326526,1.0,0.9902720335527466,0.019943870543978025
Edge-IIoTset,Dense_SNN,2,1,99,0.01,0.9900413487857435,1.0,0.9949957566357437,0.010210784021018689
Edge-IIoTset,Dense_SNN,2,1,99.5,0.005,0.9948468700591439,0.9993529411764706,0.9970948146843912,0.005254672478652893
Edge-IIoTset,Dense_SNN,2,1,99.9,0.001,0.9979251807607671,0.9336470588235294,0.9647166084181735,0.001970502179494835
Edge-IIoTset,Dense_SNN,2,1,99.99,0.0001,1.0,0.42476470588235293,0.5962594442838859,0.0
Edge-IIoTset,Dense_SNN,2,1,max,0.0,1.0,0.42476470588235293,0.5962594442838859,0.0
Edge-IIoTset,Dense_AE,2,1,90,0.1,0.9105029189652402,1.0,0.9531552241316475,0.09977906490714755
Edge-IIoTset,Dense_AE,2,1,95,0.05,0.9518477043673013,1.0,0.9753298909925416,0.05135248104138054
Edge-IIoTset,Dense_AE,2,1,96,0.04,0.9613209681067632,1.0,0.9802790912236189,0.040843136084074756
Edge-IIoTset,Dense_AE,2,1,97,0.03,0.9724287838920032,1.0,0.9860216924772345,0.028781274258076073
Edge-IIoTset,Dense_AE,2,1,98,0.02,0.9811843472238254,1.0,0.9905028258462972,0.01946617304591867
Edge-IIoTset,Dense_AE,2,1,99,0.01,0.9902720335527465,1.0,0.9951122428073873,0.009971935271989012
Edge-IIoTset,Dense_AE,2,1,99.5,0.005,0.9940939126366879,1.0,0.9970382100231665,0.006030930912999343
Edge-IIoTset,Dense_AE,2,1,99.9,0.001,0.9981178684860604,0.9982352941176471,0.9981765778483619,0.0019107899922374157
Edge-IIoTset,Dense_AE,2,1,99.99,0.0001,0.9997232216994187,0.4249411764705882,0.5963840501940064,0.00011942437451483848
Edge-IIoTset,Dense_AE,2,1,max,0.0,0.9997232216994187,0.4249411764705882,0.5963840501940064,0.00011942437451483848
Edge-IIoTset,SNN_AE_T2,2,1,90,0.1,0.9105516871987145,1.0,0.9531819456125595,0.09971935271989013
Edge-IIoTset,SNN_AE_T2,2,1,95,0.05,0.9532888465204957,1.0,0.9760858955588092,0.04974025198543023
Edge-IIoTset,SNN_AE_T2,2,1,96,0.04,0.9618648862736223,1.0,0.9805618042337199,0.04024601421150057
Edge-IIoTset,SNN_AE_T2,2,1,97,0.03,0.9716328281384043,0.9993529411764706,0.9852979556328838,0.029617244879679944
Edge-IIoTset,SNN_AE_T2,2,1,98,0.02,0.9795800646054453,0.9989411764705882,0.989165890027959,0.02113811428912641
Edge-IIoTset,SNN_AE_T2,2,1,99,0.01,0.9900816802800467,0.9982352941176471,0.994141769185706,0.010151071833761271
Edge-IIoTset,SNN_AE_T2,2,1,99.5,0.005,0.9936734813426279,0.9978235294117647,0.9957441812685275,0.006448916223801278
Edge-IIoTset,SNN_AE_T2,2,1,99.9,0.001,0.9981101171727353,0.932,0.9639228569690332,0.0017913656177225771
Edge-IIoTset,SNN_AE_T2,2,1,99.99,0.0001,1.0,0.3734705882352941,0.5438348537410597,0.0
Edge-IIoTset,SNN_AE_T2,2,1,max,0.0,1.0,0.37323529411764705,0.5435853501820518,0.0
Edge-IIoTset,SNN_AE_T5,2,1,90,0.1,0.9116259116259117,1.0,0.9537701974865351,0.0984056846002269
Edge-IIoTset,SNN_AE_T5,2,1,95,0.05,0.9547879809042403,1.0,0.9768711392041373,0.04806831074222249
Edge-IIoTset,SNN_AE_T5,2,1,96,0.04,0.9642107651296012,1.0,0.9817793306575033,0.037678390159431537
Edge-IIoTset,SNN_AE_T5,2,1,97,0.03,0.9733195923508531,1.0,0.9864794290024952,0.027825879261957367
Edge-IIoTset,SNN_AE_T5,2,1,98,0.02,0.9810710987996306,1.0,0.9904451176881846,0.01958559742043351
Edge-IIoTset,SNN_AE_T5,2,1,99,0.01,0.9909069713219865,1.0,0.9954327204590702,0.009315101212157402
Edge-IIoTset,SNN_AE_T5,2,1,99.5,0.005,0.9949660501053618,0.9998823529411764,0.9974181434103979,0.005135248104138054
Edge-IIoTset,SNN_AE_T5,2,1,99.9,0.001,0.9979396008712544,0.9971764705882353,0.997557889781387,0.0020899265540096734
Edge-IIoTset,SNN_AE_T5,2,1,99.99,0.0001,1.0,0.4249411764705882,0.5964332892998679,0.0
Edge-IIoTset,SNN_AE_T5,2,1,max,0.0,1.0,0.4249411764705882,0.5964332892998679,0.0
Edge-IIoTset,SNN_AE_T7,2,1,90,0.1,0.9105516871987145,1.0,0.9531819456125595,0.09971935271989013
Edge-IIoTset,SNN_AE_T7,2,1,95,0.05,0.9547343592047625,1.0,0.976843073033385,0.04812802292947991
Edge-IIoTset,SNN_AE_T7,2,1,96,0.04,0.9631182369270863,1.0,0.9812126634151973,0.03887263390457992
Edge-IIoTset,SNN_AE_T7,2,1,97,0.03,0.9720951509606587,1.0,0.9858501507770819,0.029139547381620588
Edge-IIoTset,SNN_AE_T7,2,1,98,0.02,0.9809012751716577,1.0,0.9903585680580234,0.019764733982205768
Edge-IIoTset,SNN_AE_T7,2,1,99,0.01,0.9900413487857435,1.0,0.9949957566357437,0.010210784021018689
Edge-IIoTset,SNN_AE_T7,2,1,99.5,0.005,0.9940357852882704,1.0,0.9970089730807578,0.006090643100256763
Edge-IIoTset,SNN_AE_T7,2,1,99.9,0.001,0.9980388661080406,0.9878823529411764,0.9929346380110562,0.001970502179494835
Edge-IIoTset,SNN_AE_T7,2,1,99.99,0.0001,1.0,0.4249411764705882,0.5964332892998679,0.0
Edge-IIoTset,SNN_AE_T7,2,1,max,0.0,1.0,0.4249411764705882,0.5964332892998679,0.0
Edge-IIoTset,SNN_AE_noBN,2,1,90,0.1,0.9109420212195906,1.0,0.9533957714093433,0.09924165522183077
Edge-IIoTset,SNN_AE_noBN,2,1,95,0.05,0.9522742549854358,1.0,0.9755537702283943,0.05087478354332119
Edge-IIoTset,SNN_AE_noBN,2,1,96,0.04,0.9611579125911687,1.0,0.9801943091071583,0.04102227264584702
Edge-IIoTset,SNN_AE_noBN,2,1,97,0.03,0.9699321047526673,1.0,0.9847365829640571,0.03146832268465994
Edge-IIoTset,SNN_AE_noBN,2,1,98,0.02,0.978980708321336,1.0,0.9893787283573403,0.021794948348958024
Edge-IIoTset,SNN_AE_noBN,2,1,99,0.01,0.9892880013972172,0.9995882352941177,0.9944114462942915,0.01098704245536514
Edge-IIoTset,SNN_AE_noBN,2,1,99.5,0.005,0.9942592701071994,0.9984117647058823,0.9963311907487304,0.005851794351227085
Edge-IIoTset,SNN_AE_noBN,2,1,99.9,0.001,0.997910447761194,0.9832352941176471,0.9905185185185185,0.0020899265540096734
Edge-IIoTset,SNN_AE_noBN,2,1,99.99,0.0001,1.0,0.22929411764705881,0.3730500526366159,0.0
Edge-IIoTset,SNN_AE_noBN,2,1,max,0.0,1.0,0.2288235294117647,0.3724269985639062,0.0
Edge-IIoTset,IF,2,1,90,0.1,0.910006967894088,0.9987058823529412,0.9522954819530527,0.10025676240520691
Edge-IIoTset,IF,2,1,95,0.05,0.9525632965651254,0.9804117647058823,0.9662869235005942,0.049561115423657966
Edge-IIoTset,IF,2,1,96,0.04,0.9624756622809605,0.9595882352941176,0.9610297799640638,0.037976951095718636
Edge-IIoTset,IF,2,1,97,0.03,0.9693704979642969,0.9103529411764706,0.9389352343394509,0.02919925956887801
Edge-IIoTset,IF,2,1,98,0.02,0.9781572676727561,0.8692941176470588,0.9205182509032016,0.01970502179494835
Edge-IIoTset,IF,2,1,99,0.01,0.985945945945946,0.8047058823529412,0.8861538461538461,0.011643876515196752
Edge-IIoTset,IF,2,1,99.5,0.005,0.9913563292673075,0.7218823529411764,0.8354266653051499,0.006389204036543859
Edge-IIoTset,IF,2,1,99.9,0.001,0.21428571428571427,0.00017647058823529413,0.0003526507581991301,0.0006568340598316116
Edge-IIoTset,IF,2,1,99.99,0.0001,0.5,0.00017647058823529413,0.000352816652946019,0.00017913656177225771
Edge-IIoTset,IF,2,1,max,0.0,1.0,0.00017647058823529413,0.00035287890372287246,0.0
Edge-IIoTset,OCSVM,2,1,90,0.1,0.9147161689534571,1.0,0.9554587607137839,0.0946438168030095
Edge-IIoTset,OCSVM,2,1,95,0.05,0.9521142537104452,1.0,0.9754698034715249,0.05105392010509345
Edge-IIoTset,OCSVM,2,1,96,0.04,0.9620826259196378,1.0,0.980674935102394,0.04000716546247089
Edge-IIoTset,OCSVM,2,1,97,0.03,0.9700427960057061,1.0,0.9847936278059377,0.0313488983101451
Edge-IIoTset,OCSVM,2,1,98,0.02,0.9794883613735884,1.0,0.9896379089533125,0.02125753866364125
Edge-IIoTset,OCSVM,2,1,99,0.01,0.9902720335527465,1.0,0.9951122428073873,0.009971935271989012
Edge-IIoTset,OCSVM,2,1,99.5,0.005,0.9953161592505855,1.0,0.9976525821596244,0.004776974980593539
Edge-IIoTset,OCSVM,2,1,99.9,0.001,0.999059708509638,1.0,0.9995296331138288,0.0009553949961187078
Edge-IIoTset,OCSVM,2,1,99.99,0.0001,0.9997659723847414,0.7538823529411764,0.8595861698916798,0.00017913656177225771
Edge-IIoTset,OCSVM,2,1,max,0.0,0.9998431987455899,0.7501764705882353,0.8572004705091582,0.00011942437451483848
Edge-IIoTset,LOF,2,1,90,0.1,0.909431337933986,1.0,0.9525677303672989,0.10109273302681077
Edge-IIoTset,LOF,2,1,95,0.05,0.9546807435278262,1.0,0.9768150084753067,0.048187735116737324
Edge-IIoTset,LOF,2,1,96,0.04,0.9650317892824705,1.0,0.9822047608042523,0.03678270735057025
Edge-IIoTset,LOF,2,1,97,0.03,0.9747147525944613,1.0,0.9871954937429227,0.026333074580521885
Edge-IIoTset,LOF,2,1,98,0.02,0.9833979290796553,1.0,0.9916294805611456,0.017137397742879323
Edge-IIoTset,LOF,2,1,99,0.01,0.9921213889699445,1.0,0.9960451149846199,0.008061145279751597
Edge-IIoTset,LOF,2,1,99.5,0.005,0.9956659247979384,1.0,0.9978282561483829,0.0044187018570490235
Edge-IIoTset,LOF,2,1,99.9,0.001,0.9976826023517295,0.6837647058823529,0.8114201947576001,0.0016122290559503194
Edge-IIoTset,LOF,2,1,99.99,0.0001,0.9992307692307693,0.15282352941176472,0.26510204081632655,0.00011942437451483848
Edge-IIoTset,LOF,2,1,max,0.0,0.999092970521542,0.12958823529411764,0.22941942202551419,0.00011942437451483848
Edge-IIoTset,SNN_AE,2,2,90,0.1,0.8346835567339324,1.0,0.9098937565231354,0.18276067958530098
Edge-IIoTset,SNN_AE,2,2,95,0.05,0.8723316912972086,1.0,0.9318131988598991,0.13504858057862454
Edge-IIoTset,SNN_AE,2,2,96,0.04,0.8795529801324503,1.0,0.9359171988548778,0.12636378439993487
Edge-IIoTset,SNN_AE,2,2,97,0.03,0.886339937434828,1.0,0.9397457158651189,0.1183303479346469
Edge-IIoTset,SNN_AE,2,2,98,0.02,0.8947285270419717,0.9994117647058823,0.9441773875350801,0.10850567225750421
Edge-IIoTset,SNN_AE,2,2,99,0.01,0.9030473860554167,0.9988235294117647,0.9485238667150797,0.09895239646094556
Edge-IIoTset,SNN_AE,2,2,99.5,0.005,0.9068376068376068,0.9985882352941177,0.9505039193729004,0.09466427834771753
Edge-IIoTset,SNN_AE,2,2,99.9,0.001,0.9481659583985685,0.9974705882352941,0.9721935557848871,0.05031753786028334
Edge-IIoTset,SNN_AE,2,2,99.99,0.0001,1.0,0.2615294117647059,0.41462277347757165,0.0
Edge-IIoTset,SNN_AE,2,2,max,0.0,1.0,0.24711764705882353,0.39630206122352724,0.0
Edge-IIoTset,LSTM_AE,2,2,90,0.1,0.8368200836820083,1.0,0.9111617312072893,0.17993812082722685
Edge-IIoTset,LSTM_AE,2,2,95,0.05,0.8747105737072293,1.0,0.9331686565115961,0.1321717418444336
Edge-IIoTset,LSTM_AE,2,2,96,0.04,0.8821087588210876,1.0,0.9373621526246141,0.12332410573739347
Edge-IIoTset,LSTM_AE,2,2,97,0.03,0.8893539105414596,1.0,0.9414370760071993,0.11480214948705422
Edge-IIoTset,LSTM_AE,2,2,98,0.02,0.8953966080269672,1.0,0.9448118712832767,0.10780003256798568
Edge-IIoTset,LSTM_AE,2,2,99,0.01,0.902239677316633,1.0,0.9486077785837843,0.09998371600716496
Edge-IIoTset,LSTM_AE,2,2,99.5,0.005,0.9063283040998027,1.0,0.9508627681293174,0.09536991803723606
Edge-IIoTset,LSTM_AE,2,2,99.9,0.001,0.9197143475438216,1.0,0.9581783338969676,0.0805514845573468
Edge-IIoTset,LSTM_AE,2,2,99.99,0.0001,0.9996463515265825,0.9976470588235294,0.9986457045280575,0.0003256798567008631
Edge-IIoTset,LSTM_AE,2,2,max,0.0,0.9997045790251108,0.9952941176470588,0.9974944731024318,0.00027139988058405253
Edge-IIoTset,CNN_AE,2,2,90,0.1,0.8364906755892338,1.0,0.9109664282078075,0.18037236063616133
Edge-IIoTset,CNN_AE,2,2,95,0.05,0.8721974244523113,1.0,0.9317365925844728,0.135211420506975
Edge-IIoTset,CNN_AE,2,2,96,0.04,0.8790981487227221,1.0,0.9356596400462326,0.12690658416110298
Edge-IIoTset,CNN_AE,2,2,97,0.03,0.8868948247078464,1.0,0.9400575094005752,0.11767898822124519
Edge-IIoTset,CNN_AE,2,2,98,0.02,0.8945485161018732,1.0,0.9443395178313521,0.10877707213808827
Edge-IIoTset,CNN_AE,2,2,99,0.01,0.9021917953616728,1.0,0.948581312948135,0.10003799598328177
Edge-IIoTset,CNN_AE,2,2,99.5,0.005,0.9060384799872089,1.0,0.9507032407795767,0.09569559789393693
Edge-IIoTset,CNN_AE,2,2,99.9,0.001,0.9743089803876591,0.9994117647058823,0.9867007375573494,0.02431742930033111
Edge-IIoTset,CNN_AE,2,2,99.99,0.0001,0.999714957599943,0.8252352941176471,0.9041343086391905,0.00021711990446724203
Edge-IIoTset,CNN_AE,2,2,max,0.0,0.999714957599943,0.8252352941176471,0.9041343086391905,0.00021711990446724203
Edge-IIoTset,SNN_Dense,2,2,90,0.1,0.8359559402045633,1.0,0.9106492393400472,0.18107800032567986
Edge-IIoTset,SNN_Dense,2,2,95,0.05,0.8718842958252129,1.0,0.9315578935832101,0.13559138033979265
Edge-IIoTset,SNN_Dense,2,2,96,0.04,0.8788254755996692,1.0,0.9355051727933084,0.12723226401780383
Edge-IIoTset,SNN_Dense,2,2,97,0.03,0.8865248226950354,1.0,0.9398496240601504,0.11811322803017966
Edge-IIoTset,SNN_Dense,2,2,98,0.02,0.8935611038107752,1.0,0.9437890353920888,0.10991695163654128
Edge-IIoTset,SNN_Dense,2,2,99,0.01,0.9021917953616728,1.0,0.948581312948135,0.10003799598328177
Edge-IIoTset,SNN_Dense,2,2,99.5,0.005,0.9064732856990508,1.0,0.9509425518823069,0.09520707810888564
Edge-IIoTset,SNN_Dense,2,2,99.9,0.001,0.964490653940117,0.9985882352941177,0.9812433166671484,0.03392498507300657
Edge-IIoTset,SNN_Dense,2,2,99.99,0.0001,1.0,0.42776470588235294,0.5992089650626237,0.0
Edge-IIoTset,SNN_Dense,2,2,max,0.0,1.0,0.42776470588235294,0.5992089650626237,0.0
Edge-IIoTset,Dense_SNN,2,2,90,0.1,0.8346425765907306,1.0,0.9098694069792336,0.1828149595614178
Edge-IIoTset,Dense_SNN,2,2,95,0.05,0.8694318007466885,1.0,0.9301562115284654,0.13857677902621723
Edge-IIoTset,Dense_SNN,2,2,96,0.04,0.8771929824561403,1.0,0.9345794392523363,0.129186343158009
Edge-IIoTset,Dense_SNN,2,2,97,0.03,0.886062754091525,1.0,0.9395898966451113,0.11865602779134778
Edge-IIoTset,Dense_SNN,2,2,98,0.02,0.8945014469876348,1.0,0.9443132898208582,0.10883135211420507
Edge-IIoTset,Dense_SNN,2,2,99,0.01,0.9025439481650646,0.9996470588235294,0.9486170420609005,0.09960375617434729
Edge-IIoTset,Dense_SNN,2,2,99.5,0.005,0.9065520371655897,0.9986470588235294,0.950373666974557,0.09498995820441838
Edge-IIoTset,Dense_SNN,2,2,99.9,0.001,0.9259299661830479,0.9985882352941177,0.9608875304239544,0.07371220756662868
Edge-IIoTset,Dense_SNN,2,2,99.99,0.0001,1.0,0.4274117647058824,0.5988626061155526,0.0
Edge-IIoTset,Dense_SNN,2,2,max,0.0,1.0,0.42470588235294116,0.5962014863748967,0.0
Edge-IIoTset,Dense_AE,2,2,90,0.1,0.8371085286586567,1.0,0.9113326900396699,0.17955816099440916
Edge-IIoTset,Dense_AE,2,2,95,0.05,0.8728691723146437,1.0,0.9321197499725847,0.13439722086522282
Edge-IIoTset,Dense_AE,2,2,96,0.04,0.8806921203957934,1.0,0.9365617166625347,0.1250067849970146
Edge-IIoTset,Dense_AE,2,2,97,0.03,0.8877284595300261,1.0,0.9405255878284924,0.1167019486511426
Edge-IIoTset,Dense_AE,2,2,98,0.02,0.8946426691927165,1.0,0.944391978223432,0.10866851218585463
Edge-IIoTset,Dense_AE,2,2,99,0.01,0.9025749933634192,1.0,0.9487930793916562,0.09960375617434729
Edge-IIoTset,Dense_AE,2,2,99.5,0.005,0.9070052819719362,1.0,0.9512352068936575,0.09460999837160072
Edge-IIoTset,Dense_AE,2,2,99.9,0.001,0.9195800411299925,0.9995294117647059,0.9578893962455606,0.08066004450958042
Edge-IIoTset,Dense_AE,2,2,99.99,0.0001,1.0,0.42776470588235294,0.5992089650626237,0.0
Edge-IIoTset,Dense_AE,2,2,max,0.0,1.0,0.42776470588235294,0.5992089650626237,0.0
Edge-IIoTset,SNN_AE_T2,2,2,90,0.1,0.8398379606758225,1.0,0.9129477471671767,0.17597568257069968
Edge-IIoTset,SNN_AE_T2,2,2,95,0.05,0.8748906386701663,1.0,0.9332711152589828,0.13195462193996635
Edge-IIoTset,SNN_AE_T2,2,2,96,0.04,0.8816512809874494,1.0,0.9371037980265695,0.12386690549856158
Edge-IIoTset,SNN_AE_T2,2,2,97,0.03,0.888981854311562,1.0,0.9412285801290037,0.11523638929598871
Edge-IIoTset,SNN_AE_T2,2,2,98,0.02,0.8961189622442522,0.9996470588235294,0.9450561672783894,0.1069315529501167
Edge-IIoTset,SNN_AE_T2,2,2,99,0.01,0.903148601212637,0.9988823529411764,0.948606223116027,0.09884383650871194
Edge-IIoTset,SNN_AE_T2,2,2,99.5,0.005,0.9032901296111665,0.9592941176470589,0.9304501626062646,0.09477283829995115
Edge-IIoTset,SNN_AE_T2,2,2,99.9,0.001,0.9622072505614373,0.8821176470588236,0.9204235077489643,0.03197090593280139
Edge-IIoTset,SNN_AE_T2,2,2,99.99,0.0001,1.0,0.37670588235294117,0.5472568791659546,0.0
Edge-IIoTset,SNN_AE_T2,2,2,max,0.0,1.0,0.37670588235294117,0.5472568791659546,0.0
Edge-IIoTset,SNN_AE_T5,2,2,90,0.1,0.8350115428066212,1.0,0.9100885998019219,0.1823264397763665
Edge-IIoTset,SNN_AE_T5,2,2,95,0.05,0.8715267097303394,1.0,0.9313537500684819,0.13602562014872713
Edge-IIoTset,SNN_AE_T5,2,2,96,0.04,0.8800082824308935,1.0,0.9361748994988711,0.12582098463876676
Edge-IIoTset,SNN_AE_T5,2,2,97,0.03,0.8869873734738599,1.0,0.9401094951059006,0.11757042826901157
Edge-IIoTset,SNN_AE_T5,2,2,98,0.02,0.8958212573114823,1.0,0.9450482252550241,0.10731151278293438
Edge-IIoTset,SNN_AE_T5,2,2,99,0.01,0.9028626055552605,1.0,0.9489519662842949,0.09927807631764642
Edge-IIoTset,SNN_AE_T5,2,2,99.5,0.005,0.9068425831953422,0.9986470588235294,0.9505332997396491,0.09466427834771753
Edge-IIoTset,SNN_AE_T5,2,2,99.9,0.001,0.95341107543237,0.9955294117647059,0.9740151362550717,0.04488954024860229
Edge-IIoTset,SNN_AE_T5,2,2,99.99,0.0001,1.0,0.41623529411764704,0.5878052832696461,0.0
Edge-IIoTset,SNN_AE_T5,2,2,max,0.0,1.0,0.39488235294117646,0.5661873234091005,0.0
Edge-IIoTset,SNN_AE_T7,2,2,90,0.1,0.8368612779363985,1.0,0.9111861499705204,0.17988384085111003
Edge-IIoTset,SNN_AE_T7,2,2,95,0.05,0.8715267097303394,1.0,0.9313537500684819,0.13602562014872713
Edge-IIoTset,SNN_AE_T7,2,2,96,0.04,0.8790526914525053,1.0,0.9356338919618041,0.12696086413721977
Edge-IIoTset,SNN_AE_T7,2,2,97,0.03,0.8871725289635738,1.0,0.9402134837674907,0.11735330836454431
Edge-IIoTset,SNN_AE_T7,2,2,98,0.02,0.8947839359966314,1.0,0.9444706797411039,0.10850567225750421
Edge-IIoTset,SNN_AE_T7,2,2,99,0.01,0.9028146574614976,1.0,0.948925481440134,0.09933235629376323
Edge-IIoTset,SNN_AE_T7,2,2,99.5,0.005,0.9063350589742222,0.9989411764705882,0.9503875535159638,0.09526135808500244
Edge-IIoTset,SNN_AE_T7,2,2,99.9,0.001,0.9538686295443052,0.9985882352941177,0.9757162973819582,0.044563860391901425
Edge-IIoTset,SNN_AE_T7,2,2,99.99,0.0001,1.0,0.42776470588235294,0.5992089650626237,0.0
Edge-IIoTset,SNN_AE_T7,2,2,max,0.0,1.0,0.42776470588235294,0.5992089650626237,0.0
Edge-IIoTset,SNN_AE_noBN,2,2,90,0.1,0.8351756325227216,1.0,0.9101860527372506,0.18210931987189927
Edge-IIoTset,SNN_AE_noBN,2,2,95,0.05,0.8718395815170009,1.0,0.9315323707498836,0.13564566031590947
Edge-IIoTset,SNN_AE_noBN,2,2,96,0.04,0.8799171842650103,1.0,0.9361233480176212,0.1259295445910004
Edge-IIoTset,SNN_AE_noBN,2,2,97,0.03,0.8879603029511621,1.0,0.9406556923502559,0.11643054877055854
Edge-IIoTset,SNN_AE_noBN,2,2,98,0.02,0.895538113048517,1.0,0.9448906428035462,0.10763719263963524
Edge-IIoTset,SNN_AE_noBN,2,2,99,0.01,0.9029105587422988,1.0,0.9489784526068996,0.09922379634152961
Edge-IIoTset,SNN_AE_noBN,2,2,99.5,0.005,0.9064502349423323,0.9985882352941177,0.9502910882221227,0.09509851815665202
Edge-IIoTset,SNN_AE_noBN,2,2,99.9,0.001,0.9242432596350003,0.9860588235294118,0.9541508950678773,0.07458068718449763
Edge-IIoTset,SNN_AE_noBN,2,2,99.99,0.0001,1.0,0.4273529411764706,0.5988048629713579,0.0
Edge-IIoTset,SNN_AE_noBN,2,2,max,0.0,1.0,0.4273529411764706,0.5988048629713579,0.0
Edge-IIoTset,IF,2,2,90,0.1,0.8368217438746156,0.9924705882352941,0.9080243259243314,0.17858112142430657
Edge-IIoTset,IF,2,2,95,0.05,0.8645405405405405,0.9408235294117647,0.9010704225352113,0.13602562014872713
Edge-IIoTset,IF,2,2,96,0.04,0.8704311543810849,0.9203529411764706,0.8946962115796997,0.1264180643760517
Edge-IIoTset,IF,2,2,97,0.03,0.8762993762993763,0.8925882352941177,0.8843688075533279,0.1162677088422081
Edge-IIoTset,IF,2,2,98,0.02,0.8827025715672003,0.8561176470588235,0.8692068800764452,0.10497747380991153
Edge-IIoTset,IF,2,2,99,0.01,0.8970119521912351,0.7946470588235294,0.8427323767935121,0.0841882429571731
Edge-IIoTset,IF,2,2,99.5,0.005,0.9245443384644443,0.5758823529411765,0.7097031425568162,0.0433697009173316
Edge-IIoTset,IF,2,2,99.9,0.001,0.13636363636363635,0.00017647058823529413,0.00035248501938667606,0.0010313195462193997
Edge-IIoTset,IF,2,2,99.99,0.0001,0.3,0.00017647058823529413,0.0003527336860670194,0.0003799598328176736
Edge-IIoTset,IF,2,2,max,0.0,0.375,0.00017647058823529413,0.00035277516462841024,0.00027139988058405253
Edge-IIoTset,OCSVM,2,2,90,0.1,0.8362849271940181,1.0,0.9108444063437635,0.18064376051674538
Edge-IIoTset,OCSVM,2,2,95,0.05,0.8717501666581201,1.0,0.9314813292786499,0.13575422026814307
Edge-IIoTset,OCSVM,2,2,96,0.04,0.87978057237489,1.0,0.9360460314401344,0.12609238451935081
Edge-IIoTset,OCSVM,2,2,97,0.03,0.8862013240890372,1.0,0.9396677997954841,0.11849318786299734
Edge-IIoTset,OCSVM,2,2,98,0.02,0.8942191362895165,1.0,0.9441559523478936,0.10915703197090593
Edge-IIoTset,OCSVM,2,2,99,0.01,0.9026229160029734,1.0,0.948819556845454,0.09954947619823047
Edge-IIoTset,OCSVM,2,2,99.5,0.005,0.907102075662985,1.0,0.9512884362496853,0.09450143841936709
Edge-IIoTset,OCSVM,2,2,99.9,0.001,0.9686057774485785,1.0,0.984052559983792,0.02990826684036259
Edge-IIoTset,OCSVM,2,2,99.99,0.0001,0.9974120691683331,0.9975294117647059,0.9974707370154697,0.002388318949139662
Edge-IIoTset,OCSVM,2,2,max,0.0,0.9996874023132228,0.7524705882352941,0.8586387434554974,0.00021711990446724203
Edge-IIoTset,LOF,2,2,90,0.1,0.8362455086873062,0.9994117647058823,0.9105769488436907,0.18058948054062857
Edge-IIoTset,LOF,2,2,95,0.05,0.8734509178793645,0.9991764705882353,0.9320931763931187,0.13358302122347065
Edge-IIoTset,LOF,2,2,96,0.04,0.8608933454876937,0.8332941176470589,0.8468689284112988,0.12424686533137926
Edge-IIoTset,LOF,2,2,97,0.03,0.8613426077826629,0.7721176470588236,0.8142932473091598,0.1146935895348206
Edge-IIoTset,LOF,2,2,98,0.02,0.8691236801398884,0.7601764705882353,0.8110075622077882,0.10562883352331325
Edge-IIoTset,LOF,2,2,99,0.01,0.8791712253829321,0.7562941176470588,0.8131166202883885,0.09591271779840417
Edge-IIoTset,LOF,2,2,99.5,0.005,0.8799107785292848,0.7193529411764706,0.7915722700498414,0.09059328013895673
Edge-IIoTset,LOF,2,2,99.9,0.001,0.9295349944453262,0.34452941176470586,0.5027252049268273,0.024100309395863866
Edge-IIoTset,LOF,2,2,99.99,0.0001,1.0,0.029823529411764707,0.05791968926715028,0.0
Edge-IIoTset,LOF,2,2,max,0.0,1.0,0.02823529411764706,0.05491990846681922,0.0
Edge-IIoTset,SNN_AE,2,3,90,0.1,0.915948275862069,1.0,0.9561304836895388,0.09315101212157402
Edge-IIoTset,SNN_AE,2,3,95,0.05,0.9576925243648245,1.0,0.9783891111047164,0.04484385263032185
Edge-IIoTset,SNN_AE,2,3,96,0.04,0.9650865739426625,1.0,0.9822331359237324,0.03672299516331283
Edge-IIoTset,SNN_AE,2,3,97,0.03,0.9738213897004067,1.0,0.9867370926081783,0.027288469576640592
Edge-IIoTset,SNN_AE,2,3,98,0.02,0.9805618042337197,1.0,0.9901855141683897,0.020123007105750285
Edge-IIoTset,SNN_AE,2,3,99,0.01,0.9910802775024777,1.0,0.9955201592832256,0.009135964650385143
Edge-IIoTset,SNN_AE,2,3,99.5,0.005,0.9963661938811393,1.0,0.9981797897950796,0.003702155609959993
Edge-IIoTset,SNN_AE,2,3,99.9,0.001,0.9981794691097017,0.9998235294117647,0.999000822851769,0.0018510778049799965
Edge-IIoTset,SNN_AE,2,3,99.99,0.0001,0.9995273822886512,0.9952352941176471,0.9973767206060071,0.0004776974980593539
Edge-IIoTset,SNN_AE,2,3,max,0.0,1.0,0.4278823529411765,0.5993243799950564,0.0
Edge-IIoTset,LSTM_AE,2,3,90,0.1,0.9147161689534571,1.0,0.9554587607137839,0.0946438168030095
Edge-IIoTset,LSTM_AE,2,3,95,0.05,0.957315012951909,1.0,0.9781920708901548,0.04526183794112378
Edge-IIoTset,LSTM_AE,2,3,96,0.04,0.9661286656058196,1.0,0.9827725748641462,0.035588463605421866
Edge-IIoTset,LSTM_AE,2,3,97,0.03,0.975497790784415,1.0,0.9875969442588666,0.025497103958918015
Edge-IIoTset,LSTM_AE,2,3,98,0.02,0.9868230103906658,1.0,0.9933678090396469,0.013554666507434168
Edge-IIoTset,LSTM_AE,2,3,99,0.01,0.9977111332824696,1.0,0.9988542554129086,0.0023287753030393505
Edge-IIoTset,LSTM_AE,2,3,99.5,0.005,0.9984729237636556,1.0,0.9992358784458943,0.0015525168686929003
Edge-IIoTset,LSTM_AE,2,3,99.9,0.001,0.999000999000999,1.0,0.9995002498750626,0.0010151071833761271
Edge-IIoTset,LSTM_AE,2,3,99.99,0.0001,0.9998822213061657,0.9987647058823529,0.9993231511727141,0.00011942437451483848
Edge-IIoTset,LSTM_AE,2,3,max,0.0,1.0,0.9807058823529412,0.9902589688762176,0.0
Edge-IIoTset,CNN_AE,2,3,90,0.1,0.9178274484396933,1.0,0.9571533134395586,0.09088194900579208
Edge-IIoTset,CNN_AE,2,3,95,0.05,0.9586105785496786,1.0,0.9788679679852594,0.04382874544694572
Edge-IIoTset,CNN_AE,2,3,96,0.04,0.9686609686609686,1.0,0.984081041968162,0.03284170299158058
Edge-IIoTset,CNN_AE,2,3,97,0.03,0.9779669792325836,1.0,0.988860774219818,0.02286976771959157
Edge-IIoTset,CNN_AE,2,3,98,0.02,0.9869375907111756,1.0,0.993425858290723,0.013435242132919328
Edge-IIoTset,CNN_AE,2,3,99,0.01,0.9987662299512368,1.0,0.9993827341935864,0.001253955932405804
Edge-IIoTset,CNN_AE,2,3,99.5,0.005,0.9992946155654832,1.0,0.9996471833470539,0.0007165462470890309
Edge-IIoTset,CNN_AE,2,3,99.9,0.001,0.9992946155654832,1.0,0.9996471833470539,0.0007165462470890309
Edge-IIoTset,CNN_AE,2,3,99.99,0.0001,0.9995878959142823,0.9987647058823529,0.999176131348202,0.00041798531080193465
Edge-IIoTset,CNN_AE,2,3,max,0.0,0.9998822213061657,0.9987647058823529,0.9993231511727141,0.00011942437451483848
Edge-IIoTset,SNN_Dense,2,3,90,0.1,0.9162444755847796,1.0,0.9562918377679024,0.09279273899802949
Edge-IIoTset,SNN_Dense,2,3,95,0.05,0.9598554570605838,1.0,0.9795165797585781,0.04245536514002508
Edge-IIoTset,SNN_Dense,2,3,96,0.04,0.9692132269099202,1.0,0.9843659525188189,0.03224458111900639
Edge-IIoTset,SNN_Dense,2,3,97,0.03,0.9780795121109257,1.0,0.9889182978970943,0.02275034334507673
Edge-IIoTset,SNN_Dense,2,3,98,0.02,0.9851074926116938,1.0,0.9924978836442188,0.015346032125156745
Edge-IIoTset,SNN_Dense,2,3,99,0.01,0.9938033438559569,1.0,0.9968920424558729,0.006329491849286439
Edge-IIoTset,SNN_Dense,2,3,99.5,0.005,0.9974769700170157,1.0,0.9987368915782979,0.002567624052069027
Edge-IIoTset,SNN_Dense,2,3,99.9,0.001,1.0,0.9997058823529412,0.9998529195469922,0.0
Edge-IIoTset,SNN_Dense,2,3,99.99,0.0001,1.0,0.9979411764705882,0.9989695274547328,0.0
Edge-IIoTset,SNN_Dense,2,3,max,0.0,1.0,0.4391764705882353,0.6103163573939344,0.0
Edge-IIoTset,Dense_SNN,2,3,90,0.1,0.9128987219417892,1.0,0.9544663410252091,0.096853167731534
Edge-IIoTset,Dense_SNN,2,3,95,0.05,0.961266610121572,1.0,0.9802508288885685,0.04090284827133218
Edge-IIoTset,Dense_SNN,2,3,96,0.04,0.9704304144308711,1.0,0.9849933368097804,0.030930912999343165
Edge-IIoTset,Dense_SNN,2,3,97,0.03,0.9785299027226155,1.0,0.9891484595467372,0.022272645847017377
Edge-IIoTset,Dense_SNN,2,3,98,0.02,0.9852216748768473,1.0,0.9925558312655086,0.015226607750641906
Edge-IIoTset,Dense_SNN,2,3,99,0.01,0.9920634920634921,1.0,0.9960159362549801,0.008120857467009017
Edge-IIoTset,Dense_SNN,2,3,99.5,0.005,0.9967166979362101,1.0,0.9983556495184402,0.003343882486415477
Edge-IIoTset,Dense_SNN,2,3,99.9,0.001,0.9986488868002115,1.0,0.9993239867148693,0.0013733803069206425
Edge-IIoTset,Dense_SNN,2,3,99.99,0.0001,0.9997597453300499,0.9791176470588235,0.9893310350976254,0.00023884874902967696
Edge-IIoTset,Dense_SNN,2,3,max,0.0,1.0,0.6434117647058823,0.7830195432743933,0.0
Edge-IIoTset,Dense_AE,2,3,90,0.1,0.9166891345376112,1.0,0.9565339710226474,0.09225532931271273
Edge-IIoTset,Dense_AE,2,3,95,0.05,0.9614297025223391,1.0,0.9803356207831151,0.04072371170955992
Edge-IIoTset,Dense_AE,2,3,96,0.04,0.9709292363927123,1.0,0.9852502245790953,0.030393503314026394
Edge-IIoTset,Dense_AE,2,3,97,0.03,0.9798270893371758,1.0,0.9898107714701602,0.020899265540096735
Edge-IIoTset,Dense_AE,2,3,98,0.02,0.9865366759517178,1.0,0.9932227155877542,0.013853227443721264
Edge-IIoTset,Dense_AE,2,3,99,0.01,0.9910802775024777,1.0,0.9955201592832256,0.009135964650385143
Edge-IIoTset,Dense_AE,2,3,99.5,0.005,0.9958992384299942,1.0,0.9979454065159965,0.004179853108019347
Edge-IIoTset,Dense_AE,2,3,99.9,0.001,0.9987654320987654,0.9993529411764706,0.9990591002646281,0.001253955932405804
Edge-IIoTset,Dense_AE,2,3,99.99,0.0001,0.9998085147124529,0.9214117647058824,0.9590106223405883,0.00017913656177225771
Edge-IIoTset,Dense_AE,2,3,max,0.0,1.0,0.6457058823529411,0.7847160167280266,0.0
Edge-IIoTset,SNN_AE_T2,2,3,90,0.1,0.91324200913242,1.0,0.954653937947494,0.09643518242073207
Edge-IIoTset,SNN_AE_T2,2,3,95,0.05,0.9590973201692524,1.0,0.9791216702663788,0.04329133576162895
Edge-IIoTset,SNN_AE_T2,2,3,96,0.04,0.9695396725800012,0.9998235294117647,0.98444875619009,0.031886307995461875
Edge-IIoTset,SNN_AE_T2,2,3,97,0.03,0.9790334658141812,0.9998235294117647,0.9893192864002793,0.021735236161700602
Edge-IIoTset,SNN_AE_T2,2,3,98,0.02,0.9858476886491503,0.9998235294117647,0.9927864256300926,0.014569773690810294
Edge-IIoTset,SNN_AE_T2,2,3,99,0.01,0.9927515052317765,0.999,0.9958659512710001,0.007404311219919986
Edge-IIoTset,SNN_AE_T2,2,3,99.5,0.005,0.9943201780067924,0.9988823529411764,0.996596044368801,0.0057920821639696665
Edge-IIoTset,SNN_AE_T2,2,3,99.9,0.001,0.9985190450802678,0.9915294117647059,0.995011953602314,0.0014928046814354809
Edge-IIoTset,SNN_AE_T2,2,3,99.99,0.0001,0.9997494519260883,0.9388823529411765,0.9683603822235705,0.00023884874902967696
Edge-IIoTset,SNN_AE_T2,2,3,max,0.0,1.0,0.2308235294117647,0.3750716880137641,0.0
Edge-IIoTset,SNN_AE_T5,2,3,90,0.1,0.9138802279324804,1.0,0.9550025279478681,0.09565892398638562
Edge-IIoTset,SNN_AE_T5,2,3,95,0.05,0.957315012951909,1.0,0.9781920708901548,0.04526183794112378
Edge-IIoTset,SNN_AE_T5,2,3,96,0.04,0.9671179883945842,1.0,0.9832841691248771,0.03451364423478832
Edge-IIoTset,SNN_AE_T5,2,3,97,0.03,0.9770676475659521,1.0,0.9884008256053955,0.023825162715710276
Edge-IIoTset,SNN_AE_T5,2,3,98,0.02,0.9868230103906658,1.0,0.9933678090396469,0.013554666507434168
Edge-IIoTset,SNN_AE_T5,2,3,99,0.01,0.9920630288882405,0.9999411764705882,0.9959865240955031,0.008120857467009017
Edge-IIoTset,SNN_AE_T5,2,3,99.5,0.005,0.9946161048689138,0.9997647058823529,0.9971837596808261,0.00549352122768257
Edge-IIoTset,SNN_AE_T5,2,3,99.9,0.001,0.9989380530973452,0.996,0.9974668630338734,0.0010748193706335463
Edge-IIoTset,SNN_AE_T5,2,3,99.99,0.0001,1.0,0.9170588235294118,0.9567351948450445,0.0
Edge-IIoTset,SNN_AE_T5,2,3,max,0.0,1.0,0.42617647058823527,0.5976489997937718,0.0
Edge-IIoTset,SNN_AE_T7,2,3,90,0.1,0.9151593453919036,1.0,0.9557004722284687,0.09410640711769272
Edge-IIoTset,SNN_AE_T7,2,3,95,0.05,0.9571533134395586,1.0,0.9781076493771755,0.04544097450289604
Edge-IIoTset,SNN_AE_T7,2,3,96,0.04,0.9679990889420339,1.0,0.9837393669347838,0.03355824923866961
Edge-IIoTset,SNN_AE_T7,2,3,97,0.03,0.9765625,1.0,0.9881422924901185,0.02436257240102705
Edge-IIoTset,SNN_AE_T7,2,3,98,0.02,0.9868230103906658,1.0,0.9933678090396469,0.013554666507434168
Edge-IIoTset,SNN_AE_T7,2,3,99,0.01,0.99241097489784,1.0,0.9961910342806914,0.007762584343464501
Edge-IIoTset,SNN_AE_T7,2,3,99.5,0.005,0.996538980465771,0.9992941176470588,0.9979146473991835,0.003523019048187735
Edge-IIoTset,SNN_AE_T7,2,3,99.9,0.001,0.9988826815642458,0.9991764705882353,0.9990295544772828,0.0011345315578909655
Edge-IIoTset,SNN_AE_T7,2,3,99.99,0.0001,0.9997622868009747,0.9895882352941177,0.9946492446861974,0.00023884874902967696
Edge-IIoTset,SNN_AE_T7,2,3,max,0.0,1.0,0.6028235294117648,0.7522019964768056,0.0
Edge-IIoTset,SNN_AE_noBN,2,3,90,0.1,0.9193164611723988,1.0,0.9579623577144145,0.08909058338806951
Edge-IIoTset,SNN_AE_noBN,2,3,95,0.05,0.9607233681831026,1.0,0.9799682951433925,0.04149997014390637
Edge-IIoTset,SNN_AE_noBN,2,3,96,0.04,0.9684402415403897,1.0,0.9839671239219772,0.03308055174061026
Edge-IIoTset,SNN_AE_noBN,2,3,97,0.03,0.9768390804597701,0.9998235294117647,0.9881976744186046,0.024064011464739955
Edge-IIoTset,SNN_AE_noBN,2,3,98,0.02,0.9850469456357946,0.9997647058823529,0.992351258247212,0.015405744312414163
Edge-IIoTset,SNN_AE_noBN,2,3,99,0.01,0.990552834149755,0.9991764705882353,0.9948459646245753,0.009673374335701916
Edge-IIoTset,SNN_AE_noBN,2,3,99.5,0.005,0.9958357771260997,0.9987647058823529,0.9972980910425845,0.004239565295276766
Edge-IIoTset,SNN_AE_noBN,2,3,99.9,0.001,0.998999764650506,0.9987647058823529,0.998882221437816,0.0010151071833761271
Edge-IIoTset,SNN_AE_noBN,2,3,99.99,0.0001,0.9997494048364867,0.9387058823529412,0.968266488683939,0.00023884874902967696
Edge-IIoTset,SNN_AE_noBN,2,3,max,0.0,1.0,0.42605882352941177,0.5975333085839211,0.0
Edge-IIoTset,IF,2,3,90,0.1,0.9173513248816584,0.991764705882353,0.9531077757992029,0.09070281244401983
Edge-IIoTset,IF,2,3,95,0.05,0.9591315453384419,0.9277058823529412,0.943157013425829,0.04012658983698573
Edge-IIoTset,IF,2,3,96,0.04,0.9670105719016686,0.8931764705882353,0.9286282184575867,0.030930912999343165
Edge-IIoTset,IF,2,3,97,0.03,0.9747258625300883,0.8575294117647059,0.9123795218425335,0.022571206783304473
Edge-IIoTset,IF,2,3,98,0.02,0.9841724557759793,0.8083529411764706,0.8876400865549204,0.013196393383889652
Edge-IIoTset,IF,2,3,99,0.01,0.9912332964507617,0.6850588235294117,0.810184702076594,0.0061503552875141814
Edge-IIoTset,IF,2,3,99.5,0.005,0.9917261702368809,0.5147058823529411,0.677690431011114,0.004358989669791605
Edge-IIoTset,IF,2,3,99.9,0.001,0.047619047619047616,5.882352941176471e-05,0.00011750190940602786,0.0011942437451483848
Edge-IIoTset,IF,2,3,99.99,0.0001,0.3333333333333333,5.882352941176471e-05,0.00011762630124095749,0.00011942437451483848
Edge-IIoTset,IF,2,3,max,0.0,0.5,5.882352941176471e-05,0.00011763321962122103,5.971218725741924e-05
Edge-IIoTset,OCSVM,2,3,90,0.1,0.9147161689534571,1.0,0.9554587607137839,0.0946438168030095
Edge-IIoTset,OCSVM,2,3,95,0.05,0.959530394536321,1.0,0.9793472938329926,0.0428136382635696
Edge-IIoTset,OCSVM,2,3,96,0.04,0.9685505925250684,1.0,0.9840240796480667,0.03296112736609542
Edge-IIoTset,OCSVM,2,3,97,0.03,0.9765625,1.0,0.9881422924901185,0.02436257240102705
Edge-IIoTset,OCSVM,2,3,98,0.02,0.9878551920506712,1.0,0.9938904966529276,0.012479847136800622
Edge-IIoTset,OCSVM,2,3,99,0.01,0.9940939126366879,1.0,0.9970382100231665,0.006030930912999343
Edge-IIoTset,OCSVM,2,3,99.5,0.005,0.9971259311396563,1.0,0.9985608975300303,0.0029258971756135426
Edge-IIoTset,OCSVM,2,3,99.9,0.001,0.9995296331138288,1.0,0.9997647612326511,0.0004776974980593539
Edge-IIoTset,OCSVM,2,3,99.99,0.0001,0.9999411071849235,0.9987647058823529,0.9993525603296056,5.971218725741924e-05
Edge-IIoTset,OCSVM,2,3,max,0.0,1.0,0.7528823529411764,0.8590221148360684,0.0
Edge-IIoTset,LOF,2,3,90,0.1,0.9156477242122273,0.9999411764705882,0.9559398284830593,0.09350928524511853
Edge-IIoTset,LOF,2,3,95,0.05,0.9618627284558365,0.9999411764705882,0.9805324027341159,0.04024601421150057
Edge-IIoTset,LOF,2,3,96,0.04,0.9708166761850371,0.9999411764705882,0.985163720660678,0.03051292768854123
Edge-IIoTset,LOF,2,3,97,0.03,0.9800518881522052,0.9999411764705882,0.9898966370650749,0.020660416791067057
Edge-IIoTset,LOF,2,3,98,0.02,0.9884888562331619,0.9496470588235294,0.9686787471498859,0.011225891204394817
Edge-IIoTset,LOF,2,3,99,0.01,0.9947602641401091,0.8152352941176471,0.8960946592525539,0.004358989669791605
Edge-IIoTset,LOF,2,3,99.5,0.005,0.9978876739562624,0.47241176470588236,0.6412488022995848,0.0010151071833761271
Edge-IIoTset,LOF,2,3,99.9,0.001,1.0,0.29241176470588237,0.4525055755313823,0.0
Edge-IIoTset,LOF,2,3,99.99,0.0001,1.0,0.2917058823529412,0.45165991165353614,0.0
Edge-IIoTset,LOF,2,3,max,0.0,1.0,0.1408235294117647,0.24688047849850467,0.0
Edge-IIoTset,SNN_AE,2,4,90,0.1,0.9149130832570905,1.0,0.9555661729574774,0.09439933126343444
Edge-IIoTset,SNN_AE,2,4,95,0.05,0.9580163426317273,1.0,0.9785580659087639,0.04448292333412945
Edge-IIoTset,SNN_AE,2,4,96,0.04,0.9660737625731659,1.0,0.9827441685695292,0.035646047289228565
Edge-IIoTset,SNN_AE,2,4,97,0.03,0.9748795595320028,0.9998823529411764,0.9872226739458706,0.026152376403152617
Edge-IIoTset,SNN_AE,2,4,98,0.02,0.984701860114736,0.9995882352941177,0.992089208045071,0.015763076188201577
Edge-IIoTset,SNN_AE,2,4,99,0.01,0.9938535386056313,0.9987058823529412,0.9962738021887746,0.006269405302125627
Edge-IIoTset,SNN_AE,2,4,99.5,0.005,0.9993841606109126,0.9545882352941176,0.9764727119561946,0.0005970862192500597
Edge-IIoTset,SNN_AE,2,4,99.9,0.001,1.0,0.6474117647058824,0.7859744340498465,0.0
Edge-IIoTset,SNN_AE,2,4,99.99,0.0001,1.0,0.6474117647058824,0.7859744340498465,0.0
Edge-IIoTset,SNN_AE,2,4,max,0.0,1.0,0.6474117647058824,0.7859744340498465,0.0
Edge-IIoTset,LSTM_AE,2,4,90,0.1,0.91270267368195,1.0,0.9543591758827822,0.09708621925005971
Edge-IIoTset,LSTM_AE,2,4,95,0.05,0.9547879809042403,1.0,0.9768711392041373,0.04806544064962981
Edge-IIoTset,LSTM_AE,2,4,96,0.04,0.9642654566080544,1.0,0.9818076812012706,0.03761643181275376
Edge-IIoTset,LSTM_AE,2,4,97,0.03,0.9746588693957114,1.0,0.9871668311944718,0.02639121089085264
Edge-IIoTset,LSTM_AE,2,4,98,0.02,0.9858501507770819,1.0,0.9928746641747459,0.014568903749701457
Edge-IIoTset,LSTM_AE,2,4,99,0.01,0.994966639353857,1.0,0.9974769700170159,0.0051349414855505135
Edge-IIoTset,LSTM_AE,2,4,99.5,0.005,0.999412075959786,0.9999411764705882,0.9996765562057103,0.0005970862192500597
Edge-IIoTset,LSTM_AE,2,4,99.9,0.001,1.0,0.7500588235294118,0.8571812712177741,0.0
Edge-IIoTset,LSTM_AE,2,4,99.99,0.0001,1.0,0.7500588235294118,0.8571812712177741,0.0
Edge-IIoTset,LSTM_AE,2,4,max,0.0,1.0,0.7500588235294118,0.8571812712177741,0.0
Edge-IIoTset,CNN_AE,2,4,90,0.1,0.9155536406721241,1.0,0.9559154295996402,0.09362311917840936
Edge-IIoTset,CNN_AE,2,4,95,0.05,0.9559691840521847,1.0,0.9774890032487135,0.04675185096727968
Edge-IIoTset,CNN_AE,2,4,96,0.04,0.9664582148948266,1.0,0.982943047123446,0.03522808693575352
Edge-IIoTset,CNN_AE,2,4,97,0.03,0.9756657483930211,1.0,0.9876830118521961,0.02531645569620253
Edge-IIoTset,CNN_AE,2,4,98,0.02,0.9847080630213161,1.0,0.9922951202428205,0.015763076188201577
Edge-IIoTset,CNN_AE,2,4,99,0.01,0.9950248756218906,1.0,0.9975062344139651,0.005075232863625508
Edge-IIoTset,CNN_AE,2,4,99.5,0.005,0.9992940345923049,0.9991764705882353,0.9992352491323019,0.0007165034631000717
Edge-IIoTset,CNN_AE,2,4,99.9,0.001,1.0,0.7501176470588236,0.857219682710406,0.0
Edge-IIoTset,CNN_AE,2,4,99.99,0.0001,1.0,0.7501176470588236,0.857219682710406,0.0
Edge-IIoTset,CNN_AE,2,4,max,0.0,1.0,0.7501176470588236,0.857219682710406,0.0
Edge-IIoTset,SNN_Dense,2,4,90,0.1,0.9129477471671769,1.0,0.9544931360714185,0.09678767614043468
Edge-IIoTset,SNN_Dense,2,4,95,0.05,0.9558616811920158,1.0,0.9774328014948972,0.046871268211129684
Edge-IIoTset,SNN_Dense,2,4,96,0.04,0.965305774799841,1.0,0.9823466527982433,0.03648196799617865
Edge-IIoTset,SNN_Dense,2,4,97,0.03,0.9748265382189346,1.0,0.9872528238334447,0.02621208502507762
Edge-IIoTset,SNN_Dense,2,4,98,0.02,0.9843089572115106,1.0,0.992092439672026,0.01618103654167662
Edge-IIoTset,SNN_Dense,2,4,99,0.01,0.9949657554293743,0.9998235294117647,0.9973887275181175,0.0051349414855505135
Edge-IIoTset,SNN_Dense,2,4,99.5,0.005,0.9994112105511069,0.9984705882352941,0.9989406779661016,0.0005970862192500597
Edge-IIoTset,SNN_Dense,2,4,99.9,0.001,1.0,0.6475294117647059,0.786061125392745,0.0
Edge-IIoTset,SNN_Dense,2,4,99.99,0.0001,1.0,0.6474705882352941,0.7860177812689685,0.0
Edge-IIoTset,SNN_Dense,2,4,max,0.0,1.0,0.6474705882352941,0.7860177812689685,0.0
Edge-IIoTset,Dense_SNN,2,4,90,0.1,0.9111861499705205,1.0,0.9535294612558545,0.09893718652973489
Edge-IIoTset,Dense_SNN,2,4,95,0.05,0.9557004722284687,1.0,0.977348510980798,0.04705039407690471
Edge-IIoTset,Dense_SNN,2,4,96,0.04,0.965415412573116,1.0,0.9824034210754428,0.03636255075232864
Edge-IIoTset,Dense_SNN,2,4,97,0.03,0.9752179899036255,1.0,0.987453531598513,0.02579412467160258
Edge-IIoTset,Dense_SNN,2,4,98,0.02,0.9858501507770819,1.0,0.9928746641747459,0.014568903749701457
Edge-IIoTset,Dense_SNN,2,4,99,0.01,0.9940357852882704,1.0,0.9970089730807578,0.006090279436350609
Edge-IIoTset,Dense_SNN,2,4,99.5,0.005,0.9991169718019662,0.9983529411764706,0.9987348103686704,0.0008956293288750896
Edge-IIoTset,Dense_SNN,2,4,99.9,0.001,1.0,0.6474705882352941,0.7860177812689685,0.0
Edge-IIoTset,Dense_SNN,2,4,99.99,0.0001,1.0,0.6474117647058824,0.7859744340498465,0.0
Edge-IIoTset,Dense_SNN,2,4,max,0.0,1.0,0.6474117647058824,0.7859744340498465,0.0
Edge-IIoTset,Dense_AE,2,4,90,0.1,0.914125934290477,1.0,0.9551366688204063,0.09535466921423454
Edge-IIoTset,Dense_AE,2,4,95,0.05,0.9557004722284687,1.0,0.977348510980798,0.04705039407690471
Edge-IIoTset,Dense_AE,2,4,96,0.04,0.965305774799841,1.0,0.9823466527982433,0.03648196799617865
Edge-IIoTset,Dense_AE,2,4,97,0.03,0.9757217471158813,1.0,0.987711704383697,0.025256747074277525
Edge-IIoTset,Dense_AE,2,4,98,0.02,0.9852216748768473,1.0,0.9925558312655086,0.015225698590876522
Edge-IIoTset,Dense_AE,2,4,99,0.01,0.9949084099022649,1.0,0.997447707337108,0.005194650107475519
Edge-IIoTset,Dense_AE,2,4,99.5,0.005,0.9991175951526561,0.9990588235294118,0.9990882084767199,0.0008956293288750896
Edge-IIoTset,Dense_AE,2,4,99.9,0.001,1.0,0.6474705882352941,0.7860177812689685,0.0
Edge-IIoTset,Dense_AE,2,4,99.99,0.0001,1.0,0.6474117647058824,0.7859744340498465,0.0
Edge-IIoTset,Dense_AE,2,4,max,0.0,1.0,0.6474117647058824,0.7859744340498465,0.0
Edge-IIoTset,SNN_AE_T2,2,4,90,0.1,0.9138802279324804,1.0,0.9550025279478681,0.09565321232385957
Edge-IIoTset,SNN_AE_T2,2,4,95,0.05,0.9568227876604368,0.9998235294117647,0.9778506500978024,0.04579651301647958
Edge-IIoTset,SNN_AE_T2,2,4,96,0.04,0.9655662253537133,0.9995882352941177,0.9822827249342466,0.03618342488655362
Edge-IIoTset,SNN_AE_T2,2,4,97,0.03,0.9753731343283583,0.9994705882352941,0.9872748402091807,0.02561499880582756
Edge-IIoTset,SNN_AE_T2,2,4,98,0.02,0.9845280176160399,0.9994117647058823,0.991914061359722,0.015942202053976593
Edge-IIoTset,SNN_AE_T2,2,4,99,0.01,0.9940849194729137,0.9984705882352941,0.9962729273661043,0.006030570814425603
Edge-IIoTset,SNN_AE_T2,2,4,99.5,0.005,0.9987826755509995,0.917,0.9561457311089303,0.0011344638165751134
Edge-IIoTset,SNN_AE_T2,2,4,99.9,0.001,1.0,0.6474117647058824,0.7859744340498465,0.0
Edge-IIoTset,SNN_AE_T2,2,4,99.99,0.0001,1.0,0.6474117647058824,0.7859744340498465,0.0
Edge-IIoTset,SNN_AE_T2,2,4,max,0.0,1.0,0.6474117647058824,0.7859744340498465,0.0
Edge-IIoTset,SNN_AE_T5,2,4,90,0.1,0.9139293586366325,1.0,0.9550293531080588,0.09559350370193456
Edge-IIoTset,SNN_AE_T5,2,4,95,0.05,0.9561817977275284,0.9999411764705882,0.977572028293749,0.04651301647957965
Edge-IIoTset,SNN_AE_T5,2,4,96,0.04,0.9660699062233589,0.9998823529411764,0.9826853591559473,0.035646047289228565
Edge-IIoTset,SNN_AE_T5,2,4,97,0.03,0.9762752757352942,0.9997058823529412,0.9878516624040922,0.024659660855027465
Edge-IIoTset,SNN_AE_T5,2,4,98,0.02,0.9859555452382334,0.9993529411764706,0.992609038590751,0.014449486505851445
Edge-IIoTset,SNN_AE_T5,2,4,99,0.01,0.9938535386056313,0.9987058823529412,0.9962738021887746,0.006269405302125627
Edge-IIoTset,SNN_AE_T5,2,4,99.5,0.005,0.9992346638408101,0.9984117647058823,0.998823044783146,0.0007762120850250777
Edge-IIoTset,SNN_AE_T5,2,4,99.9,0.001,1.0,0.6474117647058824,0.7859744340498465,0.0
Edge-IIoTset,SNN_AE_T5,2,4,99.99,0.0001,1.0,0.6474117647058824,0.7859744340498465,0.0
Edge-IIoTset,SNN_AE_T5,2,4,max,0.0,1.0,0.6474117647058824,0.7859744340498465,0.0
Edge-IIoTset,SNN_AE_T7,2,4,90,0.1,0.9115770282588879,1.0,0.9537434430138292,0.09845951755433485
Edge-IIoTset,SNN_AE_T7,2,4,95,0.05,0.957530697307649,1.0,0.9783046555792139,0.0450203009314545
Edge-IIoTset,SNN_AE_T7,2,4,96,0.04,0.9677235726077305,1.0,0.9835970723522435,0.03385478863147839
Edge-IIoTset,SNN_AE_T7,2,4,97,0.03,0.9763942335305267,1.0,0.9880561448374067,0.024540243611177456
Edge-IIoTset,SNN_AE_T7,2,4,98,0.02,0.9861360867799757,1.0,0.9930196559478957,0.014270360640076427
Edge-IIoTset,SNN_AE_T7,2,4,99,0.01,0.9940901111761263,0.9993529411764706,0.9967145790554414,0.006030570814425603
Edge-IIoTset,SNN_AE_T7,2,4,99.5,0.005,0.9993524078653009,0.9985294117647059,0.9989407403048314,0.0006567948411750657
Edge-IIoTset,SNN_AE_T7,2,4,99.9,0.001,1.0,0.6474117647058824,0.7859744340498465,0.0
Edge-IIoTset,SNN_AE_T7,2,4,99.99,0.0001,1.0,0.6474117647058824,0.7859744340498465,0.0
Edge-IIoTset,SNN_AE_T7,2,4,max,0.0,1.0,0.6474117647058824,0.7859744340498465,0.0
Edge-IIoTset,SNN_AE_noBN,2,4,90,0.1,0.9092854086435601,1.0,0.9524876736889288,0.10126582278481013
Edge-IIoTset,SNN_AE_noBN,2,4,95,0.05,0.9550561797752809,1.0,0.9770114942528736,0.04776689754000478
Edge-IIoTset,SNN_AE_noBN,2,4,96,0.04,0.9659032789680059,0.9998235294117647,0.9825707431280168,0.03582517315500358
Edge-IIoTset,SNN_AE_noBN,2,4,97,0.03,0.9754837227995636,0.9994117647058823,0.987302786413691,0.02549558156197755
Edge-IIoTset,SNN_AE_noBN,2,4,98,0.02,0.9839550509731233,0.9992352941176471,0.9915363063273407,0.016539288273226652
Edge-IIoTset,SNN_AE_noBN,2,4,99,0.01,0.9936797752808989,0.9988235294117647,0.996245012907768,0.006448531167900645
Edge-IIoTset,SNN_AE_noBN,2,4,99.5,0.005,0.9987537831582696,0.99,0.9943576260671768,0.0012538810604251253
Edge-IIoTset,SNN_AE_noBN,2,4,99.9,0.001,1.0,0.6474117647058824,0.7859744340498465,0.0
Edge-IIoTset,SNN_AE_noBN,2,4,99.99,0.0001,1.0,0.5727058823529412,0.7283064033512866,0.0
Edge-IIoTset,SNN_AE_noBN,2,4,max,0.0,1.0,0.5653529411764706,0.722332869865845,0.0
Edge-IIoTset,IF,2,4,90,0.1,0.9129754518478554,0.9954117647058823,0.9524131138314338,0.09631000716503463
Edge-IIoTset,IF,2,4,95,0.05,0.954779622209502,0.9811764705882353,0.9677980852915579,0.04716981132075472
Edge-IIoTset,IF,2,4,96,0.04,0.9657142857142857,0.9444117647058824,0.9549442379182157,0.034033914497253404
Edge-IIoTset,IF,2,4,97,0.03,0.9724272824783898,0.9065882352941177,0.9383542878017597,0.02609266778122761
Edge-IIoTset,IF,2,4,98,0.02,0.9816053511705686,0.8632352941176471,0.9186228482003129,0.016419871029376643
Edge-IIoTset,IF,2,4,99,0.01,0.9899768120278256,0.7785294117647059,0.871612499588396,0.0080009553379508
Edge-IIoTset,IF,2,4,99.5,0.005,0.9885144325222911,0.38476470588235295,0.5539230215522716,0.004537855266300453
Edge-IIoTset,IF,2,4,99.9,0.001,0.06666666666666667,0.00011764705882352942,0.0002348796241926013,0.0016718414139001673
Edge-IIoTset,IF,2,4,99.99,0.0001,0.2857142857142857,0.00011764705882352942,0.00023519727171164814,0.00029854310962502983
Edge-IIoTset,IF,2,4,max,0.0,0.3333333333333333,0.00011764705882352942,0.0002352111019640127,0.0002388344877000239
Edge-IIoTset,OCSVM,2,4,90,0.1,0.9178274484396933,1.0,0.9571533134395586,0.09087652256985909
Edge-IIoTset,OCSVM,2,4,95,0.05,0.9593679458239278,1.0,0.9792626728110598,0.0429902077860043
Edge-IIoTset,OCSVM,2,4,96,0.04,0.9660737625731659,1.0,0.9827441685695292,0.035646047289228565
Edge-IIoTset,OCSVM,2,4,97,0.03,0.976506404733184,1.0,0.9881135749367898,0.024420826367327442
Edge-IIoTset,OCSVM,2,4,98,0.02,0.9855643805437997,1.0,0.9927297147361968,0.014867446859326486
Edge-IIoTset,OCSVM,2,4,99,0.01,0.9956073562141268,0.9999411764705882,0.9977695603686096,0.004478146644375448
Edge-IIoTset,OCSVM,2,4,99.5,0.005,0.9995875802745537,0.998,0.9987931592735407,0.0004179603534750418
Edge-IIoTset,OCSVM,2,4,99.9,0.001,1.0,0.6846470588235294,0.8128077097664025,0.0
Edge-IIoTset,OCSVM,2,4,99.99,0.0001,1.0,0.5051176470588236,0.6712002188611405,0.0
Edge-IIoTset,OCSVM,2,4,max,0.0,1.0,0.4955294117647059,0.6626809314033985,0.0
Edge-IIoTset,LOF,2,4,90,0.1,0.9180257047197321,1.0,0.9572611070443156,0.09063768808215907
Edge-IIoTset,LOF,2,4,95,0.05,0.9583403799537742,1.0,0.9787270790753908,0.044124671602579414
Edge-IIoTset,LOF,2,4,96,0.04,0.9681093394077449,1.0,0.9837962962962963,0.033436828278003344
Edge-IIoTset,LOF,2,4,97,0.03,0.9766186017119549,1.0,0.9881710117127328,0.02430140912347743
Edge-IIoTset,LOF,2,4,98,0.02,0.9865931514799768,0.9999411764705882,0.9932223196026877,0.01379269166467638
Edge-IIoTset,LOF,2,4,99,0.01,0.9955985915492958,0.9979411764705882,0.9967685076380729,0.004478146644375448
Edge-IIoTset,LOF,2,4,99.5,0.005,0.999267740647051,0.883,0.93754293922928,0.0006567948411750657
Edge-IIoTset,LOF,2,4,99.9,0.001,1.0,0.11735294117647059,0.21005527770465912,0.0
Edge-IIoTset,LOF,2,4,99.99,0.0001,1.0,0.040411764705882355,0.0776841748176627,0.0
Edge-IIoTset,LOF,2,4,max,0.0,1.0,0.038588235294117645,0.07430901676483916,0.0
Edge-IIoTset,SNN_AE,2,5,90,0.1,0.9153071663166963,1.0,0.9557810699125742,0.09392727055592047
Edge-IIoTset,SNN_AE,2,5,95,0.05,0.9597470784169819,1.0,0.9794601446144097,0.04257478951453992
Edge-IIoTset,SNN_AE,2,5,96,0.04,0.9709292363927123,1.0,0.9852502245790953,0.030393503314026394
Edge-IIoTset,SNN_AE,2,5,97,0.03,0.9801660516605166,1.0,0.9899836943862101,0.020540992416552217
Edge-IIoTset,SNN_AE,2,5,98,0.02,0.9865312046444122,0.9995882352941177,0.9930168005843681,0.013853227443721264
Edge-IIoTset,SNN_AE,2,5,99,0.01,0.9922294928721664,0.999,0.9956032360182906,0.007941720905236758
Edge-IIoTset,SNN_AE,2,5,99.5,0.005,0.9960105602816075,0.9986470588235294,0.9973270671170509,0.0040604287335045085
Edge-IIoTset,SNN_AE,2,5,99.9,0.001,0.9977908689248896,0.9564705882352941,0.9766938971648245,0.0021496387412670926
Edge-IIoTset,SNN_AE,2,5,99.99,0.0001,0.9979162891828229,0.6479411764705882,0.7857193808402881,0.0013733803069206425
Edge-IIoTset,SNN_AE,2,5,max,0.0,0.9975792786250303,0.24241176470588235,0.39004306469168515,0.0005971218725741924
Edge-IIoTset,LSTM_AE,2,5,90,0.1,0.9169858136900588,1.0,0.956695461324179,0.09189705618916821
Edge-IIoTset,LSTM_AE,2,5,95,0.05,0.9596928982725528,1.0,0.9794319294809011,0.042634501701797334
Edge-IIoTset,LSTM_AE,2,5,96,0.04,0.9683299156983367,1.0,0.9839101747887486,0.033199976115125096
Edge-IIoTset,LSTM_AE,2,5,97,0.03,0.9778544722461893,1.0,0.9888032572342591,0.02298919209410641
Edge-IIoTset,LSTM_AE,2,5,98,0.02,0.9880274322910613,1.0,0.9939776647371805,0.012300710575028363
Edge-IIoTset,LSTM_AE,2,5,99,0.01,0.9965414150888094,1.0,0.9982677119116827,0.003523019048187735
Edge-IIoTset,LSTM_AE,2,5,99.5,0.005,0.9984142831972749,1.0,0.9992065124753872,0.0016122290559503194
Edge-IIoTset,LSTM_AE,2,5,99.9,0.001,0.9984729237636556,1.0,0.9992358784458943,0.0015525168686929003
Edge-IIoTset,LSTM_AE,2,5,99.99,0.0001,0.9999294034592305,0.8331764705882353,0.9089683940317664,5.971218725741924e-05
Edge-IIoTset,LSTM_AE,2,5,max,0.0,0.9999287952150384,0.8260588235294117,0.9047158871279474,5.971218725741924e-05
Edge-IIoTset,CNN_AE,2,5,90,0.1,0.9161457210605733,1.0,0.9562380470244122,0.09291216337254433
Edge-IIoTset,CNN_AE,2,5,95,0.05,0.9614297025223391,1.0,0.9803356207831151,0.04072371170955992
Edge-IIoTset,CNN_AE,2,5,96,0.04,0.9699321047526673,1.0,0.9847365829640571,0.03146832268465994
Edge-IIoTset,CNN_AE,2,5,97,0.03,0.9790370882285188,1.0,0.9894075194971482,0.021735236161700602
Edge-IIoTset,CNN_AE,2,5,98,0.02,0.9883720930232558,1.0,0.9941520467836257,0.011942437451483847
Edge-IIoTset,CNN_AE,2,5,99,0.01,0.9977111332824696,1.0,0.9988542554129086,0.0023287753030393505
Edge-IIoTset,CNN_AE,2,5,99.5,0.005,0.9979454065159965,1.0,0.9989716468341413,0.0020899265540096734
Edge-IIoTset,CNN_AE,2,5,99.9,0.001,0.9979454065159965,1.0,0.9989716468341413,0.0020899265540096734
Edge-IIoTset,CNN_AE,2,5,99.99,0.0001,0.9999215932256547,0.7501764705882353,0.8572292800967937,5.971218725741924e-05
Edge-IIoTset,CNN_AE,2,5,max,0.0,0.9999215932256547,0.7501764705882353,0.8572292800967937,5.971218725741924e-05
Edge-IIoTset,SNN_Dense,2,5,90,0.1,0.9183728593809086,1.0,0.9574498042859959,0.09022511494596047
Edge-IIoTset,SNN_Dense,2,5,95,0.05,0.9618104667609618,1.0,0.980533525594809,0.040305726398757985
Edge-IIoTset,SNN_Dense,2,5,96,0.04,0.9700427960057061,1.0,0.9847936278059377,0.0313488983101451
Edge-IIoTset,SNN_Dense,2,5,97,0.03,0.9793190852007604,1.0,0.9895515003347012,0.021436675225413506
Edge-IIoTset,SNN_Dense,2,5,98,0.02,0.9883720930232558,1.0,0.9941520467836257,0.011942437451483847
Edge-IIoTset,SNN_Dense,2,5,99,0.01,0.9940939126366879,1.0,0.9970382100231665,0.006030930912999343
Edge-IIoTset,SNN_Dense,2,5,99.5,0.005,0.9961326614320872,1.0,0.9980625843949981,0.00394100435898967
Edge-IIoTset,SNN_Dense,2,5,99.9,0.001,0.9980012932808183,0.9986470588235294,0.9983240716238864,0.0020302143667522542
Edge-IIoTset,SNN_Dense,2,5,99.99,0.0001,0.9989999090826439,0.6463529411764706,0.7848851744705168,0.0006568340598316116
Edge-IIoTset,SNN_Dense,2,5,max,0.0,0.999894436820437,0.5571764705882353,0.7155970233823141,5.971218725741924e-05
Edge-IIoTset,Dense_SNN,2,5,90,0.1,0.9163926472966417,1.0,0.9563725352310765,0.09261360243625724
Edge-IIoTset,Dense_SNN,2,5,95,0.05,0.9596387242449901,1.0,0.9794037159729223,0.042694213889054755
Edge-IIoTset,Dense_SNN,2,5,96,0.04,0.9712620693595384,1.0,0.9854215575457207,0.030035230190481876
Edge-IIoTset,Dense_SNN,2,5,97,0.03,0.9797706184081609,1.0,0.9897819568571512,0.020958977727354153
Edge-IIoTset,Dense_SNN,2,5,98,0.02,0.9891196834817013,1.0,0.9945300845350572,0.011166179017137397
Edge-IIoTset,Dense_SNN,2,5,99,0.01,0.9964206079098697,0.9988823529411764,0.9976499618118794,0.0036424434227025734
Edge-IIoTset,Dense_SNN,2,5,99.5,0.005,0.9974735605170387,0.9986470588235294,0.9980599647266315,0.002567624052069027
Edge-IIoTset,Dense_SNN,2,5,99.9,0.001,0.9983824005176318,0.9076470588235294,0.950855030041596,0.0014928046814354809
Edge-IIoTset,Dense_SNN,2,5,99.99,0.0001,0.9979181752353367,0.6485294117647059,0.786152310325157,0.0013733803069206425
Edge-IIoTset,Dense_SNN,2,5,max,0.0,0.998619356620185,0.4254705882352941,0.5967083281772058,0.0005971218725741924
Edge-IIoTset,Dense_AE,2,5,90,0.1,0.9166891345376112,1.0,0.9565339710226474,0.09225532931271273
Edge-IIoTset,Dense_AE,2,5,95,0.05,0.9607776647451113,1.0,0.9799965411886782,0.04144025795664895
Edge-IIoTset,Dense_AE,2,5,96,0.04,0.9693790271996351,1.0,0.9844514578567913,0.03206544455723413
Edge-IIoTset,Dense_AE,2,5,97,0.03,0.9796012446698168,1.0,0.9896955230831926,0.02113811428912641
Edge-IIoTset,Dense_AE,2,5,98,0.02,0.9889470622454916,1.0,0.9944428195378766,0.011345315578909656
Edge-IIoTset,Dense_AE,2,5,99,0.01,0.9935129448892526,1.0,0.9967459177391458,0.006628052785573536
Edge-IIoTset,Dense_AE,2,5,99.5,0.005,0.9953161592505855,1.0,0.9976525821596244,0.004776974980593539
Edge-IIoTset,Dense_AE,2,5,99.9,0.001,0.9980032887009631,0.9996470588235294,0.9988244974726697,0.0020302143667522542
Edge-IIoTset,Dense_AE,2,5,99.99,0.0001,0.9990904129525195,0.6461176470588236,0.7847395870543689,0.0005971218725741924
Edge-IIoTset,Dense_AE,2,5,max,0.0,1.0,0.4254705882352941,0.5969545660875666,0.0
Edge-IIoTset,SNN_AE_T2,2,5,90,0.1,0.914666953621005,1.0,0.9554319114258416,0.09470352899026692
Edge-IIoTset,SNN_AE_T2,2,5,95,0.05,0.958232343159912,1.0,0.9786707348665841,0.044246730757747654
Edge-IIoTset,SNN_AE_T2,2,5,96,0.04,0.9683850754770721,1.0,0.9839386485313268,0.033140263927867675
Edge-IIoTset,SNN_AE_T2,2,5,97,0.03,0.9777982284596802,1.0,0.9887745012505089,0.023048904281363827
Edge-IIoTset,SNN_AE_T2,2,5,98,0.02,0.9841168627905629,0.9986470588235294,0.9913287203293334,0.016361139308532873
Edge-IIoTset,SNN_AE_T2,2,5,99,0.01,0.9932135962089744,0.9986470588235294,0.9959229167277741,0.006926613721860632
Edge-IIoTset,SNN_AE_T2,2,5,99.5,0.005,0.9958352885969028,0.9986470588235294,0.9972391917293233,0.004239565295276766
Edge-IIoTset,SNN_AE_T2,2,5,99.9,0.001,0.9978119455943228,0.9925294117647059,0.9951636685343556,0.0022093509285245117
Edge-IIoTset,SNN_AE_T2,2,5,99.99,0.0001,0.9985455867648395,0.6461764705882352,0.7846148351844576,0.0009553949961187078
Edge-IIoTset,SNN_AE_T2,2,5,max,0.0,0.9934469200524246,0.08917647058823529,0.16366188060023748,0.0005971218725741924
Edge-IIoTset,SNN_AE_T5,2,5,90,0.1,0.9184720946566535,1.0,0.9575037314483651,0.09010569057144563
Edge-IIoTset,SNN_AE_T5,2,5,95,0.05,0.9601807399039819,1.0,0.9796859242184123,0.04209709201648056
Edge-IIoTset,SNN_AE_T5,2,5,96,0.04,0.9693237541338807,1.0,0.9844229544270079,0.032125156744491554
Edge-IIoTset,SNN_AE_T5,2,5,97,0.03,0.9774609015639374,1.0,0.9886020004652244,0.02340717740490834
Edge-IIoTset,SNN_AE_T5,2,5,98,0.02,0.9833979290796553,1.0,0.9916294805611456,0.017137397742879323
Edge-IIoTset,SNN_AE_T5,2,5,99,0.01,0.9907337257415934,1.0,0.9953452969934717,0.009494237773929659
Edge-IIoTset,SNN_AE_T5,2,5,99.5,0.005,0.9955443512927244,0.9988823529411764,0.9972105587691225,0.004538126231563862
Edge-IIoTset,SNN_AE_T5,2,5,99.9,0.001,0.998303979125897,0.900235294117647,0.9467367769873183,0.0015525168686929003
Edge-IIoTset,SNN_AE_T5,2,5,99.99,0.0001,0.9980427197685303,0.6898823529411765,0.8158324927828597,0.0013733803069206425
Edge-IIoTset,SNN_AE_T5,2,5,max,0.0,0.9994256174612292,0.3070588235294118,0.4697835575754849,0.00017913656177225771
Edge-IIoTset,SNN_AE_T7,2,5,90,0.1,0.9161457210605733,1.0,0.9562380470244122,0.09291216337254433
Edge-IIoTset,SNN_AE_T7,2,5,95,0.05,0.9601807399039819,1.0,0.9796859242184123,0.04209709201648056
Edge-IIoTset,SNN_AE_T7,2,5,96,0.04,0.9685505925250684,1.0,0.9840240796480667,0.03296112736609542
Edge-IIoTset,SNN_AE_T7,2,5,97,0.03,0.9780232424347025,1.0,0.9888895352219185,0.022810055532334148
Edge-IIoTset,SNN_AE_T7,2,5,98,0.02,0.9876256317899262,1.0,0.9937742963201123,0.012718695885830298
Edge-IIoTset,SNN_AE_T7,2,5,99,0.01,0.994093567251462,0.9999411764705882,0.997008797653959,0.006030930912999343
Edge-IIoTset,SNN_AE_T7,2,5,99.5,0.005,0.9961299401899848,0.9992941176470588,0.9977095201738415,0.00394100435898967
Edge-IIoTset,SNN_AE_T7,2,5,99.9,0.001,0.9979426287326593,0.9986470588235294,0.998294719510761,0.0020899265540096734
Edge-IIoTset,SNN_AE_T7,2,5,99.99,0.0001,0.9992157477844875,0.7494705882352941,0.8565090249067259,0.0005971218725741924
Edge-IIoTset,SNN_AE_T7,2,5,max,0.0,0.9981088463963017,0.27941176470588236,0.4366009467346846,0.0005374096853167731
Edge-IIoTset,SNN_AE_noBN,2,5,90,0.1,0.9162444755847796,1.0,0.9562918377679024,0.09279273899802949
Edge-IIoTset,SNN_AE_noBN,2,5,95,0.05,0.9602349751468595,1.0,0.979714153988013,0.04203737982922314
Edge-IIoTset,SNN_AE_noBN,2,5,96,0.04,0.9686609686609686,1.0,0.984081041968162,0.03284170299158058
Edge-IIoTset,SNN_AE_noBN,2,5,97,0.03,0.9742120343839542,1.0,0.9869375907111756,0.026870484265838657
Edge-IIoTset,SNN_AE_noBN,2,5,98,0.02,0.9803706483459385,0.9988823529411764,0.9895399318201684,0.020302143667522542
Edge-IIoTset,SNN_AE_noBN,2,5,99,0.01,0.9906634766878684,0.9986470588235294,0.9946392477370596,0.009553949961187079
Edge-IIoTset,SNN_AE_noBN,2,5,99.5,0.005,0.9955832989812143,0.9944705882352941,0.9950266325299433,0.004478414044306443
Edge-IIoTset,SNN_AE_noBN,2,5,99.9,0.001,0.9982876712328768,0.8230588235294117,0.9022440030951767,0.0014330924941780617
Edge-IIoTset,SNN_AE_noBN,2,5,99.99,0.0001,0.9979168553573046,0.6481176470588236,0.7858492921079849,0.0013733803069206425
Edge-IIoTset,SNN_AE_noBN,2,5,max,0.0,1.0,0.4253529411764706,0.5968387602657752,0.0
Edge-IIoTset,IF,2,5,90,0.1,0.9157202630005977,0.9912941176470588,0.9520097166906759,0.09261360243625724
Edge-IIoTset,IF,2,5,95,0.05,0.9573662056524354,0.9365294117647058,0.9468331846565566,0.04233594076551024
Edge-IIoTset,IF,2,5,96,0.04,0.9663069393901368,0.9059411764705882,0.9351508895500639,0.03206544455723413
Edge-IIoTset,IF,2,5,97,0.03,0.9763067581837381,0.8701764705882353,0.9201915899477482,0.021436675225413506
Edge-IIoTset,IF,2,5,98,0.02,0.9852856732701694,0.8074705882352942,0.8875598086124402,0.012240998387770943
Edge-IIoTset,IF,2,5,99,0.01,0.9893068697592122,0.7564705882352941,0.8573619120637356,0.008299994028781274
Edge-IIoTset,IF,2,5,99.5,0.005,0.9891304347826086,0.5513529411764706,0.7080374678954525,0.0061503552875141814
Edge-IIoTset,IF,2,5,99.9,0.001,0.07692307692307693,0.00017647058823529413,0.0003521333411585187,0.0021496387412670926
Edge-IIoTset,IF,2,5,99.99,0.0001,0.2727272727272727,0.00017647058823529413,0.0003527129504438305,0.0004776974980593539
Edge-IIoTset,IF,2,5,max,0.0,0.14285714285714285,5.882352941176471e-05,0.00011759863585582407,0.00035827312354451543
Edge-IIoTset,OCSVM,2,5,90,0.1,0.9174311926605505,1.0,0.9569377990430622,0.09135964650385144
Edge-IIoTset,OCSVM,2,5,95,0.05,0.9606147934678194,1.0,0.9799118079372856,0.04161939451842121
Edge-IIoTset,OCSVM,2,5,96,0.04,0.9698214387586286,1.0,0.9846795447305164,0.031587747059174776
Edge-IIoTset,OCSVM,2,5,97,0.03,0.9787552536127584,1.0,0.9892635805522418,0.0220337970979877
Edge-IIoTset,OCSVM,2,5,98,0.02,0.984936268829664,1.0,0.99241097489784,0.015525168686929002
Edge-IIoTset,OCSVM,2,5,99,0.01,0.9953744364424146,1.0,0.9976818568619971,0.00471726279333612
Edge-IIoTset,OCSVM,2,5,99.5,0.005,0.9985902255639098,1.0,0.9992946155654832,0.0014330924941780617
Edge-IIoTset,OCSVM,2,5,99.9,0.001,0.9996987225837551,0.9759411764705882,0.9876771044171925,0.0002985609362870962
Edge-IIoTset,OCSVM,2,5,99.99,0.0001,0.9998771121351766,0.9572352941176471,0.9780916604057099,0.00011942437451483848
Edge-IIoTset,OCSVM,2,5,max,0.0,0.9998679170519086,0.8905882352941177,0.9420695662995457,0.00011942437451483848
Edge-IIoTset,LOF,2,5,90,0.1,0.9195650997998593,1.0,0.9580973314171386,0.08879202245178242
Edge-IIoTset,LOF,2,5,95,0.05,0.9623506765555115,0.9998823529411764,0.9807575801286674,0.03970860452618379
Edge-IIoTset,LOF,2,5,96,0.04,0.9721475550471833,0.9998823529411764,0.9858199217050893,0.02907983519436317
Edge-IIoTset,LOF,2,5,97,0.03,0.9810689137712109,0.9998823529411764,0.99038629610208,0.01958559742043351
Edge-IIoTset,LOF,2,5,98,0.02,0.9894638803189941,0.9998823529411764,0.9946458351619415,0.010807905893592882
Edge-IIoTset,LOF,2,5,99,0.01,0.9955132241813602,0.7439411764705882,0.8515351467815783,0.003403594673672897
Edge-IIoTset,LOF,2,5,99.5,0.005,0.9967486018988165,0.4508235294117647,0.620843290534246,0.0014928046814354809
Edge-IIoTset,LOF,2,5,99.9,0.001,0.9967865033139185,0.29194117647058826,0.4516129032258065,0.0009553949961187078
Edge-IIoTset,LOF,2,5,99.99,0.0001,0.9969281179602704,0.2863529411764706,0.4449115751953571,0.0008956828088612886
Edge-IIoTset,LOF,2,5,max,0.0,0.0,0.0,0.0,0.0
Edge-IIoTset,SNN_AE,2,6,90,0.1,0.9205111544292831,1.0,0.9586105785496787,0.08761040821198376
Edge-IIoTset,SNN_AE,2,6,95,0.05,0.9593679458239278,1.0,0.9792626728110598,0.0429696825017904
Edge-IIoTset,SNN_AE,2,6,96,0.04,0.966568114623607,1.0,0.9829998843529547,0.035091907376462166
Edge-IIoTset,SNN_AE,2,6,97,0.03,0.9746029926044831,1.0,0.9871381703103679,0.02643829076151826
Edge-IIoTset,SNN_AE,2,6,98,0.02,0.9828144890637658,0.9991176470588236,0.9908990140598566,0.01772499403198854
Edge-IIoTset,SNN_AE,2,6,99,0.01,0.990781796966161,0.9989411764705882,0.9948447568834212,0.00942945810455956
Edge-IIoTset,SNN_AE,2,6,99.5,0.005,0.9958949096880131,0.9989411764705882,0.997415717138494,0.0041776080210074
Edge-IIoTset,SNN_AE,2,6,99.9,0.001,0.9995527728085868,0.9202941176470588,0.9582873943403161,0.00041776080210074003
Edge-IIoTset,SNN_AE,2,6,99.99,0.0001,0.9999089336126036,0.6458823529411765,0.784818269540045,5.9680114585820004e-05
Edge-IIoTset,SNN_AE,2,6,max,0.0,1.0,0.2278235294117647,0.3711014228908159,0.0
Edge-IIoTset,LSTM_AE,2,6,90,0.1,0.9170847494200788,1.0,0.9567493035427863,0.09172833611840535
Edge-IIoTset,LSTM_AE,2,6,95,0.05,0.9599638601840872,1.0,0.9795730214065517,0.04231320124134638
Edge-IIoTset,LSTM_AE,2,6,96,0.04,0.9709846927119031,1.0,0.9852787759360149,0.030317498209596564
Edge-IIoTset,LSTM_AE,2,6,97,0.03,0.9791498675267827,1.0,0.9894651068040278,0.02160420148006684
Edge-IIoTset,LSTM_AE,2,6,98,0.02,0.987740398582302,1.0,0.9938323930899419,0.012592504177608021
Edge-IIoTset,LSTM_AE,2,6,99,0.01,0.9979454065159965,1.0,0.9989716468341413,0.0020888040105037
Edge-IIoTset,LSTM_AE,2,6,99.5,0.005,0.9987662299512368,1.0,0.9993827341935864,0.00125328240630222
Edge-IIoTset,LSTM_AE,2,6,99.9,0.001,0.9995294947950362,0.9997058823529412,0.9996176807928713,0.00047744091668656003
Edge-IIoTset,LSTM_AE,2,6,99.99,0.0001,1.0,0.7500588235294118,0.8571812712177741,0.0
Edge-IIoTset,LSTM_AE,2,6,max,0.0,1.0,0.6251764705882353,0.7693644129144347,0.0
Edge-IIoTset,CNN_AE,2,6,90,0.1,0.9152578873694411,1.0,0.9557542025074494,0.09393650035808068
Edge-IIoTset,CNN_AE,2,6,95,0.05,0.9573689249310131,1.0,0.9782202146330236,0.045177846741465744
Edge-IIoTset,CNN_AE,2,6,96,0.04,0.9667330110889963,1.0,0.98308515252277,0.0349128670327047
Edge-IIoTset,CNN_AE,2,6,97,0.03,0.9771799735586595,1.0,0.9884582957816088,0.023693005490570542
Edge-IIoTset,CNN_AE,2,6,98,0.02,0.9891196834817013,1.0,0.9945300845350572,0.01116018142754834
Edge-IIoTset,CNN_AE,2,6,99,0.01,0.9972429166422244,1.0,0.9986195553205863,0.0028049653855335404
Edge-IIoTset,CNN_AE,2,6,99.5,0.005,0.997535500528107,1.0,0.9987662299512367,0.00250656481260444
Edge-IIoTset,CNN_AE,2,6,99.9,0.001,0.9994708683638074,1.0,0.9997353641683084,0.0005371210312723801
Edge-IIoTset,CNN_AE,2,6,99.99,0.0001,1.0,0.7504117647058823,0.8574117014483987,0.0
Edge-IIoTset,CNN_AE,2,6,max,0.0,1.0,0.6473529411764706,0.7859310837350473,0.0
Edge-IIoTset,SNN_Dense,2,6,90,0.1,0.9141750914175092,1.0,0.9551635015170243,0.09524946287896872
Edge-IIoTset,SNN_Dense,2,6,95,0.05,0.9582863585118376,1.0,0.978698906160046,0.044163284793506806
Edge-IIoTset,SNN_Dense,2,6,96,0.04,0.9691579727495582,1.0,0.9843374540401262,0.03228694199092862
Edge-IIoTset,SNN_Dense,2,6,97,0.03,0.9780795121109257,1.0,0.9889182978970943,0.02273812365719742
Edge-IIoTset,SNN_Dense,2,6,98,0.02,0.9877977919814062,1.0,0.9938614440222157,0.012532824063022202
Edge-IIoTset,SNN_Dense,2,6,99,0.01,0.9939195509822264,1.0,0.9969505043396668,0.0062067319169252805
Edge-IIoTset,SNN_Dense,2,6,99.5,0.005,0.9962491941628084,0.9999411764705882,0.9980917711299649,0.0038195273334924802
Edge-IIoTset,SNN_Dense,2,6,99.9,0.001,0.9987074030552291,0.9998823529411764,0.9992945326278659,0.0013129625208880401
Edge-IIoTset,SNN_Dense,2,6,99.99,0.0001,0.9999088007295942,0.6449411764705882,0.7841230109064904,5.9680114585820004e-05
Edge-IIoTset,SNN_Dense,2,6,max,0.0,1.0,0.40088235294117647,0.5723283644761705,0.0
Edge-IIoTset,Dense_SNN,2,6,90,0.1,0.9173321821713792,1.0,0.9568839356073399,0.09142993554547625
Edge-IIoTset,Dense_SNN,2,6,95,0.05,0.959530394536321,1.0,0.9793472938329926,0.042790642158032945
Edge-IIoTset,Dense_SNN,2,6,96,0.04,0.9686609686609686,1.0,0.984081041968162,0.032824063022201005
Edge-IIoTset,Dense_SNN,2,6,97,0.03,0.9771799735586595,1.0,0.9884582957816088,0.023693005490570542
Edge-IIoTset,Dense_SNN,2,6,98,0.02,0.9877977919814062,1.0,0.9938614440222157,0.012532824063022202
Edge-IIoTset,Dense_SNN,2,6,99,0.01,0.9958992384299942,1.0,0.9979454065159965,0.0041776080210074
Edge-IIoTset,Dense_SNN,2,6,99.5,0.005,0.9972429166422244,1.0,0.9986195553205863,0.0028049653855335404
Edge-IIoTset,Dense_SNN,2,6,99.9,0.001,0.9995875802745537,0.998,0.9987931592735407,0.00041776080210074003
Edge-IIoTset,Dense_SNN,2,6,99.99,0.0001,0.9999106823865667,0.6585294117647059,0.7940842672719534,5.9680114585820004e-05
Edge-IIoTset,Dense_SNN,2,6,max,0.0,1.0,0.2278235294117647,0.3711014228908159,0.0
Edge-IIoTset,Dense_AE,2,6,90,0.1,0.9138311025103478,1.0,0.9549757042945819,0.09566722368106947
Edge-IIoTset,Dense_AE,2,6,95,0.05,0.9566685424873382,1.0,0.9778544722461893,0.045953688231081403
Edge-IIoTset,Dense_AE,2,6,96,0.04,0.965305774799841,1.0,0.9823466527982433,0.03646455001193602
Edge-IIoTset,Dense_AE,2,6,97,0.03,0.9758897818599311,1.0,0.9877977919814063,0.025065648126044403
Edge-IIoTset,Dense_AE,2,6,98,0.02,0.9871095110904656,1.0,0.9935129448892525,0.01324898543805204
Edge-IIoTset,Dense_AE,2,6,99,0.01,0.9961910342806914,1.0,0.9980918831645383,0.0038792074480783
Edge-IIoTset,Dense_AE,2,6,99.5,0.005,0.9983553597650514,0.9998235294117647,0.9990889052167525,0.0016710432084029601
Edge-IIoTset,Dense_AE,2,6,99.9,0.001,0.9992350691379818,0.9989411764705882,0.9990881011913517,0.0007758414896156601
Edge-IIoTset,Dense_AE,2,6,99.99,0.0001,0.9999088007295942,0.6449411764705882,0.7841230109064904,5.9680114585820004e-05
Edge-IIoTset,Dense_AE,2,6,max,0.0,1.0,0.6092352941176471,0.7571736667032204,0.0
Edge-IIoTset,SNN_AE_T2,2,6,90,0.1,0.9164914550649631,1.0,0.9564263411066415,0.09244449749343518
Edge-IIoTset,SNN_AE_T2,2,6,95,0.05,0.9576385759351059,1.0,0.9783609576427256,0.044879446168536646
Edge-IIoTset,SNN_AE_T2,2,6,96,0.04,0.9650317892824705,1.0,0.9822047608042523,0.036762950584865124
Edge-IIoTset,SNN_AE_T2,2,6,97,0.03,0.9743795494927495,1.0,0.9870235434145209,0.026677011219861543
Edge-IIoTset,SNN_AE_T2,2,6,98,0.02,0.9803220035778175,0.9992941176470588,0.9897171487663491,0.02035091907376462
Edge-IIoTset,SNN_AE_T2,2,6,99,0.01,0.9907785689272791,0.9985882352941177,0.9946680728892013,0.00942945810455956
Edge-IIoTset,SNN_AE_T2,2,6,99.5,0.005,0.9955545018078359,0.988,0.9917628649877476,0.004476008593936501
Edge-IIoTset,SNN_AE_T2,2,6,99.9,0.001,0.9995990644837955,0.8799411764705882,0.9359612075707805,0.00035808068751492004
Edge-IIoTset,SNN_AE_T2,2,6,99.99,0.0001,0.999921599372795,0.7502352941176471,0.8572676861031759,5.9680114585820004e-05
Edge-IIoTset,SNN_AE_T2,2,6,max,0.0,1.0,0.22929411764705881,0.3730500526366159,0.0
Edge-IIoTset,SNN_AE_T5,2,6,90,0.1,0.9170352788866113,1.0,0.9567223816759525,0.09178801623299117
Edge-IIoTset,SNN_AE_T5,2,6,95,0.05,0.9593679458239278,1.0,0.9792626728110598,0.0429696825017904
Edge-IIoTset,SNN_AE_T5,2,6,96,0.04,0.9694895922440833,1.0,0.9845084696684523,0.0319288613034137
Edge-IIoTset,SNN_AE_T5,2,6,97,0.03,0.9780232424347025,1.0,0.9888895352219185,0.022797803771783243
Edge-IIoTset,SNN_AE_T5,2,6,98,0.02,0.9871660859465737,0.9999411764705882,0.9935125657510229,0.013189305323466221
Edge-IIoTset,SNN_AE_T5,2,6,99,0.01,0.9933910398877062,0.9991176470588236,0.9962461141415919,0.006743852948197661
Edge-IIoTset,SNN_AE_T5,2,6,99.5,0.005,0.9966547332589941,0.9989411764705882,0.9977966450248245,0.00340176653139174
Edge-IIoTset,SNN_AE_T5,2,6,99.9,0.001,0.9986469792340726,0.9985882352941177,0.9986176064001884,0.00137264263547386
Edge-IIoTset,SNN_AE_T5,2,6,99.99,0.0001,0.9999204518335852,0.7394117647058823,0.8501572486557776,5.9680114585820004e-05
Edge-IIoTset,SNN_AE_T5,2,6,max,0.0,1.0,0.2278235294117647,0.3711014228908159,0.0
Edge-IIoTset,SNN_AE_T7,2,6,90,0.1,0.9194656282113689,1.0,0.9580433373721434,0.08886369061828599
Edge-IIoTset,SNN_AE_T7,2,6,95,0.05,0.9620826259196378,1.0,0.980674935102394,0.0399856767724994
Edge-IIoTset,SNN_AE_T7,2,6,96,0.04,0.9698767685988133,1.0,0.9847080630213161,0.031511100501312964
Edge-IIoTset,SNN_AE_T7,2,6,97,0.03,0.9784172661870504,1.0,0.989090909090909,0.0223800429696825
Edge-IIoTset,SNN_AE_T7,2,6,98,0.02,0.9861360867799757,1.0,0.9930196559478957,0.014263547386010982
Edge-IIoTset,SNN_AE_T7,2,6,99,0.01,0.9925796085305287,0.9992941176470588,0.9959255459475305,0.007579374552399141
Edge-IIoTset,SNN_AE_T7,2,6,99.5,0.005,0.9967132292522597,0.9989411764705882,0.997825959222046,0.0033420864168059203
Edge-IIoTset,SNN_AE_T7,2,6,99.9,0.001,0.998823044783146,0.9984117647058823,0.9986173623981407,0.0011936022917164002
Edge-IIoTset,SNN_AE_T7,2,6,99.99,0.0001,0.9999098124098124,0.6521764705882352,0.7894474508686983,5.9680114585820004e-05
Edge-IIoTset,SNN_AE_T7,2,6,max,0.0,1.0,0.4414705882352941,0.6125280554988778,0.0
Edge-IIoTset,SNN_AE_noBN,2,6,90,0.1,0.915504335182293,1.0,0.9558885546402767,0.09363809978515159
Edge-IIoTset,SNN_AE_noBN,2,6,95,0.05,0.9601265107873037,1.0,0.9796576960756065,0.042134160897588924
Edge-IIoTset,SNN_AE_noBN,2,6,96,0.04,0.9691027248888382,1.0,0.9843089572115106,0.03234662210551444
Edge-IIoTset,SNN_AE_noBN,2,6,97,0.03,0.9787552536127584,1.0,0.9892635805522418,0.02202196228216758
Edge-IIoTset,SNN_AE_noBN,2,6,98,0.02,0.9861932938856016,1.0,0.9930486593843098,0.01420386727142516
Edge-IIoTset,SNN_AE_noBN,2,6,99,0.01,0.9932227155877541,1.0,0.9965998358541446,0.006922893291955121
Edge-IIoTset,SNN_AE_noBN,2,6,99.5,0.005,0.996598838913974,0.9997058823529412,0.9981499427363227,0.0034614466459775605
Edge-IIoTset,SNN_AE_noBN,2,6,99.9,0.001,0.9994595846522041,0.7615294117647059,0.8644209261175841,0.00041776080210074003
Edge-IIoTset,SNN_AE_noBN,2,6,99.99,0.0001,0.9999088007295942,0.6449411764705882,0.7841230109064904,5.9680114585820004e-05
Edge-IIoTset,SNN_AE_noBN,2,6,max,0.0,1.0,0.4212941176470588,0.5928317192285407,0.0
Edge-IIoTset,IF,2,6,90,0.1,0.9136329264340499,0.995,0.9525820803063582,0.09542850322272618
Edge-IIoTset,IF,2,6,95,0.05,0.9565395894428153,0.9593529411764706,0.9579441997063143,0.044222964908092625
Edge-IIoTset,IF,2,6,96,0.04,0.9637854040496727,0.9267647058823529,0.9449125858398056,0.03533062783480544
Edge-IIoTset,IF,2,6,97,0.03,0.9731612903225807,0.8872941176470588,0.9282461538461538,0.024826927667701122
Edge-IIoTset,IF,2,6,98,0.02,0.9834680912503609,0.8013529411764706,0.883119408790354,0.013666746240152782
Edge-IIoTset,IF,2,6,99,0.01,0.9906834669721267,0.7631176470588236,0.8621365675361357,0.00728097397947004
Edge-IIoTset,IF,2,6,99.5,0.005,0.9947582008792696,0.6921176470588235,0.8162897183294019,0.0037001671043208405
Edge-IIoTset,IF,2,6,99.9,0.001,0.045454545454545456,5.882352941176471e-05,0.00011749500646222535,0.00125328240630222
Edge-IIoTset,IF,2,6,99.99,0.0001,0.2,5.882352941176471e-05,0.00011761246692149367,0.00023872045834328001
Edge-IIoTset,IF,2,6,max,0.0,1.0,5.882352941176471e-05,0.00011764013881536382,0.0
Edge-IIoTset,OCSVM,2,6,90,0.1,0.9177778977487449,1.0,0.9571263688314614,0.09089281451420386
Edge-IIoTset,OCSVM,2,6,95,0.05,0.9593679458239278,1.0,0.9792626728110598,0.0429696825017904
Edge-IIoTset,OCSVM,2,6,96,0.04,0.9677235726077305,1.0,0.9835970723522435,0.03383862497015994
Edge-IIoTset,OCSVM,2,6,97,0.03,0.9767869455297633,1.0,0.9882571793977445,0.024110766292671282
Edge-IIoTset,OCSVM,2,6,98,0.02,0.9851074926116938,1.0,0.9924978836442188,0.01533778944855574
Edge-IIoTset,OCSVM,2,6,99,0.01,0.9939195509822264,1.0,0.9969505043396668,0.0062067319169252805
Edge-IIoTset,OCSVM,2,6,99.5,0.005,0.9982384028185555,1.0,0.9991184249191889,0.0017904034375746001
Edge-IIoTset,OCSVM,2,6,99.9,0.001,0.9995841007664429,0.9896470588235294,0.9945907599538885,0.00041776080210074003
Edge-IIoTset,OCSVM,2,6,99.99,0.0001,1.0,0.7500588235294118,0.8571812712177741,0.0
Edge-IIoTset,OCSVM,2,6,max,0.0,1.0,0.7500588235294118,0.8571812712177741,0.0
Edge-IIoTset,LOF,2,6,90,0.1,0.9182240466673869,1.0,0.9573689249310132,0.09035569348293149
Edge-IIoTset,LOF,2,6,95,0.05,0.96045197740113,1.0,0.9798270893371758,0.041776080210074
Edge-IIoTset,LOF,2,6,96,0.04,0.9691027248888382,1.0,0.9843089572115106,0.03234662210551444
Edge-IIoTset,LOF,2,6,97,0.03,0.9780795121109257,1.0,0.9889182978970943,0.02273812365719742
Edge-IIoTset,LOF,2,6,98,0.02,0.9862489120974761,0.9998823529411764,0.9930188403680443,0.014144187156839341
Edge-IIoTset,LOF,2,6,99,0.01,0.993269343322018,0.9982941176470588,0.9957753916563984,0.006863213177369301
Edge-IIoTset,LOF,2,6,99.5,0.005,0.9967497291440953,0.3788235294117647,0.5489962064703124,0.00125328240630222
Edge-IIoTset,LOF,2,6,99.9,0.001,0.9971966359631558,0.29294117647058826,0.45285077748476865,0.0008355216042014801
Edge-IIoTset,LOF,2,6,99.99,0.0001,0.998107653490328,0.2792352941176471,0.4363853649567935,0.0005371210312723801
Edge-IIoTset,LOF,2,6,max,0.0,0.9959677419354839,0.014529411764705883,0.028641001855287573,5.9680114585820004e-05
Edge-IIoTset,SNN_AE,2,7,90,0.1,0.9170352788866113,1.0,0.9567223816759525,0.09184282813806283
Edge-IIoTset,SNN_AE,2,7,95,0.05,0.9598012646793135,1.0,0.9794883613735884,0.042517616147139614
Edge-IIoTset,SNN_AE,2,7,96,0.04,0.9688817964208366,1.0,0.9841949863949517,0.032604801146542454
Edge-IIoTset,SNN_AE,2,7,97,0.03,0.975381613680707,0.9998235294117647,0.987451344913728,0.025618058043711932
Edge-IIoTset,SNN_AE,2,7,98,0.02,0.9820881724157855,0.9998235294117647,0.9908764975077973,0.018511883434850114
Edge-IIoTset,SNN_AE,2,7,99,0.01,0.9899213515875328,0.9995294117647059,0.9947021805941754,0.010330825271706676
Edge-IIoTset,SNN_AE,2,7,99.5,0.005,0.9943191800878477,0.9987058823529412,0.9965077035950111,0.005792428042517616
Edge-IIoTset,SNN_AE,2,7,99.9,0.001,0.9978428905266943,0.9795882352941176,0.9886313039864645,0.002149767108563239
Edge-IIoTset,SNN_AE,2,7,99.99,0.0001,0.9982817869415808,0.7518823529411764,0.8577372164810092,0.0013137465663442015
Edge-IIoTset,SNN_AE,2,7,max,0.0,0.998579433351748,0.7442941176470588,0.8528866570051564,0.0010748835542816195
Edge-IIoTset,LSTM_AE,2,7,90,0.1,0.9151593453919036,1.0,0.9557004722284687,0.09411202675265735
Edge-IIoTset,LSTM_AE,2,7,95,0.05,0.9597470784169819,1.0,0.9794601446144097,0.04257733190015526
Edge-IIoTset,LSTM_AE,2,7,96,0.04,0.9691579727495582,1.0,0.9843374540401262,0.03230622238146423
Edge-IIoTset,LSTM_AE,2,7,97,0.03,0.9786989061600461,1.0,0.9892347977887692,0.022094828615788844
Edge-IIoTset,LSTM_AE,2,7,98,0.02,0.9887169943003373,1.0,0.9943264900274902,0.011584856085035232
Edge-IIoTset,LSTM_AE,2,7,99,0.01,0.9978282561483829,1.0,0.9989129476745894,0.0022094828615788847
Edge-IIoTset,LSTM_AE,2,7,99.5,0.005,0.9988249118683902,1.0,0.9994121105232218,0.0011943150603129105
Edge-IIoTset,LSTM_AE,2,7,99.9,0.001,0.9988836006815912,1.0,0.9994414885799112,0.001134599307297265
Edge-IIoTset,LSTM_AE,2,7,99.99,0.0001,0.9994708683638074,1.0,0.9997353641683084,0.0005374417771408098
Edge-IIoTset,LSTM_AE,2,7,max,0.0,0.9998231757632913,0.9978235294117647,0.9988223517635282,0.00017914725904693657
Edge-IIoTset,CNN_AE,2,7,90,0.1,0.9185217203371515,1.0,0.9575306973076491,0.09005135554759346
Edge-IIoTset,CNN_AE,2,7,95,0.05,0.9595845563332581,1.0,0.979375504090333,0.0427564791592022
Edge-IIoTset,CNN_AE,2,7,96,0.04,0.9687161661633141,1.0,0.9841095256013198,0.032783948405589396
Edge-IIoTset,CNN_AE,2,7,97,0.03,0.9777982284596802,1.0,0.9887745012505089,0.023050280664039174
Edge-IIoTset,CNN_AE,2,7,98,0.02,0.9875682583943302,1.0,0.9937452504822587,0.012779171145348142
Edge-IIoTset,CNN_AE,2,7,99,0.01,0.9967166979362101,1.0,0.9983556495184402,0.0033440821688761496
Edge-IIoTset,CNN_AE,2,7,99.5,0.005,0.997769691278319,1.0,0.9988836006815912,0.00226919861459453
Edge-IIoTset,CNN_AE,2,7,99.9,0.001,0.998003992015968,1.0,0.9990009990009989,0.002030335602531948
Edge-IIoTset,CNN_AE,2,7,99.99,0.0001,0.9983466194272217,0.9945294117647059,0.9964343598055104,0.0016720410844380748
Edge-IIoTset,CNN_AE,2,7,max,0.0,0.9988627029759272,0.9299411764705883,0.9631705608188382,0.0010748835542816195
Edge-IIoTset,SNN_Dense,2,7,90,0.1,0.9186209877877445,1.0,0.9575846335830563,0.08993192404156217
Edge-IIoTset,SNN_Dense,2,7,95,0.05,0.9596928982725528,1.0,0.9794319294809011,0.042637047653170904
Edge-IIoTset,SNN_Dense,2,7,96,0.04,0.9677786633268814,1.0,0.9836255279754672,0.03379911620685537
Edge-IIoTset,SNN_Dense,2,7,97,0.03,0.9786989061600461,1.0,0.9892347977887692,0.022094828615788844
Edge-IIoTset,SNN_Dense,2,7,98,0.02,0.9879700122043354,1.0,0.993948607010261,0.012361160874238624
Edge-IIoTset,SNN_Dense,2,7,99,0.01,0.9955493089716562,1.0,0.997769691278319,0.00453839722918906
Edge-IIoTset,SNN_Dense,2,7,99.5,0.005,0.9967166979362101,1.0,0.9983556495184402,0.0033440821688761496
Edge-IIoTset,SNN_Dense,2,7,99.9,0.001,0.9979421448730009,0.9984117647058823,0.9981768995530463,0.0020900513555475934
Edge-IIoTset,SNN_Dense,2,7,99.99,0.0001,0.9982312155087024,0.8299411764705882,0.9063403353247254,0.0014928938253911382
Edge-IIoTset,SNN_Dense,2,7,max,0.0,0.9984170624010664,0.7049411764705882,0.8263972692480088,0.001134599307297265
Edge-IIoTset,Dense_SNN,2,7,90,0.1,0.9166891345376112,1.0,0.9565339710226474,0.09226083840917235
Edge-IIoTset,Dense_SNN,2,7,95,0.05,0.9597470784169819,1.0,0.9794601446144097,0.04257733190015526
Edge-IIoTset,Dense_SNN,2,7,96,0.04,0.9696001825129755,1.0,0.9845654880838618,0.031828496357339066
Edge-IIoTset,Dense_SNN,2,7,97,0.03,0.9799965411886782,1.0,0.9898972253763065,0.020721366296428997
Edge-IIoTset,Dense_SNN,2,7,98,0.02,0.9892923649906891,1.0,0.9946173648490522,0.010987698554878777
Edge-IIoTset,Dense_SNN,2,7,99,0.01,0.9933313834454519,0.9988823529411764,0.9960991347704943,0.00680759584378359
Edge-IIoTset,Dense_SNN,2,7,99.5,0.005,0.9962443518572853,0.9986470588235294,0.9974442583942893,0.0038218081930013136
Edge-IIoTset,Dense_SNN,2,7,99.9,0.001,0.9983306541362681,0.9498235294117647,0.9734732019051063,0.0016123253314224292
Edge-IIoTset,Dense_SNN,2,7,99.99,0.0001,0.9984296276908984,0.8975882352941177,0.9453272620264537,0.0014331780723754925
Edge-IIoTset,Dense_SNN,2,7,max,0.0,0.9994239631336406,0.7144117647058823,0.8332189901207464,0.0004180102711095187
Edge-IIoTset,Dense_AE,2,7,90,0.1,0.914666953621005,1.0,0.9554319114258416,0.0947091842828138
Edge-IIoTset,Dense_AE,2,7,95,0.05,0.9589350180505415,1.0,0.9790370882285189,0.043473068195389944
Edge-IIoTset,Dense_AE,2,7,96,0.04,0.9691027248888382,1.0,0.9843089572115106,0.032365938134479875
Edge-IIoTset,Dense_AE,2,7,97,0.03,0.9781357882623706,1.0,0.9889470622454917,0.022691986145945302
Edge-IIoTset,Dense_AE,2,7,98,0.02,0.988314632870182,1.0,0.9941229788602672,0.012002866356144752
Edge-IIoTset,Dense_AE,2,7,99,0.01,0.9945591762709881,1.0,0.9972721673070718,0.005553565030455034
Edge-IIoTset,Dense_AE,2,7,99.5,0.005,0.9949084099022649,1.0,0.997447707337108,0.0051952705123611605
Edge-IIoTset,Dense_AE,2,7,99.9,0.001,0.997184420459878,1.0,0.9985902255639099,0.002866356144750985
Edge-IIoTset,Dense_AE,2,7,99.99,0.0001,0.9983317763245696,0.8800588235294118,0.9354717688988933,0.0014928938253911382
Edge-IIoTset,Dense_AE,2,7,max,0.0,0.9996359002366648,0.646,0.7848209819195312,0.0002388630120625821
Edge-IIoTset,SNN_AE_T2,2,7,90,0.1,0.914027635894403,1.0,0.9550830079496616,0.0954854890720172
Edge-IIoTset,SNN_AE_T2,2,7,95,0.05,0.958880929550454,1.0,0.9790088974632151,0.04353278394840559
Edge-IIoTset,SNN_AE_T2,2,7,96,0.04,0.9692132269099202,1.0,0.9843659525188189,0.032246506628448586
Edge-IIoTset,SNN_AE_T2,2,7,97,0.03,0.9763942335305267,1.0,0.9880561448374067,0.024543174489430313
Edge-IIoTset,SNN_AE_T2,2,7,98,0.02,0.9843659525188188,1.0,0.9921213889699445,0.016123253314224293
Edge-IIoTset,SNN_AE_T2,2,7,99,0.01,0.9911375430004081,0.9999411764705882,0.9955198969283475,0.00907679445837812
Edge-IIoTset,SNN_AE_T2,2,7,99.5,0.005,0.9935714285714285,0.9818823529411764,0.9876923076923076,0.006449301325689717
Edge-IIoTset,SNN_AE_T2,2,7,99.9,0.001,0.9976812684088487,0.9364705882352942,0.9661073520041266,0.0022094828615788847
Edge-IIoTset,SNN_AE_T2,2,7,99.99,0.0001,0.9981797815737888,0.8387058823529412,0.9115202659506457,0.0015526095784067838
Edge-IIoTset,SNN_AE_T2,2,7,max,0.0,0.9983636363636363,0.646,0.7844285714285715,0.0010748835542816195
Edge-IIoTset,SNN_AE_T5,2,7,90,0.1,0.9169858136900588,1.0,0.956695461324179,0.09190254389107846
Edge-IIoTset,SNN_AE_T5,2,7,95,0.05,0.9588268471517203,1.0,0.978980708321336,0.04359249970142123
Edge-IIoTset,SNN_AE_T5,2,7,96,0.04,0.9691027248888382,1.0,0.9843089572115106,0.032365938134479875
Edge-IIoTset,SNN_AE_T5,2,7,97,0.03,0.978642565194865,1.0,0.9892060167001252,0.022154544368804492
Edge-IIoTset,SNN_AE_T5,2,7,98,0.02,0.9881997326047782,1.0,0.9940648481127387,0.012122297862176041
Edge-IIoTset,SNN_AE_T5,2,7,99,0.01,0.9942088329921029,0.9997647058823529,0.9969790291831647,0.005911859548548907
Edge-IIoTset,SNN_AE_T5,2,7,99.5,0.005,0.9960107943212484,0.9987058823529412,0.9973565176525878,0.004060671205063896
Edge-IIoTset,SNN_AE_T5,2,7,99.9,0.001,0.9981801637852593,0.9679411764705882,0.9828281319994028,0.0017914725904693658
Edge-IIoTset,SNN_AE_T5,2,7,99.99,0.0001,0.9981735159817352,0.9001176470588236,0.9466130528920508,0.0016720410844380748
Edge-IIoTset,SNN_AE_T5,2,7,max,0.0,0.9983636363636363,0.646,0.7844285714285715,0.0010748835542816195
Edge-IIoTset,SNN_AE_T7,2,7,90,0.1,0.9165408669398318,1.0,0.956453246314842,0.09243998566821927
Edge-IIoTset,SNN_AE_T7,2,7,95,0.05,0.9550561797752809,1.0,0.9770114942528736,0.04777260241251642
Edge-IIoTset,SNN_AE_T7,2,7,96,0.04,0.965415412573116,1.0,0.9824034210754428,0.03636689358652813
Edge-IIoTset,SNN_AE_T7,2,7,97,0.03,0.9757217471158813,1.0,0.987711704383697,0.025259763525618057
Edge-IIoTset,SNN_AE_T7,2,7,98,0.02,0.9844229544270079,1.0,0.9921503399573958,0.016063537561208648
Edge-IIoTset,SNN_AE_T7,2,7,99,0.01,0.992526420272085,0.9999411764705882,0.9962200017581387,0.007643616386002627
Edge-IIoTset,SNN_AE_T7,2,7,99.5,0.005,0.9960703812316716,0.999,0.9975330396475771,0.00400095545204825
Edge-IIoTset,SNN_AE_T7,2,7,99.9,0.001,0.9977077700717056,0.9985294117647059,0.9981184218263068,0.0023289143676101754
Edge-IIoTset,SNN_AE_T7,2,7,99.99,0.0001,0.9981986618630982,0.9127058823529411,0.9535398230088497,0.0016720410844380748
Edge-IIoTset,SNN_AE_T7,2,7,max,0.0,0.9983636363636363,0.646,0.7844285714285715,0.0010748835542816195
Edge-IIoTset,SNN_AE_noBN,2,7,90,0.1,0.9149130832570905,1.0,0.9555661729574774,0.09441060551773559
Edge-IIoTset,SNN_AE_noBN,2,7,95,0.05,0.9587187006541845,1.0,0.97892433490729,0.04371193120745252
Edge-IIoTset,SNN_AE_noBN,2,7,96,0.04,0.9677786633268814,1.0,0.9836255279754672,0.03379911620685537
Edge-IIoTset,SNN_AE_noBN,2,7,97,0.03,0.9763942335305267,1.0,0.9880561448374067,0.024543174489430313
Edge-IIoTset,SNN_AE_noBN,2,7,98,0.02,0.9845913224816081,0.9998235294117647,0.9921489653562151,0.01588439030216171
Edge-IIoTset,SNN_AE_noBN,2,7,99,0.01,0.9925770062540183,0.9989411764705882,0.9957489225717552,0.007583900632986982
Edge-IIoTset,SNN_AE_noBN,2,7,99.5,0.005,0.9960105602816075,0.9986470588235294,0.9973270671170509,0.004060671205063896
Edge-IIoTset,SNN_AE_noBN,2,7,99.9,0.001,0.997063487402361,0.9986470588235294,0.9978546448408617,0.0029857876507822763
Edge-IIoTset,SNN_AE_noBN,2,7,99.99,0.0001,0.9982853223593965,0.8561764705882353,0.9217859404686511,0.0014928938253911382
Edge-IIoTset,SNN_AE_noBN,2,7,max,0.0,0.9983639338302127,0.6461176470588236,0.7845153917577317,0.0010748835542816195
Edge-IIoTset,IF,2,7,90,0.1,0.9186715624486217,0.9860588235294118,0.9511731494878998,0.08861817747521797
Edge-IIoTset,IF,2,7,95,0.05,0.9562935983702697,0.911235294117647,0.9332208801469923,0.042278753135077035
Edge-IIoTset,IF,2,7,96,0.04,0.9652229708052614,0.8848823529411765,0.9233082706766919,0.032365938134479875
Edge-IIoTset,IF,2,7,97,0.03,0.9736471534902434,0.8541176470588235,0.9099739917901796,0.023468290935148694
Edge-IIoTset,IF,2,7,98,0.02,0.9826381384626468,0.8023529411764706,0.8833910818950165,0.014391496476770573
Edge-IIoTset,IF,2,7,99,0.01,0.9901975918493362,0.7546470588235294,0.8565229002537055,0.007583900632986982
Edge-IIoTset,IF,2,7,99.5,0.005,0.9927845195145949,0.7122352941176471,0.8294286888614878,0.005254986265376806
Edge-IIoTset,IF,2,7,99.9,0.001,0.07894736842105263,0.00017647058823529413,0.0003521540086864656,0.0020900513555475934
Edge-IIoTset,IF,2,7,99.99,0.0001,0.125,0.00017647058823529413,0.00035244360902255637,0.0012540308133285561
Edge-IIoTset,IF,2,7,max,0.0,0.75,0.00017647058823529413,0.00035285815102328866,5.9715753015645525e-05
Edge-IIoTset,OCSVM,2,7,90,0.1,0.914125934290477,1.0,0.9551366688204063,0.0953660575659859
Edge-IIoTset,OCSVM,2,7,95,0.05,0.9602892165169745,1.0,0.9797423853845488,0.041980174369998804
Edge-IIoTset,OCSVM,2,7,96,0.04,0.9685505925250684,1.0,0.9840240796480667,0.03296309566463633
Edge-IIoTset,OCSVM,2,7,97,0.03,0.9777419911428078,1.0,0.9887457469392503,0.02310999641705482
Edge-IIoTset,OCSVM,2,7,98,0.02,0.9881422924901185,1.0,0.9940357852882703,0.012182013615191688
Edge-IIoTset,OCSVM,2,7,99,0.01,0.9931066713401099,1.0,0.9965414150888096,0.007046458855846172
Edge-IIoTset,OCSVM,2,7,99.5,0.005,0.9965998358541447,1.0,0.998297022725938,0.003463513674907441
Edge-IIoTset,OCSVM,2,7,99.9,0.001,0.999000999000999,1.0,0.9995002498750626,0.001015167801265974
Edge-IIoTset,OCSVM,2,7,99.99,0.0001,0.9998174738379167,0.9666470588235294,0.9829525062806554,0.00017914725904693657
Edge-IIoTset,OCSVM,2,7,max,0.0,0.9999219725343321,0.7538235294117647,0.8596055808961631,5.9715753015645525e-05
Edge-IIoTset,LOF,2,7,90,0.1,0.9158495851740114,1.0,0.9560767110961138,0.09327600621043831
Edge-IIoTset,LOF,2,7,95,0.05,0.9477244320270568,0.758235294117647,0.8424561288846769,0.04245790039412397
Edge-IIoTset,LOF,2,7,96,0.04,0.9584361217014278,0.7541764705882353,0.8441254896796918,0.033201958676698916
Edge-IIoTset,LOF,2,7,97,0.03,0.9727617602427922,0.7541764705882353,0.849635520212061,0.021437955332616745
Edge-IIoTset,LOF,2,7,98,0.02,0.9847914586373762,0.7541764705882353,0.8541923448482629,0.011823719097097814
Edge-IIoTset,LOF,2,7,99,0.01,0.9933369489424343,0.7541764705882353,0.8573912461965427,0.005135554759345515
Edge-IIoTset,LOF,2,7,99.5,0.005,0.9964673673054845,0.6637058823529411,0.796737633725241,0.002388630120625821
Edge-IIoTset,LOF,2,7,99.9,0.001,0.9997310381925767,0.21864705882352942,0.35881841876629017,5.9715753015645525e-05
Edge-IIoTset,LOF,2,7,99.99,0.0001,0.9997306760032318,0.21835294117647058,0.3584222468980833,5.9715753015645525e-05
Edge-IIoTset,LOF,2,7,max,0.0,0.9997306760032318,0.21835294117647058,0.3584222468980833,5.9715753015645525e-05
Edge-IIoTset,SNN_AE,2,8,90,0.1,0.9109420212195906,1.0,0.9533957714093433,0.09829085102608079
Edge-IIoTset,SNN_AE,2,8,95,0.05,0.9535027202871725,1.0,0.9761979959229378,0.04902714530723284
Edge-IIoTset,SNN_AE,2,8,96,0.04,0.961266610121572,1.0,0.9802508288885685,0.04051097048908865
Edge-IIoTset,SNN_AE,2,8,97,0.03,0.9710401553664249,1.0,0.9853073289477496,0.02998403217221598
Edge-IIoTset,SNN_AE,2,8,98,0.02,0.9778544722461893,1.0,0.9888032572342591,0.022768939617954936
Edge-IIoTset,SNN_AE,2,8,99,0.01,0.9849759266778816,0.9988235294117647,0.9918513975291334,0.015317286652078774
Edge-IIoTset,SNN_AE,2,8,99.5,0.005,0.9889917875240258,0.9988235294117647,0.9938833445520794,0.011177479448814242
Edge-IIoTset,SNN_AE,2,8,99.9,0.001,0.9945382954401117,0.9211764705882353,0.9564526965125513,0.005086048849724999
Edge-IIoTset,SNN_AE,2,8,99.99,0.0001,0.9950827349359975,0.7499411764705882,0.8552931705353549,0.0037258264829380804
Edge-IIoTset,SNN_AE,2,8,max,0.0,0.9998611882287618,0.42370588235294115,0.5951908775409023,5.914010290377905e-05
Edge-IIoTset,LSTM_AE,2,8,90,0.1,0.9096746575342466,1.0,0.9527011880744228,0.09982849370157904
Edge-IIoTset,LSTM_AE,2,8,95,0.05,0.9524343100453807,1.0,0.9756377514419352,0.05020994736530841
Edge-IIoTset,LSTM_AE,2,8,96,0.04,0.9619193119447745,1.0,0.9805900845037926,0.039801289254243304
Edge-IIoTset,LSTM_AE,2,8,97,0.03,0.9700427960057061,1.0,0.9847936278059377,0.031048554024484004
Edge-IIoTset,LSTM_AE,2,8,98,0.02,0.9785299027226155,1.0,0.9891484595467372,0.022059258383109587
Edge-IIoTset,LSTM_AE,2,8,99,0.01,0.9891772372861631,1.0,0.9945591762709881,0.011000059140102905
Edge-IIoTset,LSTM_AE,2,8,99.5,0.005,0.989464493597206,0.9999411764705882,0.9946752486834406,0.010704358625584009
Edge-IIoTset,LSTM_AE,2,8,99.9,0.001,0.9896949231485794,0.9999411764705882,0.9947916666666667,0.010467798213968892
Edge-IIoTset,LSTM_AE,2,8,99.99,0.0001,0.9936853835200892,0.9441764705882353,0.9682984948571773,0.006032290496185463
Edge-IIoTset,LSTM_AE,2,8,max,0.0,0.9951615420633682,0.7501176470588236,0.855437042999933,0.003666686380034301
Edge-IIoTset,CNN_AE,2,8,90,0.1,0.9084593598033452,1.0,0.9520342732338364,0.10130699627417351
Edge-IIoTset,CNN_AE,2,8,95,0.05,0.950995748489595,1.0,0.9748824406468631,0.05180673014371045
Edge-IIoTset,CNN_AE,2,8,96,0.04,0.9597470784169819,1.0,0.9794601446144097,0.04216689337039446
Edge-IIoTset,CNN_AE,2,8,97,0.03,0.969434306569343,1.0,0.984479962937225,0.03169909515642557
Edge-IIoTset,CNN_AE,2,8,98,0.02,0.9790370882285188,1.0,0.9894075194971482,0.021526997456975575
Edge-IIoTset,CNN_AE,2,8,99,0.01,0.9881422924901185,1.0,0.9940357852882703,0.012064580992370927
Edge-IIoTset,CNN_AE,2,8,99.5,0.005,0.9888320148906468,1.0,0.9943846513804397,0.011354899757525579
Edge-IIoTset,CNN_AE,2,8,99.9,0.001,0.9890045959625342,1.0,0.9944719061686508,0.011177479448814242
Edge-IIoTset,CNN_AE,2,8,99.99,0.0001,0.9908331873649793,0.9982352941176471,0.9945204676648989,0.00928499615589331
Edge-IIoTset,CNN_AE,2,8,max,0.0,0.9950838860710105,0.7501176470588236,0.8554083515009223,0.0037258264829380804
Edge-IIoTset,SNN_Dense,2,8,90,0.1,0.9117725931885224,1.0,0.9538504699116287,0.09728546927671654
Edge-IIoTset,SNN_Dense,2,8,95,0.05,0.9535027202871725,1.0,0.9761979959229378,0.04902714530723284
Edge-IIoTset,SNN_Dense,2,8,96,0.04,0.9630636755041921,1.0,0.9811843472238254,0.03855934709326394
Edge-IIoTset,SNN_Dense,2,8,97,0.03,0.9714840848048459,1.0,0.9855358126322501,0.029510911348985747
Edge-IIoTset,SNN_Dense,2,8,98,0.02,0.9809012751716577,1.0,0.9903585680580234,0.019575374061150865
Edge-IIoTset,SNN_Dense,2,8,99,0.01,0.9889470622454916,1.0,0.9944428195378766,0.01123661955171802
Edge-IIoTset,SNN_Dense,2,8,99.5,0.005,0.9903218283582089,0.9991764705882353,0.9947294448348559,0.009817257082027324
Edge-IIoTset,SNN_Dense,2,8,99.9,0.001,0.9909541873358623,0.9988235294117647,0.9948732972022851,0.009166715950085754
Edge-IIoTset,SNN_Dense,2,8,99.99,0.0001,0.9947950134944095,0.9106470588235294,0.9508629691050918,0.004790348335206103
Edge-IIoTset,SNN_Dense,2,8,max,0.0,1.0,0.46176470588235297,0.6317907444668008,0.0
Edge-IIoTset,Dense_SNN,2,8,90,0.1,0.9060384799872089,1.0,0.9507032407795767,0.10426400141936247
Edge-IIoTset,Dense_SNN,2,8,95,0.05,0.9521142537104452,1.0,0.9754698034715249,0.05056478798273109
Edge-IIoTset,Dense_SNN,2,8,96,0.04,0.9617016462069355,1.0,0.9804769732099086,0.04003784966585842
Edge-IIoTset,Dense_SNN,2,8,97,0.03,0.970873786407767,1.0,0.9852216748768473,0.030161452480927317
Edge-IIoTset,Dense_SNN,2,8,98,0.02,0.9787552536127584,1.0,0.9892635805522418,0.02182269797149447
Edge-IIoTset,Dense_SNN,2,8,99,0.01,0.9840240796480667,1.0,0.9919477185202474,0.01632266840144302
Edge-IIoTset,Dense_SNN,2,8,99.5,0.005,0.9877311315269217,0.9992352941176471,0.9934499093514242,0.01247856171269738
Edge-IIoTset,Dense_SNN,2,8,99.9,0.001,0.9903762029746281,0.9988235294117647,0.994581930004393,0.009758116979123543
Edge-IIoTset,Dense_SNN,2,8,99.99,0.0001,0.9946437680666553,0.6881764705882353,0.8135039287949378,0.0037258264829380804
Edge-IIoTset,Dense_SNN,2,8,max,0.0,1.0,0.42364705882352943,0.5951574250061978,0.0
Edge-IIoTset,Dense_AE,2,8,90,0.1,0.9078771695594126,1.0,0.9517144856543037,0.10201667750901887
Edge-IIoTset,Dense_AE,2,8,95,0.05,0.9517411264136155,1.0,0.9752739372382537,0.05097876870305754
Edge-IIoTset,Dense_AE,2,8,96,0.04,0.9617560534057479,1.0,0.9805052485869189,0.03997870956295464
Edge-IIoTset,Dense_AE,2,8,97,0.03,0.9700981511070532,1.0,0.9848221527053644,0.030989413921580222
Edge-IIoTset,Dense_AE,2,8,98,0.02,0.978642565194865,1.0,0.9892060167001252,0.021940978177302027
Edge-IIoTset,Dense_AE,2,8,99,0.01,0.9853358836144439,1.0,0.9926137856538114,0.0149624460346561
Edge-IIoTset,Dense_AE,2,8,99.5,0.005,0.9861360867799757,1.0,0.9930196559478957,0.014134484594003193
Edge-IIoTset,Dense_AE,2,8,99.9,0.001,0.991301301885691,0.9988235294117647,0.9950481994784495,0.00881187533266308
Edge-IIoTset,Dense_AE,2,8,99.99,0.0001,0.9998182148700236,0.6470588235294118,0.7856581672737661,0.0001182802058075581
Edge-IIoTset,Dense_AE,2,8,max,0.0,1.0,0.42364705882352943,0.5951574250061978,0.0
Edge-IIoTset,SNN_AE_T2,2,8,90,0.1,0.9089450890231514,1.0,0.9523009270929614,0.10071559524513572
Edge-IIoTset,SNN_AE_T2,2,8,95,0.05,0.9519543061933027,1.0,0.9753858511675942,0.05074220829144243
Edge-IIoTset,SNN_AE_T2,2,8,96,0.04,0.960397717643071,1.0,0.9797988530589896,0.041457212135549114
Edge-IIoTset,SNN_AE_T2,2,8,97,0.03,0.9686039886039886,0.9999411764705882,0.9840231548480463,0.03258619669998226
Edge-IIoTset,SNN_AE_T2,2,8,98,0.02,0.9755256807997242,0.9988235294117647,0.9870371446840668,0.025193683837009876
Edge-IIoTset,SNN_AE_T2,2,8,99,0.01,0.9815028901734104,0.9988235294117647,0.9900874635568513,0.018924832929209295
Edge-IIoTset,SNN_AE_T2,2,8,99.5,0.005,0.9872585524784734,0.9981764705882353,0.9926874926874927,0.012951682535927612
Edge-IIoTset,SNN_AE_T2,2,8,99.9,0.001,0.9936753338018272,0.831764705882353,0.9055395453089977,0.005322609261340114
Edge-IIoTset,SNN_AE_T2,2,8,99.99,0.0001,0.9951834862385321,0.7657058823529411,0.8654920212765957,0.0037258264829380804
Edge-IIoTset,SNN_AE_T2,2,8,max,0.0,0.9998414711477489,0.371,0.5411875750815172,5.914010290377905e-05
Edge-IIoTset,SNN_AE_T5,2,8,90,0.1,0.9116259116259117,1.0,0.9537701974865351,0.09746288958542788
Edge-IIoTset,SNN_AE_T5,2,8,95,0.05,0.954305602335242,1.0,0.976618601711955,0.04814004376367615
Edge-IIoTset,SNN_AE_T5,2,8,96,0.04,0.9625729007417474,1.0,0.9809295750266871,0.039091608019397955
Edge-IIoTset,SNN_AE_T5,2,8,97,0.03,0.9707074744475532,1.0,0.985136035696694,0.030338872789638652
Edge-IIoTset,SNN_AE_T5,2,8,98,0.02,0.9770676475659521,1.0,0.9884008256053955,0.02359690105860784
Edge-IIoTset,SNN_AE_T5,2,8,99,0.01,0.9847080630213161,1.0,0.9922951202428205,0.01561298716659767
Edge-IIoTset,SNN_AE_T5,2,8,99.5,0.005,0.987453531598513,1.0,0.9936871638999298,0.012774262227216275
Edge-IIoTset,SNN_AE_T5,2,8,99.9,0.001,0.9907223713385459,0.9987647058823529,0.9947272833792256,0.00940327636170087
Edge-IIoTset,SNN_AE_T5,2,8,99.99,0.0001,0.9943380965219736,0.6508235294117647,0.7867173889856722,0.0037258264829380804
Edge-IIoTset,SNN_AE_T5,2,8,max,0.0,1.0,0.42364705882352943,0.5951574250061978,0.0
Edge-IIoTset,SNN_AE_T7,2,8,90,0.1,0.9100155237942295,1.0,0.9528880917014658,0.09941451298125259
Edge-IIoTset,SNN_AE_T7,2,8,95,0.05,0.952327600694639,1.0,0.9755817623597601,0.05032822757111598
Edge-IIoTset,SNN_AE_T7,2,8,96,0.04,0.9620281817667364,1.0,0.9806466499379886,0.03968300904843575
Edge-IIoTset,SNN_AE_T7,2,8,97,0.03,0.9707629054362723,1.0,0.9851645804357905,0.030279732686734874
Edge-IIoTset,SNN_AE_T7,2,8,98,0.02,0.9790370882285188,1.0,0.9894075194971482,0.021526997456975575
Edge-IIoTset,SNN_AE_T7,2,8,99,0.01,0.9825453704774014,1.0,0.9911958486385634,0.017860311076941273
Edge-IIoTset,SNN_AE_T7,2,8,99.5,0.005,0.9872814913758058,1.0,0.9936000467576493,0.012951682535927612
Edge-IIoTset,SNN_AE_T7,2,8,99.9,0.001,0.990613886783653,0.9995294117647059,0.9950516792082686,0.009521556567508428
Edge-IIoTset,SNN_AE_T7,2,8,99.99,0.0001,0.9943058568329718,0.6471176470588236,0.7839937286202965,0.0037258264829380804
Edge-IIoTset,SNN_AE_T7,2,8,max,0.0,0.9998917397423406,0.5432941176470588,0.7040439074589321,5.914010290377905e-05
Edge-IIoTset,SNN_AE_noBN,2,8,90,0.1,0.9104541559554413,1.0,0.9531285041489124,0.09888225205511858
Edge-IIoTset,SNN_AE_noBN,2,8,95,0.05,0.9540913682792681,1.0,0.9765064047331841,0.048376604175291264
Edge-IIoTset,SNN_AE_noBN,2,8,96,0.04,0.9619193119447745,1.0,0.9805900845037926,0.039801289254243304
Edge-IIoTset,SNN_AE_noBN,2,8,97,0.03,0.9691579727495582,1.0,0.9843374540401262,0.031994795670944466
Edge-IIoTset,SNN_AE_noBN,2,8,98,0.02,0.977172100511759,0.9996470588235294,0.9882818179174784,0.023478620852800284
Edge-IIoTset,SNN_AE_noBN,2,8,99,0.01,0.98629420988443,0.999,0.9926064467108916,0.013957064285291856
Edge-IIoTset,SNN_AE_noBN,2,8,99.5,0.005,0.9897411984145489,0.9988235294117647,0.994261623140883,0.010408658111065113
Edge-IIoTset,SNN_AE_noBN,2,8,99.9,0.001,0.992855179994504,0.8501176470588235,0.9159589301559133,0.006150570701993021
Edge-IIoTset,SNN_AE_noBN,2,8,99.99,0.0001,0.9943058568329718,0.6471176470588236,0.7839937286202965,0.0037258264829380804
Edge-IIoTset,SNN_AE_noBN,2,8,max,0.0,0.9998545454545454,0.4043529411764706,0.5758324607329843,5.914010290377905e-05
Edge-IIoTset,IF,2,8,90,0.1,0.9099273607748184,0.994764705882353,0.9504566530841647,0.09900053226092613
Edge-IIoTset,IF,2,8,95,0.05,0.9529130564684792,0.9380588235294117,0.9454275974507188,0.04660240108817789
Edge-IIoTset,IF,2,8,96,0.04,0.9615072680766111,0.9065882352941177,0.9332404856338369,0.036489443491631676
Edge-IIoTset,IF,2,8,97,0.03,0.9705203455780519,0.8656470588235294,0.9150887665951559,0.026435625997989237
Edge-IIoTset,IF,2,8,98,0.02,0.9778237307472903,0.8066470588235294,0.8840252707581228,0.018392572003075286
Edge-IIoTset,IF,2,8,99,0.01,0.9828431372549019,0.7548235294117647,0.853872770827788,0.013247383050446508
Edge-IIoTset,IF,2,8,99.5,0.005,0.9845389805097451,0.6180588235294118,0.7593957791269152,0.009758116979123543
Edge-IIoTset,IF,2,8,99.9,0.001,0.16666666666666666,0.00011764705882352942,0.00023512814483893723,0.0005914010290377905
Edge-IIoTset,IF,2,8,99.99,0.0001,0.6666666666666666,0.00011764705882352942,0.00023525260248191497,5.914010290377905e-05
Edge-IIoTset,IF,2,8,max,0.0,0.0,0.0,0.0,0.0
Edge-IIoTset,OCSVM,2,8,90,0.1,0.9106004606567036,1.0,0.9532086685917744,0.09870483174640723
Edge-IIoTset,OCSVM,2,8,95,0.05,0.9544127554457669,1.0,0.9766747098701597,0.048021763557868594
Edge-IIoTset,OCSVM,2,8,96,0.04,0.9629000283205891,1.0,0.9810994084547684,0.03873676740197528
Edge-IIoTset,OCSVM,2,8,97,0.03,0.970873786407767,1.0,0.9852216748768473,0.030161452480927317
Edge-IIoTset,OCSVM,2,8,98,0.02,0.9794883613735884,1.0,0.9896379089533125,0.021053876633745344
Edge-IIoTset,OCSVM,2,8,99,0.01,0.984936268829664,1.0,0.99241097489784,0.015376426754982554
Edge-IIoTset,OCSVM,2,8,99.5,0.005,0.988314632870182,1.0,0.9941229788602672,0.01188716068365959
Edge-IIoTset,OCSVM,2,8,99.9,0.001,0.9901566777331237,1.0,0.995053996312447,0.00999467739073866
Edge-IIoTset,OCSVM,2,8,99.99,0.0001,0.9911428219953253,0.9478823529411765,0.969030007817668,0.008516174818144184
Edge-IIoTset,OCSVM,2,8,max,0.0,0.9951615420633682,0.7501176470588236,0.855437042999933,0.003666686380034301
Edge-IIoTset,LOF,2,8,90,0.1,0.8891953713670614,0.7774705882352941,0.8295882500627669,0.0974037494825241
Edge-IIoTset,LOF,2,8,95,0.05,0.9397067198177677,0.7765294117647059,0.8503607317701622,0.050091667159500856
Edge-IIoTset,LOF,2,8,96,0.04,0.9512177547197003,0.7765294117647059,0.8550424250275278,0.04003784966585842
Edge-IIoTset,LOF,2,8,97,0.03,0.9612555531279586,0.7764117647058824,0.8590023103706355,0.03146253474481046
Edge-IIoTset,LOF,2,8,98,0.02,0.958909641595154,0.5587058823529412,0.7060397695595614,0.024070021881838075
Edge-IIoTset,LOF,2,8,99,0.01,0.9728501773049646,0.5164117647058823,0.6746849062403935,0.014489325211425867
Edge-IIoTset,LOF,2,8,99.5,0.005,0.9784831193533048,0.4841764705882353,0.6478041869982686,0.010704358625584009
Edge-IIoTset,LOF,2,8,99.9,0.001,0.9821980018165304,0.3180588235294118,0.48051544101310817,0.005795730084570347
Edge-IIoTset,LOF,2,8,99.99,0.0001,0.9798629852605356,0.2776470588235294,0.4326901040473026,0.005736589981666568
Edge-IIoTset,LOF,2,8,max,0.0,1.0,0.0017647058823529412,0.0035231943628890195,0.0
Edge-IIoTset,SNN_AE,2,9,90,0.1,0.8976660682226212,1.0,0.9460737937559129,0.11374574480572837
Edge-IIoTset,SNN_AE,2,9,95,0.05,0.9405255878284924,1.0,0.9693513898788311,0.06309425988965842
Edge-IIoTset,SNN_AE,2,9,96,0.04,0.9500922148326161,1.0,0.9744074742785086,0.05241225495950229
Edge-IIoTset,SNN_AE,2,9,97,0.03,0.9593679458239278,1.0,0.9792626728110598,0.04225848104237587
Edge-IIoTset,SNN_AE,2,9,98,0.02,0.968054211035818,1.0,0.9837678307919331,0.03292639981218453
Edge-IIoTset,SNN_AE,2,9,99,0.01,0.9879083827461923,0.9996470588235294,0.9937430559616398,0.012208005634464138
Edge-IIoTset,SNN_AE,2,9,99.5,0.005,0.9969469234382339,0.9988235294117647,0.9978843441466854,0.0030520014086160346
Edge-IIoTset,SNN_AE,2,9,99.9,0.001,0.9999197238500441,0.7327058823529412,0.8457073021692637,5.869233478107759e-05
Edge-IIoTset,SNN_AE,2,9,99.99,0.0001,1.0,0.4263529411764706,0.5978225008248103,0.0
Edge-IIoTset,SNN_AE,2,9,max,0.0,1.0,0.4263529411764706,0.5978225008248103,0.0
Edge-IIoTset,LSTM_AE,2,9,90,0.1,0.8952080042127436,1.0,0.9447068630175048,0.11679774621434441
Edge-IIoTset,LSTM_AE,2,9,95,0.05,0.9372071227741331,1.0,0.9675858732462507,0.06685056931564738
Edge-IIoTset,LSTM_AE,2,9,96,0.04,0.946706019936515,1.0,0.9726235088823413,0.056168564385491254
Edge-IIoTset,LSTM_AE,2,9,97,0.03,0.9560229445506692,1.0,0.9775171065493646,0.04589740579880268
Edge-IIoTset,LSTM_AE,2,9,98,0.02,0.9649222386195936,1.0,0.9821480154832747,0.03627186289470595
Edge-IIoTset,LSTM_AE,2,9,99,0.01,0.9755537702283944,1.0,0.9876256317899262,0.025002934616739053
Edge-IIoTset,LSTM_AE,2,9,99.5,0.005,0.9803921568627451,1.0,0.99009900990099,0.01995539382556638
Edge-IIoTset,LSTM_AE,2,9,99.9,0.001,0.9925848076137094,1.0,0.9962786063820436,0.007453926517196854
Edge-IIoTset,LSTM_AE,2,9,99.99,0.0001,0.9997059515408139,0.9999411764705882,0.9998235501705681,0.00029346167390538794
Edge-IIoTset,LSTM_AE,2,9,max,0.0,1.0,0.9789411764705882,0.9893585399203376,0.0
Edge-IIoTset,CNN_AE,2,9,90,0.1,0.8970976253298153,1.0,0.9457579972183588,0.1144500528231013
Edge-IIoTset,CNN_AE,2,9,95,0.05,0.942507068803016,1.0,0.970402717127608,0.060863951167977465
Edge-IIoTset,CNN_AE,2,9,96,0.04,0.9505703422053232,1.0,0.9746588693957116,0.05188402394647259
Edge-IIoTset,CNN_AE,2,9,97,0.03,0.9584484411118002,1.0,0.9787834297722889,0.04325625073365418
Edge-IIoTset,CNN_AE,2,9,98,0.02,0.966952960582447,1.0,0.9831988664295422,0.03410024650780608
Edge-IIoTset,CNN_AE,2,9,99,0.01,0.975497790784415,1.0,0.9875969442588666,0.02506162695152013
Edge-IIoTset,CNN_AE,2,9,99.5,0.005,0.9798270893371758,1.0,0.9898107714701602,0.020542317173377157
Edge-IIoTset,CNN_AE,2,9,99.9,0.001,0.9996471833470539,1.0,0.9998235605481386,0.00035215400868646553
Edge-IIoTset,CNN_AE,2,9,99.99,0.0001,0.9999401412666108,0.9826470588235294,0.9912181807393343,5.869233478107759e-05
Edge-IIoTset,CNN_AE,2,9,max,0.0,1.0,0.7531764705882353,0.8592135283854516,0.0
Edge-IIoTset,SNN_Dense,2,9,90,0.1,0.8971449680721938,1.0,0.945784305543965,0.11439136048832023
Edge-IIoTset,SNN_Dense,2,9,95,0.05,0.9392265193370166,1.0,0.9686609686609687,0.06456156825918535
Edge-IIoTset,SNN_Dense,2,9,96,0.04,0.948925481440134,1.0,0.9737934984963483,0.053703486324685995
Edge-IIoTset,SNN_Dense,2,9,97,0.03,0.9557004722284687,1.0,0.977348510980798,0.04624955980748914
Edge-IIoTset,SNN_Dense,2,9,98,0.02,0.9657444753735159,1.0,0.982573765280467,0.03539147787298979
Edge-IIoTset,SNN_Dense,2,9,99,0.01,0.976843073033385,1.0,0.9882859052989564,0.02365301091677427
Edge-IIoTset,SNN_Dense,2,9,99.5,0.005,0.9820912767186597,1.0,0.9909647333139027,0.018194623782134052
Edge-IIoTset,SNN_Dense,2,9,99.9,0.001,0.9999110715873721,0.6614117647058824,0.7961763143919278,5.869233478107759e-05
Edge-IIoTset,SNN_Dense,2,9,99.99,0.0001,1.0,0.3764705882352941,0.547008547008547,0.0
Edge-IIoTset,SNN_Dense,2,9,max,0.0,1.0,0.37588235294117645,0.5463873450192389,0.0
Edge-IIoTset,Dense_SNN,2,9,90,0.1,0.8968609865470852,1.0,0.9456264775413712,0.11474351449700669
Edge-IIoTset,Dense_SNN,2,9,95,0.05,0.9391746312358433,1.0,0.9686333722685964,0.06462026059396643
Edge-IIoTset,Dense_SNN,2,9,96,0.04,0.9486077785837844,1.0,0.9736261848171587,0.054055640333372464
Edge-IIoTset,Dense_SNN,2,9,97,0.03,0.9580703336339044,1.0,0.9785862307160949,0.04366709707712173
Edge-IIoTset,Dense_SNN,2,9,98,0.02,0.9666230738613749,1.0,0.9830283054326769,0.034452400516492544
Edge-IIoTset,Dense_SNN,2,9,99,0.01,0.9777982284596802,1.0,0.9887745012505089,0.02265524122549595
Edge-IIoTset,Dense_SNN,2,9,99.5,0.005,0.9943264900274902,1.0,0.9971551749420771,0.005693156473764526
Edge-IIoTset,Dense_SNN,2,9,99.9,0.001,0.9999093710349828,0.649,0.7871156452878648,5.869233478107759e-05
Edge-IIoTset,Dense_SNN,2,9,99.99,0.0001,1.0,0.4263529411764706,0.5978225008248103,0.0
Edge-IIoTset,Dense_SNN,2,9,max,0.0,1.0,0.4263529411764706,0.5978225008248103,0.0
Edge-IIoTset,Dense_AE,2,9,90,0.1,0.9001376681139468,1.0,0.9474446859499526,0.11069374339711234
Edge-IIoTset,Dense_AE,2,9,95,0.05,0.9406817175741479,1.0,0.9694343065693432,0.06291818288531517
Edge-IIoTset,Dense_AE,2,9,96,0.04,0.9501453163424994,1.0,0.974435400664909,0.05235356262472121
Edge-IIoTset,Dense_AE,2,9,97,0.03,0.957800439461378,1.0,0.9784454228898672,0.04396055875102712
Edge-IIoTset,Dense_AE,2,9,98,0.02,0.9682747622031098,1.0,0.9838817026940996,0.032691630473060215
Edge-IIoTset,Dense_AE,2,9,99,0.01,0.9810710987996306,1.0,0.9904451176881846,0.01925108580819345
Edge-IIoTset,Dense_AE,2,9,99.5,0.005,0.9968920424558728,1.0,0.9984436026194461,0.0031106937433971124
Edge-IIoTset,Dense_AE,2,9,99.9,0.001,0.999909354604786,0.6488823529411765,0.787029109589041,5.869233478107759e-05
Edge-IIoTset,Dense_AE,2,9,99.99,0.0001,1.0,0.44341176470588234,0.6143940011410872,0.0
Edge-IIoTset,Dense_AE,2,9,max,0.0,1.0,0.43011764705882355,0.6015136558078316,0.0
Edge-IIoTset,SNN_AE_T2,2,9,90,0.1,0.8990427838595377,1.0,0.9468378400957976,0.11204366709707712
Edge-IIoTset,SNN_AE_T2,2,9,95,0.05,0.9392265193370166,1.0,0.9686609686609687,0.06456156825918535
Edge-IIoTset,SNN_AE_T2,2,9,96,0.04,0.9475503037734797,1.0,0.9730688875533041,0.055229487028994016
Edge-IIoTset,SNN_AE_T2,2,9,97,0.03,0.956443444006753,0.9997647058823529,0.9776243888409549,0.04542786712055406
Edge-IIoTset,SNN_AE_T2,2,9,98,0.02,0.9651803464924738,0.9995294117647059,0.9820546163849154,0.035978401220800565
Edge-IIoTset,SNN_AE_T2,2,9,99,0.01,0.9812193007801213,0.9988235294117647,0.989943156974202,0.019075008803850216
Edge-IIoTset,SNN_AE_T2,2,9,99.5,0.005,0.9915328467153285,0.9988235294117647,0.9951648351648351,0.008510388543256251
Edge-IIoTset,SNN_AE_T2,2,9,99.9,0.001,0.9999166041197565,0.7052941176470588,0.8271532544582801,5.869233478107759e-05
Edge-IIoTset,SNN_AE_T2,2,9,99.99,0.0001,1.0,0.4263529411764706,0.5978225008248103,0.0
Edge-IIoTset,SNN_AE_T2,2,9,max,0.0,1.0,0.4263529411764706,0.5978225008248103,0.0
Edge-IIoTset,SNN_AE_T5,2,9,90,0.1,0.8980928733689049,1.0,0.9463107795930864,0.11321751379269868
Edge-IIoTset,SNN_AE_T5,2,9,95,0.05,0.9402134837674907,1.0,0.9691855990422166,0.06344641389834488
Edge-IIoTset,SNN_AE_T5,2,9,96,0.04,0.9487136558959763,1.0,0.9736819496549156,0.05393825566381031
Edge-IIoTset,SNN_AE_T5,2,9,97,0.03,0.9567762269248087,1.0,0.9779107225034515,0.04507571311186759
Edge-IIoTset,SNN_AE_T5,2,9,98,0.02,0.9664582148948266,1.0,0.982943047123446,0.03462847752083578
Edge-IIoTset,SNN_AE_T5,2,9,99,0.01,0.9759458063034617,1.0,0.9878264911821959,0.02459208827327151
Edge-IIoTset,SNN_AE_T5,2,9,99.5,0.005,0.9945528026708839,0.9988235294117647,0.9966835911131982,0.005458387134640216
Edge-IIoTset,SNN_AE_T5,2,9,99.9,0.001,0.999919465249255,0.7303529411764705,0.8441377434816603,5.869233478107759e-05
Edge-IIoTset,SNN_AE_T5,2,9,99.99,0.0001,1.0,0.22894117647058823,0.37258280681600614,0.0
Edge-IIoTset,SNN_AE_T5,2,9,max,0.0,1.0,0.22894117647058823,0.37258280681600614,0.0
Edge-IIoTset,SNN_AE_T7,2,9,90,0.1,0.9018567639257294,1.0,0.9483960948396095,0.10858081934499354
Edge-IIoTset,SNN_AE_T7,2,9,95,0.05,0.9403174954366945,1.0,0.9692408563528037,0.06332902922878272
Edge-IIoTset,SNN_AE_T7,2,9,96,0.04,0.9473918858671422,1.0,0.972985347985348,0.05540556403333725
Edge-IIoTset,SNN_AE_T7,2,9,97,0.03,0.9557004722284687,1.0,0.977348510980798,0.04624955980748914
Edge-IIoTset,SNN_AE_T7,2,9,98,0.02,0.9662934121525607,1.0,0.9828578036018847,0.03480455452517901
Edge-IIoTset,SNN_AE_T7,2,9,99,0.01,0.9768992069877026,1.0,0.9883146328701821,0.023594318581993193
Edge-IIoTset,SNN_AE_T7,2,9,99.5,0.005,0.9899836943862101,1.0,0.994966639353857,0.010095081582345346
Edge-IIoTset,SNN_AE_T7,2,9,99.9,0.001,0.9999090743771595,0.6468823529411765,0.7855561111507965,5.869233478107759e-05
Edge-IIoTset,SNN_AE_T7,2,9,99.99,0.0001,1.0,0.2802352941176471,0.4377871714758317,0.0
Edge-IIoTset,SNN_AE_T7,2,9,max,0.0,1.0,0.28,0.43750000000000006,0.0
Edge-IIoTset,SNN_AE_noBN,2,9,90,0.1,0.8984725965858041,1.0,0.946521533364884,0.11274797511445005
Edge-IIoTset,SNN_AE_noBN,2,9,95,0.05,0.9395898966451114,1.0,0.9688541874447896,0.0641507219157178
Edge-IIoTset,SNN_AE_noBN,2,9,96,0.04,0.9472335209227168,1.0,0.9729018227601798,0.05558164103768048
Edge-IIoTset,SNN_AE_noBN,2,9,97,0.03,0.9578544061302682,1.0,0.9784735812133072,0.043901866416246035
Edge-IIoTset,SNN_AE_noBN,2,9,98,0.02,0.9660188657802022,1.0,0.9827157639169893,0.0350980161990844
Edge-IIoTset,SNN_AE_noBN,2,9,99,0.01,0.9749942647396191,1.0,0.9873388314554535,0.02558985796454983
Edge-IIoTset,SNN_AE_noBN,2,9,99.5,0.005,0.9842510566846159,0.9999411764705882,0.9920340812932216,0.015964315060453104
Edge-IIoTset,SNN_AE_noBN,2,9,99.9,0.001,0.9999090826438767,0.6469411764705882,0.7855994856959178,5.869233478107759e-05
Edge-IIoTset,SNN_AE_noBN,2,9,99.99,0.0001,1.0,0.426,0.5974754558204769,0.0
Edge-IIoTset,SNN_AE_noBN,2,9,max,0.0,1.0,0.4258235294117647,0.5973018688889806,0.0
Edge-IIoTset,IF,2,9,90,0.1,0.8984333082948814,0.985,0.9397272574218531,0.11110458974057988
Edge-IIoTset,IF,2,9,95,0.05,0.9354994273313642,0.9128823529411765,0.9240525171931286,0.06280079821575302
Edge-IIoTset,IF,2,9,96,0.04,0.9439921046138663,0.900235294117647,0.92159460435987,0.05329263998121845
Edge-IIoTset,IF,2,9,97,0.03,0.9516139465683421,0.8653529411764705,0.9064358113312179,0.043901866416246035
Edge-IIoTset,IF,2,9,98,0.02,0.9612095505233632,0.8264705882352941,0.8887623746718536,0.03327855382087099
Edge-IIoTset,IF,2,9,99,0.01,0.9751866656610604,0.7605882352941177,0.8546217654251627,0.019309778142974528
Edge-IIoTset,IF,2,9,99.5,0.005,0.989769820971867,0.387,0.5564342199856219,0.003991078765113276
Edge-IIoTset,IF,2,9,99.9,0.001,0.5,0.00011764705882352942,0.0002352387673488591,0.00011738466956215518
Edge-IIoTset,IF,2,9,99.99,0.0001,1.0,0.00011764705882352942,0.00023526643924244207,0.0
Edge-IIoTset,IF,2,9,max,0.0,1.0,0.00011764705882352942,0.00023526643924244207,0.0
Edge-IIoTset,OCSVM,2,9,90,0.1,0.8986150755893858,1.0,0.9466005902333092,0.11257189811010682
Edge-IIoTset,OCSVM,2,9,95,0.05,0.938759732729582,1.0,0.9684126577230909,0.06508979927221505
Edge-IIoTset,OCSVM,2,9,96,0.04,0.9479201516672243,1.0,0.9732638690101334,0.05481864068552647
Edge-IIoTset,OCSVM,2,9,97,0.03,0.9559691840521847,1.0,0.9774890032487135,0.045956098133583756
Edge-IIoTset,OCSVM,2,9,98,0.02,0.9663483401546157,1.0,0.982886216466235,0.034745862190397936
Edge-IIoTset,OCSVM,2,9,99,0.01,0.9755537702283944,1.0,0.9876256317899262,0.025002934616739053
Edge-IIoTset,OCSVM,2,9,99.5,0.005,0.9804486994636369,1.0,0.9901278429773728,0.019896701490785304
Edge-IIoTset,OCSVM,2,9,99.9,0.001,0.9961326614320872,1.0,0.9980625843949981,0.003873694095551121
Edge-IIoTset,OCSVM,2,9,99.99,0.0001,1.0,0.9151176470588235,0.9556777344349909,0.0
Edge-IIoTset,OCSVM,2,9,max,0.0,1.0,0.7502352941176471,0.8572964979498555,0.0
Edge-IIoTset,LOF,2,9,90,0.1,0.8925059163818039,0.9982941176470588,0.9424406497292794,0.1199671322925226
Edge-IIoTset,LOF,2,9,95,0.05,0.9349826436718276,0.9981764705882353,0.9655466727360664,0.06925695504167156
Edge-IIoTset,LOF,2,9,96,0.04,0.9433511229708694,0.9981764705882353,0.9699897107579741,0.059807489141918066
Edge-IIoTset,LOF,2,9,97,0.03,0.9540113566087592,0.9981764705882353,0.9755943312156841,0.04801032985092147
Edge-IIoTset,LOF,2,9,98,0.02,0.9630300198574933,0.9699411764705882,0.9664732430689876,0.03715224791642212
Edge-IIoTset,LOF,2,9,99,0.01,0.9663490172721858,0.7635294117647059,0.8530494216614091,0.02652893532104707
Edge-IIoTset,LOF,2,9,99.5,0.005,0.9700698634487139,0.718764705882353,0.8257196918502501,0.022127010212466252
Edge-IIoTset,LOF,2,9,99.9,0.001,0.9807040801296214,0.3916470588235294,0.5597545083862289,0.007688695856321165
Edge-IIoTset,LOF,2,9,99.99,0.0001,0.9968944099378882,0.01888235294117647,0.037062694838933145,5.869233478107759e-05
Edge-IIoTset,LOF,2,9,max,0.0,1.0,0.015235294117647059,0.030013326380439194,0.0
CICIoT2023,SNN_AE,0,0,90,0.1,0.889251254668041,0.8254901960784313,0.8561852776806124,0.10222416320928346
CICIoT2023,SNN_AE,0,0,95,0.05,0.9559370155219754,0.8027921568627451,0.8726968888282589,0.03679383597966123
CICIoT2023,SNN_AE,0,0,96,0.04,0.9651692214296554,0.7980549019607843,0.8736927066339235,0.028636491249961007
CICIoT2023,SNN_AE,0,0,97,0.03,0.9678711794558705,0.7957647058823529,0.8734203367652629,0.02626571419658733
CICIoT2023,SNN_AE,0,0,98,0.02,0.9746287128712872,0.7905882352941176,0.8730144982764892,0.02046354930280438
CICIoT2023,SNN_AE,0,0,99,0.01,0.9811036448788434,0.7557960784313725,0.8538366117313486,0.014474217799544562
CICIoT2023,SNN_AE,0,0,99.5,0.005,0.9877296514864714,0.6957490196078432,0.8164189406838158,0.008594066818479584
CICIoT2023,SNN_AE,0,0,99.9,0.001,0.993334067871309,0.565678431372549,0.7208507406000759,0.003774526624450198
CICIoT2023,SNN_AE,0,0,99.99,0.0001,0.9996617812852311,0.4172705882352941,0.5887782204515273,0.000140374957107652
CICIoT2023,SNN_AE,0,0,max,0.0,1.0,0.2472313725490196,0.39644829017368666,0.0
CICIoT2023,LSTM_AE,0,0,90,0.1,0.7859565422001525,0.7597333333333334,0.7726224944764821,0.2057272982499922
CICIoT2023,LSTM_AE,0,0,95,0.05,0.8143680996206386,0.7509176470588236,0.7813568589686044,0.17019683688429985
CICIoT2023,LSTM_AE,0,0,96,0.04,0.8441658045874505,0.7424156862745098,0.7900280429992657,0.13627288891661726
CICIoT2023,LSTM_AE,0,0,97,0.03,0.8580080262677855,0.7378196078431373,0.7933878721430379,0.12140874068066257
CICIoT2023,LSTM_AE,0,0,98,0.02,0.8713391646702695,0.7359843137254902,0.7979625330578161,0.10805752253797922
CICIoT2023,LSTM_AE,0,0,99,0.01,0.9203680518293289,0.7264627450980392,0.8119997545345361,0.06249805034781795
CICIoT2023,LSTM_AE,0,0,99.5,0.005,0.92331783997287,0.7260392156862745,0.8128803379025105,0.05995570390242381
CICIoT2023,LSTM_AE,0,0,99.9,0.001,1.0,0.6472941176470588,0.7858877303242394,0.0
CICIoT2023,LSTM_AE,0,0,99.99,0.0001,1.0,0.6451450980392157,0.7843017601403536,0.0
CICIoT2023,LSTM_AE,0,0,max,0.0,1.0,0.40748235294117646,0.5790230365441841,0.0
CICIoT2023,CNN_AE,0,0,90,0.1,0.9460568275466695,0.8283450980392156,0.8832965341897497,0.046963221761237794
CICIoT2023,CNN_AE,0,0,95,0.05,0.9636049192928516,0.7866039215686275,0.866154244753433,0.02954112986243254
CICIoT2023,CNN_AE,0,0,96,0.04,0.9673994111874387,0.7731607843137255,0.8594420226678292,0.025906978195089997
CICIoT2023,CNN_AE,0,0,97,0.03,0.9700258912567218,0.764,0.8547736047736049,0.023473812271890694
CICIoT2023,CNN_AE,0,0,98,0.02,0.9809032731422981,0.754964705882353,0.8532300382924408,0.014614592756652214
CICIoT2023,CNN_AE,0,0,99,0.01,0.9890670401572005,0.7421803921568627,0.8480199306370814,0.00815734472970022
CICIoT2023,CNN_AE,0,0,99.5,0.005,0.9917531485072559,0.7300392156862745,0.8410058096984919,0.006036123155629036
CICIoT2023,CNN_AE,0,0,99.9,0.001,0.9993682167918951,0.6947607843137255,0.8196800192469624,0.00043672208877936175
CICIoT2023,CNN_AE,0,0,99.99,0.0001,0.9996714386294298,0.6681725490196079,0.8009778112072208,0.00021836104438968087
CICIoT2023,CNN_AE,0,0,max,0.0,1.0,0.2223843137254902,0.36385334993006274,0.0
CICIoT2023,SNN_Dense,0,0,90,0.1,0.9557099767095567,0.7852862745098039,0.862156855991458,0.036185544498861404
CICIoT2023,SNN_Dense,0,0,95,0.05,0.9744685138539043,0.758556862745098,0.8530628445424477,0.01976167451726612
CICIoT2023,SNN_Dense,0,0,96,0.04,0.9771108540816947,0.7553411764705882,0.8520317435039946,0.017593661290825718
CICIoT2023,SNN_Dense,0,0,97,0.03,0.9795380212591986,0.7516705882352941,0.8506079701783971,0.015612814673862182
CICIoT2023,SNN_Dense,0,0,98,0.02,0.983284929274357,0.7382117647058823,0.8433039754146097,0.012477773965124622
CICIoT2023,SNN_Dense,0,0,99,0.01,0.9907905322437227,0.7341019607843138,0.8433467887263029,0.006784789593536513
CICIoT2023,SNN_Dense,0,0,99.5,0.005,0.9926800009792641,0.6360470588235294,0.7753186037840474,0.004663568019465328
CICIoT2023,SNN_Dense,0,0,99.9,0.001,0.9928893622353089,0.4972078431372549,0.6626042603006042,0.0035405683626041112
CICIoT2023,SNN_Dense,0,0,99.99,0.0001,0.999623181852438,0.4161254901960784,0.5876306928938508,0.00015597217456405778
CICIoT2023,SNN_Dense,0,0,max,0.0,1.0,0.3982745098039216,0.5696656944132825,0.0
CICIoT2023,Dense_SNN,0,0,90,0.1,0.9007742324708405,0.8431529411764705,0.8710116510832753,0.0923511245593786
CICIoT2023,Dense_SNN,0,0,95,0.05,0.9581847768453001,0.8220549019607843,0.8849151068446425,0.03567083632280001
CICIoT2023,Dense_SNN,0,0,96,0.04,0.9637863431234741,0.8174117647058824,0.8845846984331766,0.030539351779642513
CICIoT2023,Dense_SNN,0,0,97,0.03,0.9707795892120891,0.8051607843137255,0.8802476334202223,0.024097700970146924
CICIoT2023,Dense_SNN,0,0,98,0.02,0.978340746470702,0.7935686274509804,0.8763208037415555,0.01746888355117447
CICIoT2023,Dense_SNN,0,0,99,0.01,0.9822461757945629,0.7776,0.868024304400357,0.013975106840939576
CICIoT2023,Dense_SNN,0,0,99.5,0.005,0.9927885669194687,0.7104784313725491,0.8282375745163296,0.0051314845431575
CICIoT2023,Dense_SNN,0,0,99.9,0.001,0.9947121674662015,0.5724549019607843,0.7266970668472091,0.003025860186542721
CICIoT2023,Dense_SNN,0,0,99.99,0.0001,0.9996207931742771,0.49620392156862747,0.6632003773782693,0.0001871666094768693
CICIoT2023,Dense_SNN,0,0,max,0.0,0.9998961218836565,0.4529725490196078,0.6234913095109575,4.679165236921733e-05
CICIoT2023,Dense_AE,0,0,90,0.1,0.8203639179248935,0.7645019607843138,0.7914484528130303,0.16645350469476244
CICIoT2023,Dense_AE,0,0,95,0.05,0.8788802863194799,0.7549960784313725,0.8122415917106838,0.10345634338833952
CICIoT2023,Dense_AE,0,0,96,0.04,0.9050307910942681,0.7492235294117647,0.8197897446899808,0.07817325389150576
CICIoT2023,Dense_AE,0,0,97,0.03,0.9438763329619608,0.7442039215686275,0.832231129510411,0.043999750444520695
CICIoT2023,Dense_AE,0,0,98,0.02,0.9640548861296308,0.7417098039215686,0.8383910919616656,0.027497894375643386
CICIoT2023,Dense_AE,0,0,99,0.01,0.9839815026975233,0.7409882352941176,0.845369864974901,0.011994260223976042
CICIoT2023,Dense_AE,0,0,99.5,0.005,0.9923988990048698,0.7352313725490196,0.8446747161650747,0.005599401066849674
CICIoT2023,Dense_AE,0,0,99.9,0.001,0.9987011241993998,0.6995450980392157,0.8227740673775875,0.0009046386124715351
CICIoT2023,Dense_AE,0,0,99.99,0.0001,0.9996868149076104,0.5507764705882353,0.7102444550079394,0.00017156939202046356
CICIoT2023,Dense_AE,0,0,max,0.0,1.0,0.3677960784313726,0.5377937314357146,0.0
CICIoT2023,SNN_AE_T2,0,0,90,0.1,0.8183696406730356,0.7766745098039216,0.7969771110324181,0.17139782262844308
CICIoT2023,SNN_AE_T2,0,0,95,0.05,0.9157749609021318,0.6980862745098039,0.7922489452227939,0.06383941104906884
CICIoT2023,SNN_AE_T2,0,0,96,0.04,0.9526572596597652,0.6799058823529411,0.7934973637961336,0.033596406401098046
CICIoT2023,SNN_AE_T2,0,0,97,0.03,0.9797811666217903,0.6278745098039216,0.765312658336759,0.012883301618991172
CICIoT2023,SNN_AE_T2,0,0,98,0.02,0.9860622272279319,0.5493333333333333,0.7055860575227925,0.00772062264092086
CICIoT2023,SNN_AE_T2,0,0,99,0.01,0.9897172236503856,0.5012549019607843,0.6654726824036569,0.005178276195526718
CICIoT2023,SNN_AE_T2,0,0,99.5,0.005,0.9924908132289503,0.4872156862745098,0.6535851438792151,0.0036653461022553577
CICIoT2023,SNN_AE_T2,0,0,99.9,0.001,0.9932672338715081,0.46514509803921567,0.6335840348703047,0.0031350407087375612
CICIoT2023,SNN_AE_T2,0,0,99.99,0.0001,0.9994731723131788,0.38687058823529413,0.5578223599393843,0.0002027638269332751
CICIoT2023,SNN_AE_T2,0,0,max,0.0,1.0,0.3119372549019608,0.47553685016021807,0.0
CICIoT2023,SNN_AE_T5,0,0,90,0.1,0.8529612661391087,0.803121568627451,0.8272914562714604,0.1376610412702374
CICIoT2023,SNN_AE_T5,0,0,95,0.05,0.945248799817115,0.7783215686274509,0.8537017601211265,0.0448264029697102
CICIoT2023,SNN_AE_T5,0,0,96,0.04,0.9532804530380311,0.7710431372549019,0.852531804740142,0.03757369685248152
CICIoT2023,SNN_AE_T5,0,0,97,0.03,0.956501976284585,0.7592,0.8465063401836468,0.034329475621549116
CICIoT2023,SNN_AE_T5,0,0,98,0.02,0.9608687626899649,0.7349176470588236,0.8328400394635096,0.029759490906822225
CICIoT2023,SNN_AE_T5,0,0,99,0.01,0.9675208960923246,0.7154039215686274,0.8225777360940768,0.023879339925757245
CICIoT2023,SNN_AE_T5,0,0,99.5,0.005,0.989050537657862,0.7112941176470589,0.827486153818079,0.0078298031631157
CICIoT2023,SNN_AE_T5,0,0,99.9,0.001,0.9950356508407758,0.6413960784313726,0.7800043875127571,0.0031818323611067785
CICIoT2023,SNN_AE_T5,0,0,99.99,0.0001,0.9996707547946333,0.5715294117647058,0.7272672834516003,0.0001871666094768693
CICIoT2023,SNN_AE_T5,0,0,max,0.0,1.0,0.2811921568627451,0.43895391547088497,0.0
CICIoT2023,SNN_AE_T7,0,0,90,0.1,0.8895093120747715,0.8121254901960784,0.8490578414812141,0.10030570546214555
CICIoT2023,SNN_AE_T7,0,0,95,0.05,0.9444934730649016,0.8058196078431372,0.8696631115625528,0.047087999500889044
CICIoT2023,SNN_AE_T7,0,0,96,0.04,0.9550394243853337,0.8036862745098039,0.8728502431919044,0.03762048850485073
CICIoT2023,SNN_AE_T7,0,0,97,0.03,0.9803124331264712,0.7904470588235294,0.8752008197789028,0.015784384065882645
CICIoT2023,SNN_AE_T7,0,0,98,0.02,0.9818573811170321,0.7572392156862745,0.8550426865988876,0.013912717971113953
CICIoT2023,SNN_AE_T7,0,0,99,0.01,0.9846173761083903,0.7158901960784314,0.8290206265156538,0.011120816046417318
CICIoT2023,SNN_AE_T7,0,0,99.5,0.005,0.9859351186588287,0.7103372549019608,0.8257476294675419,0.010075802476838132
CICIoT2023,SNN_AE_T7,0,0,99.9,0.001,0.9991927237500673,0.5824627450980392,0.7359283335975898,0.0004679165236921733
CICIoT2023,SNN_AE_T7,0,0,99.99,0.0001,0.9995968185316864,0.4277960784313726,0.5991673349225006,0.00017156939202046356
CICIoT2023,SNN_AE_T7,0,0,max,0.0,0.9998406628425749,0.39372549019607844,0.5649717514124294,6.238886982562311e-05
CICIoT2023,SNN_AE_noBN,0,0,90,0.1,0.8323616763832362,0.8308862745098039,0.8316233210610189,0.16639111582493682
CICIoT2023,SNN_AE_noBN,0,0,95,0.05,0.8597596566523605,0.7855843137254902,0.8210000000000001,0.1274136694013788
CICIoT2023,SNN_AE_noBN,0,0,96,0.04,0.8660520998701111,0.7530509803921569,0.8056082294306187,0.1158093396138129
CICIoT2023,SNN_AE_noBN,0,0,97,0.03,0.9006419811977023,0.7108078431372549,0.7945433663852433,0.07797049006457248
CICIoT2023,SNN_AE_noBN,0,0,98,0.02,0.9587695489207704,0.6981647058823529,0.8079729876919726,0.029853074211560658
CICIoT2023,SNN_AE_noBN,0,0,99,0.01,0.9835533041048591,0.6791686274509804,0.8035000139184011,0.011292385438437783
CICIoT2023,SNN_AE_noBN,0,0,99.5,0.005,0.9880978143259035,0.5013647058823529,0.6652028679355234,0.006004928720716224
CICIoT2023,SNN_AE_noBN,0,0,99.9,0.001,0.9972425495810796,0.4424941176470588,0.6129926008018514,0.0012165829615996507
CICIoT2023,SNN_AE_noBN,0,0,99.99,0.0001,0.9995515091716375,0.3496,0.518019222053064,0.00015597217456405778
CICIoT2023,SNN_AE_noBN,0,0,max,0.0,0.9998397179035102,0.19570196078431373,0.32733378810935615,3.1194434912811554e-05
CICIoT2023,IF,0,0,90,0.1,0.8147977347770747,0.692878431372549,0.748908537567501,0.156596063262314
CICIoT2023,IF,0,0,95,0.05,0.8527365148299857,0.542086274509804,0.6628179063255208,0.09308419377982968
CICIoT2023,IF,0,0,96,0.04,0.756311626395059,0.21898039215686274,0.33962631374075514,0.07015628411891318
CICIoT2023,IF,0,0,97,0.03,0.7017096439028998,0.11653333333333334,0.1998735488383981,0.04925601272732944
CICIoT2023,IF,0,0,98,0.02,0.7790487658037327,0.10149019607843138,0.17958503920616198,0.0286208940325046
CICIoT2023,IF,0,0,99,0.01,0.8250566300749259,0.07427450980392157,0.1362805623911698,0.0156596063262314
CICIoT2023,IF,0,0,99.5,0.005,0.9095179233621755,0.057709803921568624,0.10853307766059443,0.0057085815890445145
CICIoT2023,IF,0,0,99.9,0.001,0.9769480519480519,0.0472,0.09004937902139758,0.0011074024394048102
CICIoT2023,IF,0,0,99.99,0.0001,1.0,0.00015686274509803922,0.0003136762860727729,0.0
CICIoT2023,IF,0,0,max,0.0,1.0,0.00014117647058823528,0.0002823130852114995,0.0
CICIoT2023,OCSVM,0,0,90,0.1,0.8280594050467205,0.5754980392156863,0.6790553046568446,0.11881960258289921
CICIoT2023,OCSVM,0,0,95,0.05,0.9119267070774171,0.5168156862745098,0.6597382833228207,0.04963034594628318
CICIoT2023,OCSVM,0,0,96,0.04,0.9331454471497472,0.5037960784313725,0.6543272756906527,0.03588919736718969
CICIoT2023,OCSVM,0,0,97,0.03,0.9530866470299459,0.48726274509803924,0.6448485603371323,0.023848145490844432
CICIoT2023,OCSVM,0,0,98,0.02,0.962782916127403,0.47843137254901963,0.6392186861436251,0.018389119381102412
CICIoT2023,OCSVM,0,0,99,0.01,0.972194085933671,0.4667294117647059,0.63068199883419,0.013273232055401317
CICIoT2023,OCSVM,0,0,99.5,0.005,0.9796041596779604,0.4580705882352941,0.6242411286874733,0.009483108213494712
CICIoT2023,OCSVM,0,0,99.9,0.001,0.9915529324972335,0.4216627450980392,0.5917015188201629,0.003571762797516923
CICIoT2023,OCSVM,0,0,99.99,0.0001,0.9995128367515954,0.32183529411764705,0.4868944077269005,0.00015597217456405778
CICIoT2023,OCSVM,0,0,max,0.0,0.9998827117053718,0.26745098039215687,0.42201925694908543,3.1194434912811554e-05
CICIoT2023,LOF,0,0,90,0.1,0.6683307663710234,0.3947921568627451,0.49637109498264437,0.19480924603050817
CICIoT2023,LOF,0,0,95,0.05,0.6010758472296934,0.26291764705882353,0.365820919954166,0.17350344698505787
CICIoT2023,LOF,0,0,96,0.04,0.6028649553115945,0.23171764705882353,0.33476482385867906,0.15177652306828462
CICIoT2023,LOF,0,0,97,0.03,0.5898984476356641,0.2068392156862745,0.3062843338791912,0.14297969242287176
CICIoT2023,LOF,0,0,98,0.02,0.6073576229218253,0.18853333333333333,0.2877458432588372,0.12119037963627288
CICIoT2023,LOF,0,0,99,0.01,0.6663724068352355,0.16577254901960783,0.2654976196158726,0.08252487756184297
CICIoT2023,LOF,0,0,99.5,0.005,0.8276407059443323,0.14785882352941176,0.25089500791865743,0.03061733786692454
CICIoT2023,LOF,0,0,99.9,0.001,0.8855853203807281,0.1415686274509804,0.24411354999256166,0.018186355554169135
CICIoT2023,LOF,0,0,99.99,0.0001,0.9888352860096485,0.11253333333333333,0.20207027674107456,0.001263374613968868
CICIoT2023,LOF,0,0,max,0.0,0.9914577790225458,0.11105882352941177,0.19974326783371654,0.0009514302648407524
CICIoT2023,SNN_AE,0,1,90,0.1,0.9014596644330165,0.8166588235294118,0.856966494654453,0.08876376454440528
CICIoT2023,SNN_AE,0,1,95,0.05,0.958140984436783,0.771607843137255,0.8548167070701804,0.033518420313816015
CICIoT2023,SNN_AE,0,1,96,0.04,0.9634247714048213,0.7453960784313726,0.8405012690916488,0.028137380291356023
CICIoT2023,SNN_AE,0,1,97,0.03,0.9706501135251109,0.7309490196078431,0.833916443712698,0.021976479396075742
CICIoT2023,SNN_AE,0,1,98,0.02,0.9714551332164212,0.7212235294117647,0.8278432466982958,0.021071840783604204
CICIoT2023,SNN_AE,0,1,99,0.01,0.9745445744961718,0.6948235294117647,0.8112488782256736,0.018045980597061483
CICIoT2023,SNN_AE,0,1,99.5,0.005,0.9839449541284404,0.6191058823529412,0.7600084727811904,0.01004460804192532
CICIoT2023,SNN_AE,0,1,99.9,0.001,0.9943443179247418,0.413678431372549,0.5842786246012053,0.0023395826184608665
CICIoT2023,SNN_AE,0,1,99.99,0.0001,0.9932507351877742,0.32318431372549017,0.48768537038571236,0.002183610443896809
CICIoT2023,SNN_AE,0,1,max,0.0,0.9931007293514685,0.3161098039215686,0.47956973894005384,0.002183610443896809
CICIoT2023,LSTM_AE,0,1,90,0.1,0.9156089069413216,0.7920627450980392,0.8493666840485122,0.0725894500421125
CICIoT2023,LSTM_AE,0,1,95,0.05,0.9491757424269476,0.7505411764705883,0.8382519118072163,0.039960071123311604
CICIoT2023,LSTM_AE,0,1,96,0.04,0.9521172377943941,0.7470274509803921,0.8371949933197385,0.03735533580809183
CICIoT2023,LSTM_AE,0,1,97,0.03,0.9570310924708634,0.7445176470588235,0.837503529079616,0.03323767039960071
CICIoT2023,LSTM_AE,0,1,98,0.02,0.9721490325236722,0.7408156862745098,0.8408617466393661,0.021103035218517016
CICIoT2023,LSTM_AE,0,1,99,0.01,0.992964824120603,0.6974117647058824,0.819350380096752,0.00491312349876782
CICIoT2023,LSTM_AE,0,1,99.5,0.005,0.9929855914218698,0.6972705882352941,0.8192600101368473,0.004897526281311414
CICIoT2023,LSTM_AE,0,1,99.9,0.001,0.9922378891525897,0.5574431372549019,0.7138452267363028,0.004336026452880806
CICIoT2023,LSTM_AE,0,1,99.99,0.0001,0.9999631064379266,0.4251607843137255,0.596643002586539,1.5597217456405777e-05
CICIoT2023,LSTM_AE,0,1,max,0.0,0.9999630982693088,0.42506666666666665,0.5965503197613622,1.5597217456405777e-05
CICIoT2023,CNN_AE,0,1,90,0.1,0.9265994206135911,0.832878431372549,0.8772428377887188,0.0656018966216427
CICIoT2023,CNN_AE,0,1,95,0.05,0.9394847538408767,0.8162980392156862,0.8735699717141874,0.052281872913872166
CICIoT2023,CNN_AE,0,1,96,0.04,0.9407839714919457,0.8116862745098039,0.871480059283212,0.05080013725551362
CICIoT2023,CNN_AE,0,1,97,0.03,0.944768838464097,0.8020235294117647,0.8675637153425866,0.046620082977196865
CICIoT2023,CNN_AE,0,1,98,0.02,0.9724028153347525,0.7953568627450981,0.8750140215543648,0.022444395919767914
CICIoT2023,CNN_AE,0,1,99,0.01,0.9843629265118549,0.7593568627450981,0.8573427316520261,0.011994260223976042
CICIoT2023,CNN_AE,0,1,99.5,0.005,0.9914470202180586,0.7346039215686274,0.8439158444834888,0.006301275852387934
CICIoT2023,CNN_AE,0,1,99.9,0.001,0.9959119230877668,0.5541019607843137,0.7120410405265121,0.0022615965311788377
CICIoT2023,CNN_AE,0,1,99.99,0.0001,0.9999585663973483,0.37857254901960785,0.5492177277123513,1.5597217456405777e-05
CICIoT2023,CNN_AE,0,1,max,0.0,0.9999574214425615,0.3683921568627451,0.5384245036452842,1.5597217456405777e-05
CICIoT2023,SNN_Dense,0,1,90,0.1,0.8682257100619634,0.8659921568627451,0.8671074951309921,0.13068908506722401
CICIoT2023,SNN_Dense,0,1,95,0.05,0.9382794144225556,0.8143529411764706,0.8719348337252268,0.05326449761362573
CICIoT2023,SNN_Dense,0,1,96,0.04,0.951426814038881,0.8007058823529412,0.8695837343804568,0.040646348691393455
CICIoT2023,SNN_Dense,0,1,97,0.03,0.9558143092042369,0.7841725490196079,0.8615275910798607,0.03604516954175375
CICIoT2023,SNN_Dense,0,1,98,0.02,0.9729553865549636,0.750556862745098,0.8474071975063757,0.020744299217019684
CICIoT2023,SNN_Dense,0,1,99,0.01,0.9888432303532267,0.7285176470588235,0.8389497547802053,0.008172941947156627
CICIoT2023,SNN_Dense,0,1,99.5,0.005,0.9904886605069421,0.6289098039215686,0.7693326169551368,0.006004928720716224
CICIoT2023,SNN_Dense,0,1,99.9,0.001,0.9946354635463547,0.4333490196078431,0.6036820540835837,0.0023239854010044607
CICIoT2023,SNN_Dense,0,1,99.99,0.0001,0.9999500049995,0.31374117647058825,0.4776244149393447,1.5597217456405777e-05
CICIoT2023,SNN_Dense,0,1,max,0.0,0.9999498243853487,0.31261176470588237,0.4763145315487572,1.5597217456405777e-05
CICIoT2023,Dense_SNN,0,1,90,0.1,0.8819839533187455,0.8535529411764706,0.8675355733588426,0.11356334030009047
CICIoT2023,Dense_SNN,0,1,95,0.05,0.9518413597733711,0.8169411764705883,0.8792470349892374,0.04109866799762922
CICIoT2023,Dense_SNN,0,1,96,0.04,0.9702917264466763,0.7956392156862745,0.8743288084464556,0.02422247870979817
CICIoT2023,Dense_SNN,0,1,97,0.03,0.9753507172862012,0.7721411764705882,0.8619306939361571,0.019402938515768787
CICIoT2023,Dense_SNN,0,1,98,0.02,0.9854861185550434,0.7210666666666666,0.8327913401875084,0.010559316217986711
CICIoT2023,Dense_SNN,0,1,99,0.01,0.9865286997266692,0.7133647058823529,0.8279986890976622,0.009685872040427987
CICIoT2023,Dense_SNN,0,1,99.5,0.005,0.9907661866549412,0.7069019607843138,0.8251018446468623,0.006550831331690426
CICIoT2023,Dense_SNN,0,1,99.9,0.001,0.9954668550571059,0.530478431372549,0.692126644972473,0.0024019714882864895
CICIoT2023,Dense_SNN,0,1,99.99,0.0001,0.9998977400552204,0.15338039215686275,0.2659630893933006,1.5597217456405777e-05
CICIoT2023,Dense_SNN,0,1,max,0.0,0.9998950902224087,0.14950588235294118,0.2601184465489479,1.5597217456405777e-05
CICIoT2023,Dense_AE,0,1,90,0.1,0.9413354060256126,0.7978980392156863,0.8637019679758204,0.049443179336806316
CICIoT2023,Dense_AE,0,1,95,0.05,0.9532782653588022,0.7530823529411764,0.8414364834548513,0.036700252674922794
CICIoT2023,Dense_AE,0,1,96,0.04,0.9619178803654262,0.7448941176470588,0.8396085469027643,0.02932276881804286
CICIoT2023,Dense_AE,0,1,97,0.03,0.9676548210888112,0.7419294117647058,0.8398902591694857,0.024659200798577533
CICIoT2023,Dense_AE,0,1,98,0.02,0.969219697748535,0.7394196078431372,0.8388663967611336,0.023349034532239448
CICIoT2023,Dense_AE,0,1,99,0.01,0.9702641353693768,0.7375529411764706,0.8380536494073613,0.022475590354680726
CICIoT2023,Dense_AE,0,1,99.5,0.005,0.9854414823218,0.7358117647058824,0.8425249885497212,0.010808871697289203
CICIoT2023,Dense_AE,0,1,99.9,0.001,0.9956193873400294,0.499121568627451,0.6649113458504425,0.002183610443896809
CICIoT2023,Dense_AE,0,1,99.99,0.0001,0.9999376325308719,0.25149803921568625,0.4019101574250476,1.5597217456405777e-05
CICIoT2023,Dense_AE,0,1,max,0.0,0.9999339672477549,0.2375372549019608,0.3838821710142723,1.5597217456405777e-05
CICIoT2023,SNN_AE_T2,0,1,90,0.1,0.9486371073951391,0.7457254901960785,0.8350312653692125,0.04014723773278847
CICIoT2023,SNN_AE_T2,0,1,95,0.05,0.9563505894413121,0.7317019607843137,0.8290779826705176,0.0332064759646879
CICIoT2023,SNN_AE_T2,0,1,96,0.04,0.9603396499948225,0.7273725490196078,0.8277770339626009,0.029868671429017064
CICIoT2023,SNN_AE_T2,0,1,97,0.03,0.9657363621009964,0.7175686274509804,0.8233589517449919,0.025314283931746576
CICIoT2023,SNN_AE_T2,0,1,98,0.02,0.9714094307818646,0.7051137254901961,0.8171126299716426,0.020635118694824844
CICIoT2023,SNN_AE_T2,0,1,99,0.01,0.9871717265785063,0.6651137254901961,0.7947554872448501,0.008594066818479584
CICIoT2023,SNN_AE_T2,0,1,99.5,0.005,0.9883503334124034,0.5882196078431372,0.7375087274193389,0.0068939701157313535
CICIoT2023,SNN_AE_T2,0,1,99.9,0.001,0.9943273905996759,0.44268235294117647,0.6126210220118959,0.00251115201048133
CICIoT2023,SNN_AE_T2,0,1,99.99,0.0001,0.994421906693712,0.39989019607843135,0.5704025238851721,0.0022304020962660262
CICIoT2023,SNN_AE_T2,0,1,max,0.0,0.9999412869891968,0.2671529411764706,0.42165333861503795,1.5597217456405777e-05
CICIoT2023,SNN_AE_T5,0,1,90,0.1,0.9425594197028555,0.8030901960784314,0.8672533392057052,0.04866331846398603
CICIoT2023,SNN_AE_T5,0,1,95,0.05,0.9669060442848594,0.7603294117647059,0.8512644889357218,0.025875783760177185
CICIoT2023,SNN_AE_T5,0,1,96,0.04,0.9778739677670147,0.7300078431372549,0.8359544103250375,0.016423869981595285
CICIoT2023,SNN_AE_T5,0,1,97,0.03,0.9824400247805003,0.7213960784313725,0.8319208400792323,0.01282091274916555
CICIoT2023,SNN_AE_T5,0,1,98,0.02,0.9829592952221722,0.7193411764705883,0.8307382951550228,0.012399787877842593
CICIoT2023,SNN_AE_T5,0,1,99,0.01,0.9842231696496202,0.7133803921568628,0.8271960857426085,0.011370371525719812
CICIoT2023,SNN_AE_T5,0,1,99.5,0.005,0.9897304832713755,0.6682039215686274,0.7977900552486188,0.0068939701157313535
CICIoT2023,SNN_AE_T5,0,1,99.9,0.001,0.9956172603465011,0.5309490196078431,0.6925634546328787,0.0023239854010044607
CICIoT2023,SNN_AE_T5,0,1,99.99,0.0001,0.995240648880547,0.46578823529411767,0.6345820956125917,0.0022148048788096205
CICIoT2023,SNN_AE_T5,0,1,max,0.0,0.9950634696755994,0.44266666666666665,0.6127456302247313,0.002183610443896809
CICIoT2023,SNN_AE_T7,0,1,90,0.1,0.9211182523794472,0.8228078431372549,0.8691920196195398,0.07006270081417475
CICIoT2023,SNN_AE_T7,0,1,95,0.05,0.9494144221095989,0.7845960784313726,0.859172227804832,0.0415665845213214
CICIoT2023,SNN_AE_T7,0,1,96,0.04,0.9580895175353613,0.7756392156862745,0.8572642163661581,0.033736781358205695
CICIoT2023,SNN_AE_T7,0,1,97,0.03,0.9654727395465195,0.7627764705882353,0.8522380735392057,0.027123561156689648
CICIoT2023,SNN_AE_T7,0,1,98,0.02,0.9722187975177742,0.7421803921568627,0.8417662966125817,0.02108743800106061
CICIoT2023,SNN_AE_T7,0,1,99,0.01,0.985985019208894,0.7206274509803922,0.832676291201073,0.010184982999032973
CICIoT2023,SNN_AE_T7,0,1,99.5,0.005,0.9907865665046398,0.7034196078431373,0.8227318594624347,0.006504039679321209
CICIoT2023,SNN_AE_T7,0,1,99.9,0.001,0.9953610638626875,0.5048627450980392,0.6699276682104387,0.0023395826184608665
CICIoT2023,SNN_AE_T7,0,1,99.99,0.0001,0.9945348881961282,0.40534901960784314,0.575953105323571,0.0022148048788096205
CICIoT2023,SNN_AE_T7,0,1,max,0.0,0.994141769185706,0.3726745098039216,0.5421230376049654,0.002183610443896809
CICIoT2023,SNN_AE_noBN,0,1,90,0.1,0.8679789161587876,0.8265882352941176,0.8467780813112646,0.1250116979130923
CICIoT2023,SNN_AE_noBN,0,1,95,0.05,0.9058109553961378,0.810086274509804,0.855278520738968,0.08375705774089902
CICIoT2023,SNN_AE_noBN,0,1,96,0.04,0.908875084788119,0.7986980392156863,0.850232107671242,0.07962379511495149
CICIoT2023,SNN_AE_noBN,0,1,97,0.03,0.9401696251706829,0.7668392156862746,0.8447043983861353,0.04852294350687837
CICIoT2023,SNN_AE_noBN,0,1,98,0.02,0.9415599436418313,0.7023372549019608,0.804542555007502,0.043344667311351656
CICIoT2023,SNN_AE_noBN,0,1,99,0.01,0.9885405659269696,0.6603450980392157,0.7917806930925848,0.007611442118726019
CICIoT2023,SNN_AE_noBN,0,1,99.5,0.005,0.9917548035631027,0.6339607843137255,0.7734854211921418,0.005240665065352341
CICIoT2023,SNN_AE_noBN,0,1,99.9,0.001,0.9900085034013606,0.43830588235294116,0.6076064974884207,0.004398415322706429
CICIoT2023,SNN_AE_noBN,0,1,99.99,0.0001,0.9998912393278591,0.2884235294117647,0.4477045009069991,3.1194434912811554e-05
CICIoT2023,SNN_AE_noBN,0,1,max,0.0,0.9998866470188166,0.27673725490196077,0.43349632651055353,3.1194434912811554e-05
CICIoT2023,IF,0,1,90,0.1,0.9562738476382615,0.6840470588235295,0.7975711463896409,0.03110085160807312
CICIoT2023,IF,0,1,95,0.05,0.985594237695078,0.4765019607843137,0.6424168085353861,0.006925164550644165
CICIoT2023,IF,0,1,96,0.04,0.9859627162591086,0.3459607843137255,0.5121982373227744,0.004897526281311414
CICIoT2023,IF,0,1,97,0.03,0.9852983403204503,0.2691294117647059,0.4227788524327588,0.003992887668839879
CICIoT2023,IF,0,1,98,0.02,0.9856874076065045,0.23010196078431372,0.37310509716146095,0.0033222073182144307
CICIoT2023,IF,0,1,99,0.01,0.9861123166391806,0.17821176470588235,0.301869245791872,0.0024955547930249245
CICIoT2023,IF,0,1,99.5,0.005,0.9874337937480527,0.1491450980392157,0.2591477125608144,0.001887263312225099
CICIoT2023,IF,0,1,99.9,0.001,0.9898609975470155,0.09494901960784313,0.1732770342803979,0.0009670274822971582
CICIoT2023,IF,0,1,99.99,0.0001,0.9904306220095693,0.04221176470588235,0.080972512675463,0.0004055276538665502
CICIoT2023,IF,0,1,max,0.0,0.992952783650458,0.022101960784313725,0.043241418465834985,0.00015597217456405778
CICIoT2023,OCSVM,0,1,90,0.1,0.8968555511526538,0.6035450980392156,0.7215309748619329,0.06901768724459556
CICIoT2023,OCSVM,0,1,95,0.05,0.9324516946468167,0.5541176470588235,0.6951413896924258,0.039913279470942385
CICIoT2023,OCSVM,0,1,96,0.04,0.939325720795248,0.5432470588235294,0.6883789343960883,0.034890975449979725
CICIoT2023,OCSVM,0,1,97,0.03,0.9469534449614131,0.5331607843137255,0.6822155093684453,0.0296971020369966
CICIoT2023,OCSVM,0,1,98,0.02,0.955762987012987,0.5171764705882353,0.67117236325143,0.023801353838475217
CICIoT2023,OCSVM,0,1,99,0.01,0.9659722009143629,0.49383529411764704,0.6535535234220113,0.017297314159154007
CICIoT2023,OCSVM,0,1,99.5,0.005,0.9703368206175045,0.4772078431372549,0.6397762402473134,0.014505412234457372
CICIoT2023,OCSVM,0,1,99.9,0.001,0.9939917386406308,0.4152156862745098,0.5857490595264438,0.0024955547930249245
CICIoT2023,OCSVM,0,1,99.99,0.0001,0.9930380970798685,0.32219607843137255,0.48653386076698957,0.002245999313722432
CICIoT2023,OCSVM,0,1,max,0.0,0.9998778849676395,0.256878431372549,0.4087460063897764,3.1194434912811554e-05
CICIoT2023,LOF,0,1,90,0.1,0.8200134122518005,0.44116078431372546,0.5736840494864708,0.09628162335839287
CICIoT2023,LOF,0,1,95,0.05,0.8448918717375093,0.23104313725490197,0.36285921929467996,0.04217487600212122
CICIoT2023,LOF,0,1,96,0.04,0.8338403041825095,0.2064,0.3308940022632969,0.04089590417069595
CICIoT2023,LOF,0,1,97,0.03,0.8151851046873868,0.17650196078431374,0.2901757507768881,0.039788501731291136
CICIoT2023,LOF,0,1,98,0.02,0.8090169067000627,0.16213333333333332,0.27013041319290176,0.0380572105936301
CICIoT2023,LOF,0,1,99,0.01,0.823652837386743,0.13546666666666668,0.23266653195931838,0.028839255076894284
CICIoT2023,LOF,0,1,99.5,0.005,0.9936564323775692,0.12285490196078432,0.21867321867321868,0.0007798608728202889
CICIoT2023,LOF,0,1,99.9,0.001,0.9945004582951421,0.11913725490196078,0.21278384019499347,0.0006550831331690426
CICIoT2023,LOF,0,1,99.99,0.0001,0.9973527465254798,0.11819607843137254,0.21134562793632983,0.00031194434912811556
CICIoT2023,LOF,0,1,max,0.0,0.9998621260168207,0.11375686274509804,0.20427305888483582,1.5597217456405777e-05
CICIoT2023,SNN_AE,0,2,90,0.1,0.9852120637467634,0.8475450980392157,0.9112081759309227,0.01251929607903674
CICIoT2023,SNN_AE,0,2,95,0.05,0.9939926238546063,0.8201725490196078,0.8987555005500549,0.004878048780487805
CICIoT2023,SNN_AE,0,2,96,0.04,0.9950702063991407,0.8137254901960784,0.8953072953521686,0.003967273849953689
CICIoT2023,SNN_AE,0,2,97,0.03,0.996038450334984,0.804564705882353,0.8901210464662241,0.0031491200987959246
CICIoT2023,SNN_AE,0,2,98,0.02,0.9979606970708195,0.7599529411764706,0.8628446249198548,0.001528249459709787
CICIoT2023,SNN_AE,0,2,99,0.01,0.9998637230853094,0.6905411764705882,0.8169014084507042,9.262117937635072e-05
CICIoT2023,SNN_AE,0,2,99.5,0.005,0.9998773216870721,0.6392470588235294,0.7798903422737232,7.718431614695894e-05
CICIoT2023,SNN_AE,0,2,99.9,0.001,1.0,0.49419607843137253,0.6614875859534932,0.0
CICIoT2023,SNN_AE,0,2,99.99,0.0001,1.0,0.3679529411764706,0.5379614021810176,0.0
CICIoT2023,SNN_AE,0,2,max,0.0,1.0,0.32657254901960786,0.49235535479903986,0.0
CICIoT2023,LSTM_AE,0,2,90,0.1,0.9959479129784806,0.7942274509803922,0.8837225538450797,0.003179993825254708
CICIoT2023,LSTM_AE,0,2,95,0.05,0.9994530691236484,0.7452862745098039,0.8538566601969664,0.0004013584439641865
CICIoT2023,LSTM_AE,0,2,96,0.04,0.9998093301131308,0.7402823529411765,0.8506921912178239,0.00013893176906452608
CICIoT2023,LSTM_AE,0,2,97,0.03,0.9999361226445225,0.7366588235294118,0.8483403332881723,4.631058968817536e-05
CICIoT2023,LSTM_AE,0,2,98,0.02,0.9999359330286592,0.734478431372549,0.8468926349298219,4.631058968817536e-05
CICIoT2023,LSTM_AE,0,2,99,0.01,0.9999572247412097,0.7333960784313726,0.8461802979023764,3.087372645878358e-05
CICIoT2023,LSTM_AE,0,2,99.5,0.005,1.0,0.6944,0.8196411709159586,0.0
CICIoT2023,LSTM_AE,0,2,99.9,0.001,1.0,0.6512627450980392,0.7888057149371128,0.0
CICIoT2023,LSTM_AE,0,2,99.99,0.0001,1.0,0.6474509803921569,0.7860033325398714,0.0
CICIoT2023,LSTM_AE,0,2,max,0.0,1.0,0.44131764705882354,0.6123808280005224,0.0
CICIoT2023,CNN_AE,0,2,90,0.1,0.9983651023668859,0.8429490196078432,0.914098115261618,0.0013584439641864774
CICIoT2023,CNN_AE,0,2,95,0.05,0.9992009748107309,0.784643137254902,0.8790187240249185,0.0006174745291756715
CICIoT2023,CNN_AE,0,2,96,0.04,0.9992603246352989,0.762886274509804,0.8652197117950542,0.0005557270762581043
CICIoT2023,CNN_AE,0,2,97,0.03,0.9993541128427369,0.7523921568627451,0.85846473251839,0.0004785427601111454
CICIoT2023,CNN_AE,0,2,98,0.02,0.9995194316757209,0.7503843137254902,0.8572170952423618,0.00035504785427601114
CICIoT2023,CNN_AE,0,2,99,0.01,0.999808241360208,0.736078431372549,0.847909363593654,0.00013893176906452608
CICIoT2023,CNN_AE,0,2,99.5,0.005,0.9999774825489754,0.6966117647058824,0.8211723372781066,1.543686322939179e-05
CICIoT2023,CNN_AE,0,2,99.9,0.001,1.0,0.6725803921568627,0.8042428278015887,0.0
CICIoT2023,CNN_AE,0,2,99.99,0.0001,1.0,0.5049098039215686,0.6710166982843087,0.0
CICIoT2023,CNN_AE,0,2,max,0.0,1.0,0.3505098039215686,0.5190777629362913,0.0
CICIoT2023,SNN_Dense,0,2,90,0.1,0.9897216111658955,0.8186666666666667,0.8961041190913618,0.008366779870330349
CICIoT2023,SNN_Dense,0,2,95,0.05,0.9979528548553823,0.7723294117647059,0.8707632176996473,0.0015591231861685705
CICIoT2023,SNN_Dense,0,2,96,0.04,0.998374217978268,0.7609882352941176,0.8636663046767904,0.0012195121951219512
CICIoT2023,SNN_Dense,0,2,97,0.03,0.9984966487795711,0.7501333333333333,0.8566770867855574,0.0011114541525162086
CICIoT2023,SNN_Dense,0,2,98,0.02,0.9991908179127361,0.7360470588235294,0.8476664468751975,0.0005866008027168879
CICIoT2023,SNN_Dense,0,2,99,0.01,0.9998031797406346,0.7171450980392157,0.8352073951606274,0.00013893176906452608
CICIoT2023,SNN_Dense,0,2,99.5,0.005,1.0,0.6502745098039215,0.788080414428972,0.0
CICIoT2023,SNN_Dense,0,2,99.9,0.001,1.0,0.4767529411764706,0.6456773206717441,0.0
CICIoT2023,SNN_Dense,0,2,99.99,0.0001,1.0,0.47174901960784316,0.6410726466575717,0.0
CICIoT2023,SNN_Dense,0,2,max,0.0,1.0,0.3846745098039216,0.555617232902473,0.0
CICIoT2023,Dense_SNN,0,2,90,0.1,0.8443784524011017,0.8608156862745098,0.852517845907675,0.15612843470206855
CICIoT2023,Dense_SNN,0,2,95,0.05,0.9966601514317703,0.8238588235294118,0.9020584471905674,0.0027168879283729548
CICIoT2023,Dense_SNN,0,2,96,0.04,0.9973295421797852,0.8143058823529412,0.8965725684579581,0.0021457239888854583
CICIoT2023,Dense_SNN,0,2,97,0.03,0.9982722400015707,0.7975686274509803,0.8867050914259306,0.0013584439641864774
CICIoT2023,Dense_SNN,0,2,98,0.02,0.9987187956679279,0.7825725490196078,0.8775318153434825,0.0009879592466810745
CICIoT2023,Dense_SNN,0,2,99,0.01,0.9992253904450865,0.7486901960784313,0.8560027260662147,0.0005711639394874961
CICIoT2023,Dense_SNN,0,2,99.5,0.005,0.9998816357933361,0.5300392156862745,0.6928155499056837,6.174745291756716e-05
CICIoT2023,Dense_SNN,0,2,99.9,0.001,1.0,0.4539921568627451,0.6244767617485868,0.0
CICIoT2023,Dense_SNN,0,2,99.99,0.0001,1.0,0.3908235294117647,0.562003045170022,0.0
CICIoT2023,Dense_SNN,0,2,max,0.0,1.0,0.13378823529411765,0.23600215830324164,0.0
CICIoT2023,Dense_AE,0,2,90,0.1,0.9975842034859345,0.7837803921568628,0.8778516651000993,0.0018678604507564062
CICIoT2023,Dense_AE,0,2,95,0.05,0.9993392661724928,0.7592,0.8628733921073978,0.0004939796233405372
CICIoT2023,Dense_AE,0,2,96,0.04,0.9995624270711785,0.7524862745098039,0.8586028530006622,0.00032417412781722755
CICIoT2023,Dense_AE,0,2,97,0.03,0.9997278341882131,0.7490509803921569,0.8564229027485091,0.00020067922198209324
CICIoT2023,Dense_AE,0,2,98,0.02,0.9999157735149817,0.7448941176470588,0.853767945271977,6.174745291756716e-05
CICIoT2023,Dense_AE,0,2,99,0.01,1.0,0.7373333333333333,0.8488104374520337,0.0
CICIoT2023,Dense_AE,0,2,99.5,0.005,1.0,0.6855529411764706,0.8134457535317439,0.0
CICIoT2023,Dense_AE,0,2,99.9,0.001,1.0,0.5536627450980393,0.7127193425277144,0.0
CICIoT2023,Dense_AE,0,2,99.99,0.0001,1.0,0.4187607843137255,0.5903190854211352,0.0
CICIoT2023,Dense_AE,0,2,max,0.0,1.0,0.3939764705882353,0.565255553304976,0.0
CICIoT2023,SNN_AE_T2,0,2,90,0.1,0.9964438844973684,0.7691921568627451,0.8681934472959695,0.002701451065143563
CICIoT2023,SNN_AE_T2,0,2,95,0.05,0.9998676636008734,0.7111058823529411,0.8311195445920302,9.262117937635072e-05
CICIoT2023,SNN_AE_T2,0,2,96,0.04,0.999909726923945,0.6949960784313726,0.8200259115306312,6.174745291756716e-05
CICIoT2023,SNN_AE_T2,0,2,97,0.03,0.9999064371257484,0.6705568627450981,0.8027642673377026,6.174745291756716e-05
CICIoT2023,SNN_AE_T2,0,2,98,0.02,0.9999757593387147,0.6470901960784313,0.7857299315257659,1.543686322939179e-05
CICIoT2023,SNN_AE_T2,0,2,99,0.01,1.0,0.5972392156862745,0.7478394091766184,0.0
CICIoT2023,SNN_AE_T2,0,2,99.5,0.005,1.0,0.5348549019607843,0.6969452308195447,0.0
CICIoT2023,SNN_AE_T2,0,2,99.9,0.001,1.0,0.4803294117647059,0.6489493594430492,0.0
CICIoT2023,SNN_AE_T2,0,2,99.99,0.0001,1.0,0.37789803921568627,0.5485137919650277,0.0
CICIoT2023,SNN_AE_T2,0,2,max,0.0,1.0,0.10738823529411765,0.19394866564677887,0.0
CICIoT2023,SNN_AE_T5,0,2,90,0.1,0.953567013308123,0.8227450980392157,0.8833386664870235,0.03942574868786663
CICIoT2023,SNN_AE_T5,0,2,95,0.05,0.9905034347208438,0.7984156862745098,0.8841467121776665,0.007533189255943192
CICIoT2023,SNN_AE_T5,0,2,96,0.04,0.9922242243810717,0.7946509803921569,0.8825148511401844,0.00612843470206854
CICIoT2023,SNN_AE_T5,0,2,97,0.03,0.9947332448840108,0.7762196078431373,0.8719954888278001,0.004044458166100649
CICIoT2023,SNN_AE_T5,0,2,98,0.02,0.9965785849543811,0.726478431372549,0.840358549109978,0.0024544612534732942
CICIoT2023,SNN_AE_T5,0,2,99,0.01,0.9985850725150336,0.664235294117647,0.7977956761339551,0.0009262117937635072
CICIoT2023,SNN_AE_T5,0,2,99.5,0.005,0.9998974832128761,0.6119843137254902,0.7592635839950179,6.174745291756716e-05
CICIoT2023,SNN_AE_T5,0,2,99.9,0.001,1.0,0.5491607843137255,0.708978422219747,0.0
CICIoT2023,SNN_AE_T5,0,2,99.99,0.0001,1.0,0.39937254901960784,0.5707880282479543,0.0
CICIoT2023,SNN_AE_T5,0,2,max,0.0,1.0,0.39284705882352944,0.5640921683897562,0.0
CICIoT2023,SNN_AE_T7,0,2,90,0.1,0.9887116658961319,0.8051137254901961,0.8875170756168836,0.009046001852423588
CICIoT2023,SNN_AE_T7,0,2,95,0.05,0.993822284336959,0.7696627450980392,0.8674958672571847,0.0047082432849644956
CICIoT2023,SNN_AE_T7,0,2,96,0.04,0.9946843310435067,0.7631686274509804,0.8636807441728356,0.004013584439641865
CICIoT2023,SNN_AE_T7,0,2,97,0.03,0.9964968617720041,0.7496313725490196,0.8556133456274003,0.0025933930225378204
CICIoT2023,SNN_AE_T7,0,2,98,0.02,0.9979835286126677,0.737521568627451,0.8482076816221971,0.0014665020067922197
CICIoT2023,SNN_AE_T7,0,2,99,0.01,0.9991988220518817,0.723843137254902,0.8395189753665904,0.0005711639394874961
CICIoT2023,SNN_AE_T7,0,2,99.5,0.005,0.9999521942824362,0.6562196078431373,0.7924156611672002,3.087372645878358e-05
CICIoT2023,SNN_AE_T7,0,2,99.9,0.001,1.0,0.5789333333333333,0.7333220739739909,0.0
CICIoT2023,SNN_AE_T7,0,2,99.99,0.0001,1.0,0.4171607843137255,0.5887275303285221,0.0
CICIoT2023,SNN_AE_T7,0,2,max,0.0,1.0,0.15865098039215686,0.27385465179248347,0.0
CICIoT2023,SNN_AE_noBN,0,2,90,0.1,0.9924350056276178,0.8437176470588236,0.9120537190432991,0.006329113924050633
CICIoT2023,SNN_AE_noBN,0,2,95,0.05,0.9967652584887753,0.8072156862745098,0.8920322074590257,0.0025779561593084286
CICIoT2023,SNN_AE_noBN,0,2,96,0.04,0.99689525361897,0.8058666666666666,0.8912598452517262,0.002469898116702686
CICIoT2023,SNN_AE_noBN,0,2,97,0.03,0.9977886153177878,0.7927058823529411,0.883502189742738,0.0017289286816918803
CICIoT2023,SNN_AE_noBN,0,2,98,0.02,0.9988907868757904,0.7063058823529412,0.827496852803073,0.0007718431614695894
CICIoT2023,SNN_AE_noBN,0,2,99,0.01,0.9996929768453371,0.6129098039215686,0.759916370885399,0.00018524235875270144
CICIoT2023,SNN_AE_noBN,0,2,99.5,0.005,1.0,0.5059450980392157,0.6719303362359902,0.0
CICIoT2023,SNN_AE_noBN,0,2,99.9,0.001,1.0,0.43504313725490196,0.6063136723361462,0.0
CICIoT2023,SNN_AE_noBN,0,2,99.99,0.0001,1.0,0.3444235294117647,0.5123735517518989,0.0
CICIoT2023,SNN_AE_noBN,0,2,max,0.0,1.0,0.27221960784313726,0.4279443677253896,0.0
CICIoT2023,IF,0,2,90,0.1,0.9072587664158753,0.7358117647058824,0.8125904047534496,0.07401975918493363
CICIoT2023,IF,0,2,95,0.05,0.9877566109951288,0.712486274509804,0.8278382269852552,0.008690953998147576
CICIoT2023,IF,0,2,96,0.04,0.9894971918807766,0.7019764705882353,0.8213001027749229,0.007332510033961099
CICIoT2023,IF,0,2,97,0.03,0.9920277217856092,0.6870745098039216,0.8118587991066051,0.0054337758567459095
CICIoT2023,IF,0,2,98,0.02,0.9943846513804399,0.6,0.7484151209204039,0.003334362457548626
CICIoT2023,IF,0,2,99,0.01,0.9995326811639355,0.5032627450980393,0.6694558050246223,0.0002315529484408768
CICIoT2023,IF,0,2,99.5,0.005,0.9993209715330373,0.3001098039215686,0.46159599493334935,0.00020067922198209324
CICIoT2023,IF,0,2,99.9,0.001,0.9986403806934059,0.046086274509803925,0.08810651952258143,6.174745291756716e-05
CICIoT2023,IF,0,2,99.99,0.0001,1.0,0.0024,0.004788507581803671,0.0
CICIoT2023,IF,0,2,max,0.0,1.0,7.843137254901961e-05,0.00015685044310250176,0.0
CICIoT2023,OCSVM,0,2,90,0.1,0.9994526546250684,0.5728627450980392,0.7282879649017849,0.00030873726458783575
CICIoT2023,OCSVM,0,2,95,0.05,0.9996216200483162,0.5387294117647059,0.7001335276789629,0.00020067922198209324
CICIoT2023,OCSVM,0,2,96,0.04,0.9997047011575715,0.5310431372549019,0.6936300120884298,0.00015436863229391788
CICIoT2023,OCSVM,0,2,97,0.03,0.9997586726998492,0.5198745098039216,0.6840454076367389,0.0001234949058351343
CICIoT2023,OCSVM,0,2,98,0.02,0.9998423061153688,0.4972862745098039,0.6642153011303519,7.718431614695894e-05
CICIoT2023,OCSVM,0,2,99,0.01,0.9998347107438017,0.4744313725490196,0.6435106382978724,7.718431614695894e-05
CICIoT2023,OCSVM,0,2,99.5,0.005,0.999863397308927,0.4592627450980392,0.6294178347235361,6.174745291756716e-05
CICIoT2023,OCSVM,0,2,99.9,0.001,1.0,0.4260078431372549,0.5974831697980376,0.0
CICIoT2023,OCSVM,0,2,99.99,0.0001,1.0,0.3043764705882353,0.46670033912980735,0.0
CICIoT2023,OCSVM,0,2,max,0.0,1.0,0.2615843137254902,0.41469176634421706,0.0
CICIoT2023,LOF,0,2,90,0.1,0.9989915869540164,0.5438901960784314,0.7043206240224258,0.0005402902130287125
CICIoT2023,LOF,0,2,95,0.05,0.9995641435420601,0.4316862745098039,0.6029666308801296,0.00018524235875270144
CICIoT2023,LOF,0,2,96,0.04,0.999671929464835,0.3823843137254902,0.5531741079026493,0.0001234949058351343
CICIoT2023,LOF,0,2,97,0.03,0.9999101042790364,0.348956862745098,0.5173608688574153,3.087372645878358e-05
CICIoT2023,LOF,0,2,98,0.02,0.9998846264782233,0.27189019607843135,0.42752666954430535,3.087372645878358e-05
CICIoT2023,LOF,0,2,99,0.01,1.0,0.19011764705882353,0.3194938710952946,0.0
CICIoT2023,LOF,0,2,99.5,0.005,1.0,0.1435450980392157,0.25105279762966215,0.0
CICIoT2023,LOF,0,2,99.9,0.001,1.0,0.1247686274509804,0.2218565212540444,0.0
CICIoT2023,LOF,0,2,99.99,0.0001,1.0,0.12453333333333333,0.22148446763101728,0.0
CICIoT2023,LOF,0,2,max,0.0,1.0,0.1148235294117647,0.20599409033347402,0.0
CICIoT2023,SNN_AE,0,3,90,0.1,0.6400814254019808,0.8779607843137255,0.7403830890523307,0.49087562778800264
CICIoT2023,SNN_AE,0,3,95,0.05,0.9081758496862418,0.7854901960784314,0.8423894758091648,0.07896871198178244
CICIoT2023,SNN_AE,0,3,96,0.04,0.949816664066157,0.7639058823529412,0.8467771382865887,0.040131640515332065
CICIoT2023,SNN_AE,0,3,97,0.03,0.9801312986391896,0.7072627450980392,0.8216342299001386,0.01425585675515488
CICIoT2023,SNN_AE,0,3,98,0.02,0.9912569914630557,0.5282039215686275,0.6891731477691364,0.004632373584552516
CICIoT2023,SNN_AE,0,3,99,0.01,0.9970217568499592,0.4988705882352941,0.6650008364001339,0.0014817356583585488
CICIoT2023,SNN_AE,0,3,99.5,0.005,1.0,0.338478431372549,0.5057659853740859,0.0
CICIoT2023,SNN_AE,0,3,99.9,0.001,1.0,0.3210823529411765,0.48608983721013077,0.0
CICIoT2023,SNN_AE,0,3,99.99,0.0001,1.0,0.32048627450980394,0.48540644563500074,0.0
CICIoT2023,SNN_AE,0,3,max,0.0,1.0,0.3204235294117647,0.4853344737873766,0.0
CICIoT2023,LSTM_AE,0,3,90,0.1,0.6361734765025798,0.8587294117647059,0.7308847678936196,0.4883176841251521
CICIoT2023,LSTM_AE,0,3,95,0.05,0.7646731408650818,0.8189019607843138,0.7908590300028026,0.2505848956546152
CICIoT2023,LSTM_AE,0,3,96,0.04,0.8085802727888305,0.786713725490196,0.7974971377687317,0.1851857628599058
CICIoT2023,LSTM_AE,0,3,97,0.03,0.9085092159297107,0.7461176470588236,0.8193445588045304,0.07471067161618367
CICIoT2023,LSTM_AE,0,3,98,0.02,0.9489156336984601,0.7433098039215686,0.8336221379753183,0.039788501731291136
CICIoT2023,LSTM_AE,0,3,99,0.01,0.9961663101264482,0.737756862745098,0.8477059920874525,0.0028230963596094457
CICIoT2023,LSTM_AE,0,3,99.5,0.005,1.0,0.6890039215686274,0.8158701264929323,0.0
CICIoT2023,LSTM_AE,0,3,99.9,0.001,1.0,0.2584470588235294,0.41073966045920274,0.0
CICIoT2023,LSTM_AE,0,3,99.99,0.0001,1.0,0.2576156862745098,0.409689047434922,0.0
CICIoT2023,LSTM_AE,0,3,max,0.0,1.0,0.257443137254902,0.4094708215862878,0.0
CICIoT2023,CNN_AE,0,3,90,0.1,0.6444567353519187,0.859043137254902,0.7364365582577475,0.47123873101038777
CICIoT2023,CNN_AE,0,3,95,0.05,0.644771936724886,0.8228705882352941,0.7230151127772916,0.45077518170758335
CICIoT2023,CNN_AE,0,3,96,0.04,0.6947165873951515,0.8042039215686274,0.7454615513242745,0.35138971207536573
CICIoT2023,CNN_AE,0,3,97,0.03,0.9639523847188167,0.7646901960784314,0.8528367243400221,0.028433727423027733
CICIoT2023,CNN_AE,0,3,98,0.02,0.9793402957295005,0.7428392156862745,0.8448508095089424,0.015581620238949372
CICIoT2023,CNN_AE,0,3,99,0.01,0.9898189806307163,0.7350745098039215,0.8436355125885519,0.0075178588139875845
CICIoT2023,CNN_AE,0,3,99.5,0.005,0.9999040652356398,0.6539764705882353,0.7907629569917967,6.238886982562311e-05
CICIoT2023,CNN_AE,0,3,99.9,0.001,1.0,0.23345882352941177,0.37854335965815883,0.0
CICIoT2023,CNN_AE,0,3,99.99,0.0001,1.0,0.20872156862745098,0.34535921926910296,0.0
CICIoT2023,CNN_AE,0,3,max,0.0,1.0,0.13450980392156864,0.23712409263740064,0.0
CICIoT2023,SNN_Dense,0,3,90,0.1,0.6239813871654782,0.8456,0.7180802173942002,0.5066756090713417
CICIoT2023,SNN_Dense,0,3,95,0.05,0.6429254061666918,0.8020078431372549,0.713709395982523,0.44289858689209843
CICIoT2023,SNN_Dense,0,3,96,0.04,0.6420273203115027,0.7888627450980392,0.707911036036036,0.437345977477618
CICIoT2023,SNN_Dense,0,3,97,0.03,0.6418526742238323,0.7753882352941176,0.7023294473689818,0.43020245188258416
CICIoT2023,SNN_Dense,0,3,98,0.02,0.6413572612688472,0.7646588235294117,0.6976015341022925,0.4251645506441651
CICIoT2023,SNN_Dense,0,3,99,0.01,0.9731215383007629,0.7303372549019608,0.8344280657735562,0.02005802164893783
CICIoT2023,SNN_Dense,0,3,99.5,0.005,1.0,0.4181960784313726,0.5897577701581684,0.0
CICIoT2023,SNN_Dense,0,3,99.9,0.001,1.0,0.39339607843137253,0.5646579382859201,0.0
CICIoT2023,SNN_Dense,0,3,99.99,0.0001,1.0,0.37353725490196077,0.543905530874913,0.0
CICIoT2023,SNN_Dense,0,3,max,0.0,1.0,0.36498823529411767,0.5347859063642005,0.0
CICIoT2023,Dense_SNN,0,3,90,0.1,0.633610054191168,0.8620078431372549,0.7303694843168528,0.4956327791122064
CICIoT2023,Dense_SNN,0,3,95,0.05,0.6439656261847593,0.7993254901960785,0.7132838745800671,0.43942040739932
CICIoT2023,Dense_SNN,0,3,96,0.04,0.6465547553622358,0.7787764705882353,0.7065327991916719,0.4233084817668528
CICIoT2023,Dense_SNN,0,3,97,0.03,0.6736994592733897,0.7368,0.7038382869687049,0.3548366971332314
CICIoT2023,Dense_SNN,0,3,98,0.02,0.9925549915397631,0.6901176470588235,0.8141568355308814,0.0051470817606139065
CICIoT2023,Dense_SNN,0,3,99,0.01,0.997819600642644,0.6819607843137255,0.8101938128960119,0.0014817356583585488
CICIoT2023,Dense_SNN,0,3,99.5,0.005,0.9999644305328306,0.4409882352941176,0.6120569537577287,1.5597217456405777e-05
CICIoT2023,Dense_SNN,0,3,99.9,0.001,1.0,0.22931764705882354,0.373081192818589,0.0
CICIoT2023,Dense_SNN,0,3,99.99,0.0001,1.0,0.2200313725490196,0.3606978926932126,0.0
CICIoT2023,Dense_SNN,0,3,max,0.0,1.0,0.21096470588235294,0.34842420238604127,0.0
CICIoT2023,Dense_AE,0,3,90,0.1,0.6271835306645032,0.7760941176470588,0.6937379062789198,0.4587141653928939
CICIoT2023,Dense_AE,0,3,95,0.05,0.6706888587146717,0.7515607843137255,0.7088255527528535,0.3669245406619459
CICIoT2023,Dense_AE,0,3,96,0.04,0.7605125831830586,0.7475450980392156,0.7539730882108644,0.2340674423682815
CICIoT2023,Dense_AE,0,3,97,0.03,0.8762962689596634,0.7449411764705882,0.8052974292884758,0.10456374582774433
CICIoT2023,Dense_AE,0,3,98,0.02,0.9836604708282164,0.7413019607843138,0.8454554399649351,0.012243815703278534
CICIoT2023,Dense_AE,0,3,99,0.01,0.9969816133489212,0.7357333333333334,0.84666275553951,0.0022148048788096205
CICIoT2023,Dense_AE,0,3,99.5,0.005,0.9999620132953466,0.41292549019607844,0.5844907021926173,1.5597217456405777e-05
CICIoT2023,Dense_AE,0,3,99.9,0.001,1.0,0.40130196078431374,0.5727558684920466,0.0
CICIoT2023,Dense_AE,0,3,99.99,0.0001,1.0,0.3956235294117647,0.5669487810634926,0.0
CICIoT2023,Dense_AE,0,3,max,0.0,1.0,0.3736470588235294,0.5440219253168893,0.0
CICIoT2023,SNN_AE_T2,0,3,90,0.1,0.631466221367118,0.8185882352941176,0.7129536651843351,0.47502885485229435
CICIoT2023,SNN_AE_T2,0,3,95,0.05,0.6386423246379058,0.7753568627450981,0.7003903731570632,0.43622297782075675
CICIoT2023,SNN_AE_T2,0,3,96,0.04,0.6485097498628194,0.7600941176470588,0.6998822841213557,0.4096297220575849
CICIoT2023,SNN_AE_T2,0,3,97,0.03,0.7207827920193101,0.7400941176470588,0.7303108166676986,0.2850703434507284
CICIoT2023,SNN_AE_T2,0,3,98,0.02,0.9257231573786566,0.7108392156862745,0.8041738389735763,0.056711482671491405
CICIoT2023,SNN_AE_T2,0,3,99,0.01,0.9466181719604211,0.6573019607843137,0.7758665382906236,0.03685622484948685
CICIoT2023,SNN_AE_T2,0,3,99.5,0.005,0.9985815200431218,0.5521411764705882,0.7110980918999181,0.0007798608728202889
CICIoT2023,SNN_AE_T2,0,3,99.9,0.001,0.9995630325540747,0.3588235294117647,0.528077566803255,0.00015597217456405778
CICIoT2023,SNN_AE_T2,0,3,99.99,0.0001,0.999540300337113,0.3069647058823529,0.46968605990783413,0.000140374957107652
CICIoT2023,SNN_AE_T2,0,3,max,0.0,1.0,0.2395921568627451,0.38656610649929135,0.0
CICIoT2023,SNN_AE_T5,0,3,90,0.1,0.6276993496635018,0.8690509803921569,0.7289161381996158,0.5125245656174938
CICIoT2023,SNN_AE_T5,0,3,95,0.05,0.6474727612263322,0.8212392156862746,0.7240766480647817,0.44459868359484667
CICIoT2023,SNN_AE_T5,0,3,96,0.04,0.6506996976693753,0.8001411764705882,0.717723950162163,0.427083008391303
CICIoT2023,SNN_AE_T5,0,3,97,0.03,0.8270102474557737,0.7355137254901961,0.7785831112439496,0.15297750881242786
CICIoT2023,SNN_AE_T5,0,3,98,0.02,0.9921344215950025,0.6826196078431372,0.8087759729398208,0.005381040022459993
CICIoT2023,SNN_AE_T5,0,3,99,0.01,0.9968802838703532,0.6566274509803921,0.791745869624838,0.0020432354867891567
CICIoT2023,SNN_AE_T5,0,3,99.5,0.005,1.0,0.3910901960784314,0.5622787036828217,0.0
CICIoT2023,SNN_AE_T5,0,3,99.9,0.001,1.0,0.3787607843137255,0.5494220442340949,0.0
CICIoT2023,SNN_AE_T5,0,3,99.99,0.0001,1.0,0.35770980392156865,0.5269311643598216,0.0
CICIoT2023,SNN_AE_T5,0,3,max,0.0,1.0,0.33022745098039213,0.49649772411028037,0.0
CICIoT2023,SNN_AE_T7,0,3,90,0.1,0.6335728057289753,0.8659921568627451,0.731771005925003,0.49800355616558006
CICIoT2023,SNN_AE_T7,0,3,95,0.05,0.6503499056776,0.8382117647058823,0.7324264126374945,0.4480924603050816
CICIoT2023,SNN_AE_T7,0,3,96,0.04,0.6785691266516275,0.8257254901960784,0.7449495842915267,0.38891661727547805
CICIoT2023,SNN_AE_T7,0,3,97,0.03,0.7181495375275622,0.7867764705882353,0.7508982573806814,0.3070312256293477
CICIoT2023,SNN_AE_T7,0,3,98,0.02,0.9902255967185932,0.7119372549019608,0.8283326032997518,0.006987553420469788
CICIoT2023,SNN_AE_T7,0,3,99,0.01,0.996215072915507,0.7018823529411765,0.823540238347214,0.002651526967588982
CICIoT2023,SNN_AE_T7,0,3,99.5,0.005,0.9996852376455776,0.49819607843137254,0.6649916247906197,0.00015597217456405778
CICIoT2023,SNN_AE_T7,0,3,99.9,0.001,1.0,0.44889411764705883,0.6196368833024781,0.0
CICIoT2023,SNN_AE_T7,0,3,99.99,0.0001,1.0,0.44293333333333335,0.613934577712068,0.0
CICIoT2023,SNN_AE_T7,0,3,max,0.0,1.0,0.4067921568627451,0.5783258811591941,0.0
CICIoT2023,SNN_AE_noBN,0,3,90,0.1,0.6358955714017639,0.8504941176470588,0.7277034372609283,0.4842156159341173
CICIoT2023,SNN_AE_noBN,0,3,95,0.05,0.6354724041159963,0.7992,0.7079937467430955,0.45584427738091526
CICIoT2023,SNN_AE_noBN,0,3,96,0.04,0.6361706259304809,0.7708392156862746,0.6970601794389872,0.43834419939482794
CICIoT2023,SNN_AE_noBN,0,3,97,0.03,0.8012289756061337,0.6770039215686274,0.7338967487416678,0.16699940730573665
CICIoT2023,SNN_AE_noBN,0,3,98,0.02,0.9887085391672548,0.5494117647058824,0.7063271993950089,0.006238886982562311
CICIoT2023,SNN_AE_noBN,0,3,99,0.01,0.9970648948522771,0.4849098039215686,0.6524896046604892,0.0014193467885329257
CICIoT2023,SNN_AE_noBN,0,3,99.5,0.005,1.0,0.25419607843137254,0.4053530110687261,0.0
CICIoT2023,SNN_AE_noBN,0,3,99.9,0.001,1.0,0.215121568627451,0.3540741505731695,0.0
CICIoT2023,SNN_AE_noBN,0,3,99.99,0.0001,1.0,0.2136470588235294,0.3520744474602559,0.0
CICIoT2023,SNN_AE_noBN,0,3,max,0.0,1.0,0.17383529411764706,0.29618345093008336,0.0
CICIoT2023,IF,0,3,90,0.1,0.7716457085999554,0.7055686274509804,0.7371293253906473,0.2076145615622173
CICIoT2023,IF,0,3,95,0.05,0.9873150105708245,0.6080156862745099,0.7525750177168984,0.007767414293290077
CICIoT2023,IF,0,3,96,0.04,0.9903755950105972,0.447121568627451,0.6160962272103404,0.0043204292354244
CICIoT2023,IF,0,3,97,0.03,0.9905956112852664,0.3866352941176471,0.5561873815326293,0.003649748884798952
CICIoT2023,IF,0,3,98,0.02,0.9908810258845879,0.3272627450980392,0.4920228760096692,0.002994665751629909
CICIoT2023,IF,0,3,99,0.01,0.991086415465648,0.26859607843137256,0.4226492403766646,0.0024019714882864895
CICIoT2023,IF,0,3,99.5,0.005,0.9926272508152559,0.2196392156862745,0.3596896835182902,0.0016221106154662007
CICIoT2023,IF,0,3,99.9,0.001,0.998619601656478,0.07943529411764706,0.1471643829645021,0.00010918052219484044
CICIoT2023,IF,0,3,99.99,0.0001,1.0,0.0002980392156862745,0.0005959008295566811,0.0
CICIoT2023,IF,0,3,max,0.0,1.0,0.00010980392156862745,0.00021958373198237058,0.0
CICIoT2023,OCSVM,0,3,90,0.1,0.5659917643873873,0.6231058823529412,0.5931771856077293,0.47509124372211997
CICIoT2023,OCSVM,0,3,95,0.05,0.7289250647015825,0.5787607843137255,0.6452210865022252,0.21400942071934367
CICIoT2023,OCSVM,0,3,96,0.04,0.7517567791005291,0.5705568627450981,0.6487416840565752,0.1873381788688898
CICIoT2023,OCSVM,0,3,97,0.03,0.7815371853921548,0.5616156862745098,0.6535719827310813,0.156096952303709
CICIoT2023,OCSVM,0,3,98,0.02,0.8179137742901585,0.5526274509803921,0.6595957799350327,0.1223289765105905
CICIoT2023,OCSVM,0,3,99,0.01,0.9486977589339795,0.4913882352941176,0.6474320553890669,0.026421686371151387
CICIoT2023,OCSVM,0,3,99.5,0.005,0.9997367589765189,0.29786666666666667,0.45898192013922456,7.798608728202889e-05
CICIoT2023,OCSVM,0,3,99.9,0.001,1.0,0.2595294117647059,0.4121053614795442,0.0
CICIoT2023,OCSVM,0,3,99.99,0.0001,1.0,0.25463529411764707,0.4059112561419302,0.0
CICIoT2023,OCSVM,0,3,max,0.0,1.0,0.23563921568627452,0.38140455999593764,0.0
CICIoT2023,LOF,0,3,90,0.1,0.9656950132498193,0.3144,0.4743624637595409,0.011105218828960914
CICIoT2023,LOF,0,3,95,0.05,0.9881972635693881,0.20619607843137255,0.3411981518974199,0.002448763140655707
CICIoT2023,LOF,0,3,96,0.04,0.9896216940073652,0.18547450980392158,0.31239927078654656,0.0019340549645943165
CICIoT2023,LOF,0,3,97,0.03,0.9934569247546347,0.17148235294117647,0.29247933220964767,0.001122999656861216
CICIoT2023,LOF,0,3,98,0.02,0.9970082995560703,0.16205490196078431,0.2787942573402418,0.0004835137411485791
CICIoT2023,LOF,0,3,99,0.01,0.9973955620377123,0.15018039215686274,0.2610533204269997,0.00038993043641014443
CICIoT2023,LOF,0,3,99.5,0.005,0.9984550871772235,0.1419294117647059,0.2485304620117563,0.00021836104438968087
CICIoT2023,LOF,0,3,99.9,0.001,1.0,0.11941960784313725,0.21335986435547832,0.0
CICIoT2023,LOF,0,3,99.99,0.0001,1.0,0.11007058823529411,0.19831277290262408,0.0
CICIoT2023,LOF,0,3,max,0.0,1.0,0.11007058823529411,0.19831277290262408,0.0
CICIoT2023,SNN_AE,0,4,90,0.1,0.9170919271387058,0.8118745098039216,0.8612816800625697,0.07297824222100913
CICIoT2023,SNN_AE,0,4,95,0.05,0.974673392288048,0.7244078431372549,0.8311092314475709,0.018716369024409266
CICIoT2023,SNN_AE,0,4,96,0.04,0.9820235375264043,0.7146666666666667,0.8272806507844277,0.01300787647196444
CICIoT2023,SNN_AE,0,4,97,0.03,0.9980665006591475,0.5344156862745097,0.6961025693415742,0.0010294002963425095
CICIoT2023,SNN_AE,0,4,98,0.02,0.9981590355721837,0.5273098039215687,0.6900685634519851,0.0009670123995944787
CICIoT2023,SNN_AE,0,4,99,0.01,0.9982260440782946,0.5207843137254902,0.684472574709563,0.0009202214770334555
CICIoT2023,SNN_AE,0,4,99.5,0.005,0.9994590835329573,0.40577254901960785,0.5772045697965013,0.0002183576386181081
CICIoT2023,SNN_AE,0,4,99.9,0.001,1.0,0.38133333333333336,0.5521235521235521,0.0
CICIoT2023,SNN_AE,0,4,99.99,0.0001,1.0,0.3811921568627451,0.5519755596188572,0.0
CICIoT2023,SNN_AE,0,4,max,0.0,1.0,0.3697098039215686,0.5398366907545894,0.0
CICIoT2023,LSTM_AE,0,4,90,0.1,0.9503738026633439,0.7657254901960784,0.848115780878086,0.03975668720268268
CICIoT2023,LSTM_AE,0,4,95,0.05,0.985583552714053,0.7399529411764706,0.8452854531770777,0.010761912189035328
CICIoT2023,LSTM_AE,0,4,96,0.04,0.9959615711613671,0.7350274509803921,0.8458275420133937,0.002963425095531467
CICIoT2023,LSTM_AE,0,4,97,0.03,0.9998127822892046,0.670164705882353,0.8024530197875677,0.00012477579349606176
CICIoT2023,LSTM_AE,0,4,98,0.02,0.999803993629793,0.6401098039215686,0.7805097307894611,0.00012477579349606176
CICIoT2023,LSTM_AE,0,4,99,0.01,0.9998031786645672,0.6374588235294117,0.7785355760757117,0.00012477579349606176
CICIoT2023,LSTM_AE,0,4,99.5,0.005,0.9997866495986345,0.5880627450980392,0.740545398876016,0.00012477579349606176
CICIoT2023,LSTM_AE,0,4,99.9,0.001,1.0,0.3096470588235294,0.47287100251527125,0.0
CICIoT2023,LSTM_AE,0,4,99.99,0.0001,1.0,0.3083607843137255,0.47136965279109916,0.0
CICIoT2023,LSTM_AE,0,4,max,0.0,1.0,0.3010980392156863,0.4628368195792392,0.0
CICIoT2023,CNN_AE,0,4,90,0.1,0.9221787137968744,0.8201098039215686,0.8681544950350369,0.06881385011307806
CICIoT2023,CNN_AE,0,4,95,0.05,0.9634577524207482,0.7522980392156863,0.8448840814600804,0.028370896046167042
CICIoT2023,CNN_AE,0,4,96,0.04,0.9937137535452737,0.7364549019607843,0.8459584129157808,0.004632301333541293
CICIoT2023,CNN_AE,0,4,97,0.03,0.9995175460870448,0.6174588235294117,0.7633518209673039,0.0002963425095531467
CICIoT2023,CNN_AE,0,4,98,0.02,0.9995675510671314,0.6163764705882353,0.7625386906783361,0.00026514856117913126
CICIoT2023,CNN_AE,0,4,99,0.01,0.9995665697822651,0.6149803921568627,0.7614691372411918,0.00026514856117913126
CICIoT2023,CNN_AE,0,4,99.5,0.005,0.9997181312099218,0.4450823529411765,0.6159423435939739,0.00012477579349606176
CICIoT2023,CNN_AE,0,4,99.9,0.001,0.9995345048295124,0.26945882352941175,0.42448354255213994,0.00012477579349606176
CICIoT2023,CNN_AE,0,4,99.99,0.0001,0.9996474942717819,0.2669019607843137,0.4213145807282317,9.358184512204632e-05
CICIoT2023,CNN_AE,0,4,max,0.0,1.0,0.22415686274509805,0.3662224500256279,0.0
CICIoT2023,SNN_Dense,0,4,90,0.1,0.8996470795835539,0.7997333333333333,0.8467530310579637,0.08869999220151291
CICIoT2023,SNN_Dense,0,4,95,0.05,0.9534981147884374,0.7497411764705882,0.83943201875708,0.036356546829914994
CICIoT2023,SNN_Dense,0,4,96,0.04,0.9840254921280477,0.7362980392156863,0.8423253268252416,0.011884894330499883
CICIoT2023,SNN_Dense,0,4,97,0.03,0.9971577574967405,0.5998588235294118,0.7490891283055827,0.0017000701863838414
CICIoT2023,SNN_Dense,0,4,98,0.02,0.9971524856971186,0.5987450980392157,0.7482186437189428,0.0017000701863838414
CICIoT2023,SNN_Dense,0,4,99,0.01,0.9971940314163585,0.596486274509804,0.7464640813482131,0.0016688762380098262
CICIoT2023,SNN_Dense,0,4,99.5,0.005,0.9987652315190901,0.4821490196078431,0.6503464691880454,0.0005926850191062934
CICIoT2023,SNN_Dense,0,4,99.9,0.001,0.9999574956433034,0.3690352941176471,0.5391111060187679,1.559697418700772e-05
CICIoT2023,SNN_Dense,0,4,99.99,0.0001,0.9999572100984168,0.36657254901960784,0.5364784205693297,1.559697418700772e-05
CICIoT2023,SNN_Dense,0,4,max,0.0,1.0,0.3351843137254902,0.5020794661528701,0.0
CICIoT2023,Dense_SNN,0,4,90,0.1,0.9201483312731767,0.8173803921568628,0.8657252035221797,0.07052951727364891
CICIoT2023,Dense_SNN,0,4,95,0.05,0.9835928583075167,0.7570039215686275,0.8555498431045794,0.012555564220541215
CICIoT2023,Dense_SNN,0,4,96,0.04,0.9921816827997022,0.7106666666666667,0.8281541330018646,0.005568119784761756
CICIoT2023,Dense_SNN,0,4,97,0.03,0.9984914623186545,0.48798431372549017,0.6555749899900954,0.0007330577867893629
CICIoT2023,Dense_SNN,0,4,98,0.02,0.9986104378736468,0.4847372549019608,0.6526638154073605,0.000670669890041332
CICIoT2023,Dense_SNN,0,4,99,0.01,0.9985991203779118,0.4808156862745098,0.6490973582508339,0.000670669890041332
CICIoT2023,Dense_SNN,0,4,99.5,0.005,1.0,0.3783686274509804,0.5490093432417976,0.0
CICIoT2023,Dense_SNN,0,4,99.9,0.001,1.0,0.32354509803921566,0.48890679814165167,0.0
CICIoT2023,Dense_SNN,0,4,99.99,0.0001,1.0,0.3067137254901961,0.4694428772073035,0.0
CICIoT2023,Dense_SNN,0,4,max,0.0,1.0,0.28379607843137256,0.44212018279123183,0.0
CICIoT2023,Dense_AE,0,4,90,0.1,0.8527608421561685,0.7744941176470588,0.8117452671209793,0.13296420494424083
CICIoT2023,Dense_AE,0,4,95,0.05,0.9600300739656994,0.7410980392156863,0.836475983073954,0.030679248225844186
CICIoT2023,Dense_AE,0,4,96,0.04,0.9928880447398966,0.7380078431372549,0.8466819633778737,0.005256180301021602
CICIoT2023,Dense_AE,0,4,97,0.03,0.9990356582193317,0.6987764705882353,0.8223555473509323,0.000670669890041332
CICIoT2023,Dense_AE,0,4,98,0.02,0.9990355500728945,0.6986980392156863,0.8223011953662251,0.000670669890041332
CICIoT2023,Dense_AE,0,4,99,0.01,0.9990354635382787,0.698635294117647,0.8222577101660651,0.000670669890041332
CICIoT2023,Dense_AE,0,4,99.5,0.005,0.9993892142420867,0.4363294117647059,0.6074489807060263,0.00026514856117913126
CICIoT2023,Dense_AE,0,4,99.9,0.001,0.9993690383401996,0.4223686274509804,0.5937834231969391,0.00026514856117913126
CICIoT2023,Dense_AE,0,4,99.99,0.0001,0.9996452642781128,0.39783529411764706,0.5691587841249538,0.00014037276768306947
CICIoT2023,Dense_AE,0,4,max,0.0,1.0,0.35214117647058824,0.5208645111892249,0.0
CICIoT2023,SNN_AE_T2,0,4,90,0.1,0.9410759015546102,0.742556862745098,0.8301125802265634,0.046229431490290886
CICIoT2023,SNN_AE_T2,0,4,95,0.05,0.9917326527496019,0.7131607843137255,0.8296880275200058,0.005911253216875926
CICIoT2023,SNN_AE_T2,0,4,96,0.04,0.9931461855128317,0.7114509803921568,0.8290226470964558,0.004881852920533417
CICIoT2023,SNN_AE_T2,0,4,97,0.03,0.9954769736842105,0.6835764705882353,0.8105574465710619,0.003088200889027529
CICIoT2023,SNN_AE_T2,0,4,98,0.02,0.9954691509281306,0.6754980392156863,0.8048481903391305,0.003057006940653513
CICIoT2023,SNN_AE_T2,0,4,99,0.01,0.99525607272366,0.6285647058823529,0.7705072491635581,0.0029790220697184745
CICIoT2023,SNN_AE_T2,0,4,99.5,0.005,0.9980109869293426,0.49585882352941174,0.6625377263581488,0.0009826093737814864
CICIoT2023,SNN_AE_T2,0,4,99.9,0.001,0.9996402158704777,0.3922509803921569,0.5634202669971273,0.00014037276768306947
CICIoT2023,SNN_AE_T2,0,4,99.99,0.0001,0.9995463309515709,0.2764862745098039,0.43315639437727316,0.00012477579349606176
CICIoT2023,SNN_AE_T2,0,4,max,0.0,1.0,0.16549019607843138,0.2839838492597577,0.0
CICIoT2023,SNN_AE_T5,0,4,90,0.1,0.9036998706338939,0.8218352941176471,0.8608256315465187,0.08707790688606411
CICIoT2023,SNN_AE_T5,0,4,95,0.05,0.9610162601626017,0.7416784313725491,0.8372200088534751,0.029914996490680808
CICIoT2023,SNN_AE_T5,0,4,96,0.04,0.9929484644787135,0.7090352941176471,0.8273116626400177,0.005006628714029478
CICIoT2023,SNN_AE_T5,0,4,97,0.03,0.9990783857198292,0.6461803921568627,0.7847821531310128,0.0005926850191062934
CICIoT2023,SNN_AE_T5,0,4,98,0.02,0.9991248328673878,0.6446901960784314,0.783696429422701,0.0005614910707322779
CICIoT2023,SNN_AE_T5,0,4,99,0.01,0.9992649761117236,0.6397647058823529,0.7800889398938459,0.00046790922561023164
CICIoT2023,SNN_AE_T5,0,4,99.5,0.005,1.0,0.4471058823529412,0.6179311241910832,0.0
CICIoT2023,SNN_AE_T5,0,4,99.9,0.001,1.0,0.38616470588235297,0.5571700162954916,0.0
CICIoT2023,SNN_AE_T5,0,4,99.99,0.0001,1.0,0.38053333333333333,0.551284527718756,0.0
CICIoT2023,SNN_AE_T5,0,4,max,0.0,1.0,0.37738039215686275,0.5479682944606414,0.0
CICIoT2023,SNN_AE_T7,0,4,90,0.1,0.907660186679767,0.8114980392156863,0.8568896692229971,0.08208687514622164
CICIoT2023,SNN_AE_T7,0,4,95,0.05,0.9881791913354483,0.767121568627451,0.8637306934889922,0.009124229899399516
CICIoT2023,SNN_AE_T7,0,4,96,0.04,0.9930183187060909,0.7117176470588236,0.8291590902860903,0.004975434765655463
CICIoT2023,SNN_AE_T7,0,4,97,0.03,0.997300762534584,0.6954823529411764,0.8194848762094874,0.0018716369024409265
CICIoT2023,SNN_AE_T7,0,4,98,0.02,0.9974085091040202,0.6942901960784313,0.8186930063074561,0.001793652031505888
CICIoT2023,SNN_AE_T7,0,4,99,0.01,0.9975387811321607,0.6929882352941177,0.8178309282930847,0.0017000701863838414
CICIoT2023,SNN_AE_T7,0,4,99.5,0.005,0.9991759373712402,0.5325490196078432,0.6947855271774722,0.0004367152772362162
CICIoT2023,SNN_AE_T7,0,4,99.9,0.001,0.9994393694555288,0.47538823529411767,0.6443081436756561,0.00026514856117913126
CICIoT2023,SNN_AE_T7,0,4,99.99,0.0001,0.9996917742246195,0.40701176470588235,0.5784961819296583,0.00012477579349606176
CICIoT2023,SNN_AE_T7,0,4,max,0.0,1.0,0.3767686274509804,0.5473230867390537,0.0
CICIoT2023,SNN_AE_noBN,0,4,90,0.1,0.9005197142489854,0.7691921568627451,0.8296912937911898,0.08448880917102082
CICIoT2023,SNN_AE_noBN,0,4,95,0.05,0.9888820665760274,0.7073725490196079,0.8247677225839491,0.007907665912812915
CICIoT2023,SNN_AE_noBN,0,4,96,0.04,0.9932809245447827,0.6956705882352942,0.8182547809481636,0.004679092256102317
CICIoT2023,SNN_AE_noBN,0,4,97,0.03,0.9947735640174042,0.6060862745098039,0.7532434619021161,0.0031661857599625674
CICIoT2023,SNN_AE_noBN,0,4,98,0.02,0.9950945857795173,0.5982274509803922,0.747234876316434,0.0029322311471574516
CICIoT2023,SNN_AE_noBN,0,4,99,0.01,0.9954154244248186,0.5551529411764706,0.7127809554499316,0.0025423067924822585
CICIoT2023,SNN_AE_noBN,0,4,99.5,0.005,0.9995703313819216,0.29193725490196076,0.4518933093761001,0.00012477579349606176
CICIoT2023,SNN_AE_noBN,0,4,99.9,0.001,1.0,0.2547607843137255,0.4060706829518321,0.0
CICIoT2023,SNN_AE_noBN,0,4,99.99,0.0001,1.0,0.24699607843137256,0.39614571802354837,0.0
CICIoT2023,SNN_AE_noBN,0,4,max,0.0,1.0,0.17474509803921567,0.2975030044064628,0.0
CICIoT2023,IF,0,4,90,0.1,0.9447215295095595,0.6774431372549019,0.7890630709639698,0.03941355377056851
CICIoT2023,IF,0,4,95,0.05,0.9742713127328512,0.34867450980392156,0.5135562871830416,0.009155423847773531
CICIoT2023,IF,0,4,96,0.04,0.9753664984378755,0.2546509803921569,0.40386098465059583,0.0063947594166731654
CICIoT2023,IF,0,4,97,0.03,0.975534494159136,0.20828235294117647,0.3432737425834723,0.005193792404273571
CICIoT2023,IF,0,4,98,0.02,0.977474081055608,0.16268235294117647,0.278940290478752,0.003727676830694845
CICIoT2023,IF,0,4,99,0.01,0.9779567613395507,0.10856470588235294,0.19543394468211273,0.0024331279731732046
CICIoT2023,IF,0,4,99.5,0.005,0.9779547980733605,0.08280784313725491,0.15268699022386764,0.0018560399282539187
CICIoT2023,IF,0,4,99.9,0.001,0.9827740492170023,0.06890980392156863,0.12878921137496338,0.0012009670123995944
CICIoT2023,IF,0,4,99.99,0.0001,0.926056338028169,0.004125490196078431,0.008214386107380454,0.00032753645792716213
CICIoT2023,IF,0,4,max,0.0,0.9411764705882353,0.00025098039215686274,0.0005018269637900481,1.559697418700772e-05
CICIoT2023,OCSVM,0,4,90,0.1,0.8976669175357489,0.6548392156862745,0.7572627091741871,0.07422600015596974
CICIoT2023,OCSVM,0,4,95,0.05,0.9725469728601253,0.5845960784313725,0.7302439502302341,0.016408016844732122
CICIoT2023,OCSVM,0,4,96,0.04,0.9788837340081541,0.5461019607843137,0.7010824145395962,0.011713327614442798
CICIoT2023,OCSVM,0,4,97,0.03,0.999944791034064,0.28410980392156865,0.4424953886371133,1.559697418700772e-05
CICIoT2023,OCSVM,0,4,98,0.02,1.0,0.26614901960784315,0.4204071013541138,0.0
CICIoT2023,OCSVM,0,4,99,0.01,1.0,0.2644549019607843,0.41829076157749134,0.0
CICIoT2023,OCSVM,0,4,99.5,0.005,1.0,0.2634666666666667,0.41705360911777123,0.0
CICIoT2023,OCSVM,0,4,99.9,0.001,1.0,0.26287058823529413,0.4163064540169921,0.0
CICIoT2023,OCSVM,0,4,99.99,0.0001,1.0,0.25984313725490193,0.41250077818589304,0.0
CICIoT2023,OCSVM,0,4,max,0.0,1.0,0.23891764705882354,0.38568769704106054,0.0
CICIoT2023,LOF,0,4,90,0.1,0.7081275452733732,0.2563921568627451,0.37647411092684724,0.105076815097871
CICIoT2023,LOF,0,4,95,0.05,0.9131029095879711,0.14669803921568628,0.2527840847659206,0.01388130702643687
CICIoT2023,LOF,0,4,96,0.04,0.9216575284690004,0.13711372549019607,0.2387142584045662,0.011588551820946737
CICIoT2023,LOF,0,4,97,0.03,0.9997319753417314,0.11701960784313725,0.2095152502387238,3.119394837401544e-05
CICIoT2023,LOF,0,4,98,0.02,1.0,0.11375686274509804,0.2042759358891299,0.0
CICIoT2023,LOF,0,4,99,0.01,1.0,0.11375686274509804,0.2042759358891299,0.0
CICIoT2023,LOF,0,4,99.5,0.005,1.0,0.11375686274509804,0.2042759358891299,0.0
CICIoT2023,LOF,0,4,99.9,0.001,1.0,0.11367843137254902,0.20414947110441287,0.0
CICIoT2023,LOF,0,4,99.99,0.0001,1.0,0.11305098039215686,0.2031371112081965,0.0
CICIoT2023,LOF,0,4,max,0.0,1.0,0.11154509803921568,0.2007027843242404,0.0
CICIoT2023,SNN_AE,0,5,90,0.1,0.9201361525176478,0.8608,0.8894796132556386,0.07428954674486071
CICIoT2023,SNN_AE,0,5,95,0.05,0.9558792032555151,0.8400941176470588,0.8942543705855833,0.03855632155223508
CICIoT2023,SNN_AE,0,5,96,0.04,0.9630761994355598,0.8350588235294117,0.8945104430964663,0.03183392082852419
CICIoT2023,SNN_AE,0,5,97,0.03,0.9723770248179522,0.8210980392156862,0.8903573676242963,0.02319306235767539
CICIoT2023,SNN_AE,0,5,98,0.02,0.9796089332292519,0.8070901960784314,0.8850205980752195,0.016704619895810586
CICIoT2023,SNN_AE,0,5,99,0.01,0.992832315032708,0.7213647058823529,0.83560312167822,0.005178276195526718
CICIoT2023,SNN_AE,0,5,99.5,0.005,0.9990924922126021,0.638964705882353,0.7794414519570231,0.0005770970458870137
CICIoT2023,SNN_AE,0,5,99.9,0.001,1.0,0.3624470588235294,0.532053053329649,0.0
CICIoT2023,SNN_AE,0,5,99.99,0.0001,1.0,0.3050509803921569,0.46749281825065814,0.0
CICIoT2023,SNN_AE,0,5,max,0.0,1.0,0.3044862745098039,0.4668294032058296,0.0
CICIoT2023,LSTM_AE,0,5,90,0.1,0.8914809618584619,0.8571921568627451,0.8740003838526006,0.10375269052001122
CICIoT2023,LSTM_AE,0,5,95,0.05,0.9399177251732102,0.8171607843137255,0.8742510950375082,0.051938734129831236
CICIoT2023,LSTM_AE,0,5,96,0.04,0.947840470501746,0.8089725490196078,0.87291807718348,0.04426490314127959
CICIoT2023,LSTM_AE,0,5,97,0.03,0.9521260953949303,0.761835294117647,0.8464172744621337,0.03808840502854291
CICIoT2023,LSTM_AE,0,5,98,0.02,0.9627137251712851,0.7427921568627451,0.8385737180906169,0.028605296815048194
CICIoT2023,LSTM_AE,0,5,99,0.01,0.9673385858999284,0.7414745098039216,0.8394796430315677,0.02489315906042362
CICIoT2023,LSTM_AE,0,5,99.5,0.005,0.9992395437262357,0.7008,0.8238244514106583,0.0005303053935177964
CICIoT2023,LSTM_AE,0,5,99.9,0.001,1.0,0.2432470588235294,0.3913092849842916,0.0
CICIoT2023,LSTM_AE,0,5,99.99,0.0001,1.0,0.24048627450980392,0.3877290373161695,0.0
CICIoT2023,LSTM_AE,0,5,max,0.0,1.0,0.24007843137254903,0.38719878565555627,0.0
CICIoT2023,CNN_AE,0,5,90,0.1,0.8471057398133913,0.8730039215686275,0.8598598675926427,0.15667404934959603
CICIoT2023,CNN_AE,0,5,95,0.05,0.9361851949652319,0.8341960784313726,0.8822529136078968,0.056539913279470944
CICIoT2023,CNN_AE,0,5,96,0.04,0.9493544824089666,0.8224313725490197,0.881346814930617,0.04362541722556696
CICIoT2023,CNN_AE,0,5,97,0.03,0.9783815421795937,0.8128470588235294,0.8879654540157993,0.017858813987584616
CICIoT2023,CNN_AE,0,5,98,0.02,0.9887762113987048,0.7448470588235294,0.8496506311900012,0.008406900209002715
CICIoT2023,CNN_AE,0,5,99,0.01,0.9947258054267014,0.7366588235294118,0.8464595668748479,0.0038837071466450387
CICIoT2023,CNN_AE,0,5,99.5,0.005,0.9988597491448119,0.7145411764705882,0.8331108144192256,0.0008110553077331004
CICIoT2023,CNN_AE,0,5,99.9,0.001,0.999595282146161,0.2712,0.42664659576043235,0.00010918052219484044
CICIoT2023,CNN_AE,0,5,99.99,0.0001,0.9995927865037812,0.2695372549019608,0.4245861131702496,0.00010918052219484044
CICIoT2023,CNN_AE,0,5,max,0.0,1.0,0.2600941176470588,0.4128169697875042,0.0
CICIoT2023,SNN_Dense,0,5,90,0.1,0.8948766793663525,0.8400470588235294,0.8665954657993107,0.09812209501824874
CICIoT2023,SNN_Dense,0,5,95,0.05,0.9434326039346349,0.7906039215686275,0.8602835124132693,0.047134791153258256
CICIoT2023,SNN_Dense,0,5,96,0.04,0.9560543848775953,0.7743215686274509,0.8556447279471668,0.03539008640858471
CICIoT2023,SNN_Dense,0,5,97,0.03,0.9674555620127853,0.7572862745098039,0.8495657759280604,0.025329881149202982
CICIoT2023,SNN_Dense,0,5,98,0.02,0.9774363602797891,0.7474666666666666,0.847121358921254,0.017156939202046355
CICIoT2023,SNN_Dense,0,5,99,0.01,0.9905411724694979,0.7309960784313726,0.8412036535615005,0.006940761768100571
CICIoT2023,SNN_Dense,0,5,99.5,0.005,0.9986209179170344,0.5679372549019608,0.7240765554066756,0.0007798608728202889
CICIoT2023,SNN_Dense,0,5,99.9,0.001,0.9994488750567334,0.4835921568627451,0.651803458920039,0.0002651526967588982
CICIoT2023,SNN_Dense,0,5,99.99,0.0001,0.9995832754549243,0.4515137254901961,0.6220474142588551,0.0001871666094768693
CICIoT2023,SNN_Dense,0,5,max,0.0,0.999960430515986,0.3964078431372549,0.5677472984206151,1.5597217456405777e-05
CICIoT2023,Dense_SNN,0,5,90,0.1,0.8979288954108858,0.8446588235294118,0.8704796391794242,0.09547056805065976
CICIoT2023,Dense_SNN,0,5,95,0.05,0.9498816675769161,0.8184627450980392,0.8792888439501179,0.0429391396574851
CICIoT2023,Dense_SNN,0,5,96,0.04,0.9608128262490678,0.8084392156862745,0.8780645710878269,0.032785351093364945
CICIoT2023,Dense_SNN,0,5,97,0.03,0.9745039777628678,0.7974117647058824,0.8771082258551525,0.020744299217019684
CICIoT2023,Dense_SNN,0,5,98,0.02,0.9842906727123166,0.7695686274509804,0.8637856205928182,0.012212621268365724
CICIoT2023,Dense_SNN,0,5,99,0.01,0.9922578400243574,0.7157019607843137,0.8315896912477673,0.005552609414480457
CICIoT2023,Dense_SNN,0,5,99.5,0.005,0.9986631318967666,0.691356862745098,0.8170703447253043,0.0009202358299279409
CICIoT2023,Dense_SNN,0,5,99.9,0.001,1.0,0.3327686274509804,0.49936443670260344,0.0
CICIoT2023,Dense_SNN,0,5,99.99,0.0001,1.0,0.3320156862745098,0.4985161806962174,0.0
CICIoT2023,Dense_SNN,0,5,max,0.0,1.0,0.3291607843137255,0.4952911464111219,0.0
CICIoT2023,Dense_AE,0,5,90,0.1,0.8389556341985753,0.8664470588235295,0.8524797629428423,0.16537729669027046
CICIoT2023,Dense_AE,0,5,95,0.05,0.9186577466284379,0.8142117647058823,0.8632870970960981,0.07168481142964095
CICIoT2023,Dense_AE,0,5,96,0.04,0.9321511465973448,0.7874666666666666,0.8537222056885336,0.05699223258570671
CICIoT2023,Dense_AE,0,5,97,0.03,0.949104692713166,0.7541176470588236,0.8404499881996101,0.040209626602614096
CICIoT2023,Dense_AE,0,5,98,0.02,0.9598122141729735,0.7440313725490196,0.8382581648522551,0.030976073868421872
CICIoT2023,Dense_AE,0,5,99,0.01,0.9910800690032397,0.7389803921568627,0.8466625930052838,0.00661322020151605
CICIoT2023,Dense_AE,0,5,99.5,0.005,0.9990212923291067,0.7205333333333334,0.8372262574159975,0.00070187478553826
CICIoT2023,Dense_AE,0,5,99.9,0.001,0.9994869473366531,0.5194980392156863,0.6836558806832842,0.0002651526967588982
CICIoT2023,Dense_AE,0,5,99.99,0.0001,0.9996471418489767,0.4888313725490196,0.6565884286376469,0.00017156939202046356
CICIoT2023,Dense_AE,0,5,max,0.0,0.9999307047328667,0.4527058823529412,0.6232453677709151,3.1194434912811554e-05
CICIoT2023,SNN_AE_T2,0,5,90,0.1,0.8700715049452018,0.8169254901960784,0.8426613594809313,0.12129956015846773
CICIoT2023,SNN_AE_T2,0,5,95,0.05,0.9517105749946453,0.7666980392156862,0.8492446158791385,0.038681099291886324
CICIoT2023,SNN_AE_T2,0,5,96,0.04,0.9701550466774252,0.7449725490196079,0.8427814698810147,0.02278753470380884
CICIoT2023,SNN_AE_T2,0,5,97,0.03,0.9762407821691939,0.739278431372549,0.8413939621159374,0.017890008422497425
CICIoT2023,SNN_AE_T2,0,5,98,0.02,0.9819079989022357,0.7296,0.8371565618841063,0.01336681536013975
CICIoT2023,SNN_AE_T2,0,5,99,0.01,0.9884867287142365,0.6747294117647059,0.8020137043770103,0.007814205945659295
CICIoT2023,SNN_AE_T2,0,5,99.5,0.005,0.9980011796316928,0.47775686274509804,0.6461789790809183,0.0009514302648407524
CICIoT2023,SNN_AE_T2,0,5,99.9,0.001,0.9997384025113359,0.3596862745098039,0.5290358304685878,9.358330473843466e-05
CICIoT2023,SNN_AE_T2,0,5,99.99,0.0001,0.9999557051736357,0.35411764705882354,0.5230173991613187,1.5597217456405777e-05
CICIoT2023,SNN_AE_T2,0,5,max,0.0,0.999955203153698,0.3501490196078431,0.5186760075749655,1.5597217456405777e-05
CICIoT2023,SNN_AE_T5,0,5,90,0.1,0.9090893992991547,0.8586509803921568,0.8831506175229705,0.08537916835636522
CICIoT2023,SNN_AE_T5,0,5,95,0.05,0.9560664900373825,0.8264313725490197,0.886534966682372,0.03776086346195839
CICIoT2023,SNN_AE_T5,0,5,96,0.04,0.9651053127947187,0.8186666666666667,0.8858750541047468,0.0294319493402377
CICIoT2023,SNN_AE_T5,0,5,97,0.03,0.9753142339485902,0.810635294117647,0.8853824013157894,0.020401160432978755
CICIoT2023,SNN_AE_T5,0,5,98,0.02,0.9860158717928962,0.8029803921568628,0.8851347846385281,0.011323579873350594
CICIoT2023,SNN_AE_T5,0,5,99,0.01,0.9949327659201088,0.7114666666666667,0.8296551030300814,0.0036029572324297347
CICIoT2023,SNN_AE_T5,0,5,99.5,0.005,0.998890007485996,0.6069960784313726,0.7551249402374889,0.0006706803506254484
CICIoT2023,SNN_AE_T5,0,5,99.9,0.001,0.9997125846848697,0.3819294117647059,0.5527041598093184,0.00010918052219484044
CICIoT2023,SNN_AE_T5,0,5,99.99,0.0001,0.9997046538120754,0.37167058823529414,0.5418805959908978,0.00010918052219484044
CICIoT2023,SNN_AE_T5,0,5,max,0.0,0.9998670035909031,0.3537882352941176,0.5226459035767667,4.679165236921733e-05
CICIoT2023,SNN_AE_T7,0,5,90,0.1,0.9046214018595395,0.8272,0.8641801317557603,0.08672052905761612
CICIoT2023,SNN_AE_T7,0,5,95,0.05,0.941111292754255,0.8127215686274509,0.8722170315564421,0.05056617899366753
CICIoT2023,SNN_AE_T7,0,5,96,0.04,0.9560866734864689,0.8063372549019607,0.8748500191464919,0.03682503041457404
CICIoT2023,SNN_AE_T7,0,5,97,0.03,0.9704187328878592,0.7950431372549019,0.8740202967778649,0.024097700970146924
CICIoT2023,SNN_AE_T7,0,5,98,0.02,0.9829916355578624,0.7724078431372549,0.8650685593317111,0.013288829272857723
CICIoT2023,SNN_AE_T7,0,5,99,0.01,0.9909127496875596,0.7338039215686275,0.8431943330419345,0.006691206288798078
CICIoT2023,SNN_AE_T7,0,5,99.5,0.005,0.9985636387817529,0.588878431372549,0.740855493610933,0.000842249742645912
CICIoT2023,SNN_AE_T7,0,5,99.9,0.001,0.9993578329781955,0.5370509803921568,0.6986501239682069,0.0003431387840409271
CICIoT2023,SNN_AE_T7,0,5,99.99,0.0001,0.9996662216288384,0.46980392156862744,0.6392060612528011,0.00015597217456405778
CICIoT2023,SNN_AE_T7,0,5,max,0.0,0.9999257499257499,0.4224941176470588,0.5940056899631695,3.1194434912811554e-05
CICIoT2023,SNN_AE_noBN,0,5,90,0.1,0.8898655139289146,0.8718588235294118,0.8807701449964346,0.10729325888261534
CICIoT2023,SNN_AE_noBN,0,5,95,0.05,0.9470373053881633,0.8406274509803922,0.8906653813872707,0.046744860716848115
CICIoT2023,SNN_AE_noBN,0,5,96,0.04,0.9559557935348946,0.8317490196078431,0.8895375659511646,0.038104002245999316
CICIoT2023,SNN_AE_noBN,0,5,97,0.03,0.9712160474264089,0.8172078431372549,0.887580819653977,0.02408210375269052
CICIoT2023,SNN_AE_noBN,0,5,98,0.02,0.9807394801980198,0.7955450980392157,0.878488160606953,0.015534828586580155
CICIoT2023,SNN_AE_noBN,0,5,99,0.01,0.9932899598757736,0.6873254901960785,0.812456542095065,0.00461677636709611
CICIoT2023,SNN_AE_noBN,0,5,99.5,0.005,0.9983838886126305,0.5039058823529412,0.6697662781727582,0.0008110553077331004
CICIoT2023,SNN_AE_noBN,0,5,99.9,0.001,0.999842594050055,0.2989176470588235,0.4602398290040937,4.679165236921733e-05
CICIoT2023,SNN_AE_noBN,0,5,99.99,0.0001,1.0,0.2726588235294118,0.4284869102203816,0.0
CICIoT2023,SNN_AE_noBN,0,5,max,0.0,1.0,0.2706352941176471,0.42598422280656273,0.0
CICIoT2023,IF,0,5,90,0.1,0.924000776096236,0.7470274509803921,0.8261427704050656,0.06109430077674143
CICIoT2023,IF,0,5,95,0.05,0.936266447368421,0.7143529411764706,0.8103923836640271,0.04835137411485791
CICIoT2023,IF,0,5,96,0.04,0.943064935064935,0.7119215686274509,0.8113519553072626,0.04273637583055183
CICIoT2023,IF,0,5,97,0.03,0.9544684814360104,0.7073098039215686,0.8125090096583538,0.03354961474872883
CICIoT2023,IF,0,5,98,0.02,0.9715303273462748,0.6932078431372549,0.8091031427080567,0.02019839660604548
CICIoT2023,IF,0,5,99,0.01,0.9848004109630435,0.5112156862745098,0.6730481294466302,0.007845400380572106
CICIoT2023,IF,0,5,99.5,0.005,0.9851434619891883,0.4087843137254902,0.5778078334423468,0.00612970646036747
CICIoT2023,IF,0,5,99.9,0.001,0.9858772707133363,0.2792313725490196,0.43520035205241664,0.003977290451383473
CICIoT2023,IF,0,5,99.99,0.0001,0.9716157205240175,0.048862745098039215,0.09304617958062011,0.0014193467885329257
CICIoT2023,IF,0,5,max,0.0,0.7473684210526316,0.0011137254901960785,0.0022241365807815806,0.0003743332189537386
CICIoT2023,OCSVM,0,5,90,0.1,0.8109317564327952,0.7163294117647059,0.7607006321681118,0.1660635742583523
CICIoT2023,OCSVM,0,5,95,0.05,0.9007510261112567,0.6471843137254902,0.753199335487522,0.07090495055682067
CICIoT2023,OCSVM,0,5,96,0.04,0.936771813490859,0.6293490196078432,0.7528875294382571,0.042237264871946845
CICIoT2023,OCSVM,0,5,97,0.03,0.951112197506722,0.6103529411764705,0.7435505446206765,0.031194434912811556
CICIoT2023,OCSVM,0,5,98,0.02,0.9704497231278787,0.5882980392156862,0.7325286143989999,0.017812022335215397
CICIoT2023,OCSVM,0,5,99,0.01,0.986926471812807,0.5577411764705882,0.712709341832286,0.007346289421967121
CICIoT2023,OCSVM,0,5,99.5,0.005,0.9957076861518315,0.42938039215686274,0.6000153439791321,0.0018404716598558817
CICIoT2023,OCSVM,0,5,99.9,0.001,1.0,0.25904313725490197,0.41149207614870925,0.0
CICIoT2023,OCSVM,0,5,99.99,0.0001,1.0,0.2555450980392157,0.4070663784810285,0.0
CICIoT2023,OCSVM,0,5,max,0.0,1.0,0.2544313725490196,0.4056521195448293,0.0
CICIoT2023,LOF,0,5,90,0.1,0.6442168802038684,0.8605019607843137,0.7368152421374988,0.4725333000592694
CICIoT2023,LOF,0,5,95,0.05,0.6900385434204851,0.7778980392156862,0.7313389914243791,0.34744361605889507
CICIoT2023,LOF,0,5,96,0.04,0.7231316187594554,0.7497882352941176,0.7362187139006547,0.28544467666968215
CICIoT2023,LOF,0,5,97,0.03,0.7370804690659118,0.7148235294117647,0.7257814055345411,0.2535327697538759
CICIoT2023,LOF,0,5,98,0.02,0.7691206077084328,0.581286274509804,0.662140068435018,0.17350344698505787
CICIoT2023,LOF,0,5,99,0.01,0.8528093076049943,0.47141960784313724,0.6071926457217901,0.08090276694637677
CICIoT2023,LOF,0,5,99.5,0.005,0.9002227880331,0.26621176470588237,0.4109101474540568,0.029338366035499268
CICIoT2023,LOF,0,5,99.9,0.001,0.9619310575635877,0.1803450980392157,0.3037436263242715,0.007096733942664629
CICIoT2023,LOF,0,5,99.99,0.0001,0.9998660056277636,0.11705098039215686,0.20956847766559478,1.5597217456405777e-05
CICIoT2023,LOF,0,5,max,0.0,1.0,0.11170196078431373,0.20095666774844437,0.0
CICIoT2023,SNN_AE,0,6,90,0.1,0.9421718658034137,0.8035137254901961,0.8673360537767316,0.04903765168293976
CICIoT2023,SNN_AE,0,6,95,0.05,0.9827185244587009,0.7689098039215686,0.8627651148464315,0.01344480144742178
CICIoT2023,SNN_AE,0,6,96,0.04,0.9918007895535985,0.7172392156862745,0.8324654990350654,0.0058957481985213835
CICIoT2023,SNN_AE,0,6,97,0.03,0.9960478313741387,0.616721568627451,0.7617755904748987,0.0024331659231993014
CICIoT2023,SNN_AE,0,6,98,0.02,0.9971339239187077,0.5402823529411764,0.7008301794652667,0.001544124528184172
CICIoT2023,SNN_AE,0,6,99,0.01,0.9971335089903581,0.5402039215686274,0.7007640888418609,0.001544124528184172
CICIoT2023,SNN_AE,0,6,99.5,0.005,0.9971321804119232,0.5399529411764706,0.7005525536526545,0.001544124528184172
CICIoT2023,SNN_AE,0,6,99.9,0.001,0.9974872868680825,0.5230745098039216,0.6862728956575426,0.0013101662663380852
CICIoT2023,SNN_AE,0,6,99.99,0.0001,0.9977779209068659,0.4860078431372549,0.6536359992405224,0.0010762080044919987
CICIoT2023,SNN_AE,0,6,max,0.0,1.0,0.10614901960784313,0.19192535133372093,0.0
CICIoT2023,LSTM_AE,0,6,90,0.1,0.9947975044940256,0.7378666666666667,0.8472823884360787,0.003836915494275821
CICIoT2023,LSTM_AE,0,6,95,0.05,0.9961776947252187,0.7358745098039216,0.8464661409934863,0.00280749914215304
CICIoT2023,LSTM_AE,0,6,96,0.04,0.9966188916769446,0.7351686274509804,0.8461580125658988,0.0024799575755685187
CICIoT2023,LSTM_AE,0,6,97,0.03,0.9982693276666593,0.7147921568627451,0.8330758613124675,0.0012321801790560565
CICIoT2023,LSTM_AE,0,6,98,0.02,0.9979887859580693,0.5137254901960784,0.6782925667419175,0.0010294163521227812
CICIoT2023,LSTM_AE,0,6,99,0.01,0.9979886020784445,0.513678431372549,0.6782515041993309,0.0010294163521227812
CICIoT2023,LSTM_AE,0,6,99.5,0.005,0.9979884181651936,0.5136313725490196,0.6782104391052195,0.0010294163521227812
CICIoT2023,LSTM_AE,0,6,99.9,0.001,0.9979166666666667,0.4959058823529412,0.6625589437283874,0.0010294163521227812
CICIoT2023,LSTM_AE,0,6,99.99,0.0001,0.9978462056200572,0.4651137254901961,0.6344834964960147,0.0009982219172099697
CICIoT2023,LSTM_AE,0,6,max,0.0,1.0,0.10614901960784313,0.19192535133372093,0.0
CICIoT2023,CNN_AE,0,6,90,0.1,0.9904873900170093,0.7398901960784314,0.8470427669680617,0.007065539507751817
CICIoT2023,CNN_AE,0,6,95,0.05,0.9946122518241982,0.7355294117647059,0.845672443955489,0.0039616932339270675
CICIoT2023,CNN_AE,0,6,96,0.04,0.9949905542230052,0.7352941176470589,0.8456535661774653,0.0036809433197117635
CICIoT2023,CNN_AE,0,6,97,0.03,0.9971615288137831,0.7108705882352941,0.8300228028242533,0.0020120410518763452
CICIoT2023,CNN_AE,0,6,98,0.02,0.9976260725065283,0.46144313725490194,0.6310155839419972,0.0010918052219484045
CICIoT2023,CNN_AE,0,6,99,0.01,0.9976252671574448,0.4612862745098039,0.6308687397427784,0.0010918052219484045
CICIoT2023,CNN_AE,0,6,99.5,0.005,0.9976238968092329,0.4610196078431373,0.6306190322926725,0.0010918052219484045
CICIoT2023,CNN_AE,0,6,99.9,0.001,0.997623493464607,0.46094117647058824,0.630545571589507,0.0010918052219484045
CICIoT2023,CNN_AE,0,6,99.99,0.0001,0.9975513345226852,0.4473254901960784,0.6176722224027205,0.0010918052219484045
CICIoT2023,CNN_AE,0,6,max,0.0,1.0,0.10614901960784313,0.19192535133372093,0.0
CICIoT2023,SNN_Dense,0,6,90,0.1,0.8643118190594401,0.7864627450980393,0.8235516352108281,0.12276569859936987
CICIoT2023,SNN_Dense,0,6,95,0.05,0.9718928593219305,0.7496,0.8463943180509923,0.021555354524752785
CICIoT2023,SNN_Dense,0,6,96,0.04,0.98965257744889,0.7426352941176471,0.8485321002258307,0.00772062264092086
CICIoT2023,SNN_Dense,0,6,97,0.03,0.9950772038517878,0.6500078431372549,0.7863520347651171,0.0031974295785631842
CICIoT2023,SNN_Dense,0,6,98,0.02,0.9969523907086332,0.610635294117647,0.7573761880210511,0.0018560688773122875
CICIoT2023,SNN_Dense,0,6,99,0.01,0.9970643524837123,0.607356862745098,0.7548814130996364,0.0017780827900302585
CICIoT2023,SNN_Dense,0,6,99.5,0.005,0.997265696205828,0.600721568627451,0.749791974625799,0.0016377078329226065
CICIoT2023,SNN_Dense,0,6,99.9,0.001,0.9976969632049703,0.5844078431372549,0.7370711826850789,0.0013413607012508968
CICIoT2023,SNN_Dense,0,6,99.99,0.0001,0.9974678346564467,0.45725490196078433,0.6270570266956353,0.0011541940917740275
CICIoT2023,SNN_Dense,0,6,max,0.0,1.0,0.10614901960784313,0.19192535133372093,0.0
CICIoT2023,Dense_SNN,0,6,90,0.1,0.9679911485529049,0.7822431372549019,0.8652606556950385,0.025719811585613126
CICIoT2023,Dense_SNN,0,6,95,0.05,0.9830753837310796,0.7243607843137255,0.834117572681376,0.012399787877842593
CICIoT2023,Dense_SNN,0,6,96,0.04,0.9890863113063153,0.699435294117647,0.8194172616258235,0.007673830988551642
CICIoT2023,Dense_SNN,0,6,97,0.03,0.995591592537196,0.5951529411764706,0.7449709893087503,0.0026203325326761705
CICIoT2023,Dense_SNN,0,6,98,0.02,0.9968481651818737,0.4861960784313725,0.6536064865092837,0.0015285273107277662
CICIoT2023,Dense_SNN,0,6,99,0.01,0.9968363816114681,0.47449411764705884,0.6429459588713534,0.0014973328758149545
CICIoT2023,Dense_SNN,0,6,99.5,0.005,0.996983512151647,0.45623529411764707,0.6260021738428592,0.0013725551361637085
CICIoT2023,Dense_SNN,0,6,99.9,0.001,0.9970697738554881,0.4536941176470588,0.6236227603009983,0.001325763483794491
CICIoT2023,Dense_SNN,0,6,99.99,0.0001,0.9975776999329209,0.4199058823529412,0.5910315287467985,0.0010138191346663755
CICIoT2023,Dense_SNN,0,6,max,0.0,1.0,0.10614901960784313,0.19192535133372093,0.0
CICIoT2023,Dense_AE,0,6,90,0.1,0.9786807278742763,0.7424156862745098,0.8443314601730444,0.016080731197554356
CICIoT2023,Dense_AE,0,6,95,0.05,0.9935078802374749,0.729756862745098,0.8414484155693821,0.004741554106747356
CICIoT2023,Dense_AE,0,6,96,0.04,0.9937653990358865,0.7275921568627451,0.8400996151233869,0.004538790279814081
CICIoT2023,Dense_AE,0,6,97,0.03,0.9966668128590851,0.7129411764705882,0.8312605164971834,0.002370777053373678
CICIoT2023,Dense_AE,0,6,98,0.02,0.9979477657521194,0.6407372549019608,0.7804090522635435,0.0013101662663380852
CICIoT2023,Dense_AE,0,6,99,0.01,0.9978735253911194,0.618321568627451,0.7635300042614187,0.0013101662663380852
CICIoT2023,Dense_AE,0,6,99.5,0.005,0.9978484157680387,0.6110901960784314,0.7579846484614412,0.0013101662663380852
CICIoT2023,Dense_AE,0,6,99.9,0.001,0.9978410054745933,0.6089882352941176,0.7563634238288669,0.0013101662663380852
CICIoT2023,Dense_AE,0,6,99.99,0.0001,0.9973979113902092,0.4509490196078431,0.6210882222678318,0.0011697913092304332
CICIoT2023,Dense_AE,0,6,max,0.0,1.0,0.19297254901960784,0.3235154894019881,0.0
CICIoT2023,SNN_AE_T2,0,6,90,0.1,0.9226150370575879,0.7303058823529411,0.815273351311596,0.06090713416726456
CICIoT2023,SNN_AE_T2,0,6,95,0.05,0.9444237070216913,0.7143843137254902,0.8134533633408353,0.041800542783167485
CICIoT2023,SNN_AE_T2,0,6,96,0.04,0.9668522539177541,0.705521568627451,0.8157687110611322,0.02405090931777771
CICIoT2023,SNN_AE_T2,0,6,97,0.03,0.9931419587433249,0.5747137254901961,0.7280929243548852,0.003946096016470661
CICIoT2023,SNN_AE_T2,0,6,98,0.02,0.9966497698537552,0.536643137254902,0.6976426444797912,0.0017936800074866645
CICIoT2023,SNN_AE_T2,0,6,99,0.01,0.9967897271268058,0.5357647058823529,0.6969341427332552,0.0017156939202046355
CICIoT2023,SNN_AE_T2,0,6,99.5,0.005,0.9971748052102539,0.5259764705882353,0.6886912586263555,0.0014817356583585488
CICIoT2023,SNN_AE_T2,0,6,99.9,0.001,0.9974859150663355,0.5165647058823529,0.6806456946798396,0.0012945690488816795
CICIoT2023,SNN_AE_T2,0,6,99.99,0.0001,0.9995397462029062,0.47692549019607844,0.6457395293517968,0.00021836104438968087
CICIoT2023,SNN_AE_T2,0,6,max,0.0,1.0,0.10614901960784313,0.19192535133372093,0.0
CICIoT2023,SNN_AE_T5,0,6,90,0.1,0.9083410886662652,0.7808313725490196,0.8397735995478739,0.07834482328352622
CICIoT2023,SNN_AE_T5,0,6,95,0.05,0.9803545860355428,0.7303372549019608,0.8370759245608673,0.014552203886826591
CICIoT2023,SNN_AE_T5,0,6,96,0.04,0.9871822490305903,0.7188235294117648,0.8318961604792593,0.009280344386561437
CICIoT2023,SNN_AE_T5,0,6,97,0.03,0.9933960424992689,0.6394509803921569,0.7780619548412956,0.004226845930685966
CICIoT2023,SNN_AE_T5,0,6,98,0.02,0.997041650447645,0.6026823529411764,0.7512538495380555,0.0017780827900302585
CICIoT2023,SNN_AE_T5,0,6,99,0.01,0.9970562950999036,0.6003764705882353,0.749463955275757,0.0017624855725738527
CICIoT2023,SNN_AE_T5,0,6,99.5,0.005,0.9971018276762402,0.599043137254902,0.74843704066634,0.0017312911376610412
CICIoT2023,SNN_AE_T5,0,6,99.9,0.001,0.9975974516790843,0.5796862745098039,0.7332777744707026,0.0013881523536201142
CICIoT2023,SNN_AE_T5,0,6,99.99,0.0001,0.9977487618190004,0.4866509803921569,0.6542111256378896,0.0010918052219484045
CICIoT2023,SNN_AE_T5,0,6,max,0.0,1.0,0.10614901960784313,0.19192535133372093,0.0
CICIoT2023,SNN_AE_T7,0,6,90,0.1,0.9366598440006638,0.7968,0.8610878022732473,0.053576441962753844
CICIoT2023,SNN_AE_T7,0,6,95,0.05,0.9787497676723871,0.7434352941176471,0.8450161803642587,0.016049536762641543
CICIoT2023,SNN_AE_T7,0,6,96,0.04,0.9870977373056663,0.7260549019607843,0.8366880270424165,0.009436316561125495
CICIoT2023,SNN_AE_T7,0,6,97,0.03,0.9955787689276796,0.6817254901960784,0.809288381143916,0.003010262969086315
CICIoT2023,SNN_AE_T7,0,6,98,0.02,0.9976268005960593,0.5670901960784314,0.7231267752130256,0.0013413607012508968
CICIoT2023,SNN_AE_T7,0,6,99,0.01,0.9976447769465225,0.5647843137254902,0.7212540064102564,0.001325763483794491
CICIoT2023,SNN_AE_T7,0,6,99.5,0.005,0.9976760464790704,0.5589333333333333,0.7164731312521991,0.0012945690488816795
CICIoT2023,SNN_AE_T7,0,6,99.9,0.001,0.9977058373693601,0.552564705882353,0.7112268693782366,0.001263374613968868
CICIoT2023,SNN_AE_T7,0,6,99.99,0.0001,0.9995955183432431,0.38765490196078434,0.5586563132255038,0.00015597217456405778
CICIoT2023,SNN_AE_T7,0,6,max,0.0,1.0,0.10614901960784313,0.19192535133372093,0.0
CICIoT2023,SNN_AE_noBN,0,6,90,0.1,0.956046783162811,0.7578039215686274,0.8454598752198529,0.03464141997067723
CICIoT2023,SNN_AE_noBN,0,6,95,0.05,0.9829626023831192,0.7285333333333334,0.8368363678952063,0.012555760052406651
CICIoT2023,SNN_AE_noBN,0,6,96,0.04,0.9860860989623531,0.7214901960784313,0.8332880410167218,0.01012259412920735
CICIoT2023,SNN_AE_noBN,0,6,97,0.03,0.9925982110163729,0.5953098039215686,0.7442540006275494,0.004414012540162835
CICIoT2023,SNN_AE_noBN,0,6,98,0.02,0.9918484998760229,0.5019764705882352,0.6665902889161996,0.00410206819103472
CICIoT2023,SNN_AE_noBN,0,6,99,0.01,0.991554221239814,0.4714509803921569,0.63905338025324,0.003992887668839879
CICIoT2023,SNN_AE_noBN,0,6,99.5,0.005,0.9915276674609479,0.4699607843137255,0.6376774578038865,0.003992887668839879
CICIoT2023,SNN_AE_noBN,0,6,99.9,0.001,0.9953872211611229,0.43327058823529413,0.6037443032164286,0.0019964438344199395
CICIoT2023,SNN_AE_noBN,0,6,99.99,0.0001,0.9996442908684384,0.3085803921568627,0.4715866185618909,0.00010918052219484044
CICIoT2023,SNN_AE_noBN,0,6,max,0.0,1.0,0.10614901960784313,0.19192535133372093,0.0
CICIoT2023,IF,0,6,90,0.1,0.9155378326386663,0.7166901960784313,0.8040016189487391,0.06574227157875034
CICIoT2023,IF,0,6,95,0.05,0.9587298527959139,0.6242196078431372,0.7561302336186667,0.026718033502823098
CICIoT2023,IF,0,6,96,0.04,0.9669719196215442,0.34949019607843135,0.5134172898111555,0.011869482484324796
CICIoT2023,IF,0,6,97,0.03,0.9805966089400671,0.1696470588235294,0.2892523301996549,0.0033378045356708365
CICIoT2023,IF,0,6,98,0.02,0.9873316442192293,0.11614117647058823,0.2078344959227498,0.0014817356583585488
CICIoT2023,IF,0,6,99,0.01,0.987083489329839,0.08271372549019608,0.15263706362531118,0.0010762080044919987
CICIoT2023,IF,0,6,99.5,0.005,0.9900756143667296,0.06572549019607843,0.12326792386219883,0.0006550831331690426
CICIoT2023,IF,0,6,99.9,0.001,1.0,0.026650980392156864,0.051918287521581695,0.0
CICIoT2023,IF,0,6,99.99,0.0001,1.0,0.0068392156862745095,0.013585517090954414,0.0
CICIoT2023,IF,0,6,max,0.0,1.0,7.843137254901961e-05,0.00015685044310250176,0.0
CICIoT2023,OCSVM,0,6,90,0.1,0.9511771726158186,0.550086274509804,0.6970522172971039,0.028074991421530398
CICIoT2023,OCSVM,0,6,95,0.05,0.9780642382476002,0.49868235294117647,0.6605647557504104,0.011120816046417318
CICIoT2023,OCSVM,0,6,96,0.04,0.9885259492621455,0.4675921568627451,0.6348756722219263,0.0053966372399163985
CICIoT2023,OCSVM,0,6,97,0.03,0.996218805142425,0.43394509803921566,0.6045520602279308,0.0016377078329226065
CICIoT2023,OCSVM,0,6,98,0.02,1.0,0.2635137254901961,0.4171125650225329,0.0
CICIoT2023,OCSVM,0,6,99,0.01,1.0,0.26219607843137255,0.4154601379481762,0.0
CICIoT2023,OCSVM,0,6,99.5,0.005,1.0,0.2612862745098039,0.41431716144116804,0.0
CICIoT2023,OCSVM,0,6,99.9,0.001,1.0,0.26048627450980394,0.41331076708646525,0.0
CICIoT2023,OCSVM,0,6,99.99,0.0001,1.0,0.25769411764705885,0.40978822120781266,0.0
CICIoT2023,OCSVM,0,6,max,0.0,0.0,0.0,0.0,0.0
CICIoT2023,LOF,0,6,90,0.1,0.9586452268736716,0.325443137254902,0.48592373992879895,0.01395950962348317
CICIoT2023,LOF,0,6,95,0.05,0.9986566362170876,0.11661176470588236,0.20883782341208532,0.00015597217456405778
CICIoT2023,LOF,0,6,96,0.04,0.9986502901876096,0.11606274509803921,0.20795682907292118,0.00015597217456405778
CICIoT2023,LOF,0,6,97,0.03,0.9986258073381888,0.1139921568627451,0.20462640967519394,0.00015597217456405778
CICIoT2023,LOF,0,6,98,0.02,1.0,0.10795294117647058,0.1948691811077132,0.0
CICIoT2023,LOF,0,6,99,0.01,1.0,0.10795294117647058,0.1948691811077132,0.0
CICIoT2023,LOF,0,6,99.5,0.005,1.0,0.10795294117647058,0.1948691811077132,0.0
CICIoT2023,LOF,0,6,99.9,0.001,1.0,0.10795294117647058,0.1948691811077132,0.0
CICIoT2023,LOF,0,6,99.99,0.0001,1.0,0.10795294117647058,0.1948691811077132,0.0
CICIoT2023,LOF,0,6,max,0.0,1.0,0.10795294117647058,0.1948691811077132,0.0
CICIoT2023,SNN_AE,0,7,90,0.1,0.8607992815446789,0.7818352941176471,0.8194193272613685,0.12571161194728223
CICIoT2023,SNN_AE,0,7,95,0.05,0.8609082813891362,0.7582745098039215,0.8063386155129274,0.1218123684005303
CICIoT2023,SNN_AE,0,7,96,0.04,0.859403609730578,0.721521568627451,0.7844498260454329,0.1173672307572331
CICIoT2023,SNN_AE,0,7,97,0.03,0.8570259854894615,0.6244392156862745,0.7224747955970562,0.10357950557591827
CICIoT2023,SNN_AE,0,7,98,0.02,0.8991057262368383,0.5866823529411764,0.7100467023578995,0.0654605006628714
CICIoT2023,SNN_AE,0,7,99,0.01,0.905153563264089,0.5714039215686274,0.7005596476719812,0.05953365047180847
CICIoT2023,SNN_AE,0,7,99.5,0.005,0.9047178075334752,0.5670274509803922,0.6971312858589268,0.05937768072993839
CICIoT2023,SNN_AE,0,7,99.9,0.001,0.9024060108836772,0.5124392156862745,0.6536803033486408,0.055104109802698274
CICIoT2023,SNN_AE,0,7,99.99,0.0001,0.9997986793364471,0.3895058823529412,0.5606077709796131,7.79848709350386e-05
CICIoT2023,SNN_AE,0,7,max,0.0,0.9999575695858791,0.369678431372549,0.5397970636065874,1.559697418700772e-05
CICIoT2023,LSTM_AE,0,7,90,0.1,0.8776747108171034,0.7450666666666667,0.8059524213526996,0.10325196911799112
CICIoT2023,LSTM_AE,0,7,95,0.05,0.8797533020007059,0.7428705882352942,0.8055383097609309,0.10095921391250097
CICIoT2023,LSTM_AE,0,7,96,0.04,0.8799903307982669,0.7423529411764705,0.8053331518178491,0.10066287140294783
CICIoT2023,LSTM_AE,0,7,97,0.03,0.8878659112370161,0.7079529411764706,0.7877677122061056,0.08890275286594401
CICIoT2023,LSTM_AE,0,7,98,0.02,0.887710481014662,0.7037490196078431,0.785097428448932,0.08851282851126882
CICIoT2023,LSTM_AE,0,7,99,0.01,0.9162868054700012,0.7,0.7936719667057945,0.06358886376043048
CICIoT2023,LSTM_AE,0,7,99.5,0.005,0.9163344967884508,0.6959686274509804,0.7910920129447531,0.06318334243156827
CICIoT2023,LSTM_AE,0,7,99.9,0.001,0.9974716391097508,0.470321568627451,0.6392350414139368,0.0011853700382125868
CICIoT2023,LSTM_AE,0,7,99.99,0.0001,0.9974620984438656,0.4685490196078431,0.6375939207650272,0.0011853700382125868
CICIoT2023,LSTM_AE,0,7,max,0.0,0.9974609962249023,0.4683450980392157,0.6374048653437657,0.0011853700382125868
CICIoT2023,CNN_AE,0,7,90,0.1,0.8733969031580789,0.7830431372549019,0.8257557586534883,0.11285970521718787
CICIoT2023,CNN_AE,0,7,95,0.05,0.8737769609168063,0.7606588235294117,0.8133034793328133,0.10925680417998908
CICIoT2023,CNN_AE,0,7,96,0.04,0.8742723672925676,0.7515450980392157,0.8082766066924782,0.10746315214848319
CICIoT2023,CNN_AE,0,7,97,0.03,0.8799533367898674,0.7454274509803922,0.8071233248976681,0.10111518365437105
CICIoT2023,CNN_AE,0,7,98,0.02,0.9148136361828235,0.7214901960784313,0.8067316799382607,0.06680184044295406
CICIoT2023,CNN_AE,0,7,99,0.01,0.9177660067269542,0.7147921568627451,0.8036613433743971,0.06368244560555253
CICIoT2023,CNN_AE,0,7,99.5,0.005,0.9225705000524164,0.6902274509803922,0.7896630624971959,0.05759962567261951
CICIoT2023,CNN_AE,0,7,99.9,0.001,0.920586282620908,0.565521568627451,0.7006374378109452,0.04850658972159401
CICIoT2023,CNN_AE,0,7,99.99,0.0001,0.915569240920463,0.5223843137254902,0.6652217772140268,0.04789830772830071
CICIoT2023,CNN_AE,0,7,max,0.0,0.9999647936910294,0.4455372549019608,0.6164246804262431,1.559697418700772e-05
CICIoT2023,SNN_Dense,0,7,90,0.1,0.8744085173501577,0.7652549019607843,0.8161984909069615,0.1092879981283631
CICIoT2023,SNN_Dense,0,7,95,0.05,0.8770466311764813,0.7520313725490196,0.8097421735789143,0.10482726351087888
CICIoT2023,SNN_Dense,0,7,96,0.04,0.8900663507109005,0.736486274509804,0.8060257510729615,0.09044685331045776
CICIoT2023,SNN_Dense,0,7,97,0.03,0.8905994291151285,0.7341333333333333,0.8048323301805675,0.08966700460110738
CICIoT2023,SNN_Dense,0,7,98,0.02,0.8981587327508778,0.6901803921568628,0.7805531409107843,0.07781330421898151
CICIoT2023,SNN_Dense,0,7,99,0.01,0.9009070015595502,0.6886745098039215,0.7806226774061628,0.07531778834906028
CICIoT2023,SNN_Dense,0,7,99.5,0.005,0.961622957572429,0.6591529411764706,0.7821643958007594,0.02615612571161195
CICIoT2023,SNN_Dense,0,7,99.9,0.001,0.9763465106992695,0.6520156862745098,0.7818816248600962,0.015706153006316774
CICIoT2023,SNN_Dense,0,7,99.99,0.0001,0.9996823985263291,0.49374117647058824,0.6610105422319291,0.0001559697418700772
CICIoT2023,SNN_Dense,0,7,max,0.0,0.9998323160507077,0.4676549019607843,0.6372477770177839,7.79848709350386e-05
CICIoT2023,Dense_SNN,0,7,90,0.1,0.869513076909511,0.7733960784313726,0.8186429561737774,0.11540201200967012
CICIoT2023,Dense_SNN,0,7,95,0.05,0.8693140663479646,0.7530509803921569,0.8070166591019887,0.11256336270763471
CICIoT2023,Dense_SNN,0,7,96,0.04,0.8705000457080172,0.7468549019607843,0.8039512009793576,0.11047336816657569
CICIoT2023,Dense_SNN,0,7,97,0.03,0.8749437612477504,0.7321254901960784,0.7971885835311799,0.1040474148015285
CICIoT2023,Dense_SNN,0,7,98,0.02,0.8826951871657754,0.6473098039215687,0.74689592760181,0.08553380644155034
CICIoT2023,Dense_SNN,0,7,99,0.01,0.9069820160193441,0.5648470588235294,0.6961489386382089,0.05759962567261951
CICIoT2023,Dense_SNN,0,7,99.5,0.005,0.8946781669893799,0.4783686274509804,0.6234106055030869,0.05599313733135772
CICIoT2023,Dense_SNN,0,7,99.9,0.001,0.8938088032107375,0.4261960784313725,0.5771763606236989,0.05034703267566092
CICIoT2023,Dense_SNN,0,7,99.99,0.0001,0.9994033412887828,0.3415686274509804,0.509130444948444,0.00020276066443110038
CICIoT2023,Dense_SNN,0,7,max,0.0,0.9998609179415855,0.3383058823529412,0.5055555555555555,4.679092256102316e-05
CICIoT2023,Dense_AE,0,7,90,0.1,0.8517515951556485,0.7601098039215686,0.8033255692509179,0.13154488029322312
CICIoT2023,Dense_AE,0,7,95,0.05,0.8555231272662952,0.7586980392156862,0.804206675811614,0.12739608515947906
CICIoT2023,Dense_AE,0,7,96,0.04,0.8580331303375175,0.7580705882352942,0.8049603158078835,0.12471340559931374
CICIoT2023,Dense_AE,0,7,97,0.03,0.8726497134801633,0.747686274509804,0.8053492831859155,0.10849255244482571
CICIoT2023,Dense_AE,0,7,98,0.02,0.914240018724035,0.735278431372549,0.8150511645699481,0.06857989550027295
CICIoT2023,Dense_AE,0,7,99,0.01,0.916892502258356,0.7164705882352941,0.8043851538766346,0.06457147313421197
CICIoT2023,Dense_AE,0,7,99.5,0.005,0.9226283779547307,0.6924705882352942,0.7911502997392403,0.05773999844030258
CICIoT2023,Dense_AE,0,7,99.9,0.001,0.9994844530368938,0.48657254901960784,0.6545128448594187,0.0002495515869921235
CICIoT2023,Dense_AE,0,7,99.99,0.0001,0.9995638901003053,0.46738823529411766,0.6369456706463301,0.00020276066443110038
CICIoT2023,Dense_AE,0,7,max,0.0,0.9999305169538633,0.45148235294117645,0.6220848552964315,3.119394837401544e-05
CICIoT2023,SNN_AE_T2,0,7,90,0.1,0.8662532070804954,0.7361725490196078,0.795933077242701,0.11301567495905794
CICIoT2023,SNN_AE_T2,0,7,95,0.05,0.8745491134145879,0.7226039215686274,0.7913488627774342,0.10306480542774701
CICIoT2023,SNN_AE_T2,0,7,96,0.04,0.8848343335713321,0.7192627450980392,0.7935035605818068,0.09308274194806207
CICIoT2023,SNN_AE_T2,0,7,97,0.03,0.8898238747553816,0.7132549019607843,0.791815411406182,0.08781096467285347
CICIoT2023,SNN_AE_T2,0,7,98,0.02,0.8950294177317915,0.6920156862745098,0.7805378627034678,0.08069874444357794
CICIoT2023,SNN_AE_T2,0,7,99,0.01,0.8935857301930794,0.6671686274509804,0.7639541253917932,0.0789986742571941
CICIoT2023,SNN_AE_T2,0,7,99.5,0.005,0.9268903700298782,0.6326117647058823,0.7519858288271489,0.04961397488887156
CICIoT2023,SNN_AE_T2,0,7,99.9,0.001,0.9960363383867608,0.5400313725490196,0.7003478650039668,0.0021367854636200577
CICIoT2023,SNN_AE_T2,0,7,99.99,0.0001,0.9994645117320612,0.3220549019607843,0.4871399421060124,0.00017156671605708491
CICIoT2023,SNN_AE_T2,0,7,max,0.0,0.9998338410412628,0.28316862745098037,0.44134221624595066,4.679092256102316e-05
CICIoT2023,SNN_AE_T5,0,7,90,0.1,0.8515619527912026,0.7628392156862746,0.804762613976733,0.13221555018326445
CICIoT2023,SNN_AE_T5,0,7,95,0.05,0.8665513220746982,0.7227921568627451,0.7881700933939995,0.11067612883100679
CICIoT2023,SNN_AE_T5,0,7,96,0.04,0.870291136592694,0.7178980392156863,0.7867832245975055,0.10638696092957967
CICIoT2023,SNN_AE_T5,0,7,97,0.03,0.8697460997246864,0.6689882352941177,0.7562707806889214,0.09961787413241831
CICIoT2023,SNN_AE_T5,0,7,98,0.02,0.8772002439874521,0.6316392156862745,0.7344374122239041,0.08792014349216253
CICIoT2023,SNN_AE_T5,0,7,99,0.01,0.9096613727637824,0.6253333333333333,0.7411642218379907,0.061748420806363565
CICIoT2023,SNN_AE_T5,0,7,99.5,0.005,0.9148354828999468,0.6197490196078431,0.7389210469715815,0.057365671059814397
CICIoT2023,SNN_AE_T5,0,7,99.9,0.001,0.9228904219156169,0.5791843137254902,0.7117137955627518,0.04811666536691882
CICIoT2023,SNN_AE_T5,0,7,99.99,0.0001,0.999682590065069,0.4940392156862745,0.6612776232218781,0.0001559697418700772
CICIoT2023,SNN_AE_T5,0,7,max,0.0,0.9999634315804871,0.4289411764705882,0.6003556687450602,1.559697418700772e-05
CICIoT2023,SNN_AE_T7,0,7,90,0.1,0.8735163762019231,0.7296156862745098,0.7951076086770714,0.105045621149497
CICIoT2023,SNN_AE_T7,0,7,95,0.05,0.8773091869747497,0.7188705882352942,0.7902264908998421,0.09996100756453248
CICIoT2023,SNN_AE_T7,0,7,96,0.04,0.878912193524778,0.7158274509803921,0.7890309584943502,0.09805817671371754
CICIoT2023,SNN_AE_T7,0,7,97,0.03,0.8854056428585692,0.6955607843137255,0.7790847835826796,0.08951103485923731
CICIoT2023,SNN_AE_T7,0,7,98,0.02,0.9046651203940604,0.5934745098039216,0.7167498650197497,0.06218513608359978
CICIoT2023,SNN_AE_T7,0,7,99,0.01,0.9114123964331705,0.5884078431372549,0.7151286377458129,0.05686656788583015
CICIoT2023,SNN_AE_T7,0,7,99.5,0.005,0.9089771101573677,0.5581333333333334,0.6916049526697379,0.05557201902830851
CICIoT2023,SNN_AE_T7,0,7,99.9,0.001,0.9993949316628702,0.4404549019607843,0.611436535069573,0.00026514856117913126
CICIoT2023,SNN_AE_T7,0,7,99.99,0.0001,0.9996833188187791,0.3961411764705882,0.5674291106817058,0.00012477579349606176
CICIoT2023,SNN_AE_T7,0,7,max,0.0,0.999957848592143,0.37212549019607843,0.5424011706335597,1.559697418700772e-05
CICIoT2023,SNN_AE_noBN,0,7,90,0.1,0.874506315602206,0.7710745098039216,0.8195398466155385,0.11002105591515246
CICIoT2023,SNN_AE_noBN,0,7,95,0.05,0.8844404525301942,0.7259764705882353,0.7974120849773428,0.09431490290883568
CICIoT2023,SNN_AE_noBN,0,7,96,0.04,0.9086117057801834,0.7057098039215687,0.7944095211188021,0.07057630819620994
CICIoT2023,SNN_AE_noBN,0,7,97,0.03,0.9065971483294318,0.6682509803921569,0.7693877551020409,0.06845511970677688
CICIoT2023,SNN_AE_noBN,0,7,98,0.02,0.9068523629206512,0.6649254901960784,0.7672703248169566,0.06790922561023162
CICIoT2023,SNN_AE_noBN,0,7,99,0.01,0.9085559971018947,0.6491294117647058,0.7572394484752554,0.06496139748888716
CICIoT2023,SNN_AE_noBN,0,7,99.5,0.005,0.9103918466120625,0.6137254901960785,0.7331859153345952,0.06006394759416673
CICIoT2023,SNN_AE_noBN,0,7,99.9,0.001,0.9103831363053696,0.5013176470588235,0.6465833796975368,0.04906808079232629
CICIoT2023,SNN_AE_noBN,0,7,99.99,0.0001,0.9997197702115735,0.33576470588235297,0.5026948955507803,9.358184512204632e-05
CICIoT2023,SNN_AE_noBN,0,7,max,0.0,0.9998473981382573,0.3083294117647059,0.4713160450311118,4.679092256102316e-05
CICIoT2023,IF,0,7,90,0.1,0.847237532930999,0.7112941176470589,0.7733369716298146,0.12752086095297513
CICIoT2023,IF,0,7,95,0.05,0.872233951051685,0.699921568627451,0.776634814544062,0.10194182328628246
CICIoT2023,IF,0,7,96,0.04,0.8824313677958912,0.6852235294117647,0.7714232735556673,0.09077438976838494
CICIoT2023,IF,0,7,97,0.03,0.8906756445912883,0.6681254901960785,0.7635138163142752,0.08154098104967636
CICIoT2023,IF,0,7,98,0.02,0.8953208643072322,0.6480156862745098,0.7518541099817091,0.07533338532324729
CICIoT2023,IF,0,7,99,0.01,0.8905426520829471,0.5274666666666666,0.66252253494764,0.06446229431490291
CICIoT2023,IF,0,7,99.5,0.005,0.8559046177138532,0.3547137254901961,0.5015637129865809,0.05937768072993839
CICIoT2023,IF,0,7,99.9,0.001,0.9469260553404476,0.15728627450980392,0.269764188380258,0.00876549949309834
CICIoT2023,IF,0,7,99.99,0.0001,0.9885462555066079,0.0176,0.03458426446790475,0.00020276066443110038
CICIoT2023,IF,0,7,max,0.0,1.0,0.0022117647058823527,0.00441376719725783,0.0
CICIoT2023,OCSVM,0,7,90,0.1,0.7891241386197942,0.49578039215686276,0.6089670719253965,0.13173204398346722
CICIoT2023,OCSVM,0,7,95,0.05,0.8283602593691615,0.47292549019607844,0.6021009326383481,0.09743429774623723
CICIoT2023,OCSVM,0,7,96,0.04,0.8318166592228674,0.46743529411764706,0.5985297366782494,0.09397176947672152
CICIoT2023,OCSVM,0,7,97,0.03,0.8326152276206135,0.4607529411764706,0.5932261582582705,0.09210013257428058
CICIoT2023,OCSVM,0,7,98,0.02,0.8275047258979206,0.412,0.550109959158027,0.08539343367386727
CICIoT2023,OCSVM,0,7,99,0.01,0.8230781732488217,0.3972078431372549,0.5358302914881234,0.08489433049988303
CICIoT2023,OCSVM,0,7,99.5,0.005,0.84921769680134,0.32608627450980393,0.47122828095070785,0.05756843172424549
CICIoT2023,OCSVM,0,7,99.9,0.001,0.8519654427645789,0.30938039215686275,0.45392405063291147,0.053450830538875456
CICIoT2023,OCSVM,0,7,99.99,0.0001,0.8482255575817085,0.28456470588235294,0.42616018887205326,0.05062777821102706
CICIoT2023,OCSVM,0,7,max,0.0,0.8426696699637646,0.2699450980392157,0.40890082212612266,0.05011307806285581
CICIoT2023,LOF,0,7,90,0.1,0.7449441904526546,0.5674196078431373,0.6441749474658974,0.1931685253060906
CICIoT2023,LOF,0,7,95,0.05,0.6601085776330076,0.2384156862745098,0.35030826851051566,0.12206191998752242
CICIoT2023,LOF,0,7,96,0.04,0.6103813066728668,0.164721568627451,0.259431281962596,0.10454651797551275
CICIoT2023,LOF,0,7,97,0.03,0.6170198933818749,0.14887843137254902,0.23987767274933022,0.09188177493566248
CICIoT2023,LOF,0,7,98,0.02,0.598819165846643,0.12409411764705883,0.20558464676914281,0.08266396319114092
CICIoT2023,LOF,0,7,99,0.01,0.6868922204213939,0.10636862745098039,0.18421124120507457,0.04821024721204086
CICIoT2023,LOF,0,7,99.5,0.005,0.6996904024767802,0.1063529411764706,0.184640522875817,0.04538719488419247
CICIoT2023,LOF,0,7,99.9,0.001,0.7028820236367406,0.1063529411764706,0.1847512126001417,0.04470092801996413
CICIoT2023,LOF,0,7,99.99,0.0001,0.7034654492633327,0.1063529411764706,0.18477135226467542,0.04457615222646807
CICIoT2023,LOF,0,7,max,0.0,0.7035384455743489,0.1063529411764706,0.18477387003147694,0.04456055525228106
CICIoT2023,SNN_AE,0,8,90,0.1,0.9182346723044398,0.8175529411764706,0.864973861090366,0.07238668621517921
CICIoT2023,SNN_AE,0,8,95,0.05,0.9828231667033693,0.7700862745098039,0.8635456152540435,0.013382412577596156
CICIoT2023,SNN_AE,0,8,96,0.04,0.9894176357884419,0.696643137254902,0.81761110497441,0.007408678291792744
CICIoT2023,SNN_AE,0,8,97,0.03,0.996008903215903,0.6106823529411765,0.7571399399048981,0.0024331659231993014
CICIoT2023,SNN_AE,0,8,98,0.02,0.998171533055254,0.5480470588235294,0.7075907323395982,0.0009982219172099697
CICIoT2023,SNN_AE,0,8,99,0.01,0.9982218653206378,0.5459764705882353,0.7058751951976312,0.0009670274822971582
CICIoT2023,SNN_AE,0,8,99.5,0.005,0.998245361714368,0.5443764705882352,0.7045424554636349,0.0009514302648407524
CICIoT2023,SNN_AE,0,8,99.9,0.001,0.9997087201893319,0.4306980392156863,0.602028175190484,0.00012477773965124622
CICIoT2023,SNN_AE,0,8,99.99,0.0001,0.9998541848935549,0.430243137254902,0.6016099668794279,6.238886982562311e-05
CICIoT2023,SNN_AE,0,8,max,0.0,0.99992812477539,0.21822745098039215,0.3582658408766079,1.5597217456405777e-05
CICIoT2023,LSTM_AE,0,8,90,0.1,0.8685867937126667,0.7549960784313725,0.807817862927251,0.11357893751754687
CICIoT2023,LSTM_AE,0,8,95,0.05,0.9140851934886441,0.7354980392156862,0.815124516493546,0.06873693733038026
CICIoT2023,LSTM_AE,0,8,96,0.04,0.9210856949125501,0.724486274509804,0.8110419428762085,0.06171818947499766
CICIoT2023,LSTM_AE,0,8,97,0.03,0.9949490454363402,0.7014117647058824,0.82278364553049,0.0035405683626041112
CICIoT2023,LSTM_AE,0,8,98,0.02,0.9950807995370164,0.7012549019607843,0.8227207479112224,0.0034469850578656767
CICIoT2023,LSTM_AE,0,8,99,0.01,0.9951241233440944,0.7011137254901961,0.822638384024295,0.0034157906229528652
CICIoT2023,LSTM_AE,0,8,99.5,0.005,0.9963524883637666,0.6984313725490197,0.8212065880964239,0.0025423464453941417
CICIoT2023,LSTM_AE,0,8,99.9,0.001,0.9997932068448534,0.30335686274509804,0.4654784398204421,6.238886982562311e-05
CICIoT2023,LSTM_AE,0,8,99.99,0.0001,0.9999478269943132,0.30064313725490194,0.46229361892012494,1.5597217456405777e-05
CICIoT2023,LSTM_AE,0,8,max,0.0,1.0,0.288956862745098,0.4483576931034063,0.0
CICIoT2023,CNN_AE,0,8,90,0.1,0.9078125291407897,0.7635450980392157,0.8294524107728618,0.07709704588701376
CICIoT2023,CNN_AE,0,8,95,0.05,0.9308330528108354,0.7373803921568628,0.82288995282317,0.05448108057522538
CICIoT2023,CNN_AE,0,8,96,0.04,0.9328101912862905,0.7328156862745098,0.8208061002178648,0.05248463674080544
CICIoT2023,CNN_AE,0,8,97,0.03,0.9991391298589497,0.7100235294117647,0.8301284696432009,0.0006082914807998254
CICIoT2023,CNN_AE,0,8,98,0.02,0.999686995882792,0.6512941176470588,0.7887313241453986,0.0002027638269332751
CICIoT2023,CNN_AE,0,8,99,0.01,0.9996862858659716,0.6498196078431373,0.7876488986490983,0.0002027638269332751
CICIoT2023,CNN_AE,0,8,99.5,0.005,0.9996857550339626,0.648721568627451,0.7868415795431845,0.0002027638269332751
CICIoT2023,CNN_AE,0,8,99.9,0.001,0.9996891943226163,0.45408627450980393,0.6245051614225463,0.000140374957107652
CICIoT2023,CNN_AE,0,8,99.99,0.0001,0.9998265875906079,0.45220392156862743,0.6227493168292235,7.798608728202889e-05
CICIoT2023,CNN_AE,0,8,max,0.0,0.9998568155784651,0.43814901960784314,0.6092969482799991,6.238886982562311e-05
CICIoT2023,SNN_Dense,0,8,90,0.1,0.9146760886316224,0.7634352941176471,0.8322403577321967,0.07081136725208223
CICIoT2023,SNN_Dense,0,8,95,0.05,0.9850642364407316,0.7324705882352941,0.840193247145826,0.01104282995913529
CICIoT2023,SNN_Dense,0,8,96,0.04,0.9932398868274983,0.7213803921568628,0.8357579667608654,0.004881929063855008
CICIoT2023,SNN_Dense,0,8,97,0.03,0.9980701934952655,0.6084549019607843,0.7560176973902197,0.0011697913092304332
CICIoT2023,SNN_Dense,0,8,98,0.02,0.9981286063315485,0.6023843137254902,0.7513304116450148,0.001122999656861216
CICIoT2023,SNN_Dense,0,8,99,0.01,0.9981709866220736,0.5992470588235295,0.7488972966615044,0.0010918052219484045
CICIoT2023,SNN_Dense,0,8,99.5,0.005,0.9982900586641412,0.5952627450980392,0.7458113459705394,0.0010138191346663755
CICIoT2023,SNN_Dense,0,8,99.9,0.001,0.9997887532215134,0.3712,0.5413926034386117,7.798608728202889e-05
CICIoT2023,SNN_Dense,0,8,99.99,0.0001,0.9999576396831449,0.3702901960784314,0.5404489623041084,1.5597217456405777e-05
CICIoT2023,SNN_Dense,0,8,max,0.0,1.0,0.20420392156862746,0.33915172988745307,0.0
CICIoT2023,Dense_SNN,0,8,90,0.1,0.9765322138386188,0.8100392156862745,0.885527861374763,0.01935614686339957
CICIoT2023,Dense_SNN,0,8,95,0.05,0.9966702422454635,0.6995921568627451,0.8221165367103542,0.0023239854010044607
CICIoT2023,Dense_SNN,0,8,96,0.04,0.9966513564269068,0.6909647058823529,0.8161227268937533,0.002308388183548055
CICIoT2023,Dense_SNN,0,8,97,0.03,0.9980635263938837,0.6225254901960784,0.7667829161554587,0.0012009857441432448
CICIoT2023,Dense_SNN,0,8,98,0.02,0.9988310929281122,0.6165803921568628,0.7624802382083936,0.0007174720029946657
CICIoT2023,Dense_SNN,0,8,99,0.01,0.999006445367233,0.6151215686274509,0.7614147160762308,0.0006082914807998254
CICIoT2023,Dense_SNN,0,8,99.5,0.005,0.9990818668706962,0.6144941176470589,0.760955710955711,0.000561499828430608
CICIoT2023,Dense_SNN,0,8,99.9,0.001,0.9997439098562694,0.48989803921568625,0.65757087662782,0.00012477773965124622
CICIoT2023,Dense_SNN,0,8,99.99,0.0001,0.9998715313463515,0.48834509803921566,0.6561979638724363,6.238886982562311e-05
CICIoT2023,Dense_SNN,0,8,max,0.0,1.0,0.3180235294117647,0.4825764067409311,0.0
CICIoT2023,Dense_AE,0,8,90,0.1,0.9577987779720624,0.764721568627451,0.8504391664994897,0.03350282309635961
CICIoT2023,Dense_AE,0,8,95,0.05,0.986127360855758,0.7403921568627451,0.8457720357661225,0.010356552391053436
CICIoT2023,Dense_AE,0,8,96,0.04,0.9946915808472236,0.7348235294117647,0.8452343362352834,0.0038993043641014444
CICIoT2023,Dense_AE,0,8,97,0.03,0.9963644089803819,0.6620392156862746,0.7955027377508035,0.0024019714882864895
CICIoT2023,Dense_AE,0,8,98,0.02,0.9963857983133726,0.6616470588235294,0.7952263793444756,0.0023863742708300838
CICIoT2023,Dense_AE,0,8,99,0.01,0.9964078082904003,0.661364705882353,0.7950294162015387,0.002370777053373678
CICIoT2023,Dense_AE,0,8,99.5,0.005,0.9966760055083337,0.658478431372549,0.7930252767597386,0.002183610443896809
CICIoT2023,Dense_AE,0,8,99.9,0.001,0.999745705244123,0.5550274509803922,0.7137842690282625,0.000140374957107652
CICIoT2023,Dense_AE,0,8,99.99,0.0001,0.9999144519219801,0.5500392156862746,0.7096885182861422,4.679165236921733e-05
CICIoT2023,Dense_AE,0,8,max,0.0,0.999901114114312,0.47584313725490196,0.6448218688886999,4.679165236921733e-05
CICIoT2023,SNN_AE_T2,0,8,90,0.1,0.9582843713278496,0.7419450980392157,0.8363510980655656,0.03211467074273949
CICIoT2023,SNN_AE_T2,0,8,95,0.05,0.9736013061374663,0.6641411764705882,0.7896341747717671,0.01790560563995383
CICIoT2023,SNN_AE_T2,0,8,96,0.04,0.9800905854142951,0.6347450980392156,0.7704903986214381,0.01282091274916555
CICIoT2023,SNN_AE_T2,0,8,97,0.03,0.9806073288237871,0.6321725490196078,0.7687509537616358,0.012430982312755405
CICIoT2023,SNN_AE_T2,0,8,98,0.02,0.9813374425203013,0.6293490196078432,0.7668826576447427,0.011900676919237609
CICIoT2023,SNN_AE_T2,0,8,99,0.01,0.9845458868283404,0.5846117647058824,0.7336128498877998,0.00912437221199738
CICIoT2023,SNN_AE_T2,0,8,99.5,0.005,0.9967235930296616,0.5392313725490196,0.6998442573723267,0.0017624855725738527
CICIoT2023,SNN_AE_T2,0,8,99.9,0.001,0.999607627717178,0.3996235294117647,0.5709803218432024,0.00015597217456405778
CICIoT2023,SNN_AE_T2,0,8,99.99,0.0001,0.9998030565621554,0.3981647058823529,0.5695214162310126,7.798608728202889e-05
CICIoT2023,SNN_AE_T2,0,8,max,0.0,0.9996484443663209,0.1784156862745098,0.30278990522841015,6.238886982562311e-05
CICIoT2023,SNN_AE_T5,0,8,90,0.1,0.9,0.7848,0.8384615384615385,0.08670493184015972
CICIoT2023,SNN_AE_T5,0,8,95,0.05,0.9831817615547527,0.7427764705882353,0.8462363285438559,0.01263374613968868
CICIoT2023,SNN_AE_T5,0,8,96,0.04,0.9916595197255574,0.7255058823529412,0.8379563366246943,0.006067317590541847
CICIoT2023,SNN_AE_T5,0,8,97,0.03,0.9968763170290305,0.6307607843137255,0.7726421166908453,0.001965249399507128
CICIoT2023,SNN_AE_T5,0,8,98,0.02,0.9985606141379678,0.5876392156862745,0.7398732052218909,0.000842249742645912
CICIoT2023,SNN_AE_T5,0,8,99,0.01,0.9985805725916602,0.584878431372549,0.737686593002206,0.0008266525251895062
CICIoT2023,SNN_AE_T5,0,8,99.5,0.005,0.9985786311950225,0.584078431372549,0.7370494269482769,0.0008266525251895062
CICIoT2023,SNN_AE_T5,0,8,99.9,0.001,0.9996489996489997,0.4020705882352941,0.573480551733396,0.000140374957107652
CICIoT2023,SNN_AE_T5,0,8,99.99,0.0001,0.999843957244285,0.4020392156862745,0.5734807124317551,6.238886982562311e-05
CICIoT2023,SNN_AE_T5,0,8,max,0.0,0.9998795325864354,0.2603921568627451,0.4131819992035046,3.1194434912811554e-05
CICIoT2023,SNN_AE_T7,0,8,90,0.1,0.913345904789013,0.8053490196078431,0.8559543855554259,0.07597404623015254
CICIoT2023,SNN_AE_T7,0,8,95,0.05,0.977756168712775,0.7570823529411764,0.8533842563123276,0.017125744767133542
CICIoT2023,SNN_AE_T7,0,8,96,0.04,0.9902755267423015,0.7379921568627451,0.8457203462191822,0.007205914464859469
CICIoT2023,SNN_AE_T7,0,8,97,0.03,0.9966397194896269,0.6420392156862745,0.7809727336907782,0.0021524160089839975
CICIoT2023,SNN_AE_T7,0,8,98,0.02,0.9970204841713222,0.6298823529411764,0.7720259552992068,0.0018716660947686932
CICIoT2023,SNN_AE_T7,0,8,99,0.01,0.9971974076020319,0.6251137254901961,0.7684861107093615,0.001746888355117447
CICIoT2023,SNN_AE_T7,0,8,99.5,0.005,0.9972371527603355,0.6228078431372549,0.7667529257270866,0.0017156939202046355
CICIoT2023,SNN_AE_T7,0,8,99.9,0.001,0.9996836068815503,0.3965019607843137,0.5677991800977144,0.00012477773965124622
CICIoT2023,SNN_AE_T7,0,8,99.99,0.0001,0.9998407453119401,0.39392941176470586,0.5651816759877121,6.238886982562311e-05
CICIoT2023,SNN_AE_T7,0,8,max,0.0,0.9997293640054127,0.23178039215686275,0.37631478415892017,6.238886982562311e-05
CICIoT2023,SNN_AE_noBN,0,8,90,0.1,0.8827511554784282,0.8059137254901961,0.8425843166517699,0.10643541192251302
CICIoT2023,SNN_AE_noBN,0,8,95,0.05,0.9272339322392167,0.7293803921568628,0.816492093733812,0.05691424649842468
CICIoT2023,SNN_AE_noBN,0,8,96,0.04,0.9751518498067366,0.6925490196078431,0.8099059848658564,0.0175468696384565
CICIoT2023,SNN_AE_noBN,0,8,97,0.03,0.993951450307804,0.5799843137254902,0.7325283063725248,0.0035093739276912997
CICIoT2023,SNN_AE_noBN,0,8,98,0.02,0.9941048628090193,0.574007843137255,0.7277844073190135,0.0033845961880400537
CICIoT2023,SNN_AE_noBN,0,8,99,0.01,0.9941795019630453,0.5680156862745098,0.7229692631747078,0.003306610100758025
CICIoT2023,SNN_AE_noBN,0,8,99.5,0.005,0.9962188938066067,0.5331450980392157,0.6945752909560935,0.0020120410518763452
CICIoT2023,SNN_AE_noBN,0,8,99.9,0.001,0.9996282834957873,0.37965490196078433,0.550305813874173,0.000140374957107652
CICIoT2023,SNN_AE_noBN,0,8,99.99,0.0001,0.9998674443266172,0.35496470588235296,0.5239285962353268,4.679165236921733e-05
CICIoT2023,SNN_AE_noBN,0,8,max,0.0,1.0,0.11143529411764706,0.20052502328732325,0.0
CICIoT2023,IF,0,8,90,0.1,0.9634557964429443,0.6984941176470588,0.8098537756438237,0.026343700283869356
CICIoT2023,IF,0,8,95,0.05,0.986970961423827,0.18180392156862746,0.30704833560727485,0.0023863742708300838
CICIoT2023,IF,0,8,96,0.04,0.98671309447448,0.16890980392156862,0.28844273602721565,0.0022615965311788377
CICIoT2023,IF,0,8,97,0.03,0.9862542955326461,0.14856470588235293,0.2582307472087031,0.0020588327042455625
CICIoT2023,IF,0,8,98,0.02,0.9852698412698413,0.12170980392156863,0.2166561954624782,0.0018092772249430702
CICIoT2023,IF,0,8,99,0.01,0.9853197674418605,0.10633725490196079,0.1919580914625513,0.0015753189630969835
CICIoT2023,IF,0,8,99.5,0.005,0.9859978730946473,0.08726274509803922,0.16033548535854278,0.0012321801790560565
CICIoT2023,IF,0,8,99.9,0.001,0.9943269726663229,0.06048627450980392,0.11403560655349856,0.0003431387840409271
CICIoT2023,IF,0,8,99.99,0.0001,1.0,0.023466666666666667,0.04585721730067743,0.0
CICIoT2023,IF,0,8,max,0.0,1.0,0.00023529411764705883,0.0004704775346977182,0.0
CICIoT2023,OCSVM,0,8,90,0.1,0.8498382194332778,0.543843137254902,0.663248713484973,0.09554855413794179
CICIoT2023,OCSVM,0,8,95,0.05,0.9852574423082994,0.4895686274509804,0.6541125677219235,0.007283900552141498
CICIoT2023,OCSVM,0,8,96,0.04,0.9911725955204216,0.4720313725490196,0.6395069599404952,0.004180054278316748
CICIoT2023,OCSVM,0,8,97,0.03,0.9987202168103286,0.41620392156862746,0.58755273093659,0.0005303053935177964
CICIoT2023,OCSVM,0,8,98,0.02,0.999940234281616,0.2624470588235294,0.4157699858353421,1.5597217456405777e-05
CICIoT2023,OCSVM,0,8,99,0.01,0.999939893009557,0.26095686274509805,0.4138977695398509,1.5597217456405777e-05
CICIoT2023,OCSVM,0,8,99.5,0.005,0.999939682731166,0.2600470588235294,0.412752555117081,1.5597217456405777e-05
CICIoT2023,OCSVM,0,8,99.9,0.001,0.9999395514719217,0.2594823529411765,0.4120409002030065,1.5597217456405777e-05
CICIoT2023,OCSVM,0,8,99.99,0.0001,0.9999389089131896,0.2567529411764706,0.4085922190741272,1.5597217456405777e-05
CICIoT2023,OCSVM,0,8,max,0.0,0.9999328588693434,0.2336156862745098,0.37874472305579576,1.5597217456405777e-05
CICIoT2023,LOF,0,8,90,0.1,0.8416119436493237,0.4704313725490196,0.6035176688400548,0.0880306953239542
CICIoT2023,LOF,0,8,95,0.05,0.962938485002542,0.2971137254901961,0.4541117238072405,0.011370371525719812
CICIoT2023,LOF,0,8,96,0.04,0.9872494329675718,0.25262745098039213,0.40230818230643367,0.0032442212309324015
CICIoT2023,LOF,0,8,97,0.03,1.0,0.11501176470588236,0.20629695281505867,0.0
CICIoT2023,LOF,0,8,98,0.02,1.0,0.1100392156862745,0.19826185261075388,0.0
CICIoT2023,LOF,0,8,99,0.01,1.0,0.10974117647058823,0.19777796624544144,0.0
CICIoT2023,LOF,0,8,99.5,0.005,1.0,0.10870588235294118,0.1960950764006791,0.0
CICIoT2023,LOF,0,8,99.9,0.001,1.0,0.10870588235294118,0.1960950764006791,0.0
CICIoT2023,LOF,0,8,99.99,0.0001,1.0,0.10870588235294118,0.1960950764006791,0.0
CICIoT2023,LOF,0,8,max,0.0,1.0,0.10870588235294118,0.1960950764006791,0.0
CICIoT2023,SNN_AE,0,9,90,0.1,0.898843330101122,0.8142745098039216,0.8544715313328175,0.09111894438032254
CICIoT2023,SNN_AE,0,9,95,0.05,0.9302732159131065,0.7845960784313726,0.8512470536177744,0.05847396824406526
CICIoT2023,SNN_AE,0,9,96,0.04,0.9340671725899767,0.7800156862745098,0.8501188176362984,0.05474623327198428
CICIoT2023,SNN_AE,0,9,97,0.03,0.9448889234115271,0.7632627450980393,0.8444197629418808,0.04426490314127959
CICIoT2023,SNN_AE,0,9,98,0.02,0.95247565351102,0.7287372549019607,0.8257187291712953,0.03615435006394859
CICIoT2023,SNN_AE,0,9,99,0.01,0.9577228015175265,0.6613019607843137,0.7823771214356632,0.02902642168637115
CICIoT2023,SNN_AE,0,9,99.5,0.005,0.9763664757938574,0.5884235294117647,0.7343055691494568,0.014162273450416445
CICIoT2023,SNN_AE,0,9,99.9,0.001,0.9819307898138961,0.512313725490196,0.673325705332385,0.009373927691299872
CICIoT2023,SNN_AE,0,9,99.99,0.0001,0.9826320248517368,0.43664313725490195,0.6046178240187666,0.007673830988551642
CICIoT2023,SNN_AE,0,9,max,0.0,1.0,0.10723137254901961,0.1936928002720086,0.0
CICIoT2023,LSTM_AE,0,9,90,0.1,0.8780946917409154,0.7683294117647059,0.8195530866469787,0.10606107870355928
CICIoT2023,LSTM_AE,0,9,95,0.05,0.917866360768569,0.7530823529411764,0.8273491017190124,0.06700564619271922
CICIoT2023,LSTM_AE,0,9,96,0.04,0.9293074619901233,0.7497725490196079,0.8299416585636893,0.056711482671491405
CICIoT2023,LSTM_AE,0,9,97,0.03,0.931087618007334,0.7487843137254901,0.8300439931141212,0.05510496927348161
CICIoT2023,LSTM_AE,0,9,98,0.02,0.9461242004052605,0.7470745098039215,0.8348993759203422,0.04229965374177247
CICIoT2023,LSTM_AE,0,9,99,0.01,0.9610289022053728,0.7396078431372549,0.8359039818459029,0.029821879776647846
CICIoT2023,LSTM_AE,0,9,99.5,0.005,0.9795240383610874,0.7353882352941177,0.8400784868874932,0.015285273107277661
CICIoT2023,LSTM_AE,0,9,99.9,0.001,0.9829107537731596,0.7181647058823529,0.8299359189333719,0.012415385095298999
CICIoT2023,LSTM_AE,0,9,99.99,0.0001,0.987199759054288,0.6169882352941176,0.7593756334887493,0.007954580902766946
CICIoT2023,LSTM_AE,0,9,max,0.0,1.0,0.10723137254901961,0.1936928002720086,0.0
CICIoT2023,CNN_AE,0,9,90,0.1,0.9308588323299968,0.8198274509803921,0.8718222459464868,0.06054839816576723
CICIoT2023,CNN_AE,0,9,95,0.05,0.9549115953119336,0.7438274509803922,0.8362549379232505,0.03492216988489254
CICIoT2023,CNN_AE,0,9,96,0.04,0.9606079151366789,0.7386509803921568,0.835133457479826,0.030118226908319556
CICIoT2023,CNN_AE,0,9,97,0.03,0.9808937345789662,0.7296156862745098,0.8367980282272935,0.014131079015503634
CICIoT2023,CNN_AE,0,9,98,0.02,0.9810026385224274,0.7290196078431372,0.83644544431946,0.014037495710765199
CICIoT2023,CNN_AE,0,9,99,0.01,0.9812613679624381,0.7277803921568627,0.8357230348007783,0.01381913466637552
CICIoT2023,CNN_AE,0,9,99.5,0.005,0.9812941724152524,0.7274352941176471,0.8355073508215625,0.013787940231462707
CICIoT2023,CNN_AE,0,9,99.9,0.001,0.9830736221581674,0.7115294117647059,0.8255453130829641,0.012181426833452911
CICIoT2023,CNN_AE,0,9,99.99,0.0001,0.9826515458350209,0.45669019607843137,0.6235730043479193,0.00801696977259257
CICIoT2023,CNN_AE,0,9,max,0.0,1.0,0.10723137254901961,0.1936928002720086,0.0
CICIoT2023,SNN_Dense,0,9,90,0.1,0.8774982683178186,0.8147450980392157,0.8449581506576325,0.1130954237763983
CICIoT2023,SNN_Dense,0,9,95,0.05,0.9250376765214803,0.7798901960784314,0.8462854370749892,0.06284118913185888
CICIoT2023,SNN_Dense,0,9,96,0.04,0.9382003266608425,0.7749019607843137,0.8487680835710114,0.0507533456031444
CICIoT2023,SNN_Dense,0,9,97,0.03,0.944342049687056,0.7715607843137255,0.8492523913118547,0.04521633340612035
CICIoT2023,SNN_Dense,0,9,98,0.02,0.9564361115487632,0.7617882352941177,0.84808689729843,0.03450104501356958
CICIoT2023,SNN_Dense,0,9,99,0.01,0.9767935095955852,0.7441098039215687,0.8447210499136351,0.01757806407336931
CICIoT2023,SNN_Dense,0,9,99.5,0.005,0.980877248343326,0.7313882352941177,0.8379565979242486,0.014177870667872851
CICIoT2023,SNN_Dense,0,9,99.9,0.001,0.9829646580218663,0.6670745098039216,0.7947819423808322,0.011495149265371058
CICIoT2023,SNN_Dense,0,9,99.99,0.0001,0.9899479575105155,0.4356392156862745,0.6050281033506165,0.004398415322706429
CICIoT2023,SNN_Dense,0,9,max,0.0,1.0,0.10723137254901961,0.1936928002720086,0.0
CICIoT2023,Dense_SNN,0,9,90,0.1,0.9113919795623382,0.8506039215686274,0.8799493703751785,0.08222853043017125
CICIoT2023,Dense_SNN,0,9,95,0.05,0.9480634426113432,0.8401254901960784,0.8908368124282697,0.04576223601709455
CICIoT2023,Dense_SNN,0,9,96,0.04,0.9513801142531723,0.8385725490196079,0.8914216156276836,0.042611598090900586
CICIoT2023,Dense_SNN,0,9,97,0.03,0.956264923966319,0.8354980392156863,0.8918115681169371,0.03799482172380447
CICIoT2023,Dense_SNN,0,9,98,0.02,0.9656169371809182,0.827764705882353,0.8913926637893902,0.029307171600586455
CICIoT2023,Dense_SNN,0,9,99,0.01,0.9720240435930566,0.8142588235294118,0.8861744897697883,0.02330224287987023
CICIoT2023,Dense_SNN,0,9,99.5,0.005,0.9784432108270189,0.7575529411764705,0.8539449022173498,0.016595439373615746
CICIoT2023,Dense_SNN,0,9,99.9,0.001,0.986434825502528,0.6273725490196078,0.7669591063809387,0.008578469601023177
CICIoT2023,Dense_SNN,0,9,99.99,0.0001,0.9997617459258553,0.3291137254901961,0.49520864803625375,7.798608728202889e-05
CICIoT2023,Dense_SNN,0,9,max,0.0,1.0,0.10723137254901961,0.1936928002720086,0.0
CICIoT2023,Dense_AE,0,9,90,0.1,0.8908090447940847,0.8126274509803921,0.8499241212419506,0.09904233084817668
CICIoT2023,Dense_AE,0,9,95,0.05,0.9375156403395638,0.7639686274509804,0.8418914597360392,0.05062856786349315
CICIoT2023,Dense_AE,0,9,96,0.04,0.9403016865790136,0.7617254901960784,0.8416455070931511,0.04808622141809901
CICIoT2023,Dense_AE,0,9,97,0.03,0.9612322813858089,0.742478431372549,0.8378115264797509,0.029775088124278627
CICIoT2023,Dense_AE,0,9,98,0.02,0.9715004536830818,0.7389803921568627,0.8394362181714511,0.021555354524752785
CICIoT2023,Dense_AE,0,9,99,0.01,0.9758082937060033,0.7371294117647059,0.8398402244721064,0.01817075833671273
CICIoT2023,Dense_AE,0,9,99.5,0.005,0.9814732473692012,0.727121568627451,0.8353652492813957,0.013647565274355055
CICIoT2023,Dense_AE,0,9,99.9,0.001,0.983383262570314,0.7157333333333333,0.8284777891764792,0.012025454658888855
CICIoT2023,Dense_AE,0,9,99.99,0.0001,0.9853711293260473,0.5430901960784313,0.7002406811884393,0.00801696977259257
CICIoT2023,Dense_AE,0,9,max,0.0,1.0,0.19189019607843139,0.3219930773988919,0.0
CICIoT2023,SNN_AE_T2,0,9,90,0.1,0.8892437667422213,0.8123294117647059,0.8490482514386896,0.10060205259381726
CICIoT2023,SNN_AE_T2,0,9,95,0.05,0.924323924656648,0.7843921568627451,0.8486283294724605,0.06385500826652525
CICIoT2023,SNN_AE_T2,0,9,96,0.04,0.9475831641418085,0.7613960784313726,0.84434741767704,0.04187852887044951
CICIoT2023,SNN_AE_T2,0,9,97,0.03,0.9503422624935702,0.7535058823529411,0.8405543501084901,0.0391490158155785
CICIoT2023,SNN_AE_T2,0,9,98,0.02,0.9652616279069768,0.729207843137255,0.8307926011973907,0.026094144804566864
CICIoT2023,SNN_AE_T2,0,9,99,0.01,0.9742969260954872,0.7010352941176471,0.8153804050355775,0.018389119381102412
CICIoT2023,SNN_AE_T2,0,9,99.5,0.005,0.9776774517180837,0.6725960784313726,0.7969370022396314,0.015269675889821257
CICIoT2023,SNN_AE_T2,0,9,99.9,0.001,0.980520552467947,0.5590274509803922,0.7120764066496164,0.01104282995913529
CICIoT2023,SNN_AE_T2,0,9,99.99,0.0001,0.9961281239000352,0.44392156862745097,0.6141493055555556,0.0017156939202046355
CICIoT2023,SNN_AE_T2,0,9,max,0.0,1.0,0.10723137254901961,0.1936928002720086,0.0
CICIoT2023,SNN_AE_T5,0,9,90,0.1,0.8687877034955789,0.824564705882353,0.8460987485413062,0.12382630938640546
CICIoT2023,SNN_AE_T5,0,9,95,0.05,0.912697421254573,0.8022431372549019,0.853913261259757,0.07630158779673706
CICIoT2023,SNN_AE_T5,0,9,96,0.04,0.9153261318906483,0.7988392156862745,0.8531247120708284,0.07347849143712762
CICIoT2023,SNN_AE_T5,0,9,97,0.03,0.9240811930098242,0.7805333333333333,0.8462630849426431,0.06376142496178681
CICIoT2023,SNN_AE_T5,0,9,98,0.02,0.9362939567846551,0.7626352941176471,0.8405892319928076,0.051595595345790314
CICIoT2023,SNN_AE_T5,0,9,99,0.01,0.952796742367456,0.7377411764705882,0.8315902078489271,0.03634151667342546
CICIoT2023,SNN_AE_T5,0,9,99.5,0.005,0.9747922616108046,0.7121411764705883,0.8230196785801693,0.01831113329382038
CICIoT2023,SNN_AE_T5,0,9,99.9,0.001,0.985335821799937,0.637678431372549,0.7742721913777176,0.009436316561125495
CICIoT2023,SNN_AE_T5,0,9,99.99,0.0001,0.9841083716481007,0.5002666666666666,0.6633318427155589,0.008032566990048975
CICIoT2023,SNN_AE_T5,0,9,max,0.0,1.0,0.10723137254901961,0.1936928002720086,0.0
CICIoT2023,SNN_AE_T7,0,9,90,0.1,0.8570916438534741,0.8250666666666666,0.8407743090522547,0.13678759709267865
CICIoT2023,SNN_AE_T7,0,9,95,0.05,0.8992560881465366,0.8039843137254902,0.848955658986633,0.08955922263468197
CICIoT2023,SNN_AE_T7,0,9,96,0.04,0.9120956020886042,0.797364705882353,0.850880056243252,0.0764107683189319
CICIoT2023,SNN_AE_T7,0,9,97,0.03,0.9313009557967129,0.7901960784313725,0.8549655892261605,0.057959260068003865
CICIoT2023,SNN_AE_T7,0,9,98,0.02,0.9467377594312579,0.7770823529411764,0.8535614597332782,0.0434694450510029
CICIoT2023,SNN_AE_T7,0,9,99,0.01,0.9706823683886586,0.742164705882353,0.8411798172314475,0.022288423745203855
CICIoT2023,SNN_AE_T7,0,9,99.5,0.005,0.9793638611750661,0.7206274509803922,0.8303059878183232,0.015098106497800792
CICIoT2023,SNN_AE_T7,0,9,99.9,0.001,0.986632637590337,0.6124705882352941,0.7557779412334017,0.008250928034438656
CICIoT2023,SNN_AE_T7,0,9,99.99,0.0001,0.9853529008679762,0.5413490196078431,0.6987871302164537,0.008001372555136164
CICIoT2023,SNN_AE_T7,0,9,max,0.0,1.0,0.10723137254901961,0.1936928002720086,0.0
CICIoT2023,SNN_AE_noBN,0,9,90,0.1,0.8658675707376641,0.8453176470588235,0.8554692150777461,0.13020557132607544
CICIoT2023,SNN_AE_noBN,0,9,95,0.05,0.8963891385831312,0.8290509803921569,0.8614060679156718,0.0952834014411829
CICIoT2023,SNN_AE_noBN,0,9,96,0.04,0.9062586589082848,0.820878431372549,0.8614581790047244,0.08442773809152447
CICIoT2023,SNN_AE_noBN,0,9,97,0.03,0.921356743529748,0.8091607843137255,0.86162172093839,0.06867454846055464
CICIoT2023,SNN_AE_noBN,0,9,98,0.02,0.9324011952415854,0.7782588235294118,0.848385359222305,0.05610319119069158
CICIoT2023,SNN_AE_noBN,0,9,99,0.01,0.9521221912175062,0.7118588235294118,0.8146446105930187,0.03559285023551798
CICIoT2023,SNN_AE_noBN,0,9,99.5,0.005,0.969865475207615,0.6265254901960784,0.7612739679030229,0.01935614686339957
CICIoT2023,SNN_AE_noBN,0,9,99.9,0.001,0.9809961580680571,0.44859607843137256,0.6156595121741191,0.0086408584708488
CICIoT2023,SNN_AE_noBN,0,9,99.99,0.0001,0.97533406772355,0.31943529411764704,0.4812534710323884,0.008032566990048975
CICIoT2023,SNN_AE_noBN,0,9,max,0.0,1.0,0.10723137254901961,0.1936928002720086,0.0
CICIoT2023,IF,0,9,90,0.1,0.7994942448552493,0.7191058823529412,0.7571723511437773,0.17932120909629723
CICIoT2023,IF,0,9,95,0.05,0.8439781370637924,0.6927372549019608,0.7609152624142804,0.12733568331409675
CICIoT2023,IF,0,9,96,0.04,0.860136503099497,0.6464313725490196,0.7381270094303293,0.10451695417537511
CICIoT2023,IF,0,9,97,0.03,0.7208288626609443,0.16861176470588235,0.27329587348402024,0.06493121627101725
CICIoT2023,IF,0,9,98,0.02,0.6323933117045171,0.07949803921568628,0.14124073351541164,0.04594940262657142
CICIoT2023,IF,0,9,99,0.01,0.6876731301939059,0.062305882352941176,0.11425941374449847,0.028137380291356023
CICIoT2023,IF,0,9,99.5,0.005,0.7350993377483444,0.05223529411764706,0.09753954305799649,0.018716660947686932
CICIoT2023,IF,0,9,99.9,0.001,0.8245283018867925,0.047984313725490196,0.09069077972131634,0.01015378856412016
CICIoT2023,IF,0,9,99.99,0.0001,0.9292149292149292,0.04530196078431373,0.08639205480271621,0.003431387840409271
CICIoT2023,IF,0,9,max,0.0,0.9753577106518283,0.038494117647058824,0.07406513143995413,0.0009670274822971582
CICIoT2023,OCSVM,0,9,90,0.1,0.8463403223748565,0.624313725490196,0.7185671986711923,0.11270549333998815
CICIoT2023,OCSVM,0,9,95,0.05,0.8941091781643671,0.5845019607843137,0.706891154849419,0.0688305206351187
CICIoT2023,OCSVM,0,9,96,0.04,0.9029988437599941,0.5757803921568627,0.7031868121342159,0.06149982843060798
CICIoT2023,OCSVM,0,9,97,0.03,0.9146758543814759,0.5663529411764706,0.6995533941079024,0.05253142839317466
CICIoT2023,OCSVM,0,9,98,0.02,0.9500283776114159,0.5514039215686275,0.6977995255630218,0.028839255076894284
CICIoT2023,OCSVM,0,9,99,0.01,0.9721222453747553,0.48299607843137254,0.6453512743125419,0.0137723430140063
CICIoT2023,OCSVM,0,9,99.5,0.005,0.9757415014393376,0.4732078431372549,0.6373287418002049,0.011697913092304333
CICIoT2023,OCSVM,0,9,99.9,0.001,0.9795389048991354,0.42654117647058826,0.5942957053873894,0.008859219515238482
CICIoT2023,OCSVM,0,9,99.99,0.0001,0.9770928227125989,0.34658823529411764,0.511677454465454,0.008079358642418193
CICIoT2023,OCSVM,0,9,max,0.0,0.0,0.0,0.0,0.0
CICIoT2023,LOF,0,9,90,0.1,0.7744726721827293,0.41698823529411766,0.5421008626139446,0.12073806033003712
CICIoT2023,LOF,0,9,95,0.05,0.861447479583216,0.23992156862745098,0.3753143978897,0.038369154942758214
CICIoT2023,LOF,0,9,96,0.04,0.997959940652819,0.1688156862745098,0.2887809590254112,0.0003431387840409271
CICIoT2023,LOF,0,9,97,0.03,0.9992627698788836,0.1488313725490196,0.259075704826268,0.00010918052219484044
CICIoT2023,LOF,0,9,98,0.02,0.9996665184526456,0.14106666666666667,0.24724383471256153,4.679165236921733e-05
CICIoT2023,LOF,0,9,99,0.01,0.9997594997594997,0.1304156862745098,0.23073293925013186,3.1194434912811554e-05
CICIoT2023,LOF,0,9,99.5,0.005,0.999751953367233,0.1264470588235294,0.224499742386476,3.1194434912811554e-05
CICIoT2023,LOF,0,9,99.9,0.001,0.9997497497497497,0.12533333333333332,0.22274260544729724,3.1194434912811554e-05
CICIoT2023,LOF,0,9,99.99,0.0001,0.99974509304104,0.12304313725490196,0.21911838650203921,3.1194434912811554e-05
CICIoT2023,LOF,0,9,max,0.0,1.0,0.11714509803921569,0.20972226122609453,0.0
CICIoT2023,SNN_AE,1,0,90,0.1,0.8915462096376947,0.8233411764705882,0.856087357184215,0.09958823345915088
CICIoT2023,SNN_AE,1,0,95,0.05,0.9717009800197524,0.8025411764705882,0.8790570608752427,0.02323985401004461
CICIoT2023,SNN_AE,1,0,96,0.04,0.9853591102360556,0.7379450980392157,0.8438915447606575,0.010902455002027639
CICIoT2023,SNN_AE,1,0,97,0.03,0.9944251413161852,0.6015843137254901,0.7496579225145626,0.003353401753127242
CICIoT2023,SNN_AE,1,0,98,0.02,0.994951053266388,0.5564078431372549,0.7136950332491624,0.00280749914215304
CICIoT2023,SNN_AE,1,0,99,0.01,0.9970626032678539,0.5111529411764706,0.6758337481333997,0.0014973328758149545
CICIoT2023,SNN_AE,1,0,99.5,0.005,0.9971165644171779,0.5098980392156863,0.6747483134405812,0.001466138440902143
CICIoT2023,SNN_AE,1,0,99.9,0.001,0.9982839982839983,0.4745254901960784,0.6432755999277003,0.0008110553077331004
CICIoT2023,SNN_AE,1,0,99.99,0.0001,0.9997483327041651,0.37388235294117644,0.5442339966434907,9.358330473843466e-05
CICIoT2023,SNN_AE,1,0,max,0.0,0.9999195688892464,0.19501176470588236,0.3263720252549781,1.5597217456405777e-05
CICIoT2023,LSTM_AE,1,0,90,0.1,0.8420672266208425,0.8224784313725491,0.8321575660426769,0.15338303646629442
CICIoT2023,LSTM_AE,1,0,95,0.05,0.9734630237696962,0.7394196078431372,0.8404518021270715,0.020042424431481423
CICIoT2023,LSTM_AE,1,0,96,0.04,0.9840220617645201,0.7332392156862745,0.8403189127484203,0.011838288049411986
CICIoT2023,LSTM_AE,1,0,97,0.03,0.9974075895052071,0.700078431372549,0.822703141129627,0.0018092772249430702
CICIoT2023,LSTM_AE,1,0,98,0.02,0.9991815890267457,0.4787764705882353,0.6473588767405114,0.00038993043641014443
CICIoT2023,LSTM_AE,1,0,99,0.01,0.999180730788137,0.47827450980392155,0.6468996976608498,0.00038993043641014443
CICIoT2023,LSTM_AE,1,0,99.5,0.005,0.9991802741163355,0.4780078431372549,0.6466556319497496,0.00038993043641014443
CICIoT2023,LSTM_AE,1,0,99.9,0.001,0.9992017030335285,0.4712156862745098,0.6404161425799987,0.0003743332189537386
CICIoT2023,LSTM_AE,1,0,99.99,0.0001,0.9996360195093543,0.4308078431372549,0.6021222485310883,0.00015597217456405778
CICIoT2023,LSTM_AE,1,0,max,0.0,0.9999494541043267,0.31032156862745097,0.47365144731486586,1.5597217456405777e-05
CICIoT2023,CNN_AE,1,0,90,0.1,0.9215739191450316,0.8034823529411764,0.8584860597832917,0.06798827089247278
CICIoT2023,CNN_AE,1,0,95,0.05,0.9726632667809139,0.738964705882353,0.8398598718165855,0.02065071591228125
CICIoT2023,CNN_AE,1,0,96,0.04,0.9761850430453273,0.7381490196078432,0.8406413291054442,0.01790560563995383
CICIoT2023,CNN_AE,1,0,97,0.03,0.9980385319501351,0.7183372549019608,0.8353977780615502,0.00140374957107652
CICIoT2023,CNN_AE,1,0,98,0.02,0.9997432523508457,0.48864313725490194,0.6564393260913085,0.00012477773965124622
CICIoT2023,CNN_AE,1,0,99,0.01,0.9997429140690276,0.488,0.6558586667791036,0.00012477773965124622
CICIoT2023,CNN_AE,1,0,99.5,0.005,0.9997426990865818,0.4875921568627451,0.6554901836738997,0.00012477773965124622
CICIoT2023,CNN_AE,1,0,99.9,0.001,0.9997425500418357,0.48730980392156864,0.6552349616130938,0.00012477773965124622
CICIoT2023,CNN_AE,1,0,99.99,0.0001,0.9997550477656857,0.44815686274509803,0.6188872160906344,0.00010918052219484044
CICIoT2023,CNN_AE,1,0,max,0.0,0.999897656329956,0.3065098039215686,0.46919271958891606,3.1194434912811554e-05
CICIoT2023,SNN_Dense,1,0,90,0.1,0.9592798971281612,0.807435294117647,0.8768322700985445,0.034079920142246624
CICIoT2023,SNN_Dense,1,0,95,0.05,0.9843347376170805,0.7550117647058824,0.8545557843903132,0.011947468571606825
CICIoT2023,SNN_Dense,1,0,96,0.04,0.9888355592654424,0.7432941176470588,0.8486612339930151,0.008344511339177092
CICIoT2023,SNN_Dense,1,0,97,0.03,0.9933021731797812,0.6467137254901961,0.7833852701983735,0.004336026452880806
CICIoT2023,SNN_Dense,1,0,98,0.02,0.9939311369829081,0.6294117647058823,0.7707452938916635,0.0038213182768194152
CICIoT2023,SNN_Dense,1,0,99,0.01,0.9942093098392027,0.6275137254901961,0.7694038677911663,0.003634151667342546
CICIoT2023,SNN_Dense,1,0,99.5,0.005,0.9958096378329842,0.6262588235294118,0.7689374241636332,0.0026203325326761705
CICIoT2023,SNN_Dense,1,0,99.9,0.001,0.9983085690494158,0.6017882352941176,0.7509175075113282,0.0010138191346663755
CICIoT2023,SNN_Dense,1,0,99.99,0.0001,0.9997450559055978,0.43058823529411766,0.6019274836361245,0.00010918052219484044
CICIoT2023,SNN_Dense,1,0,max,0.0,0.9999447818884594,0.2840627450980392,0.4424383093085756,1.5597217456405777e-05
CICIoT2023,Dense_SNN,1,0,90,0.1,0.9261685616314744,0.8050039215686274,0.8613460892917085,0.06380821661415603
CICIoT2023,Dense_SNN,1,0,95,0.05,0.9835180277844696,0.7684862745098039,0.8628062203906236,0.012805315531709143
CICIoT2023,Dense_SNN,1,0,96,0.04,0.9865720591571956,0.7502745098039215,0.8523491726884728,0.01015378856412016
CICIoT2023,Dense_SNN,1,0,97,0.03,0.9965385560195628,0.6999843137254902,0.822342415391278,0.0024175687057428953
CICIoT2023,Dense_SNN,1,0,98,0.02,0.9991777724485251,0.4574901960784314,0.6276159631586309,0.0003743332189537386
CICIoT2023,Dense_SNN,1,0,99,0.01,0.9991735252591343,0.4551372549019608,0.6253974070202286,0.0003743332189537386
CICIoT2023,Dense_SNN,1,0,99.5,0.005,0.9991647525579453,0.45035294117647057,0.6208641494745037,0.0003743332189537386
CICIoT2023,Dense_SNN,1,0,99.9,0.001,0.9991620404315492,0.44889411764705883,0.619475922979511,0.0003743332189537386
CICIoT2023,Dense_SNN,1,0,99.99,0.0001,0.9996730720331287,0.4316862745098039,0.6029864481425081,0.000140374957107652
CICIoT2023,Dense_SNN,1,0,max,0.0,0.9998629385964912,0.11443137254901961,0.2053599076654562,1.5597217456405777e-05
CICIoT2023,Dense_AE,1,0,90,0.1,0.9028745563669472,0.7621960784313726,0.8265924961936598,0.081526655644633
CICIoT2023,Dense_AE,1,0,95,0.05,0.9752030341757019,0.7421333333333333,0.8428525618185705,0.01876345260005615
CICIoT2023,Dense_AE,1,0,96,0.04,0.9892416743561782,0.7399372549019608,0.8466177288798751,0.008001372555136164
CICIoT2023,Dense_AE,1,0,97,0.03,0.9954752096984184,0.7316235294117647,0.8433948446244677,0.003306610100758025
CICIoT2023,Dense_AE,1,0,98,0.02,0.9965644705370733,0.7189333333333333,0.8352833971204665,0.002464360358112113
CICIoT2023,Dense_AE,1,0,99,0.01,0.9966195585797785,0.7168156862745098,0.8338716446780168,0.0024175687057428953
CICIoT2023,Dense_AE,1,0,99.5,0.005,0.9967457301358494,0.7158745098039215,0.8332785568215016,0.0023239854010044607
CICIoT2023,Dense_AE,1,0,99.9,0.001,0.9988043146433296,0.6158588235294118,0.7619204719672418,0.0007330692204510715
CICIoT2023,Dense_AE,1,0,99.99,0.0001,0.999809686935008,0.4944470588235294,0.6616707075159798,9.358330473843466e-05
CICIoT2023,Dense_AE,1,0,max,0.0,0.9999473129610116,0.29770980392156865,0.45881784117007135,1.5597217456405777e-05
CICIoT2023,SNN_AE_T2,1,0,90,0.1,0.8971840684231508,0.7766588235294117,0.8325822290980023,0.08849861184764637
CICIoT2023,SNN_AE_T2,1,0,95,0.05,0.9403388165971028,0.7209411764705882,0.8161525757817909,0.04548148610287925
CICIoT2023,SNN_AE_T2,1,0,96,0.04,0.9431553523678081,0.6860549019607843,0.7943190279871416,0.04111426521508563
CICIoT2023,SNN_AE_T2,1,0,97,0.03,0.9946452890924848,0.504078431372549,0.6690749338941056,0.0026983186199581993
CICIoT2023,SNN_AE_T2,1,0,98,0.02,0.9946789051847418,0.4691607843137255,0.637589400867628,0.0024955547930249245
CICIoT2023,SNN_AE_T2,1,0,99,0.01,0.9948498428198783,0.46663529411764704,0.635288087814462,0.0024019714882864895
CICIoT2023,SNN_AE_T2,1,0,99.5,0.005,0.9950001677796048,0.4651294117647059,0.6339216042586397,0.0023239854010044607
CICIoT2023,SNN_AE_T2,1,0,99.9,0.001,0.998128755982583,0.43509019607843136,0.6060149226012956,0.0008110553077331004
CICIoT2023,SNN_AE_T2,1,0,99.99,0.0001,0.9996831181177216,0.3958901960784314,0.5671715582722819,0.00012477773965124622
CICIoT2023,SNN_AE_T2,1,0,max,0.0,0.999850411368736,0.10484705882352942,0.1897920068147938,1.5597217456405777e-05
CICIoT2023,SNN_AE_T5,1,0,90,0.1,0.9558656557887412,0.8187607843137255,0.8820169657643043,0.037589294069937926
CICIoT2023,SNN_AE_T5,1,0,95,0.05,0.9777812518320208,0.784878431372549,0.8707743445611409,0.01773403624793337
CICIoT2023,SNN_AE_T5,1,0,96,0.04,0.9865178496075618,0.733443137254902,0.8413618123909092,0.009966621954643292
CICIoT2023,SNN_AE_T5,1,0,97,0.03,0.9958659382843644,0.6348235294117647,0.7753764800551787,0.0026203325326761705
CICIoT2023,SNN_AE_T5,1,0,98,0.02,0.9965358539120107,0.6317490196078431,0.7732805959832572,0.002183610443896809
CICIoT2023,SNN_AE_T5,1,0,99,0.01,0.9966289071214337,0.6306980392156862,0.7725207266578924,0.0021212215740711855
CICIoT2023,SNN_AE_T5,1,0,99.5,0.005,0.9968650477707006,0.6284862745098039,0.7709299416982548,0.001965249399507128
CICIoT2023,SNN_AE_T5,1,0,99.9,0.001,0.9982777067404295,0.600078431372549,0.7495762753377552,0.0010294163521227812
CICIoT2023,SNN_AE_T5,1,0,99.99,0.0001,0.9998201061373789,0.5230901960784313,0.6868376878160304,9.358330473843466e-05
CICIoT2023,SNN_AE_T5,1,0,max,0.0,0.9999381456052453,0.2535843137254902,0.4045697411063979,1.5597217456405777e-05
CICIoT2023,SNN_AE_T7,1,0,90,0.1,0.9010086305500676,0.8155294117647058,0.8561406975595297,0.0890913061109898
CICIoT2023,SNN_AE_T7,1,0,95,0.05,0.9747887941720541,0.8018039215686275,0.8798746847754051,0.020619521477368438
CICIoT2023,SNN_AE_T7,1,0,96,0.04,0.9852976143298724,0.7800156862745098,0.8707209021345147,0.011573135352653087
CICIoT2023,SNN_AE_T7,1,0,97,0.03,0.9951651701717198,0.655435294117647,0.7903382921777619,0.0031662351436503727
CICIoT2023,SNN_AE_T7,1,0,98,0.02,0.9976860399281196,0.6357490196078431,0.7766184741264504,0.001466138440902143
CICIoT2023,SNN_AE_T7,1,0,99,0.01,0.9978732875018547,0.6329725490196079,0.7745997619687488,0.0013413607012508968
CICIoT2023,SNN_AE_T7,1,0,99.5,0.005,0.9981369699679559,0.6303058823529412,0.7726787620064033,0.0011697913092304332
CICIoT2023,SNN_AE_T7,1,0,99.9,0.001,0.9985153871316776,0.6224627450980392,0.7668686165946796,0.0009202358299279409
CICIoT2023,SNN_AE_T7,1,0,99.99,0.0001,0.9998476306567119,0.41173333333333334,0.5832759272016178,6.238886982562311e-05
CICIoT2023,SNN_AE_T7,1,0,max,0.0,0.9999301187980433,0.22445490196078433,0.36661542403279535,1.5597217456405777e-05
CICIoT2023,SNN_AE_noBN,1,0,90,0.1,0.9381715161342052,0.8259294117647059,0.8784797243749636,0.05412234457372805
CICIoT2023,SNN_AE_noBN,1,0,95,0.05,0.9743473606192868,0.7423686274509804,0.8426844251348802,0.0194341329506816
CICIoT2023,SNN_AE_noBN,1,0,96,0.04,0.9832133252364015,0.711121568627451,0.8253199584918713,0.012072246311258071
CICIoT2023,SNN_AE_noBN,1,0,97,0.03,0.9941647597254004,0.5451921568627451,0.7042042346266842,0.0031818323611067785
CICIoT2023,SNN_AE_noBN,1,0,98,0.02,0.9951847484276729,0.47656470588235295,0.6444981862152358,0.0022927909660916492
CICIoT2023,SNN_AE_noBN,1,0,99,0.01,0.9978130873056552,0.4580549019607843,0.6278772241036392,0.0009982219172099697
CICIoT2023,SNN_AE_noBN,1,0,99.5,0.005,0.9982161846934925,0.4564549019607843,0.6264518142969397,0.0008110553077331004
CICIoT2023,SNN_AE_noBN,1,0,99.9,0.001,0.9991529312109554,0.4440627450980392,0.6148583343288121,0.0003743332189537386
CICIoT2023,SNN_AE_noBN,1,0,99.99,0.0001,0.9995803217533225,0.33625098039215684,0.5032220200716004,0.000140374957107652
CICIoT2023,SNN_AE_noBN,1,0,max,0.0,0.9998502994011976,0.1047686274509804,0.18966349566945906,1.5597217456405777e-05
CICIoT2023,IF,1,0,90,0.1,0.9405869871215782,0.7022901960784314,0.8041563013587908,0.04410893096671554
CICIoT2023,IF,1,0,95,0.05,0.9663699537499709,0.652235294117647,0.7788194086741526,0.02256917365941916
CICIoT2023,IF,1,0,96,0.04,0.9685428468121008,0.6302745098039215,0.7636242694920891,0.02035436878060954
CICIoT2023,IF,1,0,97,0.03,0.9726774569993404,0.6014274509803922,0.7432731079404468,0.016798203200549023
CICIoT2023,IF,1,0,98,0.02,0.9836106558515514,0.555435294117647,0.7099620046316254,0.00920235829927941
CICIoT2023,IF,1,0,99,0.01,0.9895818668168379,0.3307764705882353,0.4958205480901492,0.0034625822753220825
CICIoT2023,IF,1,0,99.5,0.005,0.9872577647995753,0.11667450980392156,0.2086863812356209,0.0014973328758149545
CICIoT2023,IF,1,0,99.9,0.001,0.9892311545204108,0.06196078431372549,0.11661721506281092,0.0006706803506254484
CICIoT2023,IF,1,0,99.99,0.0001,0.9961449498843485,0.04053333333333333,0.07789702158446882,0.00015597217456405778
CICIoT2023,IF,1,0,max,0.0,0.9978021978021978,0.01424313725490196,0.028085369625734612,3.1194434912811554e-05
CICIoT2023,OCSVM,1,0,90,0.1,0.8511900793386226,0.6008,0.7044056387762421,0.10443896808809308
CICIoT2023,OCSVM,1,0,95,0.05,0.9451879997731526,0.5228705882352941,0.6732851256362608,0.03014942134323237
CICIoT2023,OCSVM,1,0,96,0.04,0.9714382653218593,0.4940392156862745,0.6549791517193333,0.01444302336463175
CICIoT2023,OCSVM,1,0,97,0.03,0.9977065055153082,0.42989803921568626,0.6008835878490226,0.000982624699753564
CICIoT2023,OCSVM,1,0,98,0.02,0.9999401878102757,0.26224313725490195,0.4155140488883918,1.5597217456405777e-05
CICIoT2023,OCSVM,1,0,99,0.01,0.9999397771755495,0.2604549019607843,0.41326613154128555,1.5597217456405777e-05
CICIoT2023,OCSVM,1,0,99.5,0.005,0.9999395295398198,0.25938823529411764,0.4119222290034501,1.5597217456405777e-05
CICIoT2023,OCSVM,1,0,99.9,0.001,0.999939375568354,0.2587294117647059,0.41109103370926536,1.5597217456405777e-05
CICIoT2023,OCSVM,1,0,99.99,0.0001,0.9999386615960253,0.25571764705882355,0.40728017688281515,1.5597217456405777e-05
CICIoT2023,OCSVM,1,0,max,0.0,0.9999325372731566,0.23250196078431373,0.37727972713273006,1.5597217456405777e-05
CICIoT2023,LOF,1,0,90,0.1,0.80694814068906,0.1759843137254902,0.2889521332079894,0.0418629316529931
CICIoT2023,LOF,1,0,95,0.05,0.7902762974501927,0.1512,0.2538349111880654,0.03989768225348598
CICIoT2023,LOF,1,0,96,0.04,0.7934782608695652,0.14428235294117647,0.24416660030262002,0.037339738590635434
CICIoT2023,LOF,1,0,97,0.03,1.0,0.1116078431372549,0.2008043462922458,0.0
CICIoT2023,LOF,1,0,98,0.02,1.0,0.10738823529411765,0.19394866564677887,0.0
CICIoT2023,LOF,1,0,99,0.01,1.0,0.10735686274509804,0.19389749837096637,0.0
CICIoT2023,LOF,1,0,99.5,0.005,1.0,0.10735686274509804,0.19389749837096637,0.0
CICIoT2023,LOF,1,0,99.9,0.001,1.0,0.10735686274509804,0.19389749837096637,0.0
CICIoT2023,LOF,1,0,99.99,0.0001,1.0,0.10735686274509804,0.19389749837096637,0.0
CICIoT2023,LOF,1,0,max,0.0,1.0,0.10734117647058823,0.1938719136458289,0.0
CICIoT2023,SNN_AE,1,1,90,0.1,0.8530042066830701,0.8429019607843137,0.8479229949899404,0.1444302336463175
CICIoT2023,SNN_AE,1,1,95,0.05,0.8845612227374205,0.8079686274509804,0.8445318904738481,0.10484449574195963
CICIoT2023,SNN_AE,1,1,96,0.04,0.9019726212247652,0.7968627450980392,0.8461660184390902,0.0861122375768163
CICIoT2023,SNN_AE,1,1,97,0.03,0.9113318415834379,0.7858039215686274,0.843925572149361,0.07602083788252176
CICIoT2023,SNN_AE,1,1,98,0.02,0.9758560673520602,0.7563764705882353,0.8522118732436683,0.018607480425492092
CICIoT2023,SNN_AE,1,1,99,0.01,0.9867629882770256,0.7156392156862745,0.8296115798661623,0.009545497083320335
CICIoT2023,SNN_AE,1,1,99.5,0.005,0.9913246579913246,0.6990588235294117,0.8199254864081689,0.006082914807998253
CICIoT2023,SNN_AE,1,1,99.9,0.001,0.9987534971330434,0.5655843137254902,0.7221960721474997,0.00070187478553826
CICIoT2023,SNN_AE,1,1,99.99,0.0001,0.9998182346953614,0.43141960784313726,0.6027526353853909,7.798608728202889e-05
CICIoT2023,SNN_AE,1,1,max,0.0,1.0,0.3606745098039216,0.530140760637746,0.0
CICIoT2023,LSTM_AE,1,1,90,0.1,0.9168426212201192,0.7628705882352941,0.8327996301179855,0.06879932620020589
CICIoT2023,LSTM_AE,1,1,95,0.05,0.9820542507442938,0.7450980392156863,0.8473215719153034,0.013538384752160215
CICIoT2023,LSTM_AE,1,1,96,0.04,0.9835364461145598,0.7431215686274509,0.8465916706130436,0.012368593442929782
CICIoT2023,LSTM_AE,1,1,97,0.03,0.9893993673140176,0.7408156862745098,0.847250253401864,0.007892192032941323
CICIoT2023,LSTM_AE,1,1,98,0.02,0.991052111995631,0.7401254901960784,0.8474034429188481,0.006644414636428861
CICIoT2023,LSTM_AE,1,1,99,0.01,0.9928292734366762,0.7384313725490196,0.8469392344712814,0.005303053935177964
CICIoT2023,LSTM_AE,1,1,99.5,0.005,0.9960259271065774,0.7351843137254902,0.8459546049366005,0.0029166796643478802
CICIoT2023,LSTM_AE,1,1,99.9,0.001,0.9983308442414126,0.7130352941176471,0.8319027836240187,0.001185388526686839
CICIoT2023,LSTM_AE,1,1,99.99,0.0001,0.9996153933168933,0.6930823529411765,0.8185936211799798,0.0002651526967588982
CICIoT2023,LSTM_AE,1,1,max,0.0,0.9999757163671685,0.6459450980392157,0.7848851615362623,1.5597217456405777e-05
CICIoT2023,CNN_AE,1,1,90,0.1,0.9311267778108216,0.8349176470588235,0.8804016110757321,0.06140624512586954
CICIoT2023,CNN_AE,1,1,95,0.05,0.9762837500480086,0.7974745098039215,0.8778664180135377,0.019262563558661135
CICIoT2023,CNN_AE,1,1,96,0.04,0.9789011501398819,0.7903686274509804,0.8745899220634947,0.016938578157656675
CICIoT2023,CNN_AE,1,1,97,0.03,0.9799808410392759,0.7863058823529412,0.8725250432981436,0.015971550675359516
CICIoT2023,CNN_AE,1,1,98,0.02,0.9894634494801174,0.7821960784313725,0.8737056051022375,0.008282122469351469
CICIoT2023,CNN_AE,1,1,99,0.01,0.993714214588001,0.7513882352941177,0.8557264590814083,0.004725956889290951
CICIoT2023,CNN_AE,1,1,99.5,0.005,0.9952103422697891,0.7366117647058823,0.8466038671294001,0.0035249711451477055
CICIoT2023,CNN_AE,1,1,99.9,0.001,0.9991470832491639,0.6982745098039216,0.8220455573714486,0.0005926942633434195
CICIoT2023,CNN_AE,1,1,99.99,0.0001,0.9998979140436247,0.4609254901960784,0.6309844637469535,4.679165236921733e-05
CICIoT2023,CNN_AE,1,1,max,0.0,1.0,0.42128627450980394,0.5928239539991391,0.0
CICIoT2023,SNN_Dense,1,1,90,0.1,0.908560014895814,0.8419607843137255,0.8739935030571455,0.084256168699504
CICIoT2023,SNN_Dense,1,1,95,0.05,0.9541525048027191,0.8102588235294118,0.8763381572027213,0.03871229372679914
CICIoT2023,SNN_Dense,1,1,96,0.04,0.9603256292692056,0.8049411764705883,0.8757946836199172,0.03306610100758025
CICIoT2023,SNN_Dense,1,1,97,0.03,0.9698060045310031,0.7990745098039216,0.8762007963741754,0.024737186885859564
CICIoT2023,SNN_Dense,1,1,98,0.02,0.9762085547962541,0.7865254901960784,0.8711613805564966,0.01905979973172786
CICIoT2023,SNN_Dense,1,1,99,0.01,0.9821758202496973,0.7762039215686275,0.8671263723265372,0.014006301275852388
CICIoT2023,SNN_Dense,1,1,99.5,0.005,0.9863801128198528,0.7213803921568628,0.8333197430531019,0.009904233084817669
CICIoT2023,SNN_Dense,1,1,99.9,0.001,0.998863696421965,0.5929254901960784,0.7441333963304197,0.0006706803506254484
CICIoT2023,SNN_Dense,1,1,99.99,0.0001,0.9998590854646657,0.4452078431372549,0.616089259355735,6.238886982562311e-05
CICIoT2023,SNN_Dense,1,1,max,0.0,1.0,0.44250980392156863,0.6135276207046542,0.0
CICIoT2023,Dense_SNN,1,1,90,0.1,0.8569749900754268,0.846556862745098,0.8517340698362595,0.14048413762984682
CICIoT2023,Dense_SNN,1,1,95,0.05,0.9529341077508512,0.8209882352941177,0.8820540476772307,0.04031880712480893
CICIoT2023,Dense_SNN,1,1,96,0.04,0.9553134114798305,0.8168941176470588,0.8806981050709013,0.03799482172380447
CICIoT2023,Dense_SNN,1,1,97,0.03,0.9566016371837469,0.8083921568627451,0.876274198073506,0.03646629441307671
CICIoT2023,Dense_SNN,1,1,98,0.02,0.9744752601895459,0.7887058823529411,0.871804208171864,0.020541535390086407
CICIoT2023,Dense_SNN,1,1,99,0.01,0.9850194510714209,0.7189019607843137,0.8311796657507912,0.010871260567114826
CICIoT2023,Dense_SNN,1,1,99.5,0.005,0.9932399572026067,0.640721568627451,0.7789537921696512,0.004336026452880806
CICIoT2023,Dense_SNN,1,1,99.9,0.001,0.9991073022674523,0.6144627450980392,0.760939032800101,0.0005459026109742022
CICIoT2023,Dense_SNN,1,1,99.99,0.0001,0.9998050530255771,0.40224313725490196,0.5736817378464842,7.798608728202889e-05
CICIoT2023,Dense_SNN,1,1,max,0.0,1.0,0.3740235294117647,0.5444208507432016,0.0
CICIoT2023,Dense_AE,1,1,90,0.1,0.9503179650238474,0.7876235294117647,0.8613555658483865,0.040942695823065166
CICIoT2023,Dense_AE,1,1,95,0.05,0.9759685727456757,0.7638274509803922,0.8569643532817683,0.018701063730230526
CICIoT2023,Dense_AE,1,1,96,0.04,0.9793768395412564,0.7568470588235294,0.8538512586824757,0.01584677293570827
CICIoT2023,Dense_AE,1,1,97,0.03,0.9838895994059161,0.7481882352941176,0.8500017820864667,0.012181426833452911
CICIoT2023,Dense_AE,1,1,98,0.02,0.9869150310455473,0.7429960784313725,0.8477591638029781,0.009795052562622829
CICIoT2023,Dense_AE,1,1,99,0.01,0.989470593170568,0.7399843137254902,0.8467323604903703,0.0078298031631157
CICIoT2023,Dense_AE,1,1,99.5,0.005,0.9901859829778291,0.7391058823529412,0.8464184667894192,0.007283900552141498
CICIoT2023,Dense_AE,1,1,99.9,0.001,0.9985814345243372,0.7066980392156863,0.827659691731119,0.0009982219172099697
CICIoT2023,Dense_AE,1,1,99.99,0.0001,0.999838896765047,0.4867607843137255,0.6547591416453906,7.798608728202889e-05
CICIoT2023,Dense_AE,1,1,max,0.0,1.0,0.46265098039215685,0.6326197932306636,0.0
CICIoT2023,SNN_AE_T2,1,1,90,0.1,0.8890058233354382,0.7950431372549019,0.839403123499114,0.09869919206413576
CICIoT2023,SNN_AE_T2,1,1,95,0.05,0.9071461502996773,0.771607843137255,0.833905488450943,0.07853198989300308
CICIoT2023,SNN_AE_T2,1,1,96,0.04,0.9163754556044038,0.7650980392156863,0.8339317466830802,0.06942321489846212
CICIoT2023,SNN_AE_T2,1,1,97,0.03,0.9368959197453458,0.7617882352941177,0.8403166500843534,0.0510184982999033
CICIoT2023,SNN_AE_T2,1,1,98,0.02,0.9542261229526141,0.7521098039215687,0.8411975753747906,0.03587360014973329
CICIoT2023,SNN_AE_T2,1,1,99,0.01,0.9755894706200358,0.736,0.8390257859160973,0.01831113329382038
CICIoT2023,SNN_AE_T2,1,1,99.5,0.005,0.9853986955606985,0.7346823529411765,0.8417685118619698,0.01082446891474561
CICIoT2023,SNN_AE_T2,1,1,99.9,0.001,0.9970135881738091,0.6284235294117647,0.7709271446715159,0.0018716660947686932
CICIoT2023,SNN_AE_T2,1,1,99.99,0.0001,0.9998194456982937,0.3474509803921569,0.5156919351834607,6.238886982562311e-05
CICIoT2023,SNN_AE_T2,1,1,max,0.0,0.9998886290232766,0.28166274509803924,0.43951632643070454,3.1194434912811554e-05
CICIoT2023,SNN_AE_T5,1,1,90,0.1,0.8553987473903967,0.8034039215686275,0.8285864509605662,0.13504070873756122
CICIoT2023,SNN_AE_T5,1,1,95,0.05,0.9447523834478866,0.7352470588235294,0.8269364783924208,0.042751973048008235
CICIoT2023,SNN_AE_T5,1,1,96,0.04,0.947948598225705,0.7324705882352941,0.826394357971489,0.039991265558224416
CICIoT2023,SNN_AE_T5,1,1,97,0.03,0.948452346967905,0.7296313725490197,0.8247748067238811,0.03942976572979381
CICIoT2023,SNN_AE_T5,1,1,98,0.02,0.9495425050662191,0.7276549019607843,0.8239212099144783,0.03844714103004024
CICIoT2023,SNN_AE_T5,1,1,99,0.01,0.9565271394857782,0.7248,0.8246947954594132,0.03275415665845213
CICIoT2023,SNN_AE_T5,1,1,99.5,0.005,0.9938924540827617,0.7045333333333333,0.8245639801725722,0.004304832017967995
CICIoT2023,SNN_AE_T5,1,1,99.9,0.001,0.998533724340176,0.5875294117647059,0.7397787872802686,0.0008578469601023177
CICIoT2023,SNN_AE_T5,1,1,99.99,0.0001,0.9999285714285714,0.4391843137254902,0.6103106267029973,3.1194434912811554e-05
CICIoT2023,SNN_AE_T5,1,1,max,0.0,1.0,0.4218352941176471,0.5933673131660819,0.0
CICIoT2023,SNN_AE_T7,1,1,90,0.1,0.8579413864558483,0.7728470588235294,0.8131741172004587,0.12724210000935834
CICIoT2023,SNN_AE_T7,1,1,95,0.05,0.9203846006805062,0.755278431372549,0.8296974083264407,0.06496241070593006
CICIoT2023,SNN_AE_T7,1,1,96,0.04,0.9674916956979664,0.7492862745098039,0.8445218436732024,0.02503353401753127
CICIoT2023,SNN_AE_T7,1,1,97,0.03,0.9863966900702106,0.7404705882352941,0.8459222622439653,0.01015378856412016
CICIoT2023,SNN_AE_T7,1,1,98,0.02,0.9891706677383193,0.7336,0.8424285547019247,0.007985775337679758
CICIoT2023,SNN_AE_T7,1,1,99,0.01,0.992711088176482,0.7242352941176471,0.8374826544771855,0.005287456717721559
CICIoT2023,SNN_AE_T7,1,1,99.5,0.005,0.9955597152993927,0.7174745098039216,0.8339456483093726,0.0031818323611067785
CICIoT2023,SNN_AE_T7,1,1,99.9,0.001,0.9982665973305599,0.6323607843137254,0.7742598407805402,0.0010918052219484045
CICIoT2023,SNN_AE_T7,1,1,99.99,0.0001,0.999898597262126,0.4640313725490196,0.6338886805592757,4.679165236921733e-05
CICIoT2023,SNN_AE_T7,1,1,max,0.0,1.0,0.4320627450980392,0.6034131487282844,0.0
CICIoT2023,SNN_AE_noBN,1,1,90,0.1,0.8564099147121536,0.8064627450980392,0.8306862063951139,0.1344480144742178
CICIoT2023,SNN_AE_noBN,1,1,95,0.05,0.9073384738101569,0.7494117647058823,0.8208480808219649,0.07609882396980379
CICIoT2023,SNN_AE_noBN,1,1,96,0.04,0.9078751857355126,0.7379921568627451,0.8141661835581591,0.07446111613688118
CICIoT2023,SNN_AE_noBN,1,1,97,0.03,0.9077512925275448,0.735356862745098,0.8125102909188598,0.07430514396231712
CICIoT2023,SNN_AE_noBN,1,1,98,0.02,0.9113707902154011,0.6948862745098039,0.7885400998602669,0.06719281280219609
CICIoT2023,SNN_AE_noBN,1,1,99,0.01,0.9180386317401061,0.686635294117647,0.7856521075822706,0.06095392581963378
CICIoT2023,SNN_AE_noBN,1,1,99.5,0.005,0.990582821358256,0.6550588235294118,0.7886164276204596,0.006192095330193093
CICIoT2023,SNN_AE_noBN,1,1,99.9,0.001,0.9982582404942654,0.4764862745098039,0.6450694953227365,0.0008266525251895062
CICIoT2023,SNN_AE_noBN,1,1,99.99,0.0001,0.9996970614965162,0.31058823529411766,0.47393364928909953,9.358330473843466e-05
CICIoT2023,SNN_AE_noBN,1,1,max,0.0,1.0,0.2231372549019608,0.364860532221866,0.0
CICIoT2023,IF,1,1,90,0.1,0.8744373987317717,0.6857098039215687,0.7686586191434926,0.09790373397385907
CICIoT2023,IF,1,1,95,0.05,0.9433258260781875,0.4402039215686275,0.6002844950213372,0.02629690863150014
CICIoT2023,IF,1,1,96,0.04,0.9073388729837302,0.20382745098039215,0.33287648422589694,0.020697507564650466
CICIoT2023,IF,1,1,97,0.03,0.9099804305283757,0.1531764705882353,0.2622145245096065,0.015066912062887981
CICIoT2023,IF,1,1,98,0.02,0.9063394232885759,0.12917647058823528,0.2261244439562853,0.013273232055401317
CICIoT2023,IF,1,1,99,0.01,0.9152024446142093,0.0939607843137255,0.1704246390212675,0.008656455688305207
CICIoT2023,IF,1,1,99.5,0.005,0.934037465125548,0.07352156862745098,0.13631340158213123,0.005162678978070313
CICIoT2023,IF,1,1,99.9,0.001,0.9802342606149341,0.042007843137254905,0.08056315995307002,0.000842249742645912
CICIoT2023,IF,1,1,99.99,0.0001,0.4032258064516129,0.000392156862745098,0.0007835516830690153,0.0005770970458870137
CICIoT2023,IF,1,1,max,0.0,0.5357142857142857,0.00023529411764705883,0.00047038163630091877,0.0002027638269332751
CICIoT2023,OCSVM,1,1,90,0.1,0.9112597604089834,0.5620078431372549,0.6952370787934063,0.05441869170539976
CICIoT2023,OCSVM,1,1,95,0.05,0.964615339250435,0.5131450980392157,0.6699159354105445,0.018716660947686932
CICIoT2023,OCSVM,1,1,96,0.04,0.9748982153243334,0.49956078431372547,0.6606096435275937,0.012789718314252737
CICIoT2023,OCSVM,1,1,97,0.03,0.9799524613748671,0.4914980392156863,0.6546529605950442,0.009997816389556104
CICIoT2023,OCSVM,1,1,98,0.02,0.9826078692263828,0.48654117647058825,0.6508246254563768,0.008562872383566771
CICIoT2023,OCSVM,1,1,99,0.01,0.990096722014987,0.470478431372549,0.6378571504524527,0.004679165236921733
CICIoT2023,OCSVM,1,1,99.5,0.005,0.9938709893495881,0.4654901960784314,0.634027006238783,0.0028542907945222572
CICIoT2023,OCSVM,1,1,99.9,0.001,0.999117793717157,0.4085960784313725,0.579997996014295,0.00035873600149733287
CICIoT2023,OCSVM,1,1,99.99,0.0001,0.999851315854686,0.3164549019607843,0.48075112895730815,4.679165236921733e-05
CICIoT2023,OCSVM,1,1,max,0.0,1.0,0.24017254901960786,0.3873211823781637,0.0
CICIoT2023,LOF,1,1,90,0.1,0.9255309850537541,0.33220392156862744,0.48891864438082927,0.026577658545715446
CICIoT2023,LOF,1,1,95,0.05,0.9305628310342821,0.2507921568627451,0.39510200046953575,0.018607480425492092
CICIoT2023,LOF,1,1,96,0.04,0.9462939698492462,0.23631372549019608,0.37818501317936487,0.01333562092522694
CICIoT2023,LOF,1,1,97,0.03,0.9456493506493506,0.2284392156862745,0.36798483891345546,0.013054871011011635
CICIoT2023,LOF,1,1,98,0.02,0.959676792789993,0.19375686274509804,0.3224181360201511,0.008094955859874598
CICIoT2023,LOF,1,1,99,0.01,0.9892397660818714,0.13267450980392156,0.233969571230982,0.0014349440059893315
CICIoT2023,LOF,1,1,99.5,0.005,0.9894321364909601,0.12189803921568627,0.21705491313334452,0.0012945690488816795
CICIoT2023,LOF,1,1,99.9,0.001,0.9894200626959248,0.1188235294117647,0.21216704478615242,0.001263374613968868
CICIoT2023,LOF,1,1,99.99,0.0001,0.9894186806009144,0.1188078431372549,0.2121420068622645,0.001263374613968868
CICIoT2023,LOF,1,1,max,0.0,1.0,0.11755294117647058,0.21037561057773285,0.0
CICIoT2023,SNN_AE,1,2,90,0.1,0.9276392763927639,0.8083921568627451,0.8639202045178325,0.06270081417475122
CICIoT2023,SNN_AE,1,2,95,0.05,0.9463237134441,0.7710274509803922,0.849729019543439,0.043485042268459305
CICIoT2023,SNN_AE,1,2,96,0.04,0.9530008278145695,0.7223372549019608,0.8217899527081288,0.03542128084349752
CICIoT2023,SNN_AE,1,2,97,0.03,0.9724375727494344,0.6945568627450981,0.8103364658730087,0.01957450790778925
CICIoT2023,SNN_AE,1,2,98,0.02,0.9726563358610837,0.6941333333333334,0.810124033136528,0.019402938515768787
CICIoT2023,SNN_AE,1,2,99,0.01,0.9767632465000886,0.6916862745098039,0.8098701489521921,0.01636148111176966
CICIoT2023,SNN_AE,1,2,99.5,0.005,0.9770153157346455,0.6914509803921569,0.8097954384707947,0.01617431450229279
CICIoT2023,SNN_AE,1,2,99.9,0.001,0.9866117153587279,0.6346196078431372,0.7724044446141509,0.008562872383566771
CICIoT2023,SNN_AE,1,2,99.99,0.0001,0.9823631358956061,0.45345882352941175,0.6204964744518497,0.008094955859874598
CICIoT2023,SNN_AE,1,2,max,0.0,1.0,0.13650196078431373,0.24021421078783198,0.0
CICIoT2023,LSTM_AE,1,2,90,0.1,0.9116232052266048,0.7638901960784313,0.8312437590147563,0.07363446361169168
CICIoT2023,LSTM_AE,1,2,95,0.05,0.966592243446622,0.7334274509803922,0.8340200852642656,0.025205103409551736
CICIoT2023,LSTM_AE,1,2,96,0.04,0.9775135089137557,0.7207686274509804,0.8297338293185019,0.016486258851420906
CICIoT2023,LSTM_AE,1,2,97,0.03,0.9832318772716123,0.6916862745098039,0.8120850483899186,0.011729107527217144
CICIoT2023,LSTM_AE,1,2,98,0.02,0.9840529765524698,0.6853176470588235,0.8079558378873201,0.01104282995913529
CICIoT2023,LSTM_AE,1,2,99,0.01,0.9841080203778009,0.6848156862745098,0.8076254254846825,0.010996038306766072
CICIoT2023,LSTM_AE,1,2,99.5,0.005,0.9841047956169819,0.6846745098039215,0.8075261556108526,0.010996038306766072
CICIoT2023,LSTM_AE,1,2,99.9,0.001,0.9831157307643554,0.6082980392156863,0.7515674209021754,0.010387746825966248
CICIoT2023,LSTM_AE,1,2,99.99,0.0001,0.9809959721713658,0.42025098039215686,0.5884252141445201,0.008094955859874598
CICIoT2023,LSTM_AE,1,2,max,0.0,0.977689138248444,0.3498823529411765,0.5153412504043252,0.007938983685310541
CICIoT2023,CNN_AE,1,2,90,0.1,0.9136184530128286,0.7965176470588236,0.8510588373320819,0.07488224100820413
CICIoT2023,CNN_AE,1,2,95,0.05,0.9398995370826356,0.7484549019607843,0.8333231454394621,0.04758711045949403
CICIoT2023,CNN_AE,1,2,96,0.04,0.946179924930379,0.7354823529411765,0.827631857657276,0.041597778956234205
CICIoT2023,CNN_AE,1,2,97,0.03,0.9854403952517325,0.7070901960784314,0.8233768368754166,0.010387746825966248
CICIoT2023,CNN_AE,1,2,98,0.02,0.986484375,0.5942117647058823,0.7416740088105727,0.008094955859874598
CICIoT2023,CNN_AE,1,2,99,0.01,0.9864812065327812,0.5940705882352941,0.7415631333157108,0.008094955859874598
CICIoT2023,CNN_AE,1,2,99.5,0.005,0.9864794456312197,0.5939921568627451,0.7415015273752644,0.008094955859874598
CICIoT2023,CNN_AE,1,2,99.9,0.001,0.986476627234353,0.5938666666666667,0.7414029453235157,0.008094955859874598
CICIoT2023,CNN_AE,1,2,99.99,0.0001,0.9746259900264007,0.31270588235294117,0.473492945703292,0.008094955859874598
CICIoT2023,CNN_AE,1,2,max,0.0,1.0,0.20338823529411765,0.33802596590020334,0.0
CICIoT2023,SNN_Dense,1,2,90,0.1,0.9317935630748894,0.7961098039215686,0.8586243941226727,0.057943662850547466
CICIoT2023,SNN_Dense,1,2,95,0.05,0.954376471962162,0.7691450980392157,0.8518071347294727,0.036559877717815145
CICIoT2023,SNN_Dense,1,2,96,0.04,0.9566670645815925,0.7542588235294118,0.8434901589306388,0.03397073962005178
CICIoT2023,SNN_Dense,1,2,97,0.03,0.9828668241582552,0.6461019607843137,0.7796738502891433,0.011198802133699347
CICIoT2023,SNN_Dense,1,2,98,0.02,0.9849967568177331,0.5478745098039216,0.7041095061939946,0.008297719686807873
CICIoT2023,SNN_Dense,1,2,99,0.01,0.9849789649038597,0.5472156862745098,0.7035606603003015,0.008297719686807873
CICIoT2023,SNN_Dense,1,2,99.5,0.005,0.9848575583882282,0.5417411764705883,0.6989890403473088,0.008282122469351469
CICIoT2023,SNN_Dense,1,2,99.9,0.001,0.9839161691239187,0.5066666666666667,0.6688893951003334,0.00823533081698225
CICIoT2023,SNN_Dense,1,2,99.99,0.0001,0.9788632770242157,0.3690352941176471,0.5359974482821471,0.007923386467854135
CICIoT2023,SNN_Dense,1,2,max,0.0,0.9772105333991297,0.3416941176470588,0.506340000697342,0.007923386467854135
CICIoT2023,Dense_SNN,1,2,90,0.1,0.9399703648823856,0.7960627450980392,0.8620519789366401,0.05055058177621113
CICIoT2023,Dense_SNN,1,2,95,0.05,0.9705725897397707,0.7155137254901961,0.8237514334474072,0.02157095174220919
CICIoT2023,Dense_SNN,1,2,96,0.04,0.9714261362425689,0.7151372549019608,0.8238089645015856,0.02091586860904015
CICIoT2023,Dense_SNN,1,2,97,0.03,0.9813321742909921,0.7083294117647059,0.8227759303967567,0.013398009795052563
CICIoT2023,Dense_SNN,1,2,98,0.02,0.9813470150876125,0.708078431372549,0.8226118015818056,0.013382412577596156
CICIoT2023,Dense_SNN,1,2,99,0.01,0.981465770410494,0.7077176470588236,0.8224099745714051,0.013288829272857723
CICIoT2023,Dense_SNN,1,2,99.5,0.005,0.9829504311763544,0.7026823529411764,0.8195164786915836,0.012119037963627288
CICIoT2023,Dense_SNN,1,2,99.9,0.001,0.9880646302630027,0.6570823529411765,0.789278816712987,0.007892192032941323
CICIoT2023,Dense_SNN,1,2,99.99,0.0001,1.0,0.28098823529411765,0.4387054112633628,0.0
CICIoT2023,Dense_SNN,1,2,max,0.0,1.0,0.27498039215686276,0.4313484251968504,0.0
CICIoT2023,Dense_AE,1,2,90,0.1,0.9003267367170386,0.7607372549019608,0.8246667120119711,0.08374146052344261
CICIoT2023,Dense_AE,1,2,95,0.05,0.9348858021088674,0.7538039215686274,0.8346359594275392,0.052203886826590135
CICIoT2023,Dense_AE,1,2,96,0.04,0.9661428311388872,0.7493176470588235,0.8440274575282924,0.02610974202202327
CICIoT2023,Dense_AE,1,2,97,0.03,0.9837877831697605,0.7091450980392157,0.8241889465192384,0.011619927005022304
CICIoT2023,Dense_AE,1,2,98,0.02,0.9844464166851564,0.6959843137254902,0.8154567175151627,0.01093364943694045
CICIoT2023,Dense_AE,1,2,99,0.01,0.9844675705061353,0.6959529411764706,0.8154424400599171,0.010918052219484045
CICIoT2023,Dense_AE,1,2,99.5,0.005,0.9844675705061353,0.6959529411764706,0.8154424400599171,0.010918052219484045
CICIoT2023,Dense_AE,1,2,99.9,0.001,0.9863631676634358,0.6002039215686275,0.7462893253496129,0.008250928034438656
CICIoT2023,Dense_AE,1,2,99.99,0.0001,1.0,0.26903529411764704,0.4239997033411206,0.0
CICIoT2023,Dense_AE,1,2,max,0.0,1.0,0.26823529411764707,0.4230055658627087,0.0
CICIoT2023,SNN_AE_T2,1,2,90,0.1,0.8429063954490605,0.7670117647058824,0.803170170827858,0.14213744268022585
CICIoT2023,SNN_AE_T2,1,2,95,0.05,0.9359464429613406,0.7105411764705882,0.807814743149616,0.04835137411485791
CICIoT2023,SNN_AE_T2,1,2,96,0.04,0.9412535119035045,0.6989490196078432,0.8022036385240663,0.04337586174626447
CICIoT2023,SNN_AE_T2,1,2,97,0.03,0.949433793026124,0.664156862745098,0.7815773685910747,0.03517172536419503
CICIoT2023,SNN_AE_T2,1,2,98,0.02,0.9495108512313055,0.6622745098039216,0.7802984798780206,0.03501575318963097
CICIoT2023,SNN_AE_T2,1,2,99,0.01,0.9497088167577085,0.6599843137254902,0.7787731832821234,0.03475060049287207
CICIoT2023,SNN_AE_T2,1,2,99.5,0.005,0.9633561643835616,0.5736313725490196,0.7190836692557271,0.021695729481860437
CICIoT2023,SNN_AE_T2,1,2,99.9,0.001,0.9875062277239106,0.4041882352941176,0.573600614405129,0.0050846928907882834
CICIoT2023,SNN_AE_T2,1,2,99.99,0.0001,0.9994263064566601,0.30059607843137254,0.46218223915874773,0.00017156939202046356
CICIoT2023,SNN_AE_T2,1,2,max,0.0,0.9998840781313395,0.27060392156862745,0.4259348419194351,3.1194434912811554e-05
CICIoT2023,SNN_AE_T5,1,2,90,0.1,0.9297797696673585,0.7940392156862746,0.8565651096088601,0.059628162335839285
CICIoT2023,SNN_AE_T5,1,2,95,0.05,0.9524899598393575,0.7440627450980393,0.8354733597534126,0.03690301650185607
CICIoT2023,SNN_AE_T5,1,2,96,0.04,0.9678936648258195,0.723043137254902,0.8277410144289908,0.023848145490844432
CICIoT2023,SNN_AE_T5,1,2,97,0.03,0.9833530185189312,0.6921725490196079,0.812461449232667,0.011651121439935115
CICIoT2023,SNN_AE_T5,1,2,98,0.02,0.9835888674070411,0.6863058823529412,0.8084854756449109,0.011385968743176217
CICIoT2023,SNN_AE_T5,1,2,99,0.01,0.9835929060136839,0.6855372549019608,0.8079532639440942,0.011370371525719812
CICIoT2023,SNN_AE_T5,1,2,99.5,0.005,0.9835840389119077,0.6851607843137255,0.8076887516411176,0.011370371525719812
CICIoT2023,SNN_AE_T5,1,2,99.9,0.001,0.9861575550198305,0.5967529411764706,0.7435574188630567,0.008328914121720685
CICIoT2023,SNN_AE_T5,1,2,99.99,0.0001,0.9907031602317272,0.4479843137254902,0.6169782991455761,0.004180054278316748
CICIoT2023,SNN_AE_T5,1,2,max,0.0,1.0,0.12208627450980392,0.2176058602323403,0.0
CICIoT2023,SNN_AE_T7,1,2,90,0.1,0.9062716593506194,0.799921568627451,0.8497821178313434,0.08225972486508407
CICIoT2023,SNN_AE_T7,1,2,95,0.05,0.9428725572473324,0.7401882352941177,0.8293261626067702,0.044592444707864116
CICIoT2023,SNN_AE_T7,1,2,96,0.04,0.9614668267041927,0.7287843137254902,0.8291098579484618,0.029042018903827557
CICIoT2023,SNN_AE_T7,1,2,97,0.03,0.9828704324880362,0.6894431372549019,0.8104141313567135,0.011947468571606825
CICIoT2023,SNN_AE_T7,1,2,98,0.02,0.9821805670898089,0.6493176470588236,0.7817932858019736,0.01171351030976074
CICIoT2023,SNN_AE_T7,1,2,99,0.01,0.9816321959232435,0.6186823529411765,0.7589989319631671,0.011510746482827464
CICIoT2023,SNN_AE_T7,1,2,99.5,0.005,0.9816225907664724,0.6183529411764705,0.7587481233398775,0.011510746482827464
CICIoT2023,SNN_AE_T7,1,2,99.9,0.001,0.985288519062381,0.5683607843137255,0.7208825753053998,0.008438094643915525
CICIoT2023,SNN_AE_T7,1,2,99.99,0.0001,0.9996319100522019,0.4685960784313726,0.6380801845483478,0.00017156939202046356
CICIoT2023,SNN_AE_T7,1,2,max,0.0,1.0,0.20172549019607844,0.3357264064743506,0.0
CICIoT2023,SNN_AE_noBN,1,2,90,0.1,0.8580543706167305,0.7446431372549019,0.7973361103179536,0.12248494868515457
CICIoT2023,SNN_AE_noBN,1,2,95,0.05,0.8741464159005073,0.7188705882352942,0.7889409172290317,0.10291044077736532
CICIoT2023,SNN_AE_noBN,1,2,96,0.04,0.880072589675277,0.7150745098039216,0.7890400526188251,0.09688991483919268
CICIoT2023,SNN_AE_noBN,1,2,97,0.03,0.8870045355945573,0.7055686274509804,0.7859514240782806,0.08937205602520511
CICIoT2023,SNN_AE_noBN,1,2,98,0.02,0.8915691473455474,0.701521568627451,0.7852095056667047,0.08483326574539102
CICIoT2023,SNN_AE_noBN,1,2,99,0.01,0.9038625148885486,0.6666039215686275,0.7673112688008957,0.0704994229029541
CICIoT2023,SNN_AE_noBN,1,2,99.5,0.005,0.9635080589802026,0.5504313725490196,0.7006159590292406,0.020728701999563278
CICIoT2023,SNN_AE_noBN,1,2,99.9,0.001,0.980184552038528,0.41822745098039216,0.5862937185957273,0.008406900209002715
CICIoT2023,SNN_AE_noBN,1,2,99.99,0.0001,0.9753615678145757,0.3247686274509804,0.48728479470915653,0.00815734472970022
CICIoT2023,SNN_AE_noBN,1,2,max,0.0,1.0,0.1928,0.3232729711602951,0.0
CICIoT2023,IF,1,2,90,0.1,0.8686548100555416,0.7040941176470589,0.7777652634223682,0.10585831487662602
CICIoT2023,IF,1,2,95,0.05,0.9125121137073329,0.5317333333333333,0.6719261035897638,0.050690956733318776
CICIoT2023,IF,1,2,96,0.04,0.9129003949100483,0.2610823529411765,0.40604035032080216,0.024768381320772373
CICIoT2023,IF,1,2,97,0.03,0.9128383690890711,0.12748235294117646,0.2237209750457655,0.012103440746170884
CICIoT2023,IF,1,2,98,0.02,0.9076824583866837,0.1112,0.19812744550027947,0.011245593786068566
CICIoT2023,IF,1,2,99,0.01,0.9027448794761043,0.1016313725490196,0.18269488347173854,0.010886857784571232
CICIoT2023,IF,1,2,99.5,0.005,0.8984304255961364,0.09338039215686275,0.16917699215641696,0.010496927348161088
CICIoT2023,IF,1,2,99.9,0.001,0.8774463233897017,0.07243921568627451,0.13382985814266876,0.010060205259381727
CICIoT2023,IF,1,2,99.99,0.0001,0.941233140655106,0.04597647058823529,0.08767049533381191,0.0028542907945222572
CICIoT2023,IF,1,2,max,0.0,1.0,0.019827450980392156,0.038883932691420306,0.0
CICIoT2023,OCSVM,1,2,90,0.1,0.9262217937240319,0.6329254901960785,0.7519871776951536,0.05012945690488817
CICIoT2023,OCSVM,1,2,95,0.05,0.9631583029550919,0.5843764705882353,0.72741118237999,0.022226034875378234
CICIoT2023,OCSVM,1,2,96,0.04,0.9735115563662102,0.5609411764705883,0.7117621886289223,0.015176092585082821
CICIoT2023,OCSVM,1,2,97,0.03,0.9799489740917747,0.42778039215686275,0.5955732209349305,0.008703247340674423
CICIoT2023,OCSVM,1,2,98,0.02,0.9880769684806988,0.2625882352941176,0.41491101967976995,0.003150637926193967
CICIoT2023,OCSVM,1,2,99,0.01,0.9917094119050459,0.2608156862745098,0.4130110785433951,0.002168013226440403
CICIoT2023,OCSVM,1,2,99.5,0.005,0.993402902722802,0.25982745098039217,0.41191684074405654,0.0017156939202046355
CICIoT2023,OCSVM,1,2,99.9,0.001,0.9944618348182037,0.25913725490196077,0.41113959334013583,0.0014349440059893315
CICIoT2023,OCSVM,1,2,99.99,0.0001,0.9986581274778896,0.2568313725490196,0.40858444070122896,0.0003431387840409271
CICIoT2023,OCSVM,1,2,max,0.0,1.0,0.23543529411764705,0.3811373938216585,0.0
CICIoT2023,LOF,1,2,90,0.1,0.7905590265016946,0.3036862745098039,0.4388082367207244,0.07999812833390522
CICIoT2023,LOF,1,2,95,0.05,0.9980126256722002,0.1339137254901961,0.23614184554104892,0.0002651526967588982
CICIoT2023,LOF,1,2,96,0.04,0.9985793772937137,0.13231372549019607,0.23366621881795643,0.0001871666094768693
CICIoT2023,LOF,1,2,97,0.03,0.9986536107711138,0.12798431372549018,0.2268909899888765,0.00017156939202046356
CICIoT2023,LOF,1,2,98,0.02,0.9986091794158554,0.11262745098039216,0.20242458415562448,0.00015597217456405778
CICIoT2023,LOF,1,2,99,0.01,0.9990256124721604,0.11258039215686275,0.20235712070375278,0.00010918052219484044
CICIoT2023,LOF,1,2,99.5,0.005,0.9990253411306043,0.11254901960784314,0.20230643433147238,0.00010918052219484044
CICIoT2023,LOF,1,2,99.9,0.001,0.9990253411306043,0.11254901960784314,0.20230643433147238,0.00010918052219484044
CICIoT2023,LOF,1,2,99.99,0.0001,1.0,0.11254901960784314,0.20232640112795205,0.0
CICIoT2023,LOF,1,2,max,0.0,1.0,0.11016470588235294,0.19846551651053368,0.0
CICIoT2023,SNN_AE,1,3,90,0.1,0.9798131077688949,0.7286274509803922,0.8357548332538661,0.014926304296966389
CICIoT2023,SNN_AE,1,3,95,0.05,0.9808515588645882,0.6612862745098039,0.7899747025203785,0.012836309755907355
CICIoT2023,SNN_AE,1,3,96,0.04,0.9810036594177564,0.6602039215686275,0.7892511228001088,0.012711533962411292
CICIoT2023,SNN_AE,1,3,97,0.03,0.9811920282236396,0.6587607843137255,0.7882797908982554,0.012555564220541215
CICIoT2023,SNN_AE,1,3,98,0.02,0.9835513930722891,0.6556392156862745,0.786796679404401,0.010902284956718397
CICIoT2023,SNN_AE,1,3,99,0.01,0.9894716553834293,0.644235294117647,0.7803756519756406,0.006815877719722374
CICIoT2023,SNN_AE,1,3,99.5,0.005,0.9900487899135307,0.6429803921568628,0.7796332927571515,0.006425953365047181
CICIoT2023,SNN_AE,1,3,99.9,0.001,0.9993530363181885,0.5330666666666667,0.6952687842054115,0.00034313343211416983
CICIoT2023,SNN_AE,1,3,99.99,0.0001,0.9999005305039788,0.4730509803921569,0.6422532211692045,4.679092256102316e-05
CICIoT2023,SNN_AE,1,3,max,0.0,1.0,0.3388549019607843,0.5061861467803919,0.0
CICIoT2023,LSTM_AE,1,3,90,0.1,0.9737698837880161,0.7413176470588235,0.8417912042892004,0.019854948140060828
CICIoT2023,LSTM_AE,1,3,95,0.05,0.9906685764839702,0.7377411764705882,0.8456987700496297,0.00690945956484442
CICIoT2023,LSTM_AE,1,3,96,0.04,0.9910550410328895,0.7368941176470588,0.8452825435668594,0.006613117055291273
CICIoT2023,LSTM_AE,1,3,97,0.03,0.9913632908184813,0.7364235294117647,0.8450848739041996,0.006379162442486158
CICIoT2023,LSTM_AE,1,3,98,0.02,0.9915241698547906,0.7358431372549019,0.8447609872052295,0.006254386648990096
CICIoT2023,LSTM_AE,1,3,99,0.01,0.9916227708320112,0.7352941176470589,0.8444348366525253,0.006176401778055058
CICIoT2023,LSTM_AE,1,3,99.5,0.005,0.9918083102258536,0.7349960784313726,0.8443054967430379,0.006036029010371988
CICIoT2023,LSTM_AE,1,3,99.9,0.001,0.9933596669157682,0.7297882352941176,0.8414161052583985,0.0048506589721594015
CICIoT2023,LSTM_AE,1,3,99.99,0.0001,0.9943388140830458,0.6915450980392157,0.8157502752412409,0.003914840520938938
CICIoT2023,LSTM_AE,1,3,max,0.0,0.999975437217528,0.6386039215686274,0.7794413279470047,1.559697418700772e-05
CICIoT2023,CNN_AE,1,3,90,0.1,0.9846843481509152,0.7442823529411765,0.847770154373928,0.011510566950011698
CICIoT2023,CNN_AE,1,3,95,0.05,0.9858594693656545,0.7425725490196079,0.8470939803879465,0.010590345472978243
CICIoT2023,CNN_AE,1,3,96,0.04,0.9867359069010824,0.742164705882353,0.847151720248167,0.00991967558293691
CICIoT2023,CNN_AE,1,3,97,0.03,0.9875138329192158,0.7418823529411764,0.8472541941724961,0.009326990563830616
CICIoT2023,CNN_AE,1,3,98,0.02,0.9881198887285353,0.7410666666666667,0.846944720825378,0.008859081338220385
CICIoT2023,CNN_AE,1,3,99,0.01,0.9905600474114211,0.7341176470588235,0.8432736314822156,0.006956250487405443
CICIoT2023,CNN_AE,1,3,99.5,0.005,0.9913683406854428,0.7332549019607844,0.8429965194496042,0.0063479684941121425
CICIoT2023,CNN_AE,1,3,99.9,0.001,0.9937052743175192,0.7057411764705882,0.8253260690110615,0.0044451376432972
CICIoT2023,CNN_AE,1,3,99.99,0.0001,0.9998754010528611,0.5035137254901961,0.6697547285948274,6.238789674803088e-05
CICIoT2023,CNN_AE,1,3,max,0.0,1.0,0.31378823529411765,0.4776846478974138,0.0
CICIoT2023,SNN_Dense,1,3,90,0.1,0.9832622384724762,0.7593098039215687,0.85689502566826,0.012851906730094361
CICIoT2023,SNN_Dense,1,3,95,0.05,0.98744073858438,0.7449098039215686,0.8491979757157418,0.009420572408952664
CICIoT2023,SNN_Dense,1,3,96,0.04,0.9885064677240717,0.7420078431372549,0.847701226669534,0.008578335802854246
CICIoT2023,SNN_Dense,1,3,97,0.03,0.9888567718151732,0.7405490196078431,0.8468769059663473,0.008297590267488107
CICIoT2023,SNN_Dense,1,3,98,0.02,0.9895476965054045,0.7395607843137255,0.8464832353337224,0.0077672931451298445
CICIoT2023,SNN_Dense,1,3,99,0.01,0.9903417220772662,0.7382745098039216,0.845929866815249,0.007159011151836544
CICIoT2023,SNN_Dense,1,3,99.5,0.005,0.9911000506158258,0.7371607843137254,0.8454743356781749,0.006581923106917258
CICIoT2023,SNN_Dense,1,3,99.9,0.001,0.9991746195511994,0.6076549019607843,0.7557159578618806,0.000499103173984247
CICIoT2023,SNN_Dense,1,3,99.99,0.0001,0.9997140951110264,0.32909803921568626,0.4951850453172205,9.358184512204632e-05
CICIoT2023,SNN_Dense,1,3,max,0.0,1.0,0.31979607843137253,0.4846143789296029,0.0
CICIoT2023,Dense_SNN,1,3,90,0.1,0.9681474480151229,0.8033725490196079,0.8780968709815687,0.02628090150510801
CICIoT2023,Dense_SNN,1,3,95,0.05,0.971259089169537,0.7962039215686274,0.8750624946125334,0.023426655228885596
CICIoT2023,Dense_SNN,1,3,96,0.04,0.9727918586789555,0.794713725490196,0.8747820081153413,0.02210091242298994
CICIoT2023,Dense_SNN,1,3,97,0.03,0.9754454375229233,0.792643137254902,0.8745943419902555,0.01983935116587382
CICIoT2023,Dense_SNN,1,3,98,0.02,0.979691069929114,0.7869647058823529,0.8728155255351907,0.01622085315448803
CICIoT2023,Dense_SNN,1,3,99,0.01,0.9867086614173228,0.7371294117647059,0.8438518518518519,0.009872884660375888
CICIoT2023,Dense_SNN,1,3,99.5,0.005,0.9911959553695955,0.7134745098039216,0.8297123260183512,0.006301177571551119
CICIoT2023,Dense_SNN,1,3,99.9,0.001,0.9988128329858699,0.5410980392156862,0.7019310990375027,0.0006394759416673165
CICIoT2023,Dense_SNN,1,3,99.99,0.0001,0.9998940266346391,0.4440156862745098,0.6149534537633474,4.679092256102316e-05
CICIoT2023,Dense_SNN,1,3,max,0.0,1.0,0.34934901960784315,0.5178037920972787,0.0
CICIoT2023,Dense_AE,1,3,90,0.1,0.8667612880333541,0.7663529411764706,0.8134704241768306,0.11713327614442798
CICIoT2023,Dense_AE,1,3,95,0.05,0.9338018897149938,0.7565333333333333,0.8358723721381653,0.053326054745379395
CICIoT2023,Dense_AE,1,3,96,0.04,0.9474326665616633,0.7548549019607843,0.8402507377206615,0.041643921079310614
CICIoT2023,Dense_AE,1,3,97,0.03,0.9647415185783522,0.7493960784313726,0.8435419793413967,0.02723231693051548
CICIoT2023,Dense_AE,1,3,98,0.02,0.9802871090517955,0.7433882352941177,0.8455581922315201,0.014863916400218358
CICIoT2023,Dense_AE,1,3,99,0.01,0.986753719630862,0.7396705882352941,0.8455310793727642,0.009872884660375888
CICIoT2023,Dense_AE,1,3,99.5,0.005,0.9873184228729537,0.7388549019607843,0.8452048772172228,0.00943616938313967
CICIoT2023,Dense_AE,1,3,99.9,0.001,0.9988579309155946,0.727121568627451,0.8415988089726482,0.0008266396319114092
CICIoT2023,Dense_AE,1,3,99.99,0.0001,0.9998190427360738,0.5200156862745098,0.6841817412570814,9.358184512204632e-05
CICIoT2023,Dense_AE,1,3,max,0.0,0.9999389685688129,0.5140078431372549,0.6789888106092001,3.119394837401544e-05
CICIoT2023,SNN_AE_T2,1,3,90,0.1,0.9640347250930137,0.7316078431372549,0.8318915544457327,0.027138735085393433
CICIoT2023,SNN_AE_T2,1,3,95,0.05,0.9776645435244161,0.722321568627451,0.8308164185836716,0.016408016844732122
CICIoT2023,SNN_AE_T2,1,3,96,0.04,0.9781820508445658,0.7194509803921568,0.8291003091162168,0.0159557045933089
CICIoT2023,SNN_AE_T2,1,3,97,0.03,0.978961801315423,0.7167843137254902,0.8276055674789681,0.015316228651641582
CICIoT2023,SNN_AE_T2,1,3,98,0.02,0.9862950109418864,0.6999058823529412,0.8187798768683078,0.009670123995944786
CICIoT2023,SNN_AE_T2,1,3,99,0.01,0.9865786774869577,0.6941490196078431,0.8149239438694708,0.009389378460578648
CICIoT2023,SNN_AE_T2,1,3,99.5,0.005,0.9881083937923413,0.6451921568627451,0.7806521409049499,0.007720502222568822
CICIoT2023,SNN_AE_T2,1,3,99.9,0.001,0.9979497075318097,0.5191843137254902,0.6830244748029222,0.001060594244716525
CICIoT2023,SNN_AE_T2,1,3,99.99,0.0001,0.9997502123195284,0.3139137254901961,0.47780152088531286,7.79848709350386e-05
CICIoT2023,SNN_AE_T2,1,3,max,0.0,1.0,0.26423529411764707,0.41801600595570443,0.0
CICIoT2023,SNN_AE_T5,1,3,90,0.1,0.9755367342919047,0.7769098039215686,0.8649668180230528,0.01937144194026359
CICIoT2023,SNN_AE_T5,1,3,95,0.05,0.9792667092599081,0.7453333333333333,0.8464340746942665,0.015690556032129765
CICIoT2023,SNN_AE_T5,1,3,96,0.04,0.9803109455324994,0.7388392156862745,0.8426165281715968,0.014754737580909304
CICIoT2023,SNN_AE_T5,1,3,97,0.03,0.9811569625023554,0.7351058823529412,0.8404939334427376,0.014037276768306949
CICIoT2023,SNN_AE_T5,1,3,98,0.02,0.981915634429931,0.7299137254901961,0.8373658211788841,0.013366606878265616
CICIoT2023,SNN_AE_T5,1,3,99,0.01,0.9833183738698308,0.7045803921568627,0.8209341216679308,0.011884894330499883
CICIoT2023,SNN_AE_T5,1,3,99.5,0.005,0.9899532264222985,0.6507137254901961,0.7852613247013838,0.00656632613273025
CICIoT2023,SNN_AE_T5,1,3,99.9,0.001,0.9992955838526145,0.5785725490196079,0.7328432346513014,0.00040552132886220076
CICIoT2023,SNN_AE_T5,1,3,99.99,0.0001,0.9998195380173244,0.260721568627451,0.41359145992485136,4.679092256102316e-05
CICIoT2023,SNN_AE_T5,1,3,max,0.0,1.0,0.20356078431372548,0.33826423553638224,0.0
CICIoT2023,SNN_AE_T7,1,3,90,0.1,0.9852068533221897,0.7396392156862746,0.8449422094794374,0.011042657724401467
CICIoT2023,SNN_AE_T7,1,3,95,0.05,0.9865573216097396,0.7321725490196078,0.8405395184671625,0.00991967558293691
CICIoT2023,SNN_AE_T7,1,3,96,0.04,0.9866881465151772,0.7301647058823529,0.8392622108432649,0.009794899789440849
CICIoT2023,SNN_AE_T7,1,3,97,0.03,0.9868244894489662,0.7284235294117647,0.838160044040539,0.009670123995944786
CICIoT2023,SNN_AE_T7,1,3,98,0.02,0.9871969255349008,0.7172392156862745,0.830839397821327,0.009249005692895579
CICIoT2023,SNN_AE_T7,1,3,99,0.01,0.9885350879123297,0.7046588235294118,0.8227999963367615,0.008126023551431022
CICIoT2023,SNN_AE_T7,1,3,99.5,0.005,0.9910961704447372,0.6844549019607843,0.8097164489311164,0.006114013881307026
CICIoT2023,SNN_AE_T7,1,3,99.9,0.001,0.9993669383556224,0.5943058823529411,0.7453595774190692,0.00037432738048818527
CICIoT2023,SNN_AE_T7,1,3,99.99,0.0001,0.9999027111168763,0.4836549019607843,0.6519569492313873,4.679092256102316e-05
CICIoT2023,SNN_AE_T7,1,3,max,0.0,1.0,0.40847058823529414,0.5800200467758102,0.0
CICIoT2023,SNN_AE_noBN,1,3,90,0.1,0.9706033731886927,0.7691137254901961,0.8581905378677822,0.023161506667706465
CICIoT2023,SNN_AE_noBN,1,3,95,0.05,0.9728025068295034,0.759686274509804,0.853136505364032,0.021118303049208455
CICIoT2023,SNN_AE_noBN,1,3,96,0.04,0.9751663329895448,0.756407843137255,0.8519686569669344,0.01915308430164548
CICIoT2023,SNN_AE_noBN,1,3,97,0.03,0.9761492555553293,0.7517803921568628,0.8493978572757807,0.01826405677298604
CICIoT2023,SNN_AE_noBN,1,3,98,0.02,0.9776773796077626,0.7467921568627451,0.8467784250077817,0.016953910941277392
CICIoT2023,SNN_AE_noBN,1,3,99,0.01,0.9833684161828318,0.6668549019607843,0.7947579476729514,0.011214224440458552
CICIoT2023,SNN_AE_noBN,1,3,99.5,0.005,0.9939813581890812,0.5854745098039216,0.7369002961500494,0.003524916166263745
CICIoT2023,SNN_AE_noBN,1,3,99.9,0.001,0.9988843954818017,0.449443137254902,0.619945041867711,0.000499103173984247
CICIoT2023,SNN_AE_noBN,1,3,99.99,0.0001,0.9998799615877081,0.3919843137254902,0.5631831601721845,4.679092256102316e-05
CICIoT2023,SNN_AE_noBN,1,3,max,0.0,1.0,0.2355450980392157,0.3812812634893228,0.0
CICIoT2023,IF,1,3,90,0.1,0.8109822335914777,0.7260549019607843,0.7661722836522545,0.1682601575294393
CICIoT2023,IF,1,3,95,0.05,0.8265361609570419,0.7152941176470589,0.7669021190716447,0.1492630429696639
CICIoT2023,IF,1,3,96,0.04,0.8303242480341662,0.7105882352941176,0.7658042212210605,0.14438119004913047
CICIoT2023,IF,1,3,97,0.03,0.8359192229230222,0.7006117647058824,0.7623078826772258,0.13673867269749668
CICIoT2023,IF,1,3,98,0.02,0.8648481954558116,0.6818666666666666,0.7625337683752588,0.10595024565234344
CICIoT2023,IF,1,3,99,0.01,0.8861857774753318,0.3268392156862745,0.4775503655657675,0.04173750292443266
CICIoT2023,IF,1,3,99.5,0.005,0.9749168933212451,0.10120784313725491,0.1833788085493406,0.002589097715043282
CICIoT2023,IF,1,3,99.9,0.001,0.9888216115510013,0.06660392156862745,0.12480159896537535,0.0007486547609763705
CICIoT2023,IF,1,3,99.99,0.0001,0.9906213364595545,0.03976470588235294,0.0764602090213998,0.00037432738048818527
CICIoT2023,IF,1,3,max,0.0,1.0,0.0027294117647058825,0.0054439647080908584,0.0
CICIoT2023,OCSVM,1,3,90,0.1,0.9562030585467378,0.49727058823529413,0.6542831491285099,0.02264680651953521
CICIoT2023,OCSVM,1,3,95,0.05,0.9792788383096753,0.47074509803921566,0.6358387626463267,0.009904078608749903
CICIoT2023,OCSVM,1,3,96,0.04,0.9843553198541598,0.4658509803921569,0.6324105621805792,0.007361771816267644
CICIoT2023,OCSVM,1,3,97,0.03,0.987683323824546,0.4616470588235294,0.6292024330015927,0.0057240895266318335
CICIoT2023,OCSVM,1,3,98,0.02,0.9912439099178904,0.4563764705882353,0.6249986573721013,0.004008422366060984
CICIoT2023,OCSVM,1,3,99,0.01,0.9944816575851179,0.44947450980392156,0.6191242721173686,0.0024799188957342275
CICIoT2023,OCSVM,1,3,99.5,0.005,0.9955714888232813,0.44432941176470586,0.614433526387714,0.001965218747562973
CICIoT2023,OCSVM,1,3,99.9,0.001,0.9993221420311814,0.3931294117647059,0.5642751804027965,0.00026514856117913126
CICIoT2023,OCSVM,1,3,99.99,0.0001,0.9998429319371728,0.2995607843137255,0.4610018105009053,4.679092256102316e-05
CICIoT2023,OCSVM,1,3,max,0.0,1.0,0.23392941176470589,0.3791617405896037,0.0
CICIoT2023,LOF,1,3,90,0.1,0.672484117370776,0.42672941176470586,0.522134679423817,0.2066443110036653
CICIoT2023,LOF,1,3,95,0.05,0.6606149236695676,0.29052549019607843,0.4035691717691151,0.14840520938937846
CICIoT2023,LOF,1,3,96,0.04,0.6617747853082289,0.25747450980392156,0.3707158424898083,0.13084301645480775
CICIoT2023,LOF,1,3,97,0.03,0.6800532927293491,0.22418823529411766,0.33721067409102706,0.10487405443343992
CICIoT2023,LOF,1,3,98,0.02,0.7026024493641074,0.1871843137254902,0.2956127529913048,0.078780316618576
CICIoT2023,LOF,1,3,99,0.01,0.7420691733855775,0.15447843137254902,0.255722465301671,0.05338844264212743
CICIoT2023,LOF,1,3,99.5,0.005,0.7453742997793243,0.13775686274509805,0.2325372027749828,0.046790922561023164
CICIoT2023,LOF,1,3,99.9,0.001,0.7858489629850154,0.12421960784313725,0.21452856001191975,0.03365827029556266
CICIoT2023,LOF,1,3,99.99,0.0001,0.8520209330809486,0.1200313725490196,0.2104192160151792,0.02072837869453326
CICIoT2023,LOF,1,3,max,0.0,1.0,0.1115921568627451,0.2007789568751411,0.0
CICIoT2023,SNN_AE,1,4,90,0.1,0.7603624009060023,0.8425411764705882,0.7993451893742094,0.264029697102037
CICIoT2023,SNN_AE,1,4,95,0.05,0.7984388607554108,0.7765960784313726,0.7873660103692866,0.1949340237701594
CICIoT2023,SNN_AE,1,4,96,0.04,0.8285479620820643,0.7595607843137255,0.7925559774780674,0.1562841189131859
CICIoT2023,SNN_AE,1,4,97,0.03,0.8497463923417631,0.7463372549019608,0.7946919209634047,0.1312193904607418
CICIoT2023,SNN_AE,1,4,98,0.02,0.8654516611019903,0.7359529411764706,0.795466298183298,0.11376610412702375
CICIoT2023,SNN_AE,1,4,99,0.01,0.8863636363636364,0.7102588235294117,0.7885991953602591,0.09054184733443554
CICIoT2023,SNN_AE,1,4,99.5,0.005,0.9118793575835876,0.6421490196078431,0.753605846672128,0.06170259225754125
CICIoT2023,SNN_AE,1,4,99.9,0.001,0.9474456449246366,0.5570980392156862,0.7016348100953227,0.03072651838911938
CICIoT2023,SNN_AE,1,4,99.99,0.0001,0.9997295940047128,0.4059607843137255,0.5774401195934715,0.00010918052219484044
CICIoT2023,SNN_AE,1,4,max,0.0,0.9998634004189054,0.3444549019607843,0.512390330408811,4.679165236921733e-05
CICIoT2023,LSTM_AE,1,4,90,0.1,0.6949125742822131,0.827278431372549,0.7553404037438324,0.3611379729856194
CICIoT2023,LSTM_AE,1,4,95,0.05,0.8329289027550801,0.7914980392156863,0.8116851257550531,0.15785943787628287
CICIoT2023,LSTM_AE,1,4,96,0.04,0.851670658580917,0.7864627450980393,0.8177688612694606,0.13619490282933525
CICIoT2023,LSTM_AE,1,4,97,0.03,0.8747267589614175,0.7720784313725491,0.8202034677842676,0.10994478585020433
CICIoT2023,LSTM_AE,1,4,98,0.02,0.8861442051954677,0.7630431372549019,0.8199993257139004,0.0974826091025361
CICIoT2023,LSTM_AE,1,4,99,0.01,0.9071514595400585,0.7443764705882353,0.8177423940858687,0.07575568518576287
CICIoT2023,LSTM_AE,1,4,99.5,0.005,0.9208091241661287,0.7383372549019608,0.8195391191551968,0.06313753626353058
CICIoT2023,LSTM_AE,1,4,99.9,0.001,0.9963330786860198,0.7160313725490196,0.8332405421439327,0.0026203325326761705
CICIoT2023,LSTM_AE,1,4,99.99,0.0001,0.9999723787426804,0.5678901960784314,0.7243932208816055,1.5597217456405777e-05
CICIoT2023,LSTM_AE,1,4,max,0.0,0.9999693824438933,0.512313725490196,0.6775160510730104,1.5597217456405777e-05
CICIoT2023,CNN_AE,1,4,90,0.1,0.742015226624239,0.8851921568627451,0.8073046687791932,0.30601740649468134
CICIoT2023,CNN_AE,1,4,95,0.05,0.7890061642242382,0.8513098039215686,0.8189747536481204,0.22636241694481704
CICIoT2023,CNN_AE,1,4,96,0.04,0.8194961899943272,0.8384313725490196,0.8288556519581618,0.18362604111426523
CICIoT2023,CNN_AE,1,4,97,0.03,0.831572659246683,0.8297725490196078,0.8306716289003,0.1671085878279315
CICIoT2023,CNN_AE,1,4,98,0.02,0.8488397202704274,0.8015843137254902,0.8245355019322151,0.14193467885329258
CICIoT2023,CNN_AE,1,4,99,0.01,0.908153486410856,0.7432470588235294,0.8174666160587971,0.07474186605109648
CICIoT2023,CNN_AE,1,4,99.5,0.005,0.9237631952103356,0.735764705882353,0.8191153100605976,0.06037682877374676
CICIoT2023,CNN_AE,1,4,99.9,0.001,0.9268513750128746,0.7057882352941176,0.8013535776303485,0.055385719187696913
CICIoT2023,CNN_AE,1,4,99.99,0.0001,0.9999501396090945,0.31458823529411767,0.47860535045223496,1.5597217456405777e-05
CICIoT2023,CNN_AE,1,4,max,0.0,0.9999500074988752,0.31375686274509806,0.4776425919071556,1.5597217456405777e-05
CICIoT2023,SNN_Dense,1,4,90,0.1,0.773014632273282,0.8842196078431372,0.8248860401987254,0.25816514333842844
CICIoT2023,SNN_Dense,1,4,95,0.05,0.8286200134812182,0.8484549019607843,0.8384201633779238,0.17448607168481142
CICIoT2023,SNN_Dense,1,4,96,0.04,0.8459216411423514,0.8395921568627451,0.8427450146823804,0.15205727298249994
CICIoT2023,SNN_Dense,1,4,97,0.03,0.862543742028322,0.8274196078431373,0.8446166655991802,0.13111020993854697
CICIoT2023,SNN_Dense,1,4,98,0.02,0.8764204302728935,0.8045333333333333,0.8389397322341356,0.11279907664472658
CICIoT2023,SNN_Dense,1,4,99,0.01,0.9076671121736348,0.7563607843137254,0.8251349755717745,0.07650435162367034
CICIoT2023,SNN_Dense,1,4,99.5,0.005,0.9245188048642989,0.7202980392156862,0.8097303778941615,0.05847396824406526
CICIoT2023,SNN_Dense,1,4,99.9,0.001,0.9987882378285222,0.5818196078431372,0.735305195963761,0.00070187478553826
CICIoT2023,SNN_Dense,1,4,99.99,0.0001,0.9993893020081187,0.4363921568627451,0.6075097994256826,0.0002651526967588982
CICIoT2023,SNN_Dense,1,4,max,0.0,0.9998478045810821,0.41220392156862745,0.5837480007108584,6.238886982562311e-05
CICIoT2023,Dense_SNN,1,4,90,0.1,0.77883500300401,0.8743843137254902,0.8238484788022554,0.24688835511744706
CICIoT2023,Dense_SNN,1,4,95,0.05,0.8464671589584143,0.8541019607843138,0.8502674214327542,0.15403811959946345
CICIoT2023,Dense_SNN,1,4,96,0.04,0.8625302972317898,0.848486274509804,0.8554506492068764,0.1344636116916742
CICIoT2023,Dense_SNN,1,4,97,0.03,0.8785551857100484,0.8363294117647059,0.8569224340223086,0.11495149265371057
CICIoT2023,Dense_SNN,1,4,98,0.02,0.9022098876094601,0.8210039215686274,0.8596935004352754,0.08848301463018997
CICIoT2023,Dense_SNN,1,4,99,0.01,0.9106148331954783,0.7771294117647058,0.8385933731115908,0.07584926849050129
CICIoT2023,Dense_SNN,1,4,99.5,0.005,0.9136796249822435,0.6053647058823529,0.7282333849114995,0.05686745484605547
CICIoT2023,Dense_SNN,1,4,99.9,0.001,0.9935631482611348,0.510886274509804,0.6747954003936599,0.003291012883301619
CICIoT2023,Dense_SNN,1,4,99.99,0.0001,0.9999552131852383,0.35022745098039215,0.518762053021678,1.5597217456405777e-05
CICIoT2023,Dense_SNN,1,4,max,0.0,0.9999549082382648,0.3478588235294118,0.5161590652530637,1.5597217456405777e-05
CICIoT2023,Dense_AE,1,4,90,0.1,0.7132742005572454,0.8754196078431372,0.7860724547861851,0.3499079764170072
CICIoT2023,Dense_AE,1,4,95,0.05,0.80501557869139,0.8308392156862745,0.8177235709598981,0.20009670274822972
CICIoT2023,Dense_AE,1,4,96,0.04,0.8221939384297192,0.8106509803921569,0.8163816594921212,0.17431450229279097
CICIoT2023,Dense_AE,1,4,97,0.03,0.8425796015383854,0.800721568627451,0.8211174828886941,0.1487506628817419
CICIoT2023,Dense_AE,1,4,98,0.02,0.8649006859742446,0.7574901960784314,0.8076398819230158,0.11764981127366878
CICIoT2023,Dense_AE,1,4,99,0.01,0.9101779112754159,0.7415058823529411,0.8172293968155179,0.07276101943413295
CICIoT2023,Dense_AE,1,4,99.5,0.005,0.9342692154520111,0.7359843137254902,0.8233570237781872,0.05148641482359547
CICIoT2023,Dense_AE,1,4,99.9,0.001,0.9984253714792637,0.7061803921568628,0.8272510106578463,0.0011074024394048102
CICIoT2023,Dense_AE,1,4,99.99,0.0001,1.0,0.3931450980392157,0.5643993559501425,0.0
CICIoT2023,Dense_AE,1,4,max,0.0,1.0,0.3887529411764706,0.5598590356138389,0.0
CICIoT2023,SNN_AE_T2,1,4,90,0.1,0.7113613101330604,0.8176470588235294,0.7608100711548986,0.32988114920298217
CICIoT2023,SNN_AE_T2,1,4,95,0.05,0.8385611460023993,0.7456156862745098,0.7893618081272731,0.14273013694356926
CICIoT2023,SNN_AE_T2,1,4,96,0.04,0.8465184759579129,0.7395450980392156,0.7894243327417032,0.1333250148173566
CICIoT2023,SNN_AE_T2,1,4,97,0.03,0.8713033749766922,0.7329882352941176,0.796183336173113,0.10765199488411267
CICIoT2023,SNN_AE_T2,1,4,98,0.02,0.9105014616595457,0.6986509803921569,0.7906307969503049,0.0682846180241445
CICIoT2023,SNN_AE_T2,1,4,99,0.01,0.9132422051028948,0.6675764705882353,0.7713206042536996,0.06305955017624856
CICIoT2023,SNN_AE_T2,1,4,99.5,0.005,0.9199070800929199,0.5714823529411764,0.7049944849739729,0.04947437377171913
CICIoT2023,SNN_AE_T2,1,4,99.9,0.001,0.998192839125033,0.41589019607843136,0.5871488522992769,0.0007486664379074773
CICIoT2023,SNN_AE_T2,1,4,99.99,0.0001,0.999425463459476,0.40930196078431375,0.5807607558592446,0.00023395826184608665
CICIoT2023,SNN_AE_T2,1,4,max,0.0,0.9999019319407669,0.31987450980392157,0.48469290739684356,3.1194434912811554e-05
CICIoT2023,SNN_AE_T5,1,4,90,0.1,0.7936448986867907,0.8380392156862745,0.8152381243037858,0.21666094768693264
CICIoT2023,SNN_AE_T5,1,4,95,0.05,0.8272061730151954,0.8206274509803921,0.8239036797303788,0.17044639236360234
CICIoT2023,SNN_AE_T5,1,4,96,0.04,0.8402263540824576,0.8151843137254902,0.827515923566879,0.1541317029042019
CICIoT2023,SNN_AE_T5,1,4,97,0.03,0.8612330756773903,0.8092078431372549,0.8344103065936643,0.1296440714976448
CICIoT2023,SNN_AE_T5,1,4,98,0.02,0.8794392523364486,0.7970823529411765,0.8362379659343372,0.10865021680132264
CICIoT2023,SNN_AE_T5,1,4,99,0.01,0.9011604488347559,0.7369725490196078,0.8108383311041119,0.08037246155285897
CICIoT2023,SNN_AE_T5,1,4,99.5,0.005,0.9198575437081804,0.6685019607843137,0.7742914244186047,0.05791246841563465
CICIoT2023,SNN_AE_T5,1,4,99.9,0.001,0.9204827569254971,0.5874196078431373,0.7171679449982286,0.05045699847147269
CICIoT2023,SNN_AE_T5,1,4,99.99,0.0001,0.9997138257914505,0.4383843137254902,0.6094978463551606,0.00012477773965124622
CICIoT2023,SNN_AE_T5,1,4,max,0.0,0.9997826323225736,0.4328941176470588,0.6041837706479262,9.358330473843466e-05
CICIoT2023,SNN_AE_T7,1,4,90,0.1,0.7453880207242308,0.8372549019607843,0.7886551859157636,0.2843684686651901
CICIoT2023,SNN_AE_T7,1,4,95,0.05,0.8023352154167178,0.8202823529411765,0.8112095310488187,0.20093895249087562
CICIoT2023,SNN_AE_T7,1,4,96,0.04,0.8205124162396531,0.8163294117647059,0.8184155690977001,0.17755872352372337
CICIoT2023,SNN_AE_T7,1,4,97,0.03,0.8548765574908286,0.8114823529411764,0.8326144337861328,0.13697476370215553
CICIoT2023,SNN_AE_T7,1,4,98,0.02,0.8808179329226558,0.8074509803921569,0.8425403060806941,0.10863461958386623
CICIoT2023,SNN_AE_T7,1,4,99,0.01,0.9114049825664372,0.7913568627450981,0.8471491062357792,0.07648875440621393
CICIoT2023,SNN_AE_T7,1,4,99.5,0.005,0.9152801066253923,0.6678745098039216,0.7722458011390431,0.06146863399569517
CICIoT2023,SNN_AE_T7,1,4,99.9,0.001,0.923728813559322,0.5950117647058824,0.7237964394069494,0.048850485073462895
CICIoT2023,SNN_AE_T7,1,4,99.99,0.0001,0.9994185821155859,0.4044549019607843,0.5758634937296898,0.00023395826184608665
CICIoT2023,SNN_AE_T7,1,4,max,0.0,0.9998342106353877,0.3784,0.5490173765604197,6.238886982562311e-05
CICIoT2023,SNN_AE_noBN,1,4,90,0.1,0.7752465428901989,0.8829176470588236,0.8255863414347947,0.2545153944536295
CICIoT2023,SNN_AE_noBN,1,4,95,0.05,0.8114629353270586,0.8614745098039216,0.8357211878656917,0.19902049474373773
CICIoT2023,SNN_AE_noBN,1,4,96,0.04,0.831949344466869,0.8470745098039215,0.8394438010555033,0.17013444801447422
CICIoT2023,SNN_AE_noBN,1,4,97,0.03,0.8675104791649544,0.827843137254902,0.847212746317775,0.12571357269863057
CICIoT2023,SNN_AE_noBN,1,4,98,0.02,0.8847619047619047,0.8014901960784314,0.8410699588477367,0.10379948217238044
CICIoT2023,SNN_AE_noBN,1,4,99,0.01,0.8980043492485037,0.7319686274509803,0.8065299490981999,0.08266525251895061
CICIoT2023,SNN_AE_noBN,1,4,99.5,0.005,0.9401686804325411,0.5578039215686275,0.7001860730705994,0.03529650310384627
CICIoT2023,SNN_AE_noBN,1,4,99.9,0.001,0.9984354273664161,0.46047058823529413,0.6302669858616655,0.0007174720029946657
CICIoT2023,SNN_AE_noBN,1,4,99.99,0.0001,0.9995786812723826,0.372156862745098,0.5423786934903126,0.00015597217456405778
CICIoT2023,SNN_AE_noBN,1,4,max,0.0,0.9998955231677376,0.30025098039215686,0.4618242794928401,3.1194434912811554e-05
CICIoT2023,IF,1,4,90,0.1,0.7328769189009862,0.7623529411764706,0.7473243941444212,0.27628911002277196
CICIoT2023,IF,1,4,95,0.05,0.763046590317543,0.7357803921568628,0.7491654821037838,0.22718906947000655
CICIoT2023,IF,1,4,96,0.04,0.7795972081091436,0.7341176470588235,0.756174210904743,0.20636678416570484
CICIoT2023,IF,1,4,97,0.03,0.7956842392788855,0.7311058823529412,0.7620293314585616,0.18666749851826434
CICIoT2023,IF,1,4,98,0.02,0.8264003739124182,0.721113725490196,0.770175409204376,0.1506223289765106
CICIoT2023,IF,1,4,99,0.01,0.8670254422779574,0.6772862745098039,0.7604998723018257,0.10328477399631905
CICIoT2023,IF,1,4,99.5,0.005,0.8887626379742138,0.601207843137255,0.7172371203473248,0.07481985213837851
CICIoT2023,IF,1,4,99.9,0.001,0.8995160468670402,0.2215843137254902,0.35557681174012634,0.024612409146208318
CICIoT2023,IF,1,4,99.99,0.0001,0.999236641221374,0.04106666666666667,0.07889106524031943,3.1194434912811554e-05
CICIoT2023,IF,1,4,max,0.0,1.0,0.0038431372549019606,0.007656848191264942,0.0
CICIoT2023,OCSVM,1,4,90,0.1,0.6733961417676088,0.682807843137255,0.6780693350780039,0.32928845493963876
CICIoT2023,OCSVM,1,4,95,0.05,0.724282832810399,0.6083294117647059,0.6612614455982404,0.23026172130891848
CICIoT2023,OCSVM,1,4,96,0.04,0.7522222443176169,0.5933647058823529,0.6634162596350307,0.19434132950681599
CICIoT2023,OCSVM,1,4,97,0.03,0.7788603294660599,0.5718117647058824,0.6594665002306587,0.1614312006737998
CICIoT2023,OCSVM,1,4,98,0.02,0.7954288556314147,0.551921568627451,0.6516706178693139,0.14113922076301588
CICIoT2023,OCSVM,1,4,99,0.01,0.8485623003194889,0.5207843137254902,0.6454434993924666,0.09241351342920423
CICIoT2023,OCSVM,1,4,99.5,0.005,0.8597460265886876,0.4980862745098039,0.6307519640852974,0.08079358642418193
CICIoT2023,OCSVM,1,4,99.9,0.001,0.8841780056530599,0.4219921568627451,0.571313285762827,0.05496459431637396
CICIoT2023,OCSVM,1,4,99.99,0.0001,0.8798778671432826,0.37066666666666664,0.5215990111030174,0.050316623514365034
CICIoT2023,OCSVM,1,4,max,0.0,0.8529712366768871,0.27491764705882354,0.41581550944873485,0.047119193935801856
CICIoT2023,LOF,1,4,90,0.1,0.6576608814934096,0.8648627450980392,0.7471626520310329,0.4476401409988458
CICIoT2023,LOF,1,4,95,0.05,0.7074185609740302,0.6853803921568627,0.6962251222971144,0.2818573166547088
CICIoT2023,LOF,1,4,96,0.04,0.7284329718836964,0.5953725490196078,0.6552155711881231,0.22070062700814175
CICIoT2023,LOF,1,4,97,0.03,0.7327180518115777,0.5031215686274509,0.5965923886760165,0.1824874442399476
CICIoT2023,LOF,1,4,98,0.02,0.7399263779430294,0.46980392156862744,0.5747071296305181,0.16419190816358362
CICIoT2023,LOF,1,4,99,0.01,0.7564090950267235,0.39294117647058824,0.5172040013626932,0.1258227532208254
CICIoT2023,LOF,1,4,99.5,0.005,0.7172079747437616,0.2601411764705882,0.3817987176683204,0.10199020494743738
CICIoT2023,LOF,1,4,99.9,0.001,0.6782772820864791,0.1240156862745098,0.20969153648250805,0.05848956546152166
CICIoT2023,LOF,1,4,99.99,0.0001,0.6784345190336097,0.11937254901960784,0.20302266330518765,0.05625916336525564
CICIoT2023,LOF,1,4,max,0.0,0.6835584536562646,0.11510588235294118,0.19703295965630666,0.05298374769941042
CICIoT2023,SNN_AE,1,5,90,0.1,0.8460214853741338,0.8560941176470588,0.8510279980352256,0.1549271609944786
CICIoT2023,SNN_AE,1,5,95,0.05,0.9230540908614729,0.829286274509804,0.8736614225277631,0.06873693733038026
CICIoT2023,SNN_AE,1,5,96,0.04,0.9431152299731352,0.8205176470588236,0.8775553001769941,0.04920922107496023
CICIoT2023,SNN_AE,1,5,97,0.03,0.9561612468376637,0.8122196078431373,0.8783321883243006,0.03702779424150732
CICIoT2023,SNN_AE,1,5,98,0.02,0.9684368073053824,0.8018352941176471,0.8772965597727682,0.025984964282372024
CICIoT2023,SNN_AE,1,5,99,0.01,0.9804604450563914,0.7595607843137255,0.8559887569937333,0.015051314845431575
CICIoT2023,SNN_AE,1,5,99.5,0.005,0.9901050922573993,0.7078901960784314,0.8255449148899194,0.007034345072839006
CICIoT2023,SNN_AE,1,5,99.9,0.001,0.9927194454116679,0.4919372549019608,0.6578701712799321,0.003587360014973329
CICIoT2023,SNN_AE,1,5,99.99,0.0001,0.9932102497325954,0.33501176470588234,0.5010263568437474,0.0022771937486352435
CICIoT2023,SNN_AE,1,5,max,0.0,1.0,0.32988235294117646,0.49610757254069354,0.0
CICIoT2023,LSTM_AE,1,5,90,0.1,0.8377320327537272,0.8056156862745099,0.8213600307062436,0.15516111925632467
CICIoT2023,LSTM_AE,1,5,95,0.05,0.8410632355874725,0.7936470588235294,0.8166674737300856,0.14912499610069563
CICIoT2023,LSTM_AE,1,5,96,0.04,0.8475693444261823,0.784643137254902,0.8148932530728941,0.14031256823782637
CICIoT2023,LSTM_AE,1,5,97,0.03,0.8627444078773693,0.7689725490196079,0.8131640278342221,0.12164269894250866
CICIoT2023,LSTM_AE,1,5,98,0.02,0.9009470086108673,0.7566117647058823,0.822495246702533,0.08271204417131983
CICIoT2023,LSTM_AE,1,5,99,0.01,0.9210183655621417,0.7433882352941177,0.8227247081289873,0.06338709174283308
CICIoT2023,LSTM_AE,1,5,99.5,0.005,0.9256169212690952,0.7413647058823529,0.8233080742095636,0.059238231899429145
CICIoT2023,LSTM_AE,1,5,99.9,0.001,0.9939857727958612,0.7233098039215686,0.837316143090612,0.004351623670337212
CICIoT2023,LSTM_AE,1,5,99.99,0.0001,0.9952722933879646,0.6934745098039216,0.8174060960164188,0.003275415665845213
CICIoT2023,LSTM_AE,1,5,max,0.0,0.9972991465303036,0.4344156862745098,0.6052076617970039,0.0011697913092304332
CICIoT2023,CNN_AE,1,5,90,0.1,0.8237023386424466,0.8834352941176471,0.8525237846552077,0.18800885921951524
CICIoT2023,CNN_AE,1,5,95,0.05,0.869779704331511,0.8435294117647059,0.8564534624450532,0.12557319774152292
CICIoT2023,CNN_AE,1,5,96,0.04,0.8774873579825311,0.8383686274509804,0.8574820709461085,0.11638643665969992
CICIoT2023,CNN_AE,1,5,97,0.03,0.9130053186820902,0.8158901960784314,0.8617201931758878,0.07729980971394704
CICIoT2023,CNN_AE,1,5,98,0.02,0.922009315711743,0.7638431372549019,0.8355066744449401,0.06424493870293539
CICIoT2023,CNN_AE,1,5,99,0.01,0.9280482041587902,0.7392941176470588,0.8229870606108229,0.05699223258570671
CICIoT2023,CNN_AE,1,5,99.5,0.005,0.9301148607239587,0.7380078431372549,0.8229994839635101,0.05513616370839442
CICIoT2023,CNN_AE,1,5,99.9,0.001,0.9940301678351392,0.7339450980392157,0.8444143656379716,0.004382818105250023
CICIoT2023,CNN_AE,1,5,99.99,0.0001,0.9920227706827459,0.4154980392156863,0.5856872781948238,0.0033222073182144307
CICIoT2023,CNN_AE,1,5,max,0.0,0.9962203582893238,0.30181960784313727,0.46328132524318594,0.0011385968743176217
CICIoT2023,SNN_Dense,1,5,90,0.1,0.8388672165808047,0.8837647058823529,0.8607308726472745,0.16879308731322332
CICIoT2023,SNN_Dense,1,5,95,0.05,0.8908545227177991,0.8381019607843138,0.8636734693877551,0.10209938546963222
CICIoT2023,SNN_Dense,1,5,96,0.04,0.8973611063450122,0.8203921568627451,0.8571522223679034,0.09330255482421936
CICIoT2023,SNN_Dense,1,5,97,0.03,0.9056766864239345,0.8053490196078431,0.8525714475497765,0.08339832173940169
CICIoT2023,SNN_Dense,1,5,98,0.02,0.9190861759092847,0.7781019607843137,0.8427383389539674,0.06811304863212403
CICIoT2023,SNN_Dense,1,5,99,0.01,0.9749417963484867,0.7488470588235294,0.8470669647609921,0.01913778581900989
CICIoT2023,SNN_Dense,1,5,99.5,0.005,0.9942549371633752,0.6949647058823529,0.8180962053365339,0.003992887668839879
CICIoT2023,SNN_Dense,1,5,99.9,0.001,0.9934058204624718,0.5317019607843138,0.692666877828979,0.0035093739276912997
CICIoT2023,SNN_Dense,1,5,99.99,0.0001,0.9914221218961625,0.3789176470588235,0.5482834931623446,0.0032598184483888073
CICIoT2023,SNN_Dense,1,5,max,0.0,0.996574549831042,0.33770980392156863,0.5044696730050496,0.0011541940917740275
CICIoT2023,Dense_SNN,1,5,90,0.1,0.7792443210785702,0.8631215686274509,0.819041097929474,0.24312942571045326
CICIoT2023,Dense_SNN,1,5,95,0.05,0.8334063047285464,0.8360470588235294,0.8347245931935287,0.16617275478054716
CICIoT2023,Dense_SNN,1,5,96,0.04,0.8409076422971509,0.8277960784313726,0.8343003493905429,0.1557226190847553
CICIoT2023,Dense_SNN,1,5,97,0.03,0.8493790086987744,0.8163764705882353,0.8325508106508402,0.1439467199051689
CICIoT2023,Dense_SNN,1,5,98,0.02,0.9738505971430802,0.7828078431372549,0.8679409360488374,0.020900271391583743
CICIoT2023,Dense_SNN,1,5,99,0.01,0.9809233728759218,0.6718901960784314,0.7975161987041036,0.012992482141186012
CICIoT2023,Dense_SNN,1,5,99.5,0.005,0.9877662532337226,0.6408627450980392,0.7773686864362437,0.007892192032941323
CICIoT2023,Dense_SNN,1,5,99.9,0.001,0.9926753043817957,0.47832156862745095,0.6455731041199136,0.0035093739276912997
CICIoT2023,Dense_SNN,1,5,99.99,0.0001,0.9922848449724717,0.4297254901960784,0.5997285404671732,0.0033222073182144307
CICIoT2023,Dense_SNN,1,5,max,0.0,0.9967743322867834,0.3635450980392157,0.532775485339249,0.0011697913092304332
CICIoT2023,Dense_AE,1,5,90,0.1,0.8000544461703525,0.7837019607843138,0.7917937827365151,0.19474685716068255
CICIoT2023,Dense_AE,1,5,95,0.05,0.8600256189791012,0.7688156862745098,0.8118669195537481,0.12441900364974888
CICIoT2023,Dense_AE,1,5,96,0.04,0.880292733925771,0.7660549019607843,0.8192104137485636,0.10358112112799077
CICIoT2023,Dense_AE,1,5,97,0.03,0.9006279259864755,0.7604549019607844,0.8246270560819201,0.0834295161743145
CICIoT2023,Dense_AE,1,5,98,0.02,0.9500518423991067,0.7474039215686274,0.836631490228442,0.03907102972829647
CICIoT2023,Dense_AE,1,5,99,0.01,0.9840382417125636,0.7426980392156862,0.8465024806686631,0.011978663006519636
CICIoT2023,Dense_AE,1,5,99.5,0.005,0.9901210227153554,0.740486274509804,0.8472991285774543,0.007346289421967121
CICIoT2023,Dense_AE,1,5,99.9,0.001,0.9934943429068755,0.7162509803921568,0.8323944945766111,0.004663568019465328
CICIoT2023,Dense_AE,1,5,99.99,0.0001,0.9926462826783012,0.4425411764705882,0.612166516583307,0.0032598184483888073
CICIoT2023,Dense_AE,1,5,max,0.0,0.9973335364924577,0.41069803921568626,0.5818092931268193,0.0010918052219484045
CICIoT2023,SNN_AE_T2,1,5,90,0.1,0.8443931950653166,0.8385254901960785,0.8414491133900533,0.1536481891630533
CICIoT2023,SNN_AE_T2,1,5,95,0.05,0.8978404711699266,0.7747764705882353,0.8317812094777792,0.08765636210500047
CICIoT2023,SNN_AE_T2,1,5,96,0.04,0.9069089952261024,0.7569098039215686,0.8251479188754745,0.07725301806157782
CICIoT2023,SNN_AE_T2,1,5,97,0.03,0.9107057769645682,0.749521568627451,0.8222893380486503,0.07307296378326107
CICIoT2023,SNN_AE_T2,1,5,98,0.02,0.9537608263167413,0.7445019607843137,0.8362390210812858,0.03588919736718969
CICIoT2023,SNN_AE_T2,1,5,99,0.01,0.9849357088830994,0.735356862745098,0.8420419233739874,0.011183204916242943
CICIoT2023,SNN_AE_T2,1,5,99.5,0.005,0.9893322096298433,0.6997333333333333,0.8197061715010245,0.007502261596531179
CICIoT2023,SNN_AE_T2,1,5,99.9,0.001,0.9910229851040742,0.4727529411764706,0.6401376366011405,0.004258040365598777
CICIoT2023,SNN_AE_T2,1,5,99.99,0.0001,0.9934240158544275,0.3459764705882353,0.513216679076694,0.0022771937486352435
CICIoT2023,SNN_AE_T2,1,5,max,0.0,0.9990379569704391,0.1791843137254902,0.30386784422217494,0.00017156939202046356
CICIoT2023,SNN_AE_T5,1,5,90,0.1,0.883091979104675,0.8379607843137254,0.8599346436792711,0.11030352185170166
CICIoT2023,SNN_AE_T5,1,5,95,0.05,0.948938810518824,0.8156705882352941,0.8772723054990846,0.04364101444302337
CICIoT2023,SNN_AE_T5,1,5,96,0.04,0.9575406161427169,0.8108078431372548,0.8780864852927435,0.035748822410082044
CICIoT2023,SNN_AE_T5,1,5,97,0.03,0.9628112314570589,0.807356862745098,0.8782581245147475,0.031007268303334685
CICIoT2023,SNN_AE_T5,1,5,98,0.02,0.9705189575260239,0.801443137254902,0.877914669141021,0.024206881492341768
CICIoT2023,SNN_AE_T5,1,5,99,0.01,0.9791941619439485,0.7914039215686275,0.8753404930860385,0.016720217113266992
CICIoT2023,SNN_AE_T5,1,5,99.5,0.005,0.9910612065169528,0.7061019607843138,0.8246587890446093,0.0063324702873007455
CICIoT2023,SNN_AE_T5,1,5,99.9,0.001,0.993279488879513,0.5170039215686274,0.6800437420047043,0.0034781794927784882
CICIoT2023,SNN_AE_T5,1,5,99.99,0.0001,0.9927090532135453,0.45065098039215684,0.6198942712266695,0.003291012883301619
CICIoT2023,SNN_AE_T5,1,5,max,0.0,0.9994958195033822,0.3731607843137255,0.5434318283057874,0.0001871666094768693
CICIoT2023,SNN_AE_T7,1,5,90,0.1,0.8200913102095845,0.8396705882352942,0.8297654663545753,0.18315812459057304
CICIoT2023,SNN_AE_T7,1,5,95,0.05,0.8512789618509533,0.8201254901960784,0.8354118897153403,0.14246498424681037
CICIoT2023,SNN_AE_T7,1,5,96,0.04,0.8634748829642418,0.8159058823529411,0.8390166790334547,0.12827151636148112
CICIoT2023,SNN_AE_T7,1,5,97,0.03,0.8928127374456034,0.8109960784313726,0.849939995725723,0.09681192875191066
CICIoT2023,SNN_AE_T7,1,5,98,0.02,0.9152798252313376,0.8083607843137255,0.8585041606623741,0.07439872726705556
CICIoT2023,SNN_AE_T7,1,5,99,0.01,0.9584227991411283,0.7701960784313725,0.854061575926248,0.033222073182144304
CICIoT2023,SNN_AE_T7,1,5,99.5,0.005,0.9897698762868761,0.7178509803921569,0.8321604567854091,0.007377483856879932
CICIoT2023,SNN_AE_T7,1,5,99.9,0.001,0.9933757364363807,0.5316235294117647,0.6925930088793975,0.0035249711451477055
CICIoT2023,SNN_AE_T7,1,5,99.99,0.0001,0.9928291164930321,0.46042352941176473,0.6291017425038045,0.003306610100758025
CICIoT2023,SNN_AE_T7,1,5,max,0.0,0.9945294732312988,0.25380392156862747,0.40440395406091056,0.0013881523536201142
CICIoT2023,SNN_AE_noBN,1,5,90,0.1,0.9327711698917096,0.8242039215686274,0.8751332445036641,0.059066662507408677
CICIoT2023,SNN_AE_noBN,1,5,95,0.05,0.943992589161649,0.7992470588235294,0.8656105330218731,0.04715038837071466
CICIoT2023,SNN_AE_noBN,1,5,96,0.04,0.9444019905690269,0.7948235294117647,0.8631806682963808,0.046526499672458435
CICIoT2023,SNN_AE_noBN,1,5,97,0.03,0.9457427008328476,0.7890980392156862,0.8603483808074157,0.04501356957918707
CICIoT2023,SNN_AE_noBN,1,5,98,0.02,0.9494509259083037,0.7825411764705882,0.8579536171566645,0.041426209564213744
CICIoT2023,SNN_AE_noBN,1,5,99,0.01,0.9862497322767187,0.722321568627451,0.8339007605939878,0.010013413607012508
CICIoT2023,SNN_AE_noBN,1,5,99.5,0.005,0.9885382731315245,0.6520941176470588,0.7858189276296513,0.0075178588139875845
CICIoT2023,SNN_AE_noBN,1,5,99.9,0.001,0.9916676178518434,0.4088470588235294,0.5789877045083469,0.0034157906229528652
CICIoT2023,SNN_AE_noBN,1,5,99.99,0.0001,0.9939597667944745,0.2968470588235294,0.4571621833818502,0.0017936800074866645
CICIoT2023,SNN_AE_noBN,1,5,max,0.0,0.9998808530918623,0.263278431372549,0.4168073904837588,3.1194434912811554e-05
CICIoT2023,IF,1,5,90,0.1,0.7985347985347986,0.7933490196078431,0.7959334623798057,0.19902049474373773
CICIoT2023,IF,1,5,95,0.05,0.851543013199818,0.7336627450980392,0.7882199283758163,0.12717971113953272
CICIoT2023,IF,1,5,96,0.04,0.8710585057492826,0.7284235294117647,0.7933812285902222,0.10721527279533331
CICIoT2023,IF,1,5,97,0.03,0.8916077790106873,0.7184470588235294,0.7957157376280197,0.08684530679726737
CICIoT2023,IF,1,5,98,0.02,0.9148044985235293,0.6851921568627451,0.7835227221768805,0.0634494806126587
CICIoT2023,IF,1,5,99,0.01,0.9063198133346572,0.5727372549019608,0.701910877004114,0.0588638986804754
CICIoT2023,IF,1,5,99.5,0.005,0.91356555317517,0.5418196078431372,0.6802154412705914,0.05097170664753408
CICIoT2023,IF,1,5,99.9,0.001,0.9857977754037579,0.24607058823529412,0.393834025833825,0.0035249711451477055
CICIoT2023,IF,1,5,99.99,0.0001,0.9964608729846638,0.07949803921568628,0.14724853274449418,0.000280749914215304
CICIoT2023,IF,1,5,max,0.0,0.9977961432506887,0.0568156862745098,0.10750964677945976,0.00012477773965124622
CICIoT2023,OCSVM,1,5,90,0.1,0.7144155109457768,0.6537098039215686,0.6827158572446613,0.25983404560626383
CICIoT2023,OCSVM,1,5,95,0.05,0.8480618366405168,0.5765490196078431,0.6864319731067325,0.10270767695043204
CICIoT2023,OCSVM,1,5,96,0.04,0.888944559961921,0.5566117647058824,0.6845765769241899,0.06914246498424681
CICIoT2023,OCSVM,1,5,97,0.03,0.905857356451486,0.5417098039215686,0.6779814082239651,0.055978413451040335
CICIoT2023,OCSVM,1,5,98,0.02,0.9384274891467809,0.518792156862745,0.6681886598042286,0.03384596188040054
CICIoT2023,OCSVM,1,5,99,0.01,0.9632426835581813,0.496156862745098,0.654953565179579,0.018825841469881772
CICIoT2023,OCSVM,1,5,99.5,0.005,0.9815260521693879,0.47338039215686273,0.6387148662377243,0.008859219515238482
CICIoT2023,OCSVM,1,5,99.9,0.001,0.9903039936419631,0.39091764705882354,0.5605578361356351,0.0038057210593630095
CICIoT2023,OCSVM,1,5,99.99,0.0001,0.9919028340080972,0.2805490196078431,0.4373876572798083,0.0022771937486352435
CICIoT2023,OCSVM,1,5,max,0.0,0.999881404174573,0.2645019607843137,0.41833924628476443,3.1194434912811554e-05
CICIoT2023,LOF,1,5,90,0.1,0.6331659565834855,0.783278431372549,0.700267855890726,0.45122750101381914
CICIoT2023,LOF,1,5,95,0.05,0.6680127345844504,0.6253647058823529,0.6459855788706149,0.30902766946376764
CICIoT2023,LOF,1,5,96,0.04,0.6838618252755949,0.5828862745098039,0.6293495473676187,0.26792900146613846
CICIoT2023,LOF,1,5,97,0.03,0.727475389573125,0.5170039215686274,0.6044417546948356,0.19257884393424213
CICIoT2023,LOF,1,5,98,0.02,0.7804562837926942,0.46417254901960786,0.5821275758618993,0.1298312381071217
CICIoT2023,LOF,1,5,99,0.01,0.8487992501373671,0.41193725490196076,0.5546790017847902,0.07296378326106623
CICIoT2023,LOF,1,5,99.5,0.005,0.9287218361760371,0.27673725490196077,0.42641336137094243,0.021118632435973422
CICIoT2023,LOF,1,5,99.9,0.001,0.986232676878191,0.169678431372549,0.28954201129580553,0.0023551798359172722
CICIoT2023,LOF,1,5,99.99,0.0001,0.9985362283483776,0.1284078431372549,0.22755323289042084,0.0001871666094768693
CICIoT2023,LOF,1,5,max,0.0,0.9998644986449865,0.11574901960784313,0.20747926332068042,1.5597217456405777e-05
CICIoT2023,SNN_AE,1,6,90,0.1,0.8321342562440361,0.8618039215686274,0.8467092538509552,0.17286396106934523
CICIoT2023,SNN_AE,1,6,95,0.05,0.8898704064147993,0.8390745098039216,0.8637262738069288,0.10325357956140624
CICIoT2023,SNN_AE,1,6,96,0.04,0.9009801926468594,0.8333960784313725,0.865871347316612,0.09107215272795334
CICIoT2023,SNN_AE,1,6,97,0.03,0.915906539433062,0.819043137254902,0.8647708640421338,0.07477306048600929
CICIoT2023,SNN_AE,1,6,98,0.02,0.9394363345176077,0.8005176470588236,0.864431326382831,0.05131484543157501
CICIoT2023,SNN_AE,1,6,99,0.01,0.9916190964872896,0.7275450980392156,0.8393004171077513,0.006114109242911065
CICIoT2023,SNN_AE,1,6,99.5,0.005,0.9960682408767371,0.6914666666666667,0.8162770242118419,0.0027139158374146054
CICIoT2023,SNN_AE,1,6,99.9,0.001,0.9988770926908942,0.46047058823529413,0.6303549571603427,0.0005147081760613906
CICIoT2023,SNN_AE,1,6,99.99,0.0001,0.999804450702022,0.40100392156862746,0.572420201748788,7.798608728202889e-05
CICIoT2023,SNN_AE,1,6,max,0.0,1.0,0.25694117647058823,0.4088356420816174,0.0
CICIoT2023,LSTM_AE,1,6,90,0.1,0.8614373914389393,0.7857254901960784,0.8218413906822973,0.12566678104626133
CICIoT2023,LSTM_AE,1,6,95,0.05,0.8964568092810168,0.7612078431372549,0.8233148402639928,0.08742240384315438
CICIoT2023,LSTM_AE,1,6,96,0.04,0.9114737320900614,0.7544,0.8255316957618827,0.07285460273887139
CICIoT2023,LSTM_AE,1,6,97,0.03,0.9442559187156436,0.7463843137254902,0.8337407241920082,0.04381258383504383
CICIoT2023,LSTM_AE,1,6,98,0.02,0.972197069476457,0.741035294117647,0.8410211675063645,0.021071840783604204
CICIoT2023,LSTM_AE,1,6,99,0.01,0.9796980739198334,0.7380392156862745,0.8418698277790203,0.015207287019995634
CICIoT2023,LSTM_AE,1,6,99.5,0.005,0.9932214262803378,0.7285960784313725,0.8405736777812967,0.004944317933680631
CICIoT2023,LSTM_AE,1,6,99.9,0.001,0.9999201107797188,0.5890039215686275,0.7413279106039368,4.679165236921733e-05
CICIoT2023,LSTM_AE,1,6,99.99,0.0001,1.0,0.4555294117647059,0.6259295182670547,0.0
CICIoT2023,LSTM_AE,1,6,max,0.0,1.0,0.44599215686274507,0.6168666333991452,0.0
CICIoT2023,CNN_AE,1,6,90,0.1,0.8373386022147682,0.8575529411764706,0.8473252272568759,0.16564244938702935
CICIoT2023,CNN_AE,1,6,95,0.05,0.8865287293007884,0.8078745098039216,0.8453760546272283,0.10281685747262688
CICIoT2023,CNN_AE,1,6,96,0.04,0.8969812117373865,0.7998117647058823,0.8456142096621724,0.09133730542471223
CICIoT2023,CNN_AE,1,6,97,0.03,0.9065910960782522,0.7778196078431373,0.837283127189835,0.07968618398477711
CICIoT2023,CNN_AE,1,6,98,0.02,0.9430831296329418,0.7443921568627451,0.8320402563360773,0.04467043079514615
CICIoT2023,CNN_AE,1,6,99,0.01,0.9827124319799079,0.7365333333333334,0.8419976687886668,0.012883301618991172
CICIoT2023,CNN_AE,1,6,99.5,0.005,0.9914631304679391,0.7341803921568627,0.8436421316365799,0.006285678634931529
CICIoT2023,CNN_AE,1,6,99.9,0.001,0.9993038635572572,0.6755294117647059,0.8061210164256635,0.0004679165236921733
CICIoT2023,CNN_AE,1,6,99.99,0.0001,1.0,0.4015686274509804,0.5730274202574146,0.0
CICIoT2023,CNN_AE,1,6,max,0.0,1.0,0.40006274509803924,0.5714925941694491,0.0
CICIoT2023,SNN_Dense,1,6,90,0.1,0.8495273565104865,0.8444235294117647,0.8469677541162864,0.1487194684468291
CICIoT2023,SNN_Dense,1,6,95,0.05,0.890677537936201,0.8019450980392157,0.843985505451964,0.09787253953894626
CICIoT2023,SNN_Dense,1,6,96,0.04,0.9070789288865678,0.7901333333333334,0.844577091070665,0.08048164207505382
CICIoT2023,SNN_Dense,1,6,97,0.03,0.9235968865219173,0.7780235294117647,0.8445833191431394,0.0639953832236329
CICIoT2023,SNN_Dense,1,6,98,0.02,0.9471491184968258,0.755921568627451,0.8407994486560992,0.041940917740275134
CICIoT2023,SNN_Dense,1,6,99,0.01,0.9594955822637582,0.7376,0.8340413455483917,0.030960476650965466
CICIoT2023,SNN_Dense,1,6,99.5,0.005,0.9953492926029275,0.6378666666666667,0.7774846086191732,0.0029634713167170975
CICIoT2023,SNN_Dense,1,6,99.9,0.001,0.9988432620011567,0.48762352941176473,0.6553250695674172,0.000561499828430608
CICIoT2023,SNN_Dense,1,6,99.99,0.0001,0.9996762182289137,0.38745098039215686,0.5584571208935313,0.00012477773965124622
CICIoT2023,SNN_Dense,1,6,max,0.0,0.9999592069837644,0.3845176470588235,0.5554472944801957,1.5597217456405777e-05
CICIoT2023,Dense_SNN,1,6,90,0.1,0.8307823258500403,0.8573803921568628,0.843871824364487,0.17364382194216552
CICIoT2023,Dense_SNN,1,6,95,0.05,0.8750063153640176,0.8150117647058823,0.8439441561289379,0.11576254796144368
CICIoT2023,Dense_SNN,1,6,96,0.04,0.8813437065278994,0.8049882352941177,0.8414373201505202,0.10776117540630752
CICIoT2023,Dense_SNN,1,6,97,0.03,0.8901407462005546,0.7956392156862745,0.84024119537488,0.09763858127710016
CICIoT2023,Dense_SNN,1,6,98,0.02,0.9315107639550391,0.7669803921568628,0.8412766689607708,0.05607199675577877
CICIoT2023,Dense_SNN,1,6,99,0.01,0.9425228891149542,0.7266666666666667,0.8206377325066431,0.04406213931434632
CICIoT2023,Dense_SNN,1,6,99.5,0.005,0.9944269823223879,0.6997490196078432,0.821460468285317,0.0038993043641014444
CICIoT2023,Dense_SNN,1,6,99.9,0.001,0.9990354007909713,0.4873882352941176,0.655153872916469,0.0004679165236921733
CICIoT2023,Dense_SNN,1,6,99.99,0.0001,1.0,0.37670588235294117,0.5472568791659546,0.0
CICIoT2023,Dense_SNN,1,6,max,0.0,1.0,0.37228235294117645,0.542573985802956,0.0
CICIoT2023,Dense_AE,1,6,90,0.1,0.8369696776659447,0.8243921568627451,0.8306333075184524,0.15966871510122593
CICIoT2023,Dense_AE,1,6,95,0.05,0.8776791857039533,0.7804392156862745,0.8262078929232711,0.10815110584271766
CICIoT2023,Dense_AE,1,6,96,0.04,0.8983323770567658,0.7613490196078432,0.8241876735241427,0.08567551548803694
CICIoT2023,Dense_AE,1,6,97,0.03,0.9403381167682328,0.7503529411764706,0.8346710870703192,0.047337554980191536
CICIoT2023,Dense_AE,1,6,98,0.02,0.9594055013309671,0.7462745098039215,0.8395242548836224,0.03139719873974483
CICIoT2023,Dense_AE,1,6,99,0.01,0.9882670912862201,0.7399058823529412,0.8462400990321047,0.008734441775587236
CICIoT2023,Dense_AE,1,6,99.5,0.005,0.9965078148290107,0.7340862745098039,0.8454006792398295,0.0025579436628505475
CICIoT2023,Dense_AE,1,6,99.9,0.001,0.9995555679008916,0.5644705882352942,0.7214965263506129,0.00024955547930249244
CICIoT2023,Dense_AE,1,6,99.99,0.0001,1.0,0.5043607843137254,0.6705316830547532,0.0
CICIoT2023,Dense_AE,1,6,max,0.0,1.0,0.503356862745098,0.6696438819269817,0.0
CICIoT2023,SNN_AE_T2,1,6,90,0.1,0.8498398957310892,0.8284705882352941,0.8390191982334767,0.1455532333031787
CICIoT2023,SNN_AE_T2,1,6,95,0.05,0.9471444704363959,0.7367372549019607,0.8287952849000335,0.04088030695323954
CICIoT2023,SNN_AE_T2,1,6,96,0.04,0.968838827372619,0.7164392156862746,0.8237384121487574,0.022912312443460085
CICIoT2023,SNN_AE_T2,1,6,97,0.03,0.9777681190916006,0.7057568627450981,0.8197877283287023,0.01595595345790311
CICIoT2023,SNN_AE_T2,1,6,98,0.02,0.9806522078327352,0.6901176470588235,0.8101240183035179,0.013538384752160215
CICIoT2023,SNN_AE_T2,1,6,99,0.01,0.9846751313892377,0.6642039215686274,0.7932966127098321,0.010278566303771407
CICIoT2023,SNN_AE_T2,1,6,99.5,0.005,0.9938962360122076,0.5363921568627451,0.696755132188885,0.003275415665845213
CICIoT2023,SNN_AE_T2,1,6,99.9,0.001,0.9989305956582184,0.4395764705882353,0.6105029247410215,0.0004679165236921733
CICIoT2023,SNN_AE_T2,1,6,99.99,0.0001,0.9997801134614539,0.35661176470588235,0.5257084715975442,7.798608728202889e-05
CICIoT2023,SNN_AE_T2,1,6,max,0.0,0.9997361825616673,0.11888627450980392,0.21250227811190087,3.1194434912811554e-05
CICIoT2023,SNN_AE_T5,1,6,90,0.1,0.8731953441127005,0.8225568627450981,0.8471200213242006,0.11877281093052999
CICIoT2023,SNN_AE_T5,1,6,95,0.05,0.9164717613996918,0.7929098039215686,0.8502249695134771,0.07185638082166142
CICIoT2023,SNN_AE_T5,1,6,96,0.04,0.9270978404174326,0.7831686274509804,0.8490769793287586,0.06123467573384908
CICIoT2023,SNN_AE_T5,1,6,97,0.03,0.9381370490551632,0.770964705882353,0.8463750645772344,0.05055058177621113
CICIoT2023,SNN_AE_T5,1,6,98,0.02,0.948467018892091,0.7434196078431372,0.8335180006683198,0.04016283495024488
CICIoT2023,SNN_AE_T5,1,6,99,0.01,0.9822934954823791,0.7196705882352942,0.8307199246758891,0.012898898836447579
CICIoT2023,SNN_AE_T5,1,6,99.5,0.005,0.9944974409496119,0.6492235294117648,0.7855970085510644,0.003571762797516923
CICIoT2023,SNN_AE_T5,1,6,99.9,0.001,0.999191962722547,0.581913725490196,0.7354897548499657,0.0004679165236921733
CICIoT2023,SNN_AE_T5,1,6,99.99,0.0001,0.9998976528384279,0.45974901960784315,0.629881154499151,4.679165236921733e-05
CICIoT2023,SNN_AE_T5,1,6,max,0.0,1.0,0.4493490196078431,0.6200701329061864,0.0
CICIoT2023,SNN_AE_T7,1,6,90,0.1,0.8671724885451052,0.8282823529411765,0.8472813921582785,0.12615029478740994
CICIoT2023,SNN_AE_T7,1,6,95,0.05,0.9100407929578472,0.7978666666666666,0.850269972083382,0.07842280937080824
CICIoT2023,SNN_AE_T7,1,6,96,0.04,0.9224994965122028,0.7903686274509804,0.8513377658001673,0.06602302149296566
CICIoT2023,SNN_AE_T7,1,6,97,0.03,0.9429969580743288,0.7829019607843137,0.8555242249972146,0.04705680506597623
CICIoT2023,SNN_AE_T7,1,6,98,0.02,0.9567889038172765,0.7596078431372549,0.8468722127979574,0.034111114577159436
CICIoT2023,SNN_AE_T7,1,6,99,0.01,0.9919835823767075,0.7279058823529412,0.8396710365605405,0.005848956546152167
CICIoT2023,SNN_AE_T7,1,6,99.5,0.005,0.995143359992871,0.7006901960784314,0.8223533418632695,0.0034001934054964595
CICIoT2023,SNN_AE_T7,1,6,99.9,0.001,0.9992518769872017,0.5866509803921569,0.7392786898208091,0.00043672208877936175
CICIoT2023,SNN_AE_T7,1,6,99.99,0.0001,0.9996954237417194,0.41189019607843136,0.5834073942410237,0.00012477773965124622
CICIoT2023,SNN_AE_T7,1,6,max,0.0,1.0,0.3959843137254902,0.5673191451109064,0.0
CICIoT2023,SNN_AE_noBN,1,6,90,0.1,0.8505106928860238,0.8216,0.8358054143761021,0.14358798390367158
CICIoT2023,SNN_AE_noBN,1,6,95,0.05,0.8978838408817919,0.7973490196078431,0.8446353500274172,0.0901675141154818
CICIoT2023,SNN_AE_noBN,1,6,96,0.04,0.9092031894218718,0.7852235294117647,0.8426776200055551,0.07797049006457248
CICIoT2023,SNN_AE_noBN,1,6,97,0.03,0.9306704172526957,0.778478431372549,0.8477984198163571,0.05766291293633216
CICIoT2023,SNN_AE_noBN,1,6,98,0.02,0.9444553754131906,0.752956862745098,0.8379038874439226,0.04403094487943351
CICIoT2023,SNN_AE_noBN,1,6,99,0.01,0.9800844132431229,0.7248627450980392,0.8333709050577552,0.014645787191565025
CICIoT2023,SNN_AE_noBN,1,6,99.5,0.005,0.9938552351461196,0.6444235294117647,0.7818738937632035,0.0039616932339270675
CICIoT2023,SNN_AE_noBN,1,6,99.9,0.001,0.9986797227417757,0.42715294117647057,0.5983717327532219,0.000561499828430608
CICIoT2023,SNN_AE_noBN,1,6,99.99,0.0001,0.9996672655886072,0.23563921568627452,0.38138035213323684,7.798608728202889e-05
CICIoT2023,SNN_AE_noBN,1,6,max,0.0,1.0,0.16922352941176472,0.2894630926507285,0.0
CICIoT2023,IF,1,6,90,0.1,0.8754258789416455,0.7577411764705883,0.8123433952745311,0.10721527279533331
CICIoT2023,IF,1,6,95,0.05,0.9191471267160733,0.7120470588235294,0.8024501484938481,0.06227968930342827
CICIoT2023,IF,1,6,96,0.04,0.9495126376640365,0.7059607843137254,0.8098211393817253,0.03732414137317903
CICIoT2023,IF,1,6,97,0.03,0.9619872280549843,0.6970823529411765,0.8083860111874119,0.027388713853448547
CICIoT2023,IF,1,6,98,0.02,0.9753404985751789,0.6818509803921569,0.8026071623106253,0.01714134198458995
CICIoT2023,IF,1,6,99,0.01,0.9840756981306255,0.5350901960784313,0.6932347023797427,0.00860966403593599
CICIoT2023,IF,1,6,99.5,0.005,0.9867901185297522,0.38785882352941176,0.5568479962165145,0.005162678978070313
CICIoT2023,IF,1,6,99.9,0.001,0.9891282051282051,0.0756392156862745,0.14053187613843354,0.0008266525251895062
CICIoT2023,IF,1,6,99.99,0.0001,0.9992119779353822,0.05967058823529412,0.11261601314445581,4.679165236921733e-05
CICIoT2023,IF,1,6,max,0.0,0.9996759559300065,0.048392156862745096,0.09231551858279968,1.5597217456405777e-05
CICIoT2023,OCSVM,1,6,90,0.1,0.8319570973387784,0.5816,0.6846079988182725,0.11680756153102287
CICIoT2023,OCSVM,1,6,95,0.05,0.8729276105060858,0.5343686274509803,0.6629238628071028,0.07734660136631626
CICIoT2023,OCSVM,1,6,96,0.04,0.8811216326102352,0.5269176470588235,0.6594681613381367,0.07068658951243098
CICIoT2023,OCSVM,1,6,97,0.03,0.8924320434036428,0.5057254901960785,0.6456005446753976,0.06061078703559285
CICIoT2023,OCSVM,1,6,98,0.02,0.9480119526771558,0.4877019607843137,0.6440660410581485,0.026593255763171852
CICIoT2023,OCSVM,1,6,99,0.01,0.9576062215477997,0.4751529411764706,0.6351512864062402,0.02091586860904015
CICIoT2023,OCSVM,1,6,99.5,0.005,0.9767882677662865,0.4607529411764706,0.6261497958879142,0.010886857784571232
CICIoT2023,OCSVM,1,6,99.9,0.001,0.9979253112033195,0.39989019607843135,0.5709774234008242,0.0008266525251895062
CICIoT2023,OCSVM,1,6,99.99,0.0001,0.9995322488436152,0.301678431372549,0.4634719427407791,0.000140374957107652
CICIoT2023,OCSVM,1,6,max,0.0,1.0,0.23643921568627452,0.3824518224376134,0.0
CICIoT2023,LOF,1,6,90,0.1,0.6671672249817103,0.27179607843137255,0.3862417940058626,0.13482234769317153
CICIoT2023,LOF,1,6,95,0.05,0.6968930127934767,0.23327058823529412,0.34953989352325215,0.10088280250803257
CICIoT2023,LOF,1,6,96,0.04,0.6973359391071796,0.21269019607843137,0.3259610068033753,0.091789624730948
CICIoT2023,LOF,1,6,97,0.03,0.6894092022869589,0.19860392156862744,0.30837240455458803,0.08896652837133855
CICIoT2023,LOF,1,6,98,0.02,0.6889705446571446,0.18235294117647058,0.2883792466169703,0.08185419721121752
CICIoT2023,LOF,1,6,99,0.01,0.6879782769686498,0.1748705882352941,0.2788603446982015,0.07885953145958761
CICIoT2023,LOF,1,6,99.5,0.005,0.7650812495362469,0.16174117647058822,0.2670309606743755,0.04938079046698069
CICIoT2023,LOF,1,6,99.9,0.001,0.8723062381852552,0.1447686274509804,0.2483250369971748,0.021071840783604204
CICIoT2023,LOF,1,6,99.99,0.0001,0.9694383577442048,0.13185882352941178,0.23214261056875773,0.004133262625947531
CICIoT2023,LOF,1,6,max,0.0,1.0,0.11154509803921568,0.2007027843242404,0.0
CICIoT2023,SNN_AE,1,7,90,0.1,0.8387510177004492,0.872643137254902,0.8553614809803499,0.1668122406962598
CICIoT2023,SNN_AE,1,7,95,0.05,0.9087540840041767,0.8464313725490196,0.8764862582028459,0.0845057241788065
CICIoT2023,SNN_AE,1,7,96,0.04,0.9509355361307437,0.8378823529411765,0.8908364673409995,0.04298593130985432
CICIoT2023,SNN_AE,1,7,97,0.03,0.9623520385795704,0.8264,0.8892095802319105,0.032145865177652305
CICIoT2023,SNN_AE,1,7,98,0.02,0.9751688331232717,0.8131607843137255,0.8868265060859302,0.020588327042455626
CICIoT2023,SNN_AE,1,7,99,0.01,0.9856188174117934,0.7611450980392157,0.8589585859569308,0.01104282995913529
CICIoT2023,SNN_AE,1,7,99.5,0.005,0.9924503882657464,0.6495529411764706,0.7851982479094374,0.00491312349876782
CICIoT2023,SNN_AE,1,7,99.9,0.001,0.9940804245764442,0.5347450980392157,0.6954091572065317,0.0031662351436503727
CICIoT2023,SNN_AE,1,7,99.99,0.0001,0.9999613675874058,0.4060235294117647,0.5775422546996151,1.5597217456405777e-05
CICIoT2023,SNN_AE,1,7,max,0.0,0.9999527811880253,0.3321882352941177,0.4987047852298418,1.5597217456405777e-05
CICIoT2023,LSTM_AE,1,7,90,0.1,0.889645550277381,0.8401882352941177,0.8642098809254897,0.10362791278035999
CICIoT2023,LSTM_AE,1,7,95,0.05,0.9080639827337128,0.8183686274509804,0.8608862816926973,0.08238450260473532
CICIoT2023,LSTM_AE,1,7,96,0.04,0.9183374955404924,0.8075607843137255,0.8593940405642266,0.07140406151542565
CICIoT2023,LSTM_AE,1,7,97,0.03,0.9309136054918572,0.7998117647058823,0.8603972258314911,0.05901987085503946
CICIoT2023,LSTM_AE,1,7,98,0.02,0.9397718484145399,0.7624313725490196,0.8418636875378886,0.048585332376703996
CICIoT2023,LSTM_AE,1,7,99,0.01,0.9611099817035983,0.7416,0.8372055958916238,0.029837476994104252
CICIoT2023,LSTM_AE,1,7,99.5,0.005,0.9931630546955624,0.7246117647058824,0.8378951950808076,0.004959915151137037
CICIoT2023,LSTM_AE,1,7,99.9,0.001,0.9942472057856673,0.5693176470588235,0.7240409360225027,0.003275415665845213
CICIoT2023,LSTM_AE,1,7,99.99,0.0001,0.9999258600237247,0.423121568627451,0.5946255759098824,3.1194434912811554e-05
CICIoT2023,LSTM_AE,1,7,max,0.0,0.9999608886107635,0.40105098039215686,0.5724937862468932,1.5597217456405777e-05
CICIoT2023,CNN_AE,1,7,90,0.1,0.8645587612653481,0.8968627450980392,0.8804145301119478,0.13970427675702654
CICIoT2023,CNN_AE,1,7,95,0.05,0.9052525219062133,0.8572705882352941,0.8806084385398121,0.08921608385064105
CICIoT2023,CNN_AE,1,7,96,0.04,0.9200048117406472,0.8397803921568627,0.8780639817616716,0.07260504725956889
CICIoT2023,CNN_AE,1,7,97,0.03,0.9323581247796968,0.829835294117647,0.8781143663374553,0.05986212059768537
CICIoT2023,CNN_AE,1,7,98,0.02,0.9469120778825677,0.7811764705882352,0.856096680476526,0.04354743113828493
CICIoT2023,CNN_AE,1,7,99,0.01,0.9829801435007509,0.7392627450980392,0.8438770211470625,0.012727329444427114
CICIoT2023,CNN_AE,1,7,99.5,0.005,0.9936113841288834,0.7294588235294117,0.8412873579853825,0.004663568019465328
CICIoT2023,CNN_AE,1,7,99.9,0.001,0.9978928662096979,0.6165803921568628,0.7622067093271282,0.0012945690488816795
CICIoT2023,CNN_AE,1,7,99.99,0.0001,0.9999624751397801,0.4180078431372549,0.5895640438500427,1.5597217456405777e-05
CICIoT2023,CNN_AE,1,7,max,0.0,0.9999624540061576,0.41777254901960786,0.5893299699061781,1.5597217456405777e-05
CICIoT2023,SNN_Dense,1,7,90,0.1,0.8876813910375247,0.871278431372549,0.8794034293313913,0.1096172442836198
CICIoT2023,SNN_Dense,1,7,95,0.05,0.9364751226348984,0.8384941176470588,0.8847802698005461,0.05655551049692735
CICIoT2023,SNN_Dense,1,7,96,0.04,0.9479191011235955,0.8271058823529411,0.8834010471204188,0.04518513897120754
CICIoT2023,SNN_Dense,1,7,97,0.03,0.9579625827059092,0.7903529411764706,0.8661234593368057,0.03448544779611317
CICIoT2023,SNN_Dense,1,7,98,0.02,0.965721884800127,0.7632156862745098,0.8526092594539656,0.026936394547212777
CICIoT2023,SNN_Dense,1,7,99,0.01,0.9774908284452919,0.7397803921568628,0.8421832727662348,0.016938578157656675
CICIoT2023,SNN_Dense,1,7,99.5,0.005,0.9927215052361709,0.716721568627451,0.8324406063256086,0.005225067847895936
CICIoT2023,SNN_Dense,1,7,99.9,0.001,0.9933576780205251,0.49498039215686274,0.6607269986180326,0.003291012883301619
CICIoT2023,SNN_Dense,1,7,99.99,0.0001,0.9997142448921275,0.43902745098039214,0.6101192422557931,0.00012477773965124622
CICIoT2023,SNN_Dense,1,7,max,0.0,0.9999640054711684,0.43578039215686276,0.6070226805925797,1.5597217456405777e-05
CICIoT2023,Dense_SNN,1,7,90,0.1,0.8943089430894309,0.8627450980392157,0.8782435129740519,0.10138191346663755
CICIoT2023,Dense_SNN,1,7,95,0.05,0.9425297581979609,0.8309490196078432,0.8832292647953781,0.05037901238419066
CICIoT2023,Dense_SNN,1,7,96,0.04,0.9499736894630836,0.8212392156862746,0.8809281429568993,0.04300152852731073
CICIoT2023,Dense_SNN,1,7,97,0.03,0.9597132970835393,0.7918274509803922,0.8677244129679925,0.03305050379012384
CICIoT2023,Dense_SNN,1,7,98,0.02,0.9730961600516296,0.7568627450980392,0.8514655796142374,0.020806688086845306
CICIoT2023,Dense_SNN,1,7,99,0.01,0.9853467443091583,0.7299294117647059,0.8386213111061049,0.010793274479832797
CICIoT2023,Dense_SNN,1,7,99.5,0.005,0.9931055886851847,0.7027137254901961,0.8230463259813152,0.004850734628942197
CICIoT2023,Dense_SNN,1,7,99.9,0.001,0.9943765844664669,0.6768,0.8054134776927385,0.0038057210593630095
CICIoT2023,Dense_SNN,1,7,99.99,0.0001,0.9999614658394667,0.40705882352941175,0.5785888674596716,1.5597217456405777e-05
CICIoT2023,Dense_SNN,1,7,max,0.0,0.9999604774326141,0.396878431372549,0.5682297983200826,1.5597217456405777e-05
CICIoT2023,Dense_AE,1,7,90,0.1,0.8510966468211124,0.8655686274509804,0.8582716356622908,0.15057553732414136
CICIoT2023,Dense_AE,1,7,95,0.05,0.9209049806620304,0.7955607843137255,0.853656278666588,0.06794147924010356
CICIoT2023,Dense_AE,1,7,96,0.04,0.9350981424381439,0.7801725490196079,0.8506388000478886,0.05384159465951274
CICIoT2023,Dense_AE,1,7,97,0.03,0.9506441098866988,0.7686274509803922,0.8500008673478239,0.0396793212090963
CICIoT2023,Dense_AE,1,7,98,0.02,0.9663289510714429,0.7540549019607843,0.8470959328963136,0.026125339239479677
CICIoT2023,Dense_AE,1,7,99,0.01,0.9841599368888705,0.7436235294117647,0.8471483840992147,0.011900676919237609
CICIoT2023,Dense_AE,1,7,99.5,0.005,0.9932490191350853,0.7108235294117647,0.8286322949905369,0.004803942976572979
CICIoT2023,Dense_AE,1,7,99.9,0.001,0.9992460349516654,0.5821019607843138,0.735654742434605,0.00043672208877936175
CICIoT2023,Dense_AE,1,7,99.99,0.0001,1.0,0.33345882352941175,0.5001411631846414,0.0
CICIoT2023,Dense_AE,1,7,max,0.0,1.0,0.33334901960784313,0.5000176468512135,0.0
CICIoT2023,SNN_AE_T2,1,7,90,0.1,0.9092051304423697,0.817286274509804,0.8607988104580562,0.08115232242567925
CICIoT2023,SNN_AE_T2,1,7,95,0.05,0.94305808902345,0.7866509803921569,0.8577830612262353,0.04722837445799669
CICIoT2023,SNN_AE_T2,1,7,96,0.04,0.9497131674373094,0.7764705882352941,0.8543984258356276,0.04088030695323954
CICIoT2023,SNN_AE_T2,1,7,97,0.03,0.9583547452157289,0.7313411764705883,0.8295981280972251,0.0315999625666781
CICIoT2023,SNN_AE_T2,1,7,98,0.02,0.968944099378882,0.6802823529411764,0.7993511999115274,0.02168013226440403
CICIoT2023,SNN_AE_T2,1,7,99,0.01,0.9826582213822342,0.6035294117647059,0.7477843426883309,0.010590510652899524
CICIoT2023,SNN_AE_T2,1,7,99.5,0.005,0.9901161204256739,0.5122666666666666,0.6751987429315744,0.0050846928907882834
CICIoT2023,SNN_AE_T2,1,7,99.9,0.001,0.9988982087005971,0.4408627450980392,0.6117362819145462,0.0004835137411485791
CICIoT2023,SNN_AE_T2,1,7,99.99,0.0001,0.9996473129656571,0.35568627450980395,0.524683859174158,0.00012477773965124622
CICIoT2023,SNN_AE_T2,1,7,max,0.0,1.0,0.32406274509803923,0.4894975654254878,0.0
CICIoT2023,SNN_AE_T5,1,7,90,0.1,0.8444101773323053,0.8589803921568627,0.8516329704510108,0.1573759241351343
CICIoT2023,SNN_AE_T5,1,7,95,0.05,0.9064909526848706,0.8243450980392157,0.8634686953164152,0.08455251583117572
CICIoT2023,SNN_AE_T5,1,7,96,0.04,0.9233483806248208,0.8085490196078431,0.8621439443357252,0.06674049349596033
CICIoT2023,SNN_AE_T5,1,7,97,0.03,0.9411226983564352,0.7913254901960785,0.8597479399759699,0.049224818292416636
CICIoT2023,SNN_AE_T5,1,7,98,0.02,0.9676566724506679,0.7522980392156863,0.8464946342841004,0.025002339582618462
CICIoT2023,SNN_AE_T5,1,7,99,0.01,0.9838599778553786,0.7248,0.8346911862998356,0.01182269083195558
CICIoT2023,SNN_AE_T5,1,7,99.5,0.005,0.996884492561726,0.6023058823529411,0.7509167180028749,0.0018716660947686932
CICIoT2023,SNN_AE_T5,1,7,99.9,0.001,0.9987668819729888,0.5336156862745098,0.6955934975973828,0.0006550831331690426
CICIoT2023,SNN_AE_T5,1,7,99.99,0.0001,0.9999572558238939,0.3669647058823529,0.536898272993287,1.5597217456405777e-05
CICIoT2023,SNN_AE_T5,1,7,max,0.0,0.9999567866557193,0.36298039215686273,0.5326213301722847,1.5597217456405777e-05
CICIoT2023,SNN_AE_T7,1,7,90,0.1,0.8825174353963815,0.8217725490196078,0.8510624472025472,0.10877499454097389
CICIoT2023,SNN_AE_T7,1,7,95,0.05,0.9318874582032477,0.791278431372549,0.8558461499308624,0.0575069407617681
CICIoT2023,SNN_AE_T7,1,7,96,0.04,0.942439943476213,0.7846274509803921,0.8563235608816606,0.04764949932931965
CICIoT2023,SNN_AE_T7,1,7,97,0.03,0.955431538968337,0.7734274509803921,0.8548493359686536,0.03587360014973329
CICIoT2023,SNN_AE_T7,1,7,98,0.02,0.9713757708454693,0.758556862745098,0.8518756661058899,0.022226034875378234
CICIoT2023,SNN_AE_T7,1,7,99,0.01,0.9823040280795587,0.737521568627451,0.8424928772376226,0.013210843185575694
CICIoT2023,SNN_AE_T7,1,7,99.5,0.005,0.9925095466562225,0.6360156862745098,0.7752433031873196,0.0047727485416601675
CICIoT2023,SNN_AE_T7,1,7,99.9,0.001,0.9988701255076801,0.5130980392156863,0.6779485372602257,0.0005770970458870137
CICIoT2023,SNN_AE_T7,1,7,99.99,0.0001,0.999964976183805,0.44785882352941175,0.6186431496608957,1.5597217456405777e-05
CICIoT2023,SNN_AE_T7,1,7,max,0.0,0.9999647390691114,0.44484705882352943,0.6157637607208772,1.5597217456405777e-05
CICIoT2023,SNN_AE_noBN,1,7,90,0.1,0.8810875079264426,0.8718274509803922,0.8764330205787274,0.11699472814049973
CICIoT2023,SNN_AE_noBN,1,7,95,0.05,0.9328850877040186,0.8400941176470588,0.8840614399260476,0.06009607885953146
CICIoT2023,SNN_AE_noBN,1,7,96,0.04,0.9446143995446784,0.8330980392156863,0.8853584943404404,0.04856973515924759
CICIoT2023,SNN_AE_noBN,1,7,97,0.03,0.9595401201123988,0.8195450980392157,0.8840345518997623,0.03436067005646193
CICIoT2023,SNN_AE_noBN,1,7,98,0.02,0.9672391017173052,0.8039843137254902,0.8780880589343841,0.02707676950432043
CICIoT2023,SNN_AE_noBN,1,7,99,0.01,0.9790983328432149,0.6789490196078432,0.8018562946358273,0.014411828929718939
CICIoT2023,SNN_AE_noBN,1,7,99.5,0.005,0.9878418566680273,0.5314666666666666,0.6911104765013054,0.006504039679321209
CICIoT2023,SNN_AE_noBN,1,7,99.9,0.001,0.9978807844950487,0.40624313725490196,0.5774165858443977,0.0008578469601023177
CICIoT2023,SNN_AE_noBN,1,7,99.99,0.0001,0.9995431703974418,0.3088941176470588,0.4719416184347701,0.000140374957107652
CICIoT2023,SNN_AE_noBN,1,7,max,0.0,0.9999202297383536,0.19662745098039217,0.3286317279710563,1.5597217456405777e-05
CICIoT2023,IF,1,7,90,0.1,0.9083783888910498,0.7326588235294118,0.811110725201445,0.07347849143712762
CICIoT2023,IF,1,7,95,0.05,0.9274731944163463,0.7191372549019608,0.8101254638628733,0.05591602458121471
CICIoT2023,IF,1,7,96,0.04,0.9347482176976969,0.713678431372549,0.8093895377280449,0.049536762641544746
CICIoT2023,IF,1,7,97,0.03,0.9447000752949051,0.7085176470588235,0.8097380828597551,0.041239042954736876
CICIoT2023,IF,1,7,98,0.02,0.9581405312767781,0.7015843137254902,0.8100335053880287,0.03047696290981689
CICIoT2023,IF,1,7,99,0.01,0.9739714904366654,0.677364705882353,0.7990304017171511,0.017999188944692268
CICIoT2023,IF,1,7,99.5,0.005,0.9794471461479396,0.6002666666666666,0.7443493483758024,0.012524565617493839
CICIoT2023,IF,1,7,99.9,0.001,0.9921483687559226,0.22992941176470588,0.3733380877184046,0.0018092772249430702
CICIoT2023,IF,1,7,99.99,0.0001,0.9971282705807275,0.049019607843137254,0.09344536809999403,0.000140374957107652
CICIoT2023,IF,1,7,max,0.0,1.0,0.011011764705882353,0.02178365295103333,0.0
CICIoT2023,OCSVM,1,7,90,0.1,0.8032851614941168,0.638243137254902,0.7113162357301447,0.15541067473562717
CICIoT2023,OCSVM,1,7,95,0.05,0.8636985190163858,0.584564705882353,0.6972319148339056,0.09172723586112237
CICIoT2023,OCSVM,1,7,96,0.04,0.9020260963209698,0.5649725490196078,0.6947790777303021,0.0610163146894594
CICIoT2023,OCSVM,1,7,97,0.03,0.9207554205955996,0.5422274509803922,0.6825218181100187,0.046401721932807186
CICIoT2023,OCSVM,1,7,98,0.02,0.937512398333664,0.5189333333333334,0.6680735482698386,0.03439186449137474
CICIoT2023,OCSVM,1,7,99,0.01,0.9701900385045336,0.49010196078431373,0.6512287137586761,0.014973328758149546
CICIoT2023,OCSVM,1,7,99.5,0.005,0.9857048964837332,0.4705098039215686,0.6369717562115098,0.006784789593536513
CICIoT2023,OCSVM,1,7,99.9,0.001,0.9982629906127578,0.4237019607843137,0.5949035327283939,0.0007330692204510715
CICIoT2023,OCSVM,1,7,99.99,0.0001,0.9994954591321897,0.34181960784313725,0.5094211707499533,0.00017156939202046356
CICIoT2023,OCSVM,1,7,max,0.0,1.0,0.2712470588235294,0.4267416894943363,0.0
CICIoT2023,LOF,1,7,90,0.1,0.6364910185142647,0.8693019607843138,0.7348990173586708,0.49365193249524286
CICIoT2023,LOF,1,7,95,0.05,0.6580405942880604,0.8045333333333333,0.7239505406092087,0.4157126368655832
CICIoT2023,LOF,1,7,96,0.04,0.6823203635330872,0.7537098039215686,0.7162405902958934,0.34892535171725364
CICIoT2023,LOF,1,7,97,0.03,0.734937274445781,0.6708392156862745,0.7014269312776775,0.2405714820476027
CICIoT2023,LOF,1,7,98,0.02,0.7848841805676338,0.6229333333333333,0.6945936018750108,0.16976011479552047
CICIoT2023,LOF,1,7,99,0.01,0.8469618140767645,0.541364705882353,0.6605293881222607,0.09726424805814643
CICIoT2023,LOF,1,7,99.5,0.005,0.9281500114337983,0.3183372549019608,0.47407580447351516,0.024503228624013475
CICIoT2023,LOF,1,7,99.9,0.001,0.9975642430885397,0.12848627450980393,0.22765108878420254,0.00031194434912811556
CICIoT2023,LOF,1,7,99.99,0.0001,0.9989882931059402,0.10842352941176471,0.1956161824845406,0.00010918052219484044
CICIoT2023,LOF,1,7,max,0.0,0.9998546722860049,0.10792156862745098,0.19481530772606928,1.5597217456405777e-05
CICIoT2023,SNN_AE,1,8,90,0.1,0.6262442830239441,0.8763294117647059,0.7304750323618248,0.5200343133432114
CICIoT2023,SNN_AE,1,8,95,0.05,0.6432415880530922,0.8567372549019607,0.7347957405875191,0.47246354207283786
CICIoT2023,SNN_AE,1,8,96,0.04,0.6446006755869609,0.847121568627451,0.7321136861227283,0.4643999064181549
CICIoT2023,SNN_AE,1,8,97,0.03,0.6553459275011128,0.8314823529411765,0.7329811800821384,0.4347968494112142
CICIoT2023,SNN_AE,1,8,98,0.02,0.649049581971132,0.7878901960784314,0.7117623302181568,0.4235982219449427
CICIoT2023,SNN_AE,1,8,99,0.01,0.9938106191752235,0.6573803921568627,0.7913216703329903,0.004070810262809015
CICIoT2023,SNN_AE,1,8,99.5,0.005,0.9964031399616011,0.643121568627451,0.7817001439507326,0.0023083521796771426
CICIoT2023,SNN_AE,1,8,99.9,0.001,0.9988377783215072,0.5122823529411765,0.6772287082927234,0.0005926850191062934
CICIoT2023,SNN_AE,1,8,99.99,0.0001,0.9998003274629608,0.392721568627451,0.5639310290457367,7.79848709350386e-05
CICIoT2023,SNN_AE,1,8,max,0.0,1.0,0.320721568627451,0.4856762791581548,0.0
CICIoT2023,LSTM_AE,1,8,90,0.1,0.6315161609795624,0.8802196078431372,0.7354101411477924,0.5106761288310068
CICIoT2023,LSTM_AE,1,8,95,0.05,0.6403508771929824,0.8244705882352941,0.7208393334704793,0.46042267800046793
CICIoT2023,LSTM_AE,1,8,96,0.04,0.6410431035550217,0.812078431372549,0.7164951663910206,0.4521406847071668
CICIoT2023,LSTM_AE,1,8,97,0.03,0.6433852386378023,0.7971921568627451,0.7120779038811825,0.4393511658738205
CICIoT2023,LSTM_AE,1,8,98,0.02,0.6440971543921339,0.7757960784313725,0.703838901341303,0.426234110582547
CICIoT2023,LSTM_AE,1,8,99,0.01,0.6850231894398858,0.7529882352941176,0.7173995890155054,0.3442564142556344
CICIoT2023,LSTM_AE,1,8,99.5,0.005,0.9987760097919217,0.7296,0.8432273679058004,0.00088902752865944
CICIoT2023,LSTM_AE,1,8,99.9,0.001,0.999929265302273,0.6652392156862745,0.7989487763983346,4.679092256102316e-05
CICIoT2023,LSTM_AE,1,8,99.99,0.0001,0.9999674479166667,0.48186666666666667,0.6503440245580607,1.559697418700772e-05
CICIoT2023,LSTM_AE,1,8,max,0.0,1.0,0.42387450980392155,0.595381835808399,0.0
CICIoT2023,CNN_AE,1,8,90,0.1,0.6319277514433985,0.882478431372549,0.7364769335497723,0.511081650159869
CICIoT2023,CNN_AE,1,8,95,0.05,0.654887546400757,0.8468235294117648,0.7385897225414546,0.44371831864618266
CICIoT2023,CNN_AE,1,8,96,0.04,0.6551622816146133,0.8394196078431373,0.7359329982328146,0.43930437495125946
CICIoT2023,CNN_AE,1,8,97,0.03,0.8614822200066468,0.8132392156862746,0.8366658597595418,0.13001637682289635
CICIoT2023,CNN_AE,1,8,98,0.02,0.9763009775846746,0.7754509803921569,0.8643615858722734,0.018716369024409266
CICIoT2023,CNN_AE,1,8,99,0.01,0.9846695149535059,0.7375058823529411,0.8433514502502287,0.011416985104889652
CICIoT2023,CNN_AE,1,8,99.5,0.005,0.9986017347228594,0.7169725490196078,0.8346709763424366,0.000998206347968494
CICIoT2023,CNN_AE,1,8,99.9,0.001,0.9995213290159087,0.5568313725490196,0.7152168438019444,0.00026514856117913126
CICIoT2023,CNN_AE,1,8,99.99,0.0001,1.0,0.39055686274509804,0.5617272809313238,0.0
CICIoT2023,CNN_AE,1,8,max,0.0,1.0,0.17785098039215685,0.3019923290006392,0.0
CICIoT2023,SNN_Dense,1,8,90,0.1,0.6342974507126494,0.881678431372549,0.7378037975098942,0.5054355455041722
CICIoT2023,SNN_Dense,1,8,95,0.05,0.649755144351639,0.8554039215686274,0.738530712297785,0.45847305622709195
CICIoT2023,SNN_Dense,1,8,96,0.04,0.6516533912623703,0.8469960784313726,0.736593683923334,0.45019106293379085
CICIoT2023,SNN_Dense,1,8,97,0.03,0.6549955726092089,0.835435294117647,0.7342929230260165,0.4375419168681276
CICIoT2023,SNN_Dense,1,8,98,0.02,0.6533427217060014,0.8150745098039216,0.7253020288803121,0.43000857833580286
CICIoT2023,SNN_Dense,1,8,99,0.01,0.6844917487966995,0.7495372549019608,0.7155393162521152,0.343523356468845
CICIoT2023,SNN_Dense,1,8,99.5,0.005,0.9983523509738343,0.6368156862745098,0.777616028501925,0.0010449972705295172
CICIoT2023,SNN_Dense,1,8,99.9,0.001,0.9993675841715353,0.5205490196078432,0.6845373158958703,0.00032753645792716213
CICIoT2023,SNN_Dense,1,8,99.99,0.0001,0.9998153687086887,0.424721568627451,0.5961841221609363,7.79848709350386e-05
CICIoT2023,SNN_Dense,1,8,max,0.0,1.0,0.4204862745098039,0.5920314501523919,0.0
CICIoT2023,Dense_SNN,1,8,90,0.1,0.6273631048524695,0.8651607843137255,0.7273182825192531,0.5109568743663729
CICIoT2023,Dense_SNN,1,8,95,0.05,0.6405189887244966,0.8278117647058824,0.7222203214703609,0.46195118147079467
CICIoT2023,Dense_SNN,1,8,96,0.04,0.6420982242365704,0.813364705882353,0.7176548746055472,0.45078374795289716
CICIoT2023,Dense_SNN,1,8,97,0.03,0.6419427280916553,0.7936627450980392,0.7097855745018132,0.44016220853154486
CICIoT2023,Dense_SNN,1,8,98,0.02,0.6424218061102754,0.7771137254901961,0.7033776780770379,0.4300865632067379
CICIoT2023,Dense_SNN,1,8,99,0.01,0.7081140619263248,0.7260862745098039,0.7169875617652071,0.2975902674881073
CICIoT2023,Dense_SNN,1,8,99.5,0.005,0.9983225497244189,0.6534901960784314,0.789912779673872,0.0010917881930905405
CICIoT2023,Dense_SNN,1,8,99.9,0.001,0.9994374703931785,0.529521568627451,0.6922666776039211,0.0002963425095531467
CICIoT2023,Dense_SNN,1,8,99.99,0.0001,1.0,0.3929254901960784,0.5641730199664411,0.0
CICIoT2023,Dense_SNN,1,8,max,0.0,1.0,0.3519058823529412,0.5206070732386522,0.0
CICIoT2023,Dense_AE,1,8,90,0.1,0.607972908876314,0.8645803921568628,0.71391841043476,0.5543164626062543
CICIoT2023,Dense_AE,1,8,95,0.05,0.6358135474013533,0.8224784313725491,0.7171992121245282,0.46842392575840286
CICIoT2023,Dense_AE,1,8,96,0.04,0.6392529447845081,0.8010666666666667,0.7110702674102078,0.4494891990953755
CICIoT2023,Dense_AE,1,8,97,0.03,0.6379712573306696,0.7764235294117647,0.7004209856015848,0.43808781096467286
CICIoT2023,Dense_AE,1,8,98,0.02,0.6394430644528697,0.7672313725490196,0.6975328009127211,0.43014895110348594
CICIoT2023,Dense_AE,1,8,99,0.01,0.704999776062583,0.7407529411764706,0.7224342744372118,0.3081962099352726
CICIoT2023,Dense_AE,1,8,99.5,0.005,0.9990406710840417,0.7024313725490197,0.82488279774898,0.000670669890041332
CICIoT2023,Dense_AE,1,8,99.9,0.001,0.999925039354339,0.6277333333333334,0.7712752117643659,4.679092256102316e-05
CICIoT2023,Dense_AE,1,8,99.99,0.0001,1.0,0.35811764705882354,0.5273735273735274,0.0
CICIoT2023,Dense_AE,1,8,max,0.0,1.0,0.3548392156862745,0.5238100751409617,0.0
CICIoT2023,SNN_AE_T2,1,8,90,0.1,0.6028726663857027,0.830243137254902,0.6985212118012709,0.5437885050300242
CICIoT2023,SNN_AE_T2,1,8,95,0.05,0.6254091497297709,0.7732705882352942,0.6915242824678057,0.46051625984558997
CICIoT2023,SNN_AE_T2,1,8,96,0.04,0.7729909404940364,0.7441568627450981,0.7582998992982849,0.21729704437339156
CICIoT2023,SNN_AE_T2,1,8,97,0.03,0.9628825924318515,0.7308392156862745,0.8309656937496099,0.028012165639865867
CICIoT2023,SNN_AE_T2,1,8,98,0.02,0.9850156358582349,0.7114980392156863,0.8262081276525984,0.010761912189035328
CICIoT2023,SNN_AE_T2,1,8,99,0.01,0.9934413941722102,0.6652862745098039,0.7969034779504331,0.004367152772362162
CICIoT2023,SNN_AE_T2,1,8,99.5,0.005,0.9972358549105884,0.5546039215686275,0.7127938389581066,0.0015285034703267566
CICIoT2023,SNN_AE_T2,1,8,99.9,0.001,0.9988529232533965,0.4370980392156863,0.6080941001887677,0.000499103173984247
CICIoT2023,SNN_AE_T2,1,8,99.99,0.0001,0.999922546665634,0.40501960784313723,0.5765194480417987,3.119394837401544e-05
CICIoT2023,SNN_AE_T2,1,8,max,0.0,1.0,0.10901960784313726,0.1966053748231966,0.0
CICIoT2023,SNN_AE_T5,1,8,90,0.1,0.6294598296153578,0.8507137254901961,0.723550444272487,0.4979334009202215
CICIoT2023,SNN_AE_T5,1,8,95,0.05,0.7894089044218204,0.8149176470588235,0.8019604816301328,0.21615846525774
CICIoT2023,SNN_AE_T5,1,8,96,0.04,0.8926609650952579,0.8055372549019608,0.8468642292913802,0.09631131560477267
CICIoT2023,SNN_AE_T5,1,8,97,0.03,0.9253272026212415,0.8018196078431372,0.859157415266701,0.06433751852140684
CICIoT2023,SNN_AE_T5,1,8,98,0.02,0.9479400395964929,0.7886117647058823,0.8609667337414907,0.04306324573032832
CICIoT2023,SNN_AE_T5,1,8,99,0.01,0.9611941515936295,0.7393882352941177,0.8358261887240777,0.02968104187787569
CICIoT2023,SNN_AE_T5,1,8,99.5,0.005,0.9979375577839414,0.6603294117647058,0.7947665033558947,0.0013569367542696717
CICIoT2023,SNN_AE_T5,1,8,99.9,0.001,0.9995896594173164,0.5349647058823529,0.6969387338047165,0.0002183576386181081
CICIoT2023,SNN_AE_T5,1,8,99.99,0.0001,0.9999212195218025,0.39819607843137256,0.5695726802562348,3.119394837401544e-05
CICIoT2023,SNN_AE_T5,1,8,max,0.0,1.0,0.3048,0.4671980380134887,0.0
CICIoT2023,SNN_AE_T7,1,8,90,0.1,0.6313986593015211,0.8731921568627451,0.732866838256107,0.5068548701551899
CICIoT2023,SNN_AE_T7,1,8,95,0.05,0.6485444080911327,0.8519686274509803,0.7364674296252102,0.45906574124619826
CICIoT2023,SNN_AE_T7,1,8,96,0.04,0.6503180024378176,0.8452705882352941,0.7350880902524366,0.4519223270685487
CICIoT2023,SNN_AE_T7,1,8,97,0.03,0.6553607501808115,0.8244078431372549,0.730228422164175,0.43106917258051936
CICIoT2023,SNN_AE_T7,1,8,98,0.02,0.6455727831038519,0.7700392156862745,0.7023341989112319,0.4203540513140451
CICIoT2023,SNN_AE_T7,1,8,99,0.01,0.6555248183238493,0.7173960784313725,0.685066321142626,0.37484208063635654
CICIoT2023,SNN_AE_T7,1,8,99.5,0.005,0.9979914637208135,0.6858823529411765,0.8130119092996663,0.0013725337284566793
CICIoT2023,SNN_AE_T7,1,8,99.9,0.001,0.9996750162491875,0.627278431372549,0.770857429254376,0.00020276066443110038
CICIoT2023,SNN_AE_T7,1,8,99.99,0.0001,0.9999241936095212,0.41381960784313726,0.5853793837994963,3.119394837401544e-05
CICIoT2023,SNN_AE_T7,1,8,max,0.0,1.0,0.37109019607843136,0.5413067603281201,0.0
CICIoT2023,SNN_AE_noBN,1,8,90,0.1,0.6258928770110594,0.8824156862745098,0.7323404587705367,0.5244326600639476
CICIoT2023,SNN_AE_noBN,1,8,95,0.05,0.646317414044414,0.8277019607843137,0.7258496055464231,0.4503626296498479
CICIoT2023,SNN_AE_noBN,1,8,96,0.04,0.6457623697423864,0.8029333333333334,0.7158220059294067,0.4379474381969898
CICIoT2023,SNN_AE_noBN,1,8,97,0.03,0.6463741589543966,0.7866196078431372,0.7096340531514449,0.42790298682055683
CICIoT2023,SNN_AE_noBN,1,8,98,0.02,0.9293189658513896,0.7521725490196078,0.8314145022020322,0.056882164860017154
CICIoT2023,SNN_AE_noBN,1,8,99,0.01,0.9795722125803275,0.6551686274509804,0.7851825393841411,0.013584964516883725
CICIoT2023,SNN_AE_noBN,1,8,99.5,0.005,0.9973085682174441,0.5289411764705882,0.6912598271850432,0.0014193246510177027
CICIoT2023,SNN_AE_noBN,1,8,99.9,0.001,0.9993520984810309,0.43551372549019607,0.6066512258008128,0.00028074553536613895
CICIoT2023,SNN_AE_noBN,1,8,99.99,0.0001,0.9998997744926084,0.3129882352941176,0.4767457141150469,3.119394837401544e-05
CICIoT2023,SNN_AE_noBN,1,8,max,0.0,1.0,0.30610196078431373,0.46872598001537275,0.0
CICIoT2023,IF,1,8,90,0.1,0.6002710825623195,0.7989019607843137,0.6854873986338706,0.5289713795523668
CICIoT2023,IF,1,8,95,0.05,0.8256042845235773,0.7302745098039216,0.7750189363986716,0.1533806441550339
CICIoT2023,IF,1,8,96,0.04,0.8824649472044314,0.7197176470588236,0.7928254840465513,0.09531310925680418
CICIoT2023,IF,1,8,97,0.03,0.9402831672784479,0.7031843137254902,0.8046309176576172,0.04440458551041098
CICIoT2023,IF,1,8,98,0.02,0.9721658579620645,0.6914196078431373,0.8081034008616739,0.01968338142400374
CICIoT2023,IF,1,8,99,0.01,0.9857517462232845,0.6663372549019608,0.7951667399829657,0.00957654215082274
CICIoT2023,IF,1,8,99.5,0.005,0.9911027736835053,0.5801254901960784,0.7318656310295354,0.005178195430086564
CICIoT2023,IF,1,8,99.9,0.001,0.9969072164948454,0.12134901960784314,0.21636134806320798,0.00037432738048818527
CICIoT2023,IF,1,8,99.99,0.0001,0.9979872525997987,0.04666666666666667,0.08916395678170565,9.358184512204632e-05
CICIoT2023,IF,1,8,max,0.0,1.0,0.007325490196078432,0.01454443527414859,0.0
CICIoT2023,OCSVM,1,8,90,0.1,0.5306311598459631,0.6376313725490196,0.5792312350824694,0.5608048038680497
CICIoT2023,OCSVM,1,8,95,0.05,0.540520260130065,0.5762666666666667,0.5578213732576149,0.4870779068860641
CICIoT2023,OCSVM,1,8,96,0.04,0.5792525459240851,0.559435294117647,0.569171474397338,0.404039616314435
CICIoT2023,OCSVM,1,8,97,0.03,0.6400679744357014,0.5435607843137255,0.5878800217155266,0.30392263900803246
CICIoT2023,OCSVM,1,8,98,0.02,0.7027077927513183,0.5267607843137255,0.6021445605981818,0.22158621227481867
CICIoT2023,OCSVM,1,8,99,0.01,0.7925979753432896,0.49617254901960783,0.6102953944702773,0.1290961553458629
CICIoT2023,OCSVM,1,8,99.5,0.005,0.8815376569037657,0.4759058823529412,0.6181162520628324,0.06358886376043048
CICIoT2023,OCSVM,1,8,99.9,0.001,0.9983779399837794,0.42481568627450983,0.5960209516263921,0.0006862668642283397
CICIoT2023,OCSVM,1,8,99.99,0.0001,0.9997924234561495,0.30221176470588235,0.4641291255119248,6.238789674803088e-05
CICIoT2023,OCSVM,1,8,max,0.0,1.0,0.2704,0.42569269521410574,0.0
CICIoT2023,LOF,1,8,90,0.1,0.8518453483174765,0.8370666666666666,0.8443913476905549,0.14475551742961865
CICIoT2023,LOF,1,8,95,0.05,0.9285612550104788,0.7158588235294118,0.8084537233053137,0.05476097637058411
CICIoT2023,LOF,1,8,96,0.04,0.9400891236177588,0.625443137254902,0.7511468213972853,0.03963191140918662
CICIoT2023,LOF,1,8,97,0.03,0.9388054118087162,0.4723921568627451,0.6285219351337814,0.030616860329096156
CICIoT2023,LOF,1,8,98,0.02,0.9488478897774962,0.3759372549019608,0.5385133920546468,0.020151290649613976
CICIoT2023,LOF,1,8,99,0.01,0.9144140655255208,0.1851921568627451,0.30800537431027514,0.01723465647664353
CICIoT2023,LOF,1,8,99.5,0.005,0.9611537774602608,0.16883137254901961,0.28721246731066874,0.006784683771348358
CICIoT2023,LOF,1,8,99.9,0.001,0.9987008385496634,0.13264313725490195,0.2341830870847584,0.00017156671605708491
CICIoT2023,LOF,1,8,99.99,0.0001,0.9994670219853431,0.11766274509803921,0.21053961125535048,6.238789674803088e-05
CICIoT2023,LOF,1,8,max,0.0,1.0,0.11138823529411765,0.2004488292331795,0.0
CICIoT2023,SNN_AE,1,9,90,0.1,0.9962641988887414,0.8240941176470589,0.9020372071461071,0.003041062056190182
CICIoT2023,SNN_AE,1,9,95,0.05,0.9984793495671215,0.7724862745098039,0.8710633142008118,0.001157764742204384
CICIoT2023,SNN_AE,1,9,96,0.04,0.999172782420566,0.7389333333333333,0.8495707690088011,0.0006020376659462797
CICIoT2023,SNN_AE,1,9,97,0.03,0.9999019319407669,0.6397490196078431,0.7802712889092961,6.174745291756716e-05
CICIoT2023,SNN_AE,1,9,98,0.02,0.9999246893435421,0.6248156862745098,0.7690688806294347,4.631058968817536e-05
CICIoT2023,SNN_AE,1,9,99,0.01,0.9999483270895233,0.6071058823529412,0.7555121760773021,3.087372645878358e-05
CICIoT2023,SNN_AE,1,9,99.5,0.005,0.999947989806002,0.6031686274509804,0.7524558725685883,3.087372645878358e-05
CICIoT2023,SNN_AE,1,9,99.9,0.001,1.0,0.5916705882352942,0.7434585932649381,0.0
CICIoT2023,SNN_AE,1,9,99.99,0.0001,1.0,0.41744313725490195,0.5890086540802549,0.0
CICIoT2023,SNN_AE,1,9,max,0.0,1.0,0.27061960784313727,0.425964790992815,0.0
CICIoT2023,LSTM_AE,1,9,90,0.1,0.9948274435156832,0.7542274509803921,0.8579789796755947,0.003859215807347947
CICIoT2023,LSTM_AE,1,9,95,0.05,0.9992388684510973,0.7413647058823529,0.8511994813053815,0.0005557270762581043
CICIoT2023,LSTM_AE,1,9,96,0.04,0.9994903809402471,0.7383529411764705,0.8493017213380968,0.0003704847175054029
CICIoT2023,LSTM_AE,1,9,97,0.03,0.9999347953661241,0.7216627450980392,0.8383093869295456,4.631058968817536e-05
CICIoT2023,LSTM_AE,1,9,98,0.02,1.0,0.6929725490196078,0.818645936605298,0.0
CICIoT2023,LSTM_AE,1,9,99,0.01,1.0,0.6928,0.8185255198487712,0.0
CICIoT2023,LSTM_AE,1,9,99.5,0.005,1.0,0.6927372549019608,0.8184817258506931,0.0
CICIoT2023,LSTM_AE,1,9,99.9,0.001,1.0,0.6927058823529412,0.8184598276341396,0.0
CICIoT2023,LSTM_AE,1,9,99.99,0.0001,1.0,0.4372862745098039,0.6084887642288845,0.0
CICIoT2023,LSTM_AE,1,9,max,0.0,1.0,0.43187450980392156,0.6032295523761529,0.0
CICIoT2023,CNN_AE,1,9,90,0.1,0.9988338526830947,0.8195764705882352,0.9003696395798688,0.000941648656992899
CICIoT2023,CNN_AE,1,9,95,0.05,0.9995361976641228,0.7437176470588235,0.852856526118866,0.00033961099104661935
CICIoT2023,CNN_AE,1,9,96,0.04,0.9995984529872984,0.7419294117647058,0.8517021257439203,0.00029330040135844396
CICIoT2023,CNN_AE,1,9,97,0.03,0.9998933242303343,0.7351529411764706,0.8473255530143462,7.718431614695894e-05
CICIoT2023,CNN_AE,1,9,98,0.02,1.0,0.6330039215686275,0.7752631983401214,0.0
CICIoT2023,CNN_AE,1,9,99,0.01,1.0,0.6328784313725491,0.7751690747002767,0.0
CICIoT2023,CNN_AE,1,9,99.5,0.005,1.0,0.6328,0.775110240078393,0.0
CICIoT2023,CNN_AE,1,9,99.9,0.001,1.0,0.6326588235294117,0.7750043235141523,0.0
CICIoT2023,CNN_AE,1,9,99.99,0.0001,1.0,0.48776470588235293,0.6557014075597027,0.0
CICIoT2023,CNN_AE,1,9,max,0.0,1.0,0.44172549019607843,0.6127733652486128,0.0
CICIoT2023,SNN_Dense,1,9,90,0.1,0.9943161634103019,0.8342117647058823,0.9072546594447051,0.004692806421735103
CICIoT2023,SNN_Dense,1,9,95,0.05,0.9989752838463746,0.7646117647058823,0.8662212112595962,0.0007718431614695894
CICIoT2023,SNN_Dense,1,9,96,0.04,0.999260323766854,0.7416941176470588,0.8514243526488278,0.0005402902130287125
CICIoT2023,SNN_Dense,1,9,97,0.03,0.9996685082872928,0.7095686274509804,0.8300000000000001,0.0002315529484408768
CICIoT2023,SNN_Dense,1,9,98,0.02,0.999971128305809,0.5432941176470588,0.7040635862826012,1.543686322939179e-05
CICIoT2023,SNN_Dense,1,9,99,0.01,0.9999709226251055,0.5394509803921569,0.7008283999551667,1.543686322939179e-05
CICIoT2023,SNN_Dense,1,9,99.5,0.005,0.9999707875671886,0.536956862745098,0.6987201730930171,1.543686322939179e-05
CICIoT2023,SNN_Dense,1,9,99.9,0.001,1.0,0.521035294117647,0.6851061196708125,0.0
CICIoT2023,SNN_Dense,1,9,99.99,0.0001,1.0,0.40390588235294117,0.5754030771293535,0.0
CICIoT2023,SNN_Dense,1,9,max,0.0,1.0,0.28379607843137256,0.44212018279123183,0.0
CICIoT2023,Dense_SNN,1,9,90,0.1,0.9937271301620492,0.7753098039215687,0.8710348230649937,0.004816301327570238
CICIoT2023,Dense_SNN,1,9,95,0.05,0.9975362414483381,0.7113254901960784,0.8304626908038715,0.0017289286816918803
CICIoT2023,Dense_SNN,1,9,96,0.04,0.998109640831758,0.6957176470588236,0.8199212467417226,0.0012966965112689102
CICIoT2023,Dense_SNN,1,9,97,0.03,0.9993397445098321,0.5460705882352941,0.7062331997768424,0.00035504785427601114
CICIoT2023,Dense_SNN,1,9,98,0.02,0.9999014843031656,0.4776313725490196,0.6464618585592662,4.631058968817536e-05
CICIoT2023,Dense_SNN,1,9,99,0.01,0.99990057995029,0.47328627450980393,0.6424700558956614,4.631058968817536e-05
CICIoT2023,Dense_SNN,1,9,99.5,0.005,0.9999003620180013,0.47225098039215685,0.6415154646863912,4.631058968817536e-05
CICIoT2023,Dense_SNN,1,9,99.9,0.001,0.9999328295549959,0.46702745098039217,0.6366853782411119,3.087372645878358e-05
CICIoT2023,Dense_SNN,1,9,99.99,0.0001,1.0,0.3922980392156863,0.5635259522977951,0.0
CICIoT2023,Dense_SNN,1,9,max,0.0,1.0,0.3128,0.4765386959171238,0.0
CICIoT2023,Dense_AE,1,9,90,0.1,0.9950869927116958,0.7688627450980392,0.867468386914085,0.0037357209015128124
CICIoT2023,Dense_AE,1,9,95,0.05,0.9997259292054055,0.7438431372549019,0.8530081037568693,0.00020067922198209324
CICIoT2023,Dense_AE,1,9,96,0.04,0.9998518048057584,0.7408313725490197,0.8510699644096049,0.00010805804260574252
CICIoT2023,Dense_AE,1,9,97,0.03,0.9999566480253176,0.7236392156862745,0.8396490844890976,3.087372645878358e-05
CICIoT2023,Dense_AE,1,9,98,0.02,1.0,0.7007372549019608,0.8240394015974618,0.0
CICIoT2023,Dense_AE,1,9,99,0.01,1.0,0.7001098039215686,0.8236053957299182,0.0
CICIoT2023,Dense_AE,1,9,99.5,0.005,1.0,0.6997176470588236,0.8233339793460506,0.0
CICIoT2023,Dense_AE,1,9,99.9,0.001,1.0,0.6858352941176471,0.8136444841447075,0.0
CICIoT2023,Dense_AE,1,9,99.99,0.0001,1.0,0.5568156862745098,0.7153264078511189,0.0
CICIoT2023,Dense_AE,1,9,max,0.0,1.0,0.5017254901960785,0.6681986734214238,0.0
CICIoT2023,SNN_AE_T2,1,9,90,0.1,0.9995793458828478,0.7454901960784314,0.8540365694775146,0.00030873726458783575
CICIoT2023,SNN_AE_T2,1,9,95,0.05,0.9998867317581497,0.6923607843137255,0.8181809755961926,7.718431614695894e-05
CICIoT2023,SNN_AE_T2,1,9,96,0.04,0.9999270835865153,0.6453333333333333,0.7844184073293737,4.631058968817536e-05
CICIoT2023,SNN_AE_T2,1,9,97,0.03,1.0,0.563356862745098,0.7207015572323004,0.0
CICIoT2023,SNN_AE_T2,1,9,98,0.02,1.0,0.506243137254902,0.6721931203982379,0.0
CICIoT2023,SNN_AE_T2,1,9,99,0.01,1.0,0.5038431372549019,0.6700740586210493,0.0
CICIoT2023,SNN_AE_T2,1,9,99.5,0.005,1.0,0.5024313725490196,0.668824389225308,0.0
CICIoT2023,SNN_AE_T2,1,9,99.9,0.001,1.0,0.46889411764705885,0.6384314730569616,0.0
CICIoT2023,SNN_AE_T2,1,9,99.99,0.0001,1.0,0.3383686274509804,0.505643393771756,0.0
CICIoT2023,SNN_AE_T2,1,9,max,0.0,1.0,0.18464313725490197,0.31172786377299033,0.0
CICIoT2023,SNN_AE_T5,1,9,90,0.1,0.9901354449646456,0.8061333333333334,0.8887101934234304,0.007903673973448596
CICIoT2023,SNN_AE_T5,1,9,95,0.05,0.9970212237805635,0.7560470588235294,0.8599721657210149,0.0022229083050324173
CICIoT2023,SNN_AE_T5,1,9,96,0.04,0.9986194400103542,0.7261803921568627,0.8408834962037272,0.0009879592466810745
CICIoT2023,SNN_AE_T5,1,9,97,0.03,0.9997859487228273,0.6594039215686275,0.794680328178759,0.00013893176906452608
CICIoT2023,SNN_AE_T5,1,9,98,0.02,1.0,0.5579294117647059,0.7162447894641454,0.0
CICIoT2023,SNN_AE_T5,1,9,99,0.01,1.0,0.5560156862745098,0.714665913948143,0.0
CICIoT2023,SNN_AE_T5,1,9,99.5,0.005,1.0,0.5549647058823529,0.7137971733801409,0.0
CICIoT2023,SNN_AE_T5,1,9,99.9,0.001,1.0,0.5489725490196078,0.7088215338187489,0.0
CICIoT2023,SNN_AE_T5,1,9,99.99,0.0001,1.0,0.4699294117647059,0.6393904469202202,0.0
CICIoT2023,SNN_AE_T5,1,9,max,0.0,1.0,0.374321568627451,0.5447365117048839,0.0
CICIoT2023,SNN_AE_T7,1,9,90,0.1,0.9804211522536378,0.78,0.8688017611909007,0.015328805186786046
CICIoT2023,SNN_AE_T7,1,9,95,0.05,0.9945999535933512,0.7396235294117647,0.8483676241712172,0.003951836986724298
CICIoT2023,SNN_AE_T7,1,9,96,0.04,0.9979425632233176,0.7304156862745098,0.8434743229779912,0.0014819388700216115
CICIoT2023,SNN_AE_T7,1,9,97,0.03,0.9994090237526991,0.6897098039215687,0.8161678036103763,0.0004013584439641865
CICIoT2023,SNN_AE_T7,1,9,98,0.02,0.99994851994852,0.6093803921568628,0.7572709551656921,3.087372645878358e-05
CICIoT2023,SNN_AE_T7,1,9,99,0.01,0.9999482870071106,0.606635294117647,0.7551476690261166,3.087372645878358e-05
CICIoT2023,SNN_AE_T7,1,9,99.5,0.005,0.9999477520311398,0.6004235294117647,0.7503160866028287,3.087372645878358e-05
CICIoT2023,SNN_AE_T7,1,9,99.9,0.001,1.0,0.5620549019607843,0.719635271788795,0.0
CICIoT2023,SNN_AE_T7,1,9,99.99,0.0001,1.0,0.4263529411764706,0.5978225008248103,0.0
CICIoT2023,SNN_AE_T7,1,9,max,0.0,1.0,0.4116235294117647,0.5831916524985832,0.0
CICIoT2023,SNN_AE_noBN,1,9,90,0.1,0.9977846783049948,0.8266196078431373,0.904172814934285,0.0018061129978388392
CICIoT2023,SNN_AE_noBN,1,9,95,0.05,0.9990896769364594,0.7747137254901961,0.8727105660744106,0.0006946588453226305
CICIoT2023,SNN_AE_noBN,1,9,96,0.04,0.9995609981515712,0.6786039215686275,0.808390170980099,0.00029330040135844396
CICIoT2023,SNN_AE_noBN,1,9,97,0.03,1.0,0.5471843137254901,0.7073291900276784,0.0
CICIoT2023,SNN_AE_noBN,1,9,98,0.02,1.0,0.46705882352941175,0.6367281475541299,0.0
CICIoT2023,SNN_AE_noBN,1,9,99,0.01,1.0,0.4656313725490196,0.6354003895798104,0.0
CICIoT2023,SNN_AE_noBN,1,9,99.5,0.005,1.0,0.4645019607843137,0.6343480216790557,0.0
CICIoT2023,SNN_AE_noBN,1,9,99.9,0.001,1.0,0.44064313725490195,0.6117311440424211,0.0
CICIoT2023,SNN_AE_noBN,1,9,99.99,0.0001,1.0,0.29334901960784315,0.4536270027046367,0.0
CICIoT2023,SNN_AE_noBN,1,9,max,0.0,1.0,0.13377254901960783,0.23597775256647943,0.0
CICIoT2023,IF,1,9,90,0.1,0.9798587823623753,0.7379450980392157,0.8418679145676935,0.014927446742821858
CICIoT2023,IF,1,9,95,0.05,0.9951336577561496,0.7024941176470588,0.8235910733497006,0.0033806730472368015
CICIoT2023,IF,1,9,96,0.04,0.997376328654079,0.697678431372549,0.8210330059809495,0.0018061129978388392
CICIoT2023,IF,1,9,97,0.03,0.9979996853437619,0.6965333333333333,0.8204502831591881,0.0013738808274158692
CICIoT2023,IF,1,9,98,0.02,0.9995634352792802,0.646478431372549,0.7851515988607461,0.00027786353812905216
CICIoT2023,IF,1,9,99,0.01,0.9997104526590097,0.4874352941176471,0.6553414950491917,0.00013893176906452608
CICIoT2023,IF,1,9,99.5,0.005,1.0,0.11325490196078432,0.20346625334648444,0.0
CICIoT2023,IF,1,9,99.9,0.001,1.0,0.0724235294117647,0.13506516301724517,0.0
CICIoT2023,IF,1,9,99.99,0.0001,1.0,0.04619607843137255,0.08831246720143938,0.0
CICIoT2023,IF,1,9,max,0.0,1.0,0.04448627450980392,0.085183071516535,0.0
CICIoT2023,OCSVM,1,9,90,0.1,0.999608693034736,0.5209254901960785,0.6849193581652436,0.00020067922198209324
CICIoT2023,OCSVM,1,9,95,0.05,0.9998336106489185,0.4712941176470588,0.6406183368869937,7.718431614695894e-05
CICIoT2023,OCSVM,1,9,96,0.04,0.9998635184932442,0.4596705882352941,0.6298007694126244,6.174745291756716e-05
CICIoT2023,OCSVM,1,9,97,0.03,1.0,0.4193411764705882,0.5908955273366268,0.0
CICIoT2023,OCSVM,1,9,98,0.02,1.0,0.2540705882352941,0.4051934406544336,0.0
CICIoT2023,OCSVM,1,9,99,0.01,1.0,0.25262745098039213,0.4033560829002567,0.0
CICIoT2023,OCSVM,1,9,99.5,0.005,1.0,0.25185882352941175,0.4023757612209608,0.0
CICIoT2023,OCSVM,1,9,99.9,0.001,1.0,0.2511843137254902,0.4015144866667502,0.0
CICIoT2023,OCSVM,1,9,99.99,0.0001,1.0,0.24810980392156862,0.39757688488946424,0.0
CICIoT2023,OCSVM,1,9,max,0.0,1.0,0.23665882352941175,0.3827390692187678,0.0
CICIoT2023,LOF,1,9,90,0.1,0.989961348507623,0.2892705882352941,0.4477166233703173,0.002886693423896264
CICIoT2023,LOF,1,9,95,0.05,0.9998485192759221,0.20707450980392156,0.3430925370031058,3.087372645878358e-05
CICIoT2023,LOF,1,9,96,0.04,1.0,0.19264313725490195,0.3230524391366679,0.0
CICIoT2023,LOF,1,9,97,0.03,1.0,0.11463529411764706,0.2056911255594022,0.0
CICIoT2023,LOF,1,9,98,0.02,1.0,0.10981960784313725,0.19790532996000057,0.0
CICIoT2023,LOF,1,9,99,0.01,1.0,0.10981960784313725,0.19790532996000057,0.0
CICIoT2023,LOF,1,9,99.5,0.005,1.0,0.10981960784313725,0.19790532996000057,0.0
CICIoT2023,LOF,1,9,99.9,0.001,1.0,0.10981960784313725,0.19790532996000057,0.0
CICIoT2023,LOF,1,9,99.99,0.0001,1.0,0.10981960784313725,0.19790532996000057,0.0
CICIoT2023,LOF,1,9,max,0.0,1.0,0.10981960784313725,0.19790532996000057,0.0
CICIoT2023,SNN_AE,2,0,90,0.1,0.8720334029227558,0.8190274509803922,0.8446996966632963,0.11950588015098107
CICIoT2023,SNN_AE,2,0,95,0.05,0.8919957385123216,0.8011450980392157,0.8441329840422453,0.09645319275041332
CICIoT2023,SNN_AE,2,0,96,0.04,0.9105518828299062,0.7821176470588236,0.8414621797684545,0.07639517110147549
CICIoT2023,SNN_AE,2,0,97,0.03,0.9379900908984512,0.7543058823529412,0.8361793141823746,0.049583554293913965
CICIoT2023,SNN_AE,2,0,98,0.02,0.9804491907502442,0.7402352941176471,0.8435748697276572,0.014676981626477837
CICIoT2023,SNN_AE,2,0,99,0.01,0.9903743081533986,0.7101333333333333,0.8271621856186222,0.006862775680818542
CICIoT2023,SNN_AE,2,0,99.5,0.005,0.9950388321774591,0.6009098039215687,0.7493080616925349,0.0029790685341735033
CICIoT2023,SNN_AE,2,0,99.9,0.001,0.9997252962875756,0.3996078431372549,0.5709835036758113,0.00010918052219484044
CICIoT2023,SNN_AE,2,0,99.99,0.0001,0.9997236805747444,0.3972705882352941,0.5685933343062087,0.00010918052219484044
CICIoT2023,SNN_AE,2,0,max,0.0,0.9999541746860966,0.34229019607843136,0.5100032720983498,1.5597217456405777e-05
CICIoT2023,LSTM_AE,2,0,90,0.1,0.9460240867762003,0.7442352941176471,0.833084581482327,0.04222166765449044
CICIoT2023,LSTM_AE,2,0,95,0.05,0.9932081839274415,0.7386352941176471,0.8472112270600936,0.00502230402096266
CICIoT2023,LSTM_AE,2,0,96,0.04,0.9935162305434116,0.7379137254901961,0.8468483064654047,0.004788345759116574
CICIoT2023,LSTM_AE,2,0,97,0.03,0.9937805419813416,0.7368941176470588,0.8462723268570811,0.0045855819321832985
CICIoT2023,LSTM_AE,2,0,98,0.02,0.9947509350561033,0.7342588235294117,0.8448820460985867,0.003852512711732227
CICIoT2023,LSTM_AE,2,0,99,0.01,0.9951820584974844,0.7322666666666666,0.8437166766072042,0.0035249711451477055
CICIoT2023,LSTM_AE,2,0,99.5,0.005,0.9966104698819203,0.7056627450980392,0.8262726262524221,0.0023863742708300838
CICIoT2023,LSTM_AE,2,0,99.9,0.001,0.9996327664164888,0.6831843137254902,0.8116549725584472,0.00024955547930249244
CICIoT2023,LSTM_AE,2,0,99.99,0.0001,0.9998361039569188,0.6698509803921568,0.8022355814390382,0.00010918052219484044
CICIoT2023,LSTM_AE,2,0,max,0.0,0.9999267855181755,0.4284705882352941,0.5998879945534605,3.1194434912811554e-05
CICIoT2023,CNN_AE,2,0,90,0.1,0.9277623342977629,0.7695843137254902,0.8413029126047106,0.05958137068347007
CICIoT2023,CNN_AE,2,0,95,0.05,0.9279842032315024,0.7666823529411765,0.8396567570585558,0.059160245812147114
CICIoT2023,CNN_AE,2,0,96,0.04,0.9282172103893143,0.7663215686274509,0.839535663037781,0.05892628755030103
CICIoT2023,CNN_AE,2,0,97,0.03,0.9282588844075793,0.7653803921568627,0.8389875681345323,0.058817107028106184
CICIoT2023,CNN_AE,2,0,98,0.02,0.9282272043277014,0.7644078431372548,0.8383900076559797,0.058770315375736966
CICIoT2023,CNN_AE,2,0,99,0.01,0.9530893845652881,0.7346039215686274,0.8297043034565845,0.03595158623701532
CICIoT2023,CNN_AE,2,0,99.5,0.005,0.9956992996832592,0.5374901960784314,0.6981245479457637,0.002308388183548055
CICIoT2023,CNN_AE,2,0,99.9,0.001,0.9995522972746097,0.28017254901960786,0.43766769992281207,0.00012477773965124622
CICIoT2023,CNN_AE,2,0,99.99,0.0001,0.9995509654243376,0.27934117647058826,0.4366525267881225,0.00012477773965124622
CICIoT2023,CNN_AE,2,0,max,0.0,0.9999345121152586,0.2395137254901961,0.38645912427233614,1.5597217456405777e-05
CICIoT2023,SNN_Dense,2,0,90,0.1,0.9476053790500157,0.7560627450980392,0.8410665363742649,0.0415665845213214
CICIoT2023,SNN_Dense,2,0,95,0.05,0.9526192992601751,0.7493490196078432,0.8388456236775333,0.03705898867642013
CICIoT2023,SNN_Dense,2,0,96,0.04,0.9536172170330219,0.7478901960784313,0.8383166149436907,0.036169947281405
CICIoT2023,SNN_Dense,2,0,97,0.03,0.9549562213832437,0.7459294117647058,0.8375988586123685,0.034984558754718155
CICIoT2023,SNN_Dense,2,0,98,0.02,0.9580942726811962,0.7413019607843138,0.835869997789078,0.03223944848239074
CICIoT2023,SNN_Dense,2,0,99,0.01,0.9912431478212395,0.6694117647058824,0.7991423381584615,0.005880150981064978
CICIoT2023,SNN_Dense,2,0,99.5,0.005,0.9952058734898501,0.5698509803921569,0.7247264421014832,0.002729513054871011
CICIoT2023,SNN_Dense,2,0,99.9,0.001,0.9999211387563582,0.39778823529411766,0.5691553231363132,3.1194434912811554e-05
CICIoT2023,SNN_Dense,2,0,99.99,0.0001,0.9999602843639541,0.3949490196078431,0.5662494799221851,1.5597217456405777e-05
CICIoT2023,SNN_Dense,2,0,max,0.0,0.9999595518343243,0.38779607843137254,0.5588597651260836,1.5597217456405777e-05
CICIoT2023,Dense_SNN,2,0,90,0.1,0.934401072442806,0.8309647058823529,0.879652615760152,0.058006051720373084
CICIoT2023,Dense_SNN,2,0,95,0.05,0.9814292081414352,0.7253647058823529,0.8341887126015857,0.013647565274355055
CICIoT2023,Dense_SNN,2,0,96,0.04,0.9867187322632642,0.6817568627450981,0.8063675241426014,0.00912437221199738
CICIoT2023,Dense_SNN,2,0,97,0.03,0.9876980385844696,0.6737882352941177,0.8010891559973518,0.008344511339177092
CICIoT2023,Dense_SNN,2,0,98,0.02,0.987864692472425,0.6729411764705883,0.8005448930274218,0.008219733599525844
CICIoT2023,Dense_SNN,2,0,99,0.01,0.9899340837160603,0.6525490196078432,0.786590150605542,0.006597622984059644
CICIoT2023,Dense_SNN,2,0,99.5,0.005,0.9937856160345844,0.6346509803921568,0.7746166069958454,0.003946096016470661
CICIoT2023,Dense_SNN,2,0,99.9,0.001,0.9997983464408147,0.3888627450980392,0.5599412727991416,7.798608728202889e-05
CICIoT2023,Dense_SNN,2,0,99.99,0.0001,0.9998750988800533,0.376721568627451,0.5472547254725473,4.679165236921733e-05
CICIoT2023,Dense_SNN,2,0,max,0.0,0.9999550238373662,0.3487529411764706,0.5171427242277633,1.5597217456405777e-05
CICIoT2023,Dense_AE,2,0,90,0.1,0.993470307980262,0.7326901960784313,0.8433815430727841,0.004788345759116574
CICIoT2023,Dense_AE,2,0,95,0.05,0.9935420618512756,0.7312313725490196,0.842440069034689,0.004725956889290951
CICIoT2023,Dense_AE,2,0,96,0.04,0.993561179455472,0.7309960784313726,0.8422907648233667,0.0047103596718345445
CICIoT2023,Dense_AE,2,0,97,0.03,0.9935786666666667,0.7305725490196079,0.8420158192090396,0.004694762454378139
CICIoT2023,Dense_AE,2,0,98,0.02,0.9935756515057734,0.7302274509803922,0.8417854850230103,0.004694762454378139
CICIoT2023,Dense_AE,2,0,99,0.01,0.9936331588505501,0.729521568627451,0.8413368911401565,0.0046479708020089215
CICIoT2023,Dense_AE,2,0,99.5,0.005,0.9993053315801226,0.6318274509803922,0.7741718481217026,0.00043672208877936175
CICIoT2023,Dense_AE,2,0,99.9,0.001,1.0,0.5204235294117647,0.6845770528335758,0.0
CICIoT2023,Dense_AE,2,0,99.99,0.0001,1.0,0.5171764705882353,0.6817617866004964,0.0
CICIoT2023,Dense_AE,2,0,max,0.0,1.0,0.5169725490196079,0.6815845802268709,0.0
CICIoT2023,SNN_AE_T2,2,0,90,0.1,0.9621585133418044,0.7601882352941176,0.8493313938204314,0.029728296471909412
CICIoT2023,SNN_AE_T2,2,0,95,0.05,0.9674821363691414,0.7518588235294118,0.8461497722698866,0.02512711732226971
CICIoT2023,SNN_AE_T2,2,0,96,0.04,0.9699385754383111,0.7480470588235294,0.8446632895249566,0.023052687400567737
CICIoT2023,SNN_AE_T2,2,0,97,0.03,0.9724732780322727,0.7392627450980392,0.8399814636580757,0.020806688086845306
CICIoT2023,SNN_AE_T2,2,0,98,0.02,0.9767362590541117,0.7191843137254902,0.8284036498328665,0.01703216146239511
CICIoT2023,SNN_AE_T2,2,0,99,0.01,0.9891190439028741,0.6958588235294118,0.8169688487002642,0.007611442118726019
CICIoT2023,SNN_AE_T2,2,0,99.5,0.005,0.9929216067952574,0.6161098039215687,0.7603937777691734,0.004367220887793618
CICIoT2023,SNN_AE_T2,2,0,99.9,0.001,0.9996503360658923,0.4036078431372549,0.5750427426834583,0.000140374957107652
CICIoT2023,SNN_AE_T2,2,0,99.99,0.0001,0.9996488627053178,0.4019137254901961,0.5733209518801536,0.000140374957107652
CICIoT2023,SNN_AE_T2,2,0,max,0.0,0.9999146612049837,0.3675921568627451,0.5375633702658684,3.1194434912811554e-05
CICIoT2023,SNN_AE_T5,2,0,90,0.1,0.9910177677732369,0.7113098039215686,0.8281844996210287,0.006410456374582775
CICIoT2023,SNN_AE_T5,2,0,95,0.05,0.9911554921540656,0.7084235294117647,0.8262726981658509,0.006285678634931529
CICIoT2023,SNN_AE_T5,2,0,96,0.04,0.9912228601597044,0.7068235294117647,0.8252067137323849,0.006223289765105905
CICIoT2023,SNN_AE_T5,2,0,97,0.03,0.9917684427146244,0.6954980392156863,0.8176218927491333,0.005739776023957326
CICIoT2023,SNN_AE_T5,2,0,98,0.02,0.9918076940342057,0.6931607843137255,0.8160178756093959,0.005692984371588108
CICIoT2023,SNN_AE_T5,2,0,99,0.01,0.9920430399204304,0.6884078431372549,0.8127940141497204,0.005490220544654834
CICIoT2023,SNN_AE_T5,2,0,99.5,0.005,0.998194155630951,0.5722666666666667,0.7274721330435304,0.0010294163521227812
CICIoT2023,SNN_AE_T5,2,0,99.9,0.001,0.9998595505617978,0.4466823529411765,0.6174997289385232,6.238886982562311e-05
CICIoT2023,SNN_AE_T5,2,0,99.99,0.0001,0.9998942880298812,0.44511372549019607,0.6160058179292079,4.679165236921733e-05
CICIoT2023,SNN_AE_T5,2,0,max,0.0,1.0,0.2751058823529412,0.4315028048420431,0.0
CICIoT2023,SNN_AE_T7,2,0,90,0.1,0.9756648319522571,0.7590901960784314,0.8538584372160319,0.018825841469881772
CICIoT2023,SNN_AE_T7,2,0,95,0.05,0.9791933815925543,0.7426509803921568,0.8446743978590545,0.01569080076114421
CICIoT2023,SNN_AE_T7,2,0,96,0.04,0.9795825206457235,0.7405490196078431,0.8434574430072179,0.015347661977103284
CICIoT2023,SNN_AE_T7,2,0,97,0.03,0.979862842892768,0.7396235294117647,0.842960579243765,0.015113703715257198
CICIoT2023,SNN_AE_T7,2,0,98,0.02,0.9811037729952707,0.7386980392156862,0.8428173853904732,0.01414667623296004
CICIoT2023,SNN_AE_T7,2,0,99,0.01,0.9842228935884525,0.7358745098039216,0.8421203798445437,0.011729107527217144
CICIoT2023,SNN_AE_T7,2,0,99.5,0.005,0.9988077420664113,0.6176313725490196,0.7632765021178431,0.0007330692204510715
CICIoT2023,SNN_AE_T7,2,0,99.9,0.001,0.9994503795816014,0.4563921568627451,0.6266355089865497,0.00024955547930249244
CICIoT2023,SNN_AE_T7,2,0,99.99,0.0001,0.9995300412117707,0.4337098039215686,0.6049315188377894,0.0002027638269332751
CICIoT2023,SNN_AE_T7,2,0,max,0.0,0.9999499324087519,0.3132862745098039,0.4770970939885097,1.5597217456405777e-05
CICIoT2023,SNN_AE_noBN,2,0,90,0.1,0.9174196879725592,0.7803607843137255,0.8433579711127687,0.06984433976978507
CICIoT2023,SNN_AE_noBN,2,0,95,0.05,0.9235376097028136,0.7692235294117648,0.8393468437628372,0.06332470287300745
CICIoT2023,SNN_AE_noBN,2,0,96,0.04,0.9237500474545386,0.7633725490196078,0.835938573588017,0.062654022522382
CICIoT2023,SNN_AE_noBN,2,0,97,0.03,0.926091889916726,0.7553568627450981,0.8320561224049003,0.0599401066849674
CICIoT2023,SNN_AE_noBN,2,0,98,0.02,0.9329940627650551,0.7419607843137255,0.826583484058123,0.05298374769941042
CICIoT2023,SNN_AE_noBN,2,0,99,0.01,0.9895325840528677,0.6435764705882353,0.7799110367638673,0.006769192376080107
CICIoT2023,SNN_AE_noBN,2,0,99.5,0.005,0.9921327378663749,0.5261960784313725,0.6876723280819179,0.0041488598434039365
CICIoT2023,SNN_AE_noBN,2,0,99.9,0.001,0.9997557520394704,0.3210352941176471,0.48600705287279894,7.798608728202889e-05
CICIoT2023,SNN_AE_noBN,2,0,99.99,0.0001,0.999754480726737,0.3193725490196078,0.4840991499732508,7.798608728202889e-05
CICIoT2023,SNN_AE_noBN,2,0,max,0.0,0.999888442659527,0.2811921568627451,0.43894316707069236,3.1194434912811554e-05
CICIoT2023,IF,2,0,90,0.1,0.901180870307514,0.6955137254901961,0.7851015041920832,0.07583367127304488
CICIoT2023,IF,2,0,95,0.05,0.9085634958456789,0.687843137254902,0.782944836760019,0.0688305206351187
CICIoT2023,IF,2,0,96,0.04,0.9101184517851184,0.6845803921568627,0.7814005120767757,0.0672240072371089
CICIoT2023,IF,2,0,97,0.03,0.9125278607174397,0.6807529411764706,0.7797822258957128,0.06488442461864803
CICIoT2023,IF,2,0,98,0.02,0.9145400210693785,0.6672627450980392,0.771573419914205,0.06199893938921296
CICIoT2023,IF,2,0,99,0.01,0.9046690909090909,0.48781176470588233,0.6338445859872611,0.05111208160464173
CICIoT2023,IF,2,0,99.5,0.005,0.922473379413413,0.30983529411764704,0.4638688616988798,0.02589138097763359
CICIoT2023,IF,2,0,99.9,0.001,0.994210847044485,0.1023686274509804,0.18562448445544275,0.0005926942633434195
CICIoT2023,IF,2,0,99.99,0.0001,1.0,0.020784313725490194,0.040722243565117174,0.0
CICIoT2023,IF,2,0,max,0.0,1.0,0.006305882352941177,0.012532734754956977,0.0
CICIoT2023,OCSVM,2,0,90,0.1,0.9726752011017559,0.48746666666666666,0.6494529723403588,0.013616370839442244
CICIoT2023,OCSVM,2,0,95,0.05,0.9896879781784312,0.46669803921568626,0.6342898563083614,0.0048351374114857905
CICIoT2023,OCSVM,2,0,96,0.04,0.9908518195831378,0.46382745098039213,0.6318702453201128,0.004258040365598777
CICIoT2023,OCSVM,2,0,97,0.03,0.9926340199154277,0.45659607843137257,0.6254808002234781,0.003368998970583648
CICIoT2023,OCSVM,2,0,98,0.02,0.9943209532436764,0.4476705882352941,0.6173798295331632,0.0025423464453941417
CICIoT2023,OCSVM,2,0,99,0.01,0.9952453606784232,0.4399843137254902,0.6102052581771508,0.002090027139158374
CICIoT2023,OCSVM,2,0,99.5,0.005,0.9953378281451729,0.43535686274509805,0.6057576881943384,0.002027638269332751
CICIoT2023,OCSVM,2,0,99.9,0.001,0.9995560981023194,0.2825725490196078,0.44059091131438627,0.00012477773965124622
CICIoT2023,OCSVM,2,0,99.99,0.0001,0.9995541188273325,0.2813176470588235,0.43906380061695144,0.00012477773965124622
CICIoT2023,OCSVM,2,0,max,0.0,0.9997644287396937,0.26629019607843135,0.4205623683884553,6.238886982562311e-05
CICIoT2023,LOF,2,0,90,0.1,0.923825800347911,0.4748392156862745,0.6272677352176301,0.03893065477118882
CICIoT2023,LOF,2,0,95,0.05,0.9507103007994478,0.25929411764705884,0.40745898911717227,0.01336681536013975
CICIoT2023,LOF,2,0,96,0.04,0.9625289805125634,0.24095686274509803,0.38542699067859343,0.009327136038930655
CICIoT2023,LOF,2,0,97,0.03,0.9609100148541944,0.1928,0.321161207718739,0.007798608728202889
CICIoT2023,LOF,2,0,98,0.02,0.9571065067248273,0.1652078431372549,0.2817775637424084,0.007361886639423527
CICIoT2023,LOF,2,0,99,0.01,0.9586153548636628,0.15551372549019607,0.26761323759650163,0.006675609071341673
CICIoT2023,LOF,2,0,99.5,0.005,0.9819450143619204,0.15014901960784313,0.26046967264415355,0.002745110272327417
CICIoT2023,LOF,2,0,99.9,0.001,0.9852709100473435,0.14690196078431372,0.25568220599276503,0.002183610443896809
CICIoT2023,LOF,2,0,99.99,0.0001,0.999865627519484,0.11672156862745098,0.209040341611417,1.5597217456405777e-05
CICIoT2023,LOF,2,0,max,0.0,1.0,0.11132549019607843,0.20034722712323738,0.0
CICIoT2023,SNN_AE,2,1,90,0.1,0.8810141974497173,0.8410196078431372,0.860552461358201,0.1129376900881229
CICIoT2023,SNN_AE,2,1,95,0.05,0.969717182497332,0.7981647058823529,0.8756173529968508,0.024783591983155266
CICIoT2023,SNN_AE,2,1,96,0.04,0.9768362031256214,0.7706509803921568,0.8615797411525375,0.018170474927863993
CICIoT2023,SNN_AE,2,1,97,0.03,0.9834542205403133,0.7337725490196079,0.8404617526838252,0.012274818685175076
CICIoT2023,SNN_AE,2,1,98,0.02,0.9866394349417071,0.7274666666666667,0.8374595951387761,0.009794899789440849
CICIoT2023,SNN_AE,2,1,99,0.01,0.9949351341745157,0.702556862745098,0.8235661879631502,0.00355611011463776
CICIoT2023,SNN_AE,2,1,99.5,0.005,0.9955660524498118,0.7008941176470588,0.8226381051449402,0.0031037978632145365
CICIoT2023,SNN_AE,2,1,99.9,0.001,0.9989416515805598,0.5626196078431372,0.7198233906979079,0.0005926850191062934
CICIoT2023,SNN_AE,2,1,99.99,0.0001,0.999782011596983,0.35971764705882353,0.5290758706611141,7.79848709350386e-05
CICIoT2023,SNN_AE,2,1,max,0.0,0.9999537272685206,0.33898039215686276,0.5063202164923092,1.559697418700772e-05
CICIoT2023,LSTM_AE,2,1,90,0.1,0.8660047644171583,0.8496627450980392,0.8577559245271068,0.1307182406613117
CICIoT2023,LSTM_AE,2,1,95,0.05,0.9424091691411496,0.7816156862745098,0.8545141181413616,0.04749278639943851
CICIoT2023,LSTM_AE,2,1,96,0.04,0.9620325830908407,0.7623372549019608,0.8506217893180008,0.029914996490680808
CICIoT2023,LSTM_AE,2,1,97,0.03,0.969888068780923,0.7502901960784314,0.84607220561442,0.023161506667706465
CICIoT2023,LSTM_AE,2,1,98,0.02,0.9849496931490836,0.7401568627450981,0.8451852117217168,0.011245418388832567
CICIoT2023,LSTM_AE,2,1,99,0.01,0.9924027813546227,0.7253647058823529,0.8381273448969605,0.005521328862200733
CICIoT2023,LSTM_AE,2,1,99.5,0.005,0.9924356384579017,0.7244235294117647,0.8375104276232272,0.005490134913826717
CICIoT2023,LSTM_AE,2,1,99.9,0.001,0.9999543691535479,0.6874980392156863,0.8147982896449154,3.119394837401544e-05
CICIoT2023,LSTM_AE,2,1,99.99,0.0001,0.9999360736431631,0.49072941176470586,0.6583610421314028,3.119394837401544e-05
CICIoT2023,LSTM_AE,2,1,max,0.0,0.9999649491763056,0.4475137254901961,0.6183138274815778,1.559697418700772e-05
CICIoT2023,CNN_AE,2,1,90,0.1,0.8821128133934917,0.8372392156862745,0.8590904335369436,0.11125321687592607
CICIoT2023,CNN_AE,2,1,95,0.05,0.9574725496306344,0.8193411764705882,0.8830376237288995,0.036184980113857915
CICIoT2023,CNN_AE,2,1,96,0.04,0.9659401848414688,0.7918588235294117,0.8702795424571808,0.02776261405287374
CICIoT2023,CNN_AE,2,1,97,0.03,0.969491329924257,0.7910745098039216,0.8712424849699398,0.024752398034781253
CICIoT2023,CNN_AE,2,1,98,0.02,0.979587764630764,0.7701019607843137,0.8623042672591708,0.0159557045933089
CICIoT2023,CNN_AE,2,1,99,0.01,0.9958967599285653,0.7347921568627451,0.8456483671221996,0.00301021601809249
CICIoT2023,CNN_AE,2,1,99.5,0.005,0.9971734955876325,0.7249568627450981,0.8395505781265612,0.0020432036184980114
CICIoT2023,CNN_AE,2,1,99.9,0.001,0.9993685587353134,0.6951372549019608,0.8199420869066452,0.0004367152772362162
CICIoT2023,CNN_AE,2,1,99.99,0.0001,0.9994694021931376,0.35457254901960783,0.5234467267211634,0.00018716369024409263
CICIoT2023,CNN_AE,2,1,max,0.0,0.9999202297383536,0.19662745098039217,0.3286317279710563,1.559697418700772e-05
CICIoT2023,SNN_Dense,2,1,90,0.1,0.8904272087619234,0.8595450980392156,0.874713662013425,0.10517039694299306
CICIoT2023,SNN_Dense,2,1,95,0.05,0.955892348672729,0.8162196078431373,0.8805516774548378,0.037448335023005534
CICIoT2023,SNN_Dense,2,1,96,0.04,0.9655042127932898,0.8016941176470588,0.8760069932467177,0.028480074865476098
CICIoT2023,SNN_Dense,2,1,97,0.03,0.9818373308427558,0.7750431372549019,0.8662698447485383,0.014255634406925056
CICIoT2023,SNN_Dense,2,1,98,0.02,0.9906995551961181,0.7301960784313726,0.8407307404029367,0.006815877719722374
CICIoT2023,SNN_Dense,2,1,99,0.01,0.9921627731725697,0.7228392156862745,0.8363537365579201,0.005677298604070811
CICIoT2023,SNN_Dense,2,1,99.5,0.005,0.9967001816007441,0.7059607843137254,0.8265077499449056,0.0023239491538641502
CICIoT2023,SNN_Dense,2,1,99.9,0.001,0.9990980243824377,0.5386352941176471,0.6999256005462755,0.00048350619979723933
CICIoT2023,SNN_Dense,2,1,99.99,0.0001,0.9999197399574622,0.3908549019607843,0.5620228039111753,3.119394837401544e-05
CICIoT2023,SNN_Dense,2,1,max,0.0,0.999912739965096,0.17974901960784315,0.3047201170057174,1.559697418700772e-05
CICIoT2023,Dense_SNN,2,1,90,0.1,0.9247020289327632,0.7971294117647059,0.856189713996883,0.06454027918583795
CICIoT2023,Dense_SNN,2,1,95,0.05,0.9555800149376941,0.7626352941176471,0.8482744181177373,0.035249161662637446
CICIoT2023,Dense_SNN,2,1,96,0.04,0.962866098344946,0.7565333333333333,0.8473194599390367,0.02901037198783436
CICIoT2023,Dense_SNN,2,1,97,0.03,0.9691529397248442,0.7392470588235294,0.8387303451773939,0.023395461280511582
CICIoT2023,Dense_SNN,2,1,98,0.02,0.9764656964656965,0.7367529411764706,0.8398390701832813,0.01765577477969274
CICIoT2023,Dense_SNN,2,1,99,0.01,0.9818622287760691,0.731121568627451,0.8381406221902536,0.013428994775013647
CICIoT2023,Dense_SNN,2,1,99.5,0.005,0.995590516286284,0.7048,0.825330639235856,0.0031037978632145365
CICIoT2023,Dense_SNN,2,1,99.9,0.001,0.9991202421921495,0.6056941176470588,0.7541822514331473,0.0005302971223582625
CICIoT2023,Dense_SNN,2,1,99.99,0.0001,0.9999252056843679,0.41941960784313725,0.5909603271079678,3.119394837401544e-05
CICIoT2023,Dense_SNN,2,1,max,0.0,0.9999246505670045,0.4163294117647059,0.5878861041276733,3.119394837401544e-05
CICIoT2023,Dense_AE,2,1,90,0.1,0.8941785058289913,0.7483607843137254,0.8147971034294301,0.0880605162598456
CICIoT2023,Dense_AE,2,1,95,0.05,0.9596574032632136,0.7399372549019608,0.8355948416353717,0.03092879981283631
CICIoT2023,Dense_AE,2,1,96,0.04,0.9686354884789765,0.7339294117647058,0.8351048164707772,0.023629415893316696
CICIoT2023,Dense_AE,2,1,97,0.03,0.9699877203571503,0.7310588235294118,0.8337433025930928,0.022490836777665134
CICIoT2023,Dense_AE,2,1,98,0.02,0.9704551614853736,0.7301019607843138,0.8332930508186304,0.02210091242298994
CICIoT2023,Dense_AE,2,1,99,0.01,0.9819873655455011,0.7217568627450981,0.8319982641086379,0.013163846213834516
CICIoT2023,Dense_AE,2,1,99.5,0.005,0.9961124533274764,0.7114196078431373,0.8300329428989752,0.0027606644311003667
CICIoT2023,Dense_AE,2,1,99.9,0.001,0.9991754277468563,0.6842823529411765,0.8122783007010586,0.0005614910707322779
CICIoT2023,Dense_AE,2,1,99.99,0.0001,0.9999411851198353,0.5333803921568627,0.6956779704362949,3.119394837401544e-05
CICIoT2023,Dense_AE,2,1,max,0.0,0.9999609207081168,0.4013803921568627,0.5728293354526018,1.559697418700772e-05
CICIoT2023,SNN_AE_T2,2,1,90,0.1,0.8911943860649022,0.7848941176470589,0.8346733835991192,0.09528191530843017
CICIoT2023,SNN_AE_T2,2,1,95,0.05,0.9463823084416257,0.7162666666666667,0.8154001375012278,0.04034937222178897
CICIoT2023,SNN_AE_T2,2,1,96,0.04,0.9528848247332898,0.6865254901960784,0.7980671043034283,0.033751852140684706
CICIoT2023,SNN_AE_T2,2,1,97,0.03,0.9539066891512086,0.6654901960784314,0.7840147840147841,0.031973797083365826
CICIoT2023,SNN_AE_T2,2,1,98,0.02,0.9567604994866652,0.6285803921568628,0.7587022994708094,0.02824612025267098
CICIoT2023,SNN_AE_T2,2,1,99,0.01,0.9592180287808851,0.5541647058823529,0.7024855836150328,0.023426655228885596
CICIoT2023,SNN_AE_T2,2,1,99.5,0.005,0.9649354460093896,0.5158431372549019,0.6722886640089952,0.018638384153474227
CICIoT2023,SNN_AE_T2,2,1,99.9,0.001,0.9983294067252089,0.3655843137254902,0.5351857167460818,0.0006082819932933011
CICIoT2023,SNN_AE_T2,2,1,99.99,0.0001,0.9992780585327928,0.2822588235294118,0.44018249201903203,0.00020276066443110038
CICIoT2023,SNN_AE_T2,2,1,max,0.0,0.9996556869046253,0.27325490196078434,0.42919089386025433,9.358184512204632e-05
CICIoT2023,SNN_AE_T5,2,1,90,0.1,0.9236597874114953,0.8164862745098039,0.8667726867771829,0.06709818295250722
CICIoT2023,SNN_AE_T5,2,1,95,0.05,0.9585613908827484,0.7939294117647059,0.8685124966752752,0.03412617952117289
CICIoT2023,SNN_AE_T5,2,1,96,0.04,0.9678897286290481,0.7754352941176471,0.8610395039364593,0.025579037666692662
CICIoT2023,SNN_AE_T5,2,1,97,0.03,0.9755707430565653,0.7366745098039216,0.8394569618103656,0.01834204164392108
CICIoT2023,SNN_AE_T5,2,1,98,0.02,0.9890899531174692,0.7082039215686274,0.825404950820871,0.0077672931451298445
CICIoT2023,SNN_AE_T5,2,1,99,0.01,0.9927536231884058,0.7005803921568627,0.8214607588883371,0.005084613584964517
CICIoT2023,SNN_AE_T5,2,1,99.5,0.005,0.9958473676925207,0.6771137254901961,0.8061178755509077,0.0028074553536613896
CICIoT2023,SNN_AE_T5,2,1,99.9,0.001,0.9991224702462568,0.5715137254901961,0.7271094436018202,0.000499103173984247
CICIoT2023,SNN_AE_T5,2,1,99.99,0.0001,0.9998130002243998,0.4193411764705882,0.5908628768455486,7.79848709350386e-05
CICIoT2023,SNN_AE_T5,2,1,max,0.0,0.9998861696072852,0.13778823529411766,0.24220031708830222,1.559697418700772e-05
CICIoT2023,SNN_AE_T7,2,1,90,0.1,0.8859720388612436,0.8210980392156862,0.8523023316399636,0.105076815097871
CICIoT2023,SNN_AE_T7,2,1,95,0.05,0.9610693306394283,0.8058509803921569,0.8766424354117607,0.03245730328316307
CICIoT2023,SNN_AE_T7,2,1,96,0.04,0.9695480960391497,0.7955921568627451,0.8739983801761129,0.0248459798799033
CICIoT2023,SNN_AE_T7,2,1,97,0.03,0.9831612709231232,0.7693333333333333,0.8632023584283013,0.013101458317086485
CICIoT2023,SNN_AE_T7,2,1,98,0.02,0.9880554026007031,0.7318274509803921,0.8408550212673924,0.008796693441472355
CICIoT2023,SNN_AE_T7,2,1,99,0.01,0.9937045266413976,0.7155607843137255,0.8320018968410301,0.004507525540045231
CICIoT2023,SNN_AE_T7,2,1,99.5,0.005,0.9965498175384275,0.7068078431372549,0.8270362042857798,0.0024331279731732046
CICIoT2023,SNN_AE_T7,2,1,99.9,0.001,0.9989873147852041,0.5880156862745098,0.7402887216857239,0.0005926850191062934
CICIoT2023,SNN_AE_T7,2,1,99.99,0.0001,0.9999316309438349,0.4588392156862745,0.6290334720385364,3.119394837401544e-05
CICIoT2023,SNN_AE_T7,2,1,max,0.0,0.999909008189263,0.3447529411764706,0.5127260002332906,3.119394837401544e-05
CICIoT2023,SNN_AE_noBN,2,1,90,0.1,0.8666776451214492,0.8255529411764706,0.8456155854589275,0.1262731030180145
CICIoT2023,SNN_AE_noBN,2,1,95,0.05,0.9533857478706594,0.7760784313725491,0.8556431807962369,0.03772908055837167
CICIoT2023,SNN_AE_noBN,2,1,96,0.04,0.9592424120441189,0.747592156862745,0.8402947969744521,0.031583872728690635
CICIoT2023,SNN_AE_noBN,2,1,97,0.03,0.9668629100084104,0.7213176470588235,0.8262330428532926,0.024580831318724166
CICIoT2023,SNN_AE_noBN,2,1,98,0.02,0.9722588027028778,0.7064470588235294,0.8183081829001282,0.02004211183030492
CICIoT2023,SNN_AE_noBN,2,1,99,0.01,0.9786694681069724,0.6722039215686274,0.796990803165422,0.01456757389066521
CICIoT2023,SNN_AE_noBN,2,1,99.5,0.005,0.9779817941336653,0.5915294117647059,0.7371785473418762,0.013241831084769555
CICIoT2023,SNN_AE_noBN,2,1,99.9,0.001,0.998760272031737,0.44230588235294116,0.6130982148681263,0.0005458940965452703
CICIoT2023,SNN_AE_noBN,2,1,99.99,0.0001,0.999194803800526,0.2919843137254902,0.45191128807098896,0.00023395461280511582
CICIoT2023,SNN_AE_noBN,2,1,max,0.0,0.9999389871873093,0.2570823529411765,0.4090092338407787,1.559697418700772e-05
CICIoT2023,IF,2,1,90,0.1,0.9501079547859955,0.704078431372549,0.8087970304166066,0.036762068158777195
CICIoT2023,IF,2,1,95,0.05,0.9812245083965639,0.6754980392156863,0.8001523639640644,0.012851906730094361
CICIoT2023,IF,2,1,96,0.04,0.9834992142482976,0.647921568627451,0.7811968075046336,0.01080870311159635
CICIoT2023,IF,2,1,97,0.03,0.9852293274250643,0.6068549019607843,0.7510799188483455,0.009046245028464479
CICIoT2023,IF,2,1,98,0.02,0.9889893584302146,0.504407843137255,0.6680794481841602,0.005583716758948764
CICIoT2023,IF,2,1,99,0.01,0.9853508702843191,0.19625098039215685,0.3273117323112744,0.002901037198783436
CICIoT2023,IF,2,1,99.5,0.005,0.9859154929577465,0.12956862745098038,0.22903726708074532,0.001840442954066911
CICIoT2023,IF,2,1,99.9,0.001,0.9925997425997426,0.048392156862745096,0.0922851416434832,0.0003587304063011776
CICIoT2023,IF,2,1,99.99,0.0001,0.9969924812030075,0.0312,0.060506502395619444,9.358184512204632e-05
CICIoT2023,IF,2,1,max,0.0,0.9943181818181818,0.0027450980392156863,0.005475080561899697,1.559697418700772e-05
CICIoT2023,OCSVM,2,1,90,0.1,0.829411369590041,0.5810823529411765,0.6833866787193418,0.11883334633081183
CICIoT2023,OCSVM,2,1,95,0.05,0.862126116793992,0.5222117647058824,0.6504371611390612,0.0830382905716291
CICIoT2023,OCSVM,2,1,96,0.04,0.8887668223015655,0.5076078431372549,0.6461661341853036,0.06316774545738127
CICIoT2023,OCSVM,2,1,97,0.03,0.9045486750743942,0.5006588235294117,0.6445600040389761,0.052530609061842
CICIoT2023,OCSVM,2,1,98,0.02,0.9357291977333732,0.492156862745098,0.6450452302631579,0.033611479373001636
CICIoT2023,OCSVM,2,1,99,0.01,0.9636855686323872,0.4803764705882353,0.6411523323004774,0.01799890821180691
CICIoT2023,OCSVM,2,1,99.5,0.005,0.9886230550443367,0.4634509803921569,0.6310674427297485,0.005302971223582625
CICIoT2023,OCSVM,2,1,99.9,0.001,0.9984314671814671,0.38941176470588235,0.5602952129460356,0.0006082819932933011
CICIoT2023,OCSVM,2,1,99.99,0.0001,0.9993327858755903,0.30542745098039215,0.4678616911358339,0.00020276066443110038
CICIoT2023,OCSVM,2,1,max,0.0,0.9996446550192478,0.2647686274509804,0.4186519501457183,9.358184512204632e-05
CICIoT2023,LOF,2,1,90,0.1,0.7930671808580568,0.2838745098039216,0.4180942369670436,0.07364891211105046
CICIoT2023,LOF,2,1,95,0.05,0.7965565120799778,0.22497254901960784,0.3508531588282063,0.05713171644700928
CICIoT2023,LOF,2,1,96,0.04,0.8102347983142685,0.21110588235294117,0.33494275759084124,0.04916166263744833
CICIoT2023,LOF,2,1,97,0.03,0.8497932935231971,0.20313725490196077,0.32789375735861953,0.03570147391406067
CICIoT2023,LOF,2,1,98,0.02,0.8732030962034648,0.18580392156862746,0.30640884692491754,0.02682679560165328
CICIoT2023,LOF,2,1,99,0.01,0.9975062344139651,0.15058823529411763,0.2616730722054133,0.00037432738048818527
CICIoT2023,LOF,2,1,99.5,0.005,0.9979327603089979,0.14387450980392158,0.25149093102644604,0.0002963425095531467
CICIoT2023,LOF,2,1,99.9,0.001,0.9985675062671601,0.1312156862745098,0.23195197360211847,0.00018716369024409263
CICIoT2023,LOF,2,1,99.99,0.0001,0.9998555748122473,0.10859607843137255,0.19591363160426745,1.559697418700772e-05
CICIoT2023,LOF,2,1,max,0.0,1.0,0.10859607843137255,0.19591640371853464,0.0
CICIoT2023,SNN_AE,2,2,90,0.1,0.9426524581355781,0.8256156862745098,0.8802609022870761,0.0499422902954113
CICIoT2023,SNN_AE,2,2,95,0.05,0.9628552204543656,0.7632156862745098,0.8514901734306365,0.029275977165673643
CICIoT2023,SNN_AE,2,2,96,0.04,0.9640541896638234,0.7534745098039216,0.8458551617873653,0.027934616464422746
CICIoT2023,SNN_AE,2,2,97,0.03,0.9646653086743441,0.7502901960784314,0.8440789531733918,0.027326324983622922
CICIoT2023,SNN_AE,2,2,98,0.02,0.9644589705640519,0.7359843137254902,0.834872506628232,0.02696758898212559
CICIoT2023,SNN_AE,2,2,99,0.01,0.9705226434675087,0.6894745098039216,0.806206953475362,0.02082228530430171
CICIoT2023,SNN_AE,2,2,99.5,0.005,0.994729100269674,0.6364705882352941,0.7762578917160895,0.003353401753127242
CICIoT2023,SNN_AE,2,2,99.9,0.001,0.9975442959278831,0.5033882352941177,0.6691201000834028,0.0012321801790560565
CICIoT2023,SNN_AE,2,2,99.99,0.0001,0.9997267226234628,0.4016941176470588,0.573110278073071,0.00010918052219484044
CICIoT2023,SNN_AE,2,2,max,0.0,1.0,0.22892549019607844,0.3725620341059941,0.0
CICIoT2023,LSTM_AE,2,2,90,0.1,0.9841664594213712,0.7449098039215686,0.8479848574132605,0.011916274136694013
CICIoT2023,LSTM_AE,2,2,95,0.05,0.9892099870352558,0.7420549019607843,0.8479905352597426,0.008048164207505381
CICIoT2023,LSTM_AE,2,2,96,0.04,0.9905087160576601,0.7415686274509804,0.8481494106460468,0.007065539507751817
CICIoT2023,LSTM_AE,2,2,97,0.03,0.9908984145625367,0.7411764705882353,0.8480356085216361,0.006769192376080107
CICIoT2023,LSTM_AE,2,2,98,0.02,0.9911836940322005,0.7406901960784313,0.8478215981829444,0.006550831331690426
CICIoT2023,LSTM_AE,2,2,99,0.01,0.9944577242823599,0.7374274509803922,0.8468695675670808,0.0040864709735783135
CICIoT2023,LSTM_AE,2,2,99.5,0.005,0.9955680902497985,0.7364549019607843,0.8466296389800556,0.0032598184483888073
CICIoT2023,LSTM_AE,2,2,99.9,0.001,0.9986499517839923,0.7310117647058824,0.8441244396141828,0.000982624699753564
CICIoT2023,LSTM_AE,2,2,99.99,0.0001,0.9997965641952984,0.6938196078431372,0.8191684415223632,0.000140374957107652
CICIoT2023,LSTM_AE,2,2,max,0.0,1.0,0.4279686274509804,0.5994090055254688,0.0
CICIoT2023,CNN_AE,2,2,90,0.1,0.9702219706465046,0.7528313725490197,0.8478130299604297,0.02297470131328571
CICIoT2023,CNN_AE,2,2,95,0.05,0.9703286917098446,0.7520313725490196,0.8473461885151735,0.02286552079109087
CICIoT2023,CNN_AE,2,2,96,0.04,0.9703459304090845,0.7519686274509804,0.8473129302802401,0.022849923573634464
CICIoT2023,CNN_AE,2,2,97,0.03,0.9703595724003887,0.7518117647058824,0.8472185395343904,0.022834326356178058
CICIoT2023,CNN_AE,2,2,98,0.02,0.9704143210076546,0.7517019607843137,0.8471696778983843,0.02278753470380884
CICIoT2023,CNN_AE,2,2,99,0.01,0.9704619124797407,0.7514039215686275,0.8469984970382813,0.022740743051439624
CICIoT2023,CNN_AE,2,2,99.5,0.005,0.9717551288903507,0.741521568627451,0.8411687248656535,0.02143057678510154
CICIoT2023,CNN_AE,2,2,99.9,0.001,0.9986521153093613,0.720564705882353,0.8371177606881218,0.0009670274822971582
CICIoT2023,CNN_AE,2,2,99.99,0.0001,0.999862806969406,0.4572862745098039,0.6275590381676103,6.238886982562311e-05
CICIoT2023,CNN_AE,2,2,max,0.0,1.0,0.2540392156862745,0.4051535430608543,0.0
CICIoT2023,SNN_Dense,2,2,90,0.1,0.9758798019725985,0.797756862745098,0.8778740592418697,0.01960570234270206
CICIoT2023,SNN_Dense,2,2,95,0.05,0.9810924369747899,0.7765019607843138,0.8668896555347355,0.014879745453411112
CICIoT2023,SNN_Dense,2,2,96,0.04,0.9825784668251654,0.7714666666666666,0.8643181638445384,0.013600773621985838
CICIoT2023,SNN_Dense,2,2,97,0.03,0.9849743858658384,0.7660705882352942,0.8618395510535419,0.011619927005022304
CICIoT2023,SNN_Dense,2,2,98,0.02,0.9889624724061811,0.758964705882353,0.8588316736780447,0.008422497426459119
CICIoT2023,SNN_Dense,2,2,99,0.01,0.9930416424309011,0.7230745098039215,0.8368234258275922,0.005037901238419066
CICIoT2023,SNN_Dense,2,2,99.5,0.005,0.9943044855130689,0.6599686274509804,0.7933511841906774,0.0037589294069937922
CICIoT2023,SNN_Dense,2,2,99.9,0.001,0.9976715908208936,0.6049098039215687,0.7531615284708456,0.00140374957107652
CICIoT2023,SNN_Dense,2,2,99.99,0.0001,0.9996540590405905,0.2719686274509804,0.4276025353293708,9.358330473843466e-05
CICIoT2023,SNN_Dense,2,2,max,0.0,0.9999381800197824,0.25372549019607843,0.40474939318869957,1.5597217456405777e-05
CICIoT2023,Dense_SNN,2,2,90,0.1,0.9925644129344631,0.7203137254901961,0.8348028432744924,0.005365442805003587
CICIoT2023,Dense_SNN,2,2,95,0.05,0.9932480840624389,0.7176470588235294,0.833249856571746,0.004850734628942197
CICIoT2023,Dense_SNN,2,2,96,0.04,0.9933502835908469,0.7170352941176471,0.8328732679220531,0.0047727485416601675
CICIoT2023,Dense_SNN,2,2,97,0.03,0.9936622018948056,0.7156705882352942,0.832061277527014,0.004538790279814081
CICIoT2023,Dense_SNN,2,2,98,0.02,0.9938460195530726,0.7143843137254902,0.831255589829704,0.004398415322706429
CICIoT2023,Dense_SNN,2,2,99,0.01,0.9940533449934412,0.7132235294117647,0.830541601972783,0.004242443148142371
CICIoT2023,Dense_SNN,2,2,99.5,0.005,0.995281458778912,0.7080627450980392,0.8274566235575558,0.0033378045356708365
CICIoT2023,Dense_SNN,2,2,99.9,0.001,0.9982867517324264,0.6123921568627451,0.7591121654335631,0.001045013569579187
CICIoT2023,Dense_SNN,2,2,99.99,0.0001,0.9998946961985328,0.4468392156862745,0.6176563059009746,4.679165236921733e-05
CICIoT2023,Dense_SNN,2,2,max,0.0,1.0,0.35458823529411765,0.5235365641827341,0.0
CICIoT2023,Dense_AE,2,2,90,0.1,0.9622757215485351,0.7630431372549019,0.8511561578638858,0.02974389368936582
CICIoT2023,Dense_AE,2,2,95,0.05,0.9869450630273561,0.7577725490196079,0.8573076479409389,0.009966621954643292
CICIoT2023,Dense_AE,2,2,96,0.04,0.9887951707599437,0.7502745098039215,0.8531777884804053,0.008453691861371931
CICIoT2023,Dense_AE,2,2,97,0.03,0.991406954079601,0.7420078431372549,0.8487659582103478,0.0063948591571263685
CICIoT2023,Dense_AE,2,2,98,0.02,0.9924919556667858,0.7402666666666666,0.8480219948067818,0.005568206631936862
CICIoT2023,Dense_AE,2,2,99,0.01,0.9942279942279942,0.7349333333333333,0.8451395277522233,0.004242443148142371
CICIoT2023,Dense_AE,2,2,99.5,0.005,0.9950375393039721,0.7297098039215686,0.8419652310838817,0.0036185544498861404
CICIoT2023,Dense_AE,2,2,99.9,0.001,0.9981219619973487,0.7086274509803921,0.8288230437574534,0.001325763483794491
CICIoT2023,Dense_AE,2,2,99.99,0.0001,0.9998055717579091,0.564643137254902,0.7217026054354254,0.00010918052219484044
CICIoT2023,Dense_AE,2,2,max,0.0,1.0,0.4219294117647059,0.5934604183214192,0.0
CICIoT2023,SNN_AE_T2,2,2,90,0.1,0.9890670392300357,0.6996078431372549,0.8195290464246667,0.007689428206008048
CICIoT2023,SNN_AE_T2,2,2,95,0.05,0.9900929699128864,0.6364705882352941,0.7748422148170073,0.0063324702873007455
CICIoT2023,SNN_AE_T2,2,2,96,0.04,0.990126800443186,0.6308078431372549,0.7706414985866908,0.006254484200018716
CICIoT2023,SNN_AE_T2,2,2,97,0.03,0.9906421105027376,0.6243764705882353,0.7659770999711345,0.005864553763608572
CICIoT2023,SNN_AE_T2,2,2,98,0.02,0.9910536528817319,0.616878431372549,0.7604296584196227,0.005537012197024051
CICIoT2023,SNN_AE_T2,2,2,99,0.01,0.9912258196931603,0.6060549019607843,0.752199984424889,0.0053342483700907755
CICIoT2023,SNN_AE_T2,2,2,99.5,0.005,0.9924823805794831,0.5964235294117647,0.7450911228689007,0.004491998627444864
CICIoT2023,SNN_AE_T2,2,2,99.9,0.001,0.9976213837599976,0.5263215686274509,0.6890935789614203,0.0012477773965124622
CICIoT2023,SNN_AE_T2,2,2,99.99,0.0001,0.9996908809891808,0.2536470588235294,0.40462934000625583,7.798608728202889e-05
CICIoT2023,SNN_AE_T2,2,2,max,0.0,1.0,0.11330196078431373,0.2035421921012216,0.0
CICIoT2023,SNN_AE_T5,2,2,90,0.1,0.9772655392457815,0.8239843137254902,0.8941030289103923,0.01905979973172786
CICIoT2023,SNN_AE_T5,2,2,95,0.05,0.9882773814095438,0.7670117647058824,0.8636985877926643,0.009046386124715351
CICIoT2023,SNN_AE_T5,2,2,96,0.04,0.9900103268772787,0.7368627450980392,0.844881698576426,0.007393081074336338
CICIoT2023,SNN_AE_T5,2,2,97,0.03,0.9902427667365123,0.7338980392156863,0.8430137751470761,0.007190317247403063
CICIoT2023,SNN_AE_T5,2,2,98,0.02,0.9906207366984994,0.7289725490196078,0.8398908387703097,0.006862775680818542
CICIoT2023,SNN_AE_T5,2,2,99,0.01,0.9910416262893813,0.7218980392156863,0.8353254013631373,0.006488442461864803
CICIoT2023,SNN_AE_T5,2,2,99.5,0.005,0.9949777314507723,0.6588235294117647,0.792737018931315,0.003306610100758025
CICIoT2023,SNN_AE_T5,2,2,99.9,0.001,0.9984805125737585,0.6184627450980392,0.7638152987785386,0.0009358330473843466
CICIoT2023,SNN_AE_T5,2,2,99.99,0.0001,0.9999028906224711,0.48454901960784313,0.6527688260093193,4.679165236921733e-05
CICIoT2023,SNN_AE_T5,2,2,max,0.0,1.0,0.41504313725490194,0.5866155261670122,0.0
CICIoT2023,SNN_AE_T7,2,2,90,0.1,0.9833909195611323,0.7634352941176471,0.8595649985429306,0.01282091274916555
CICIoT2023,SNN_AE_T7,2,2,95,0.05,0.9847887784061906,0.7565803921568628,0.8557311025752482,0.011619927005022304
CICIoT2023,SNN_AE_T7,2,2,96,0.04,0.9852050421543751,0.7552156862745099,0.8550142961160738,0.011276788220981377
CICIoT2023,SNN_AE_T7,2,2,97,0.03,0.9856456382454412,0.7528941176470588,0.8536897710901232,0.010902455002027639
CICIoT2023,SNN_AE_T7,2,2,98,0.02,0.9871265032855313,0.7493490196078432,0.851958196604366,0.0097170664753408
CICIoT2023,SNN_AE_T7,2,2,99,0.01,0.9904958156356449,0.7389176470588236,0.8464081647320947,0.007049942290295411
CICIoT2023,SNN_AE_T7,2,2,99.5,0.005,0.9934253780407627,0.7110588235294117,0.8288535381239716,0.004679165236921733
CICIoT2023,SNN_AE_T7,2,2,99.9,0.001,0.998154839701699,0.610964705882353,0.7579764719619349,0.001122999656861216
CICIoT2023,SNN_AE_T7,2,2,99.99,0.0001,0.9998127410958391,0.4187607843137255,0.5902864534388784,7.798608728202889e-05
CICIoT2023,SNN_AE_T7,2,2,max,0.0,1.0,0.11628235294117648,0.20833860292567769,0.0
CICIoT2023,SNN_AE_noBN,2,2,90,0.1,0.9818617999192861,0.6869490196078432,0.8083468694624926,0.012618148922232274
CICIoT2023,SNN_AE_noBN,2,2,95,0.05,0.983033114992722,0.677992156862745,0.8025028314673498,0.01163552422247871
CICIoT2023,SNN_AE_noBN,2,2,96,0.04,0.983382342884497,0.6767058823529412,0.8017171689014022,0.011370371525719812
CICIoT2023,SNN_AE_noBN,2,2,97,0.03,0.98353598497859,0.673756862745098,0.7996946593310432,0.011214399351155754
CICIoT2023,SNN_AE_noBN,2,2,98,0.02,0.9835257641315163,0.6667764705882353,0.7947536202077238,0.011105218828960914
CICIoT2023,SNN_AE_noBN,2,2,99,0.01,0.9891587273508378,0.6139921568627451,0.7576775292534916,0.006691206288798078
CICIoT2023,SNN_AE_noBN,2,2,99.5,0.005,0.9906040980995859,0.5854431372549019,0.7359454183345493,0.005521414979567645
CICIoT2023,SNN_AE_noBN,2,2,99.9,0.001,0.9971979223619464,0.457756862745098,0.6274754338056637,0.0012789718314252737
CICIoT2023,SNN_AE_noBN,2,2,99.99,0.0001,0.9997804803090837,0.3572078431372549,0.5263559351416321,7.798608728202889e-05
CICIoT2023,SNN_AE_noBN,2,2,max,0.0,1.0,0.10950588235294118,0.1973957670611189,0.0
CICIoT2023,IF,2,2,90,0.1,0.9587434734229222,0.7028078431372549,0.8110642457594902,0.030071435255950338
CICIoT2023,IF,2,2,95,0.05,0.9667920896044803,0.6932392156862746,0.8074765672105388,0.02367657609882397
CICIoT2023,IF,2,2,96,0.04,0.9704493290960452,0.6897725490196078,0.8063853587867452,0.020884674174127336
CICIoT2023,IF,2,2,97,0.03,0.9752508511019531,0.6830274509803922,0.8033912064798244,0.017234925289328382
CICIoT2023,IF,2,2,98,0.02,0.9823928453466806,0.6065254901960784,0.7500024246186074,0.010808871697289203
CICIoT2023,IF,2,2,99,0.01,0.9855029365846405,0.20793725490196077,0.3434152407352236,0.0030414574039991267
CICIoT2023,IF,2,2,99.5,0.005,0.988017052655836,0.13450980392156864,0.23678360877549048,0.0016221106154662007
CICIoT2023,IF,2,2,99.9,0.001,0.9930741733690795,0.06972549019607843,0.1303022308210946,0.0004835137411485791
CICIoT2023,IF,2,2,99.99,0.0001,0.9961335676625659,0.04445490196078431,0.08511149485697124,0.00017156939202046356
CICIoT2023,IF,2,2,max,0.0,0.9886685552407932,0.005474509803921569,0.010888725956663495,6.238886982562311e-05
CICIoT2023,OCSVM,2,2,90,0.1,0.9736160923124902,0.48970980392156865,0.6516516203099724,0.013195245968119287
CICIoT2023,OCSVM,2,2,95,0.05,0.9887890884896873,0.46624313725490196,0.6336851081974203,0.005256262282808747
CICIoT2023,OCSVM,2,2,96,0.04,0.9916350582497968,0.4593098039215686,0.6278222088809794,0.003852512711732227
CICIoT2023,OCSVM,2,2,97,0.03,0.9932830422651648,0.45232941176470587,0.6215927830051412,0.0030414574039991267
CICIoT2023,OCSVM,2,2,98,0.02,0.9948797082135091,0.44498823529411763,0.6149310673718894,0.0022771937486352435
CICIoT2023,OCSVM,2,2,99,0.01,0.9963195883656114,0.43738039215686275,0.6078965727740473,0.001606513398009795
CICIoT2023,OCSVM,2,2,99.5,0.005,0.9966117579209169,0.4337098039215686,0.6043959647186123,0.001466138440902143
CICIoT2023,OCSVM,2,2,99.9,0.001,0.997373508919126,0.428878431372549,0.5998266840713886,0.001122999656861216
CICIoT2023,OCSVM,2,2,99.99,0.0001,0.9998901098901098,0.28545882352941176,0.4441244661378889,3.1194434912811554e-05
CICIoT2023,OCSVM,2,2,max,0.0,1.0,0.23457254901960783,0.38000609880056924,0.0
CICIoT2023,LOF,2,2,90,0.1,0.6876657663576417,0.4433098039215686,0.5390902934752543,0.20020588327042455
CICIoT2023,LOF,2,2,95,0.05,0.7581246504691481,0.3827607843137255,0.5086932955303536,0.12142433789811898
CICIoT2023,LOF,2,2,96,0.04,0.791733664668908,0.33984313725490195,0.47555809206049565,0.08888854228405653
CICIoT2023,LOF,2,2,97,0.03,0.8174080410607357,0.29978039215686275,0.438677837713761,0.06658452132139626
CICIoT2023,LOF,2,2,98,0.02,0.8236395796483197,0.24834509803921567,0.38162271609699655,0.05287456717721559
CICIoT2023,LOF,2,2,99,0.01,0.9923474663908997,0.15052549019607844,0.2614001634432035,0.0011541940917740275
CICIoT2023,LOF,2,2,99.5,0.005,0.9975363679023932,0.13338039215686273,0.2352990010238813,0.0003275415665845213
CICIoT2023,LOF,2,2,99.9,0.001,1.0,0.11974901960784314,0.21388546452986662,0.0
CICIoT2023,LOF,2,2,99.99,0.0001,1.0,0.1099607843137255,0.19813453928773317,0.0
CICIoT2023,LOF,2,2,max,0.0,1.0,0.10969411764705882,0.1977015393749205,0.0
CICIoT2023,SNN_AE,2,3,90,0.1,0.6173500225282152,0.8812078431372549,0.7260496164707555,0.5430951118320492
CICIoT2023,SNN_AE,2,3,95,0.05,0.6422816552250191,0.8453333333333334,0.729949747382394,0.468134884736563
CICIoT2023,SNN_AE,2,3,96,0.04,0.6413279441572616,0.8387764705882353,0.7268822174040115,0.4664347880338148
CICIoT2023,SNN_AE,2,3,97,0.03,0.651921286237507,0.8236705882352942,0.7278006860944594,0.4372835886077924
CICIoT2023,SNN_AE,2,3,98,0.02,0.6504859309011347,0.8021333333333334,0.7183939534426322,0.42854914683220513
CICIoT2023,SNN_AE,2,3,99,0.01,0.6356544978497687,0.7349960784313726,0.6817252642529262,0.41889446922668994
CICIoT2023,SNN_AE,2,3,99.5,0.005,0.9988204154439265,0.5445803921568627,0.7048564583587119,0.0006394859157126369
CICIoT2023,SNN_AE,2,3,99.9,0.001,1.0,0.40307450980392157,0.5745589517697829,0.0
CICIoT2023,SNN_AE,2,3,99.99,0.0001,1.0,0.40258823529411764,0.5740647542358664,0.0
CICIoT2023,SNN_AE,2,3,max,0.0,1.0,0.3856941176470588,0.5566800244515384,0.0
CICIoT2023,LSTM_AE,2,3,90,0.1,0.6460025805218389,0.8482039215686275,0.7334219485398837,0.46216115045075956
CICIoT2023,LSTM_AE,2,3,95,0.05,0.6411974068895385,0.7912627450980392,0.7083696110096896,0.4402626571419659
CICIoT2023,LSTM_AE,2,3,96,0.04,0.640971094092468,0.779843137254902,0.7036203577898551,0.4343357145085317
CICIoT2023,LSTM_AE,2,3,97,0.03,0.6428841515092248,0.7734274509803921,0.7021396276122326,0.4271921889134978
CICIoT2023,LSTM_AE,2,3,98,0.02,0.6421283569465003,0.7621333333333333,0.6970031704133013,0.42234145428455566
CICIoT2023,LSTM_AE,2,3,99,0.01,0.9908812678182123,0.7414745098039216,0.8482243795646635,0.006784789593536513
CICIoT2023,LSTM_AE,2,3,99.5,0.005,0.9992734638162964,0.7119686274509804,0.8315028716417364,0.0005147081760613906
CICIoT2023,LSTM_AE,2,3,99.9,0.001,1.0,0.2660235294117647,0.42025052968070475,0.0
CICIoT2023,LSTM_AE,2,3,99.99,0.0001,1.0,0.2651921568627451,0.4192124578456656,0.0
CICIoT2023,LSTM_AE,2,3,max,0.0,1.0,0.2651450980392157,0.4191536582644167,0.0
CICIoT2023,CNN_AE,2,3,90,0.1,0.6363386790510398,0.8726274509803922,0.7359828539676659,0.49586673737405246
CICIoT2023,CNN_AE,2,3,95,0.05,0.6466245483044966,0.8477019607843137,0.7336347098911242,0.46063262314003184
CICIoT2023,CNN_AE,2,3,96,0.04,0.730565758456225,0.836156862745098,0.7798030925874453,0.30662569797548117
CICIoT2023,CNN_AE,2,3,97,0.03,0.9161688220410458,0.8178980392156863,0.86424889360362,0.07441432448451196
CICIoT2023,CNN_AE,2,3,98,0.02,0.9641594189047118,0.7912156862745098,0.8691681385430576,0.02924478273076083
CICIoT2023,CNN_AE,2,3,99,0.01,0.9861183811059232,0.7387921568627451,0.8447238389037854,0.01034095517359703
CICIoT2023,CNN_AE,2,3,99.5,0.005,0.9989624036911937,0.7098039215686275,0.8299173750768017,0.0007330692204510715
CICIoT2023,CNN_AE,2,3,99.9,0.001,1.0,0.1954980392156863,0.3270570637555273,0.0
CICIoT2023,CNN_AE,2,3,99.99,0.0001,1.0,0.19295686274509805,0.3234934451880974,0.0
CICIoT2023,CNN_AE,2,3,max,0.0,1.0,0.19253333333333333,0.32289803220035773,0.0
CICIoT2023,SNN_Dense,2,3,90,0.1,0.6320806038488564,0.8748392156862745,0.7339062006527004,0.5063324702873008
CICIoT2023,SNN_Dense,2,3,95,0.05,0.6422155148570811,0.8377411764705882,0.7270623311029276,0.4640640109804411
CICIoT2023,SNN_Dense,2,3,96,0.04,0.6436621626615099,0.8197176470588236,0.7210995122018532,0.45122750101381914
CICIoT2023,SNN_Dense,2,3,97,0.03,0.6434797966418145,0.8001254901960785,0.7133038267642761,0.44079296253548367
CICIoT2023,SNN_Dense,2,3,98,0.02,0.6425296829525845,0.7826666666666666,0.7057084665214564,0.43296315937236796
CICIoT2023,SNN_Dense,2,3,99,0.01,0.8028144989339019,0.7382745098039216,0.7691930541368743,0.18030383379605078
CICIoT2023,SNN_Dense,2,3,99.5,0.005,0.9987474165466275,0.5002980392156863,0.6666527319092012,0.0006238886982562311
CICIoT2023,SNN_Dense,2,3,99.9,0.001,0.9991913083224921,0.44577254901960783,0.616502695490883,0.00035873600149733287
CICIoT2023,SNN_Dense,2,3,99.99,0.0001,0.9998442549546392,0.40280784313725493,0.574262296915009,6.238886982562311e-05
CICIoT2023,SNN_Dense,2,3,max,0.0,1.0,0.33541960784313724,0.5023433921041194,0.0
CICIoT2023,Dense_SNN,2,3,90,0.1,0.6318319467741391,0.8803921568627451,0.7356844650967695,0.5100913996942945
CICIoT2023,Dense_SNN,2,3,95,0.05,0.6485438044961148,0.8575529411764706,0.738545712452295,0.46208316436347757
CICIoT2023,Dense_SNN,2,3,96,0.04,0.649821361979574,0.847356862745098,0.7355578401269072,0.4540350001559722
CICIoT2023,Dense_SNN,2,3,97,0.03,0.6494744892924109,0.8258666666666666,0.7271258303755161,0.44319493402377014
CICIoT2023,Dense_SNN,2,3,98,0.02,0.6478421161183872,0.7883450980392157,0.7112208652335734,0.4261003836915494
CICIoT2023,Dense_SNN,2,3,99,0.01,0.6368416034433442,0.7334117647058823,0.681723738216918,0.41585301182269085
CICIoT2023,Dense_SNN,2,3,99.5,0.005,0.9990376038683629,0.6676235294117647,0.800379870618324,0.0006394859157126369
CICIoT2023,Dense_SNN,2,3,99.9,0.001,0.9998457682668209,0.4067607843137255,0.5782683837877014,6.238886982562311e-05
CICIoT2023,Dense_SNN,2,3,99.99,0.0001,0.9999214608285882,0.39941960784313724,0.5708232920473015,3.1194434912811554e-05
CICIoT2023,Dense_SNN,2,3,max,0.0,1.0,0.2564705882352941,0.4082397003745319,0.0
CICIoT2023,Dense_AE,2,3,90,0.1,0.6212378989744082,0.8133490196078431,0.704430285163096,0.4930748354493558
CICIoT2023,Dense_AE,2,3,95,0.05,0.6322228544824375,0.7668392156862746,0.6930547088761927,0.44355367002526747
CICIoT2023,Dense_AE,2,3,96,0.04,0.6463717760256582,0.7587137254901961,0.6980516669072017,0.4127335683314097
CICIoT2023,Dense_AE,2,3,97,0.03,0.7301889088309554,0.7530509803921569,0.741443751158337,0.27667904045918207
CICIoT2023,Dense_AE,2,3,98,0.02,0.8819827490467552,0.7474509803921568,0.809163157179731,0.09944785850204324
CICIoT2023,Dense_AE,2,3,99,0.01,0.9931525609422076,0.7394196078431372,0.8477066529991998,0.005069095673331877
CICIoT2023,Dense_AE,2,3,99.5,0.005,0.9987434367006238,0.6981960784313725,0.8218545736548617,0.0008734441775587235
CICIoT2023,Dense_AE,2,3,99.9,0.001,1.0,0.22214901960784314,0.36353835096005754,0.0
CICIoT2023,Dense_AE,2,3,99.99,0.0001,1.0,0.20572549019607844,0.3412476419696871,0.0
CICIoT2023,Dense_AE,2,3,max,0.0,1.0,0.19855686274509804,0.33132656266359545,0.0
CICIoT2023,SNN_AE_T2,2,3,90,0.1,0.6231285433298623,0.8448156862745098,0.7172326541483554,0.5080481642075054
CICIoT2023,SNN_AE_T2,2,3,95,0.05,0.6315008704607312,0.8079843137254902,0.7089240001101049,0.46880556508718846
CICIoT2023,SNN_AE_T2,2,3,96,0.04,0.6307819826061138,0.7998117647058823,0.7053111361640025,0.4654989549864304
CICIoT2023,SNN_AE_T2,2,3,97,0.03,0.624450885668277,0.7603607843137254,0.685736516357206,0.45469008328914123
CICIoT2023,SNN_AE_T2,2,3,98,0.02,0.6172400590712684,0.708078431372549,0.6595461784602797,0.4365973110397105
CICIoT2023,SNN_AE_T2,2,3,99,0.01,0.9120637907091341,0.6387450980392156,0.7513192368722093,0.06123467573384908
CICIoT2023,SNN_AE_T2,2,3,99.5,0.005,0.9979222821203954,0.557521568627451,0.7153754805466658,0.0011541940917740275
CICIoT2023,SNN_AE_T2,2,3,99.9,0.001,0.9985430652763891,0.5482980392156863,0.7078932712267734,0.0007954580902766946
CICIoT2023,SNN_AE_T2,2,3,99.99,0.0001,0.9994728732462899,0.38665098039215684,0.5575939917658237,0.0002027638269332751
CICIoT2023,SNN_AE_T2,2,3,max,0.0,0.9997107485826681,0.27107450980392156,0.42650180166839435,7.798608728202889e-05
CICIoT2023,SNN_AE_T5,2,3,90,0.1,0.6299094513684546,0.8697098039215686,0.730636691287417,0.5080793586424182
CICIoT2023,SNN_AE_T5,2,3,95,0.05,0.6452297160487875,0.8397803921568627,0.7297610446967735,0.4591196930467605
CICIoT2023,SNN_AE_T5,2,3,96,0.04,0.6777217664154729,0.8266823529411764,0.7448272937984058,0.3908818666749852
CICIoT2023,SNN_AE_T5,2,3,97,0.03,0.7640605184770106,0.8127686274509804,0.7876622784348302,0.24955547930249244
CICIoT2023,SNN_AE_T5,2,3,98,0.02,0.8189354917831739,0.7856,0.8019214603098354,0.17270798889478117
CICIoT2023,SNN_AE_T5,2,3,99,0.01,0.9914489311163895,0.7202196078431372,0.8343449027803016,0.006176498112736688
CICIoT2023,SNN_AE_T5,2,3,99.5,0.005,0.999045082173192,0.6236235294117647,0.7679054315073784,0.0005926942633434195
CICIoT2023,SNN_AE_T5,2,3,99.9,0.001,0.9992571367929534,0.4431058823529412,0.6139601604016561,0.0003275415665845213
CICIoT2023,SNN_AE_T5,2,3,99.99,0.0001,0.9995963944571505,0.3496470588235294,0.5180769096677474,0.000140374957107652
CICIoT2023,SNN_AE_T5,2,3,max,0.0,0.9999456580806434,0.288643137254902,0.4479744863180447,1.5597217456405777e-05
CICIoT2023,SNN_AE_T7,2,3,90,0.1,0.64045620373322,0.8509176470588236,0.730836853060647,0.47498206319992514
CICIoT2023,SNN_AE_T7,2,3,95,0.05,0.6475695296021975,0.8283607843137255,0.7268923178570937,0.44826402969710205
CICIoT2023,SNN_AE_T7,2,3,96,0.04,0.6473384147467708,0.824643137254902,0.7253123253840689,0.44670430795146143
CICIoT2023,SNN_AE_T7,2,3,97,0.03,0.6486456206742021,0.817364705882353,0.7232964561846726,0.44023146270705305
CICIoT2023,SNN_AE_T7,2,3,98,0.02,0.6699519705243766,0.7986352941176471,0.7286557658592436,0.3912094082415697
CICIoT2023,SNN_AE_T7,2,3,99,0.01,0.8301392041954843,0.7399372549019608,0.7824471482006751,0.15054434288922855
CICIoT2023,SNN_AE_T7,2,3,99.5,0.005,0.9987789366573391,0.6158745098039216,0.761925092179313,0.0007486664379074773
CICIoT2023,SNN_AE_T7,2,3,99.9,0.001,1.0,0.44682352941176473,0.6176614083590828,0.0
CICIoT2023,SNN_AE_T7,2,3,99.99,0.0001,1.0,0.41775686274509805,0.5893208824765993,0.0
CICIoT2023,SNN_AE_T7,2,3,max,0.0,1.0,0.20456470588235295,0.33964917763800445,0.0
CICIoT2023,SNN_AE_noBN,2,3,90,0.1,0.6245545874617807,0.8523137254901961,0.7208719186987554,0.5094519137785819
CICIoT2023,SNN_AE_noBN,2,3,95,0.05,0.7564479317391888,0.7954509803921569,0.7754593346433515,0.25465576941073714
CICIoT2023,SNN_AE_noBN,2,3,96,0.04,0.915060041864052,0.7817411764705883,0.8431631306466348,0.07215272795333312
CICIoT2023,SNN_AE_noBN,2,3,97,0.03,0.974212271973466,0.7371921568627451,0.8392892222519868,0.019402938515768787
CICIoT2023,SNN_AE_noBN,2,3,98,0.02,0.9802852614896989,0.7277176470588236,0.8353274814314653,0.014552203886826591
CICIoT2023,SNN_AE_noBN,2,3,99,0.01,0.9865160769851331,0.6713725490196079,0.7989919260745788,0.00912437221199738
CICIoT2023,SNN_AE_noBN,2,3,99.5,0.005,0.9987314474184955,0.4939921568627451,0.6610272664301757,0.0006238886982562311
CICIoT2023,SNN_AE_noBN,2,3,99.9,0.001,0.9997084973036,0.43036862745098037,0.601706252604338,0.00012477773965124622
CICIoT2023,SNN_AE_noBN,2,3,99.99,0.0001,0.9997629676450835,0.3969725490196078,0.5682943534352087,9.358330473843466e-05
CICIoT2023,SNN_AE_noBN,2,3,max,0.0,1.0,0.11524705882352941,0.20667538714713699,0.0
CICIoT2023,IF,2,3,90,0.1,0.7540044232960257,0.705913725490196,0.7291670042289807,0.22899834669494962
CICIoT2023,IF,2,3,95,0.05,0.9823534728184735,0.6819921568627451,0.8050699948151988,0.012181426833452911
CICIoT2023,IF,2,3,96,0.04,0.9939804635403525,0.43256470588235296,0.602800214224039,0.0026047353152197647
CICIoT2023,IF,2,3,97,0.03,0.9936811065084603,0.2220078431372549,0.3629300065390484,0.00140374957107652
CICIoT2023,IF,2,3,98,0.02,0.9953931203931204,0.15251764705882354,0.26450665143230234,0.00070187478553826
CICIoT2023,IF,2,3,99,0.01,0.9976300197498355,0.11885490196078431,0.21240451328053822,0.000280749914215304
CICIoT2023,IF,2,3,99.5,0.005,0.9988076988587975,0.0919843137254902,0.16845492021085595,0.00010918052219484044
CICIoT2023,IF,2,3,99.9,0.001,0.9996966939642099,0.05170196078431372,0.09831908959386698,1.5597217456405777e-05
CICIoT2023,IF,2,3,99.99,0.0001,0.9994756161510225,0.029898039215686276,0.05805930822303791,1.5597217456405777e-05
CICIoT2023,IF,2,3,max,0.0,1.0,0.00014117647058823528,0.0002823130852114995,0.0
CICIoT2023,OCSVM,2,3,90,0.1,0.5757261410788381,0.6529411764705882,0.6119073869900772,0.47844464547524723
CICIoT2023,OCSVM,2,3,95,0.05,0.7516083263687781,0.6066039215686274,0.6713656999505213,0.19933243909286583
CICIoT2023,OCSVM,2,3,96,0.04,0.7651987840972723,0.6002039215686275,0.6727323874325298,0.18312693015566023
CICIoT2023,OCSVM,2,3,97,0.03,0.7818845963348192,0.5943058823529411,0.6753114806694829,0.16484699129675265
CICIoT2023,OCSVM,2,3,98,0.02,0.8117600889528419,0.5840470588235294,0.6793289362051507,0.13466637551860747
CICIoT2023,OCSVM,2,3,99,0.01,0.9015196104660496,0.5285803921568627,0.6664227513646072,0.05741335745702967
CICIoT2023,OCSVM,2,3,99.5,0.005,0.9985099717276686,0.4099607843137255,0.581268626840443,0.0006082914807998254
CICIoT2023,OCSVM,2,3,99.9,0.001,1.0,0.26313725490196077,0.41664079478422844,0.0
CICIoT2023,OCSVM,2,3,99.99,0.0001,1.0,0.2593725490196078,0.4119075792489256,0.0
CICIoT2023,OCSVM,2,3,max,0.0,1.0,0.234478431372549,0.3798825891382246,0.0
CICIoT2023,LOF,2,3,90,0.1,0.9350980753858452,0.4770980392156863,0.6318293240267564,0.032925726050472594
CICIoT2023,LOF,2,3,95,0.05,0.9332741161840469,0.4120313725490196,0.5716741933728713,0.02929157438313005
CICIoT2023,LOF,2,3,96,0.04,0.9247088920254057,0.3288627450980392,0.48517738538797994,0.02662445019808466
CICIoT2023,LOF,2,3,97,0.03,0.9077729044834308,0.23375686274509805,0.3717785594890602,0.023614187228998346
CICIoT2023,LOF,2,3,98,0.02,0.9372942232864412,0.1964862745098039,0.3248696734704464,0.013070468228468041
CICIoT2023,LOF,2,3,99,0.01,0.9492747684995493,0.18170980392156863,0.30503074269614106,0.009654677605515177
CICIoT2023,LOF,2,3,99.5,0.005,0.9982014388489209,0.148,0.25777984208081745,0.0002651526967588982
CICIoT2023,LOF,2,3,99.9,0.001,0.9984711149939937,0.14341960784313726,0.25081267916660954,0.00021836104438968087
CICIoT2023,LOF,2,3,99.99,0.0001,0.9989071038251366,0.12903529411764705,0.22854761408626798,0.000140374957107652
CICIoT2023,LOF,2,3,max,0.0,0.9997145304025121,0.10986666666666667,0.19797614336593367,3.1194434912811554e-05
CICIoT2023,SNN_AE,2,4,90,0.1,0.9955466360856269,0.8170509803921568,0.8975101232015162,0.0035967891324482867
CICIoT2023,SNN_AE,2,4,95,0.05,0.9975081277863219,0.8037490196078432,0.8902073542569735,0.001975918493362149
CICIoT2023,SNN_AE,2,4,96,0.04,0.9979576459390863,0.7894745098039215,0.88155751344345,0.001589996912627354
CICIoT2023,SNN_AE,2,4,97,0.03,0.9987162497929435,0.7566117647058823,0.8609678167895328,0.0009570855202222908
CICIoT2023,SNN_AE,2,4,98,0.02,0.999037021185534,0.7323137254901961,0.8451303403330921,0.0006946588453226305
CICIoT2023,SNN_AE,2,4,99,0.01,0.9996299198885406,0.7202980392156862,0.8372809656656273,0.00026242667489966037
CICIoT2023,SNN_AE,2,4,99.5,0.005,0.999888005375742,0.7002352941176471,0.8236542275935238,7.718431614695894e-05
CICIoT2023,SNN_AE,2,4,99.9,0.001,1.0,0.4835607843137255,0.6518921090751452,0.0
CICIoT2023,SNN_AE,2,4,99.99,0.0001,1.0,0.40897254901960783,0.5805259290596958,0.0
CICIoT2023,SNN_AE,2,4,max,0.0,1.0,0.368878431372549,0.5389498773863818,0.0
CICIoT2023,LSTM_AE,2,4,90,0.1,0.9982166556071665,0.7551058823529412,0.8598067408505545,0.0013275702377276938
CICIoT2023,LSTM_AE,2,4,95,0.05,0.999408108907961,0.7416156862745098,0.8514263074484945,0.00043223217042297007
CICIoT2023,LSTM_AE,2,4,96,0.04,0.9996815083763297,0.7385411764705883,0.8494952502097486,0.0002315529484408768
CICIoT2023,LSTM_AE,2,4,97,0.03,0.9997448871125473,0.7376627450980392,0.848936707946709,0.00018524235875270144
CICIoT2023,LSTM_AE,2,4,98,0.02,0.9998083107921024,0.7363450980392157,0.8480862864834102,0.00013893176906452608
CICIoT2023,LSTM_AE,2,4,99,0.01,0.9998081800549884,0.7358431372549019,0.8477532100226802,0.00013893176906452608
CICIoT2023,LSTM_AE,2,4,99.5,0.005,0.9998294243070363,0.7355607843137255,0.8475734297333937,0.0001234949058351343
CICIoT2023,LSTM_AE,2,4,99.9,0.001,1.0,0.6897568627450981,0.8163977646163272,0.0
CICIoT2023,LSTM_AE,2,4,99.99,0.0001,1.0,0.6880470588235295,0.8151989071952274,0.0
CICIoT2023,LSTM_AE,2,4,max,0.0,1.0,0.4356392156862745,0.6068923318983414,0.0
CICIoT2023,CNN_AE,2,4,90,0.1,0.9986323747293242,0.8246901960784314,0.9033643767827073,0.0011114541525162086
CICIoT2023,CNN_AE,2,4,95,0.05,0.9994425087108014,0.7874039215686275,0.8808422899758719,0.00043223217042297007
CICIoT2023,CNN_AE,2,4,96,0.04,0.9998101866497944,0.7436235294117647,0.8528943462420726,0.00013893176906452608
CICIoT2023,CNN_AE,2,4,97,0.03,0.9999786379560797,0.7342901960784314,0.8467828006005681,1.543686322939179e-05
CICIoT2023,CNN_AE,2,4,98,0.02,0.9999786306521925,0.7340392156862745,0.8466158884084454,1.543686322939179e-05
CICIoT2023,CNN_AE,2,4,99,0.01,0.9999786251709987,0.7338509803921569,0.8464906725532416,1.543686322939179e-05
CICIoT2023,CNN_AE,2,4,99.5,0.005,0.9999786091681105,0.7333019607843138,0.8461253043013963,1.543686322939179e-05
CICIoT2023,CNN_AE,2,4,99.9,0.001,1.0,0.6139607843137255,0.7608125182233453,0.0
CICIoT2023,CNN_AE,2,4,99.99,0.0001,1.0,0.4500705882352941,0.6207567988576621,0.0
CICIoT2023,CNN_AE,2,4,max,0.0,1.0,0.23105882352941176,0.3753822629969419,0.0
CICIoT2023,SNN_Dense,2,4,90,0.1,0.9969966523194643,0.8175372549019608,0.8983925878043525,0.0024235875270145106
CICIoT2023,SNN_Dense,2,4,95,0.05,0.9980769230769231,0.7815529411764706,0.8766429136975454,0.0014819388700216115
CICIoT2023,SNN_Dense,2,4,96,0.04,0.998218515294451,0.7734745098039215,0.871591823026682,0.0013584439641864774
CICIoT2023,SNN_Dense,2,4,97,0.03,0.9984622008980747,0.7638588235294118,0.8655450982483269,0.001157764742204384
CICIoT2023,SNN_Dense,2,4,98,0.02,0.9986893567446118,0.7530196078431373,0.8586274124022966,0.0009725223834516826
CICIoT2023,SNN_Dense,2,4,99,0.01,0.9992143205996645,0.7381333333333333,0.8490567739956515,0.0005711639394874961
CICIoT2023,SNN_Dense,2,4,99.5,0.005,0.999886695823608,0.6921411764705883,0.8180276050019002,7.718431614695894e-05
CICIoT2023,SNN_Dense,2,4,99.9,0.001,1.0,0.4495058823529412,0.6202194662684242,0.0
CICIoT2023,SNN_Dense,2,4,99.99,0.0001,1.0,0.40618039215686275,0.5777073758422203,0.0
CICIoT2023,SNN_Dense,2,4,max,0.0,1.0,0.40006274509803924,0.5714925941694491,0.0
CICIoT2023,Dense_SNN,2,4,90,0.1,0.9946302402260951,0.828078431372549,0.9037449176118124,0.00439950602037666
CICIoT2023,Dense_SNN,2,4,95,0.05,0.9966180552840442,0.7997019607843138,0.8873668453665668,0.0026705773386847794
CICIoT2023,Dense_SNN,2,4,96,0.04,0.9975452349843608,0.7904313725490196,0.8819925785899321,0.0019141710404445816
CICIoT2023,Dense_SNN,2,4,97,0.03,0.9978422440661712,0.783435294117647,0.8777350134444034,0.001667181228774313
CICIoT2023,Dense_SNN,2,4,98,0.02,0.9981438889561393,0.7760627450980392,0.8732041371033217,0.0014201914171040446
CICIoT2023,Dense_SNN,2,4,99,0.01,0.9992359579995197,0.7180235294117647,0.8356045601000375,0.0005402902130287125
CICIoT2023,Dense_SNN,2,4,99.5,0.005,0.9997236996615321,0.6810823529411765,0.8101995689534526,0.00018524235875270144
CICIoT2023,Dense_SNN,2,4,99.9,0.001,1.0,0.4426509803921569,0.6136632995900794,0.0
CICIoT2023,Dense_SNN,2,4,99.99,0.0001,1.0,0.37543529411764703,0.5459148761461612,0.0
CICIoT2023,Dense_SNN,2,4,max,0.0,1.0,0.3329725490196078,0.49959400779034324,0.0
CICIoT2023,Dense_AE,2,4,90,0.1,0.9969458087415907,0.7578039215686274,0.8610794239269928,0.0022846557579499845
CICIoT2023,Dense_AE,2,4,95,0.05,0.9993250796195137,0.7432313725490196,0.8524599012261274,0.0004939796233405372
CICIoT2023,Dense_AE,2,4,96,0.04,0.999430427811999,0.7431686274509804,0.852456951616676,0.00041679530719357827
CICIoT2023,Dense_AE,2,4,97,0.03,0.9997464931553152,0.7423372549019608,0.8520245575500063,0.00018524235875270144
CICIoT2023,Dense_AE,2,4,98,0.02,0.999851986551921,0.7417411764705882,0.8516700737552119,0.00010805804260574252
CICIoT2023,Dense_AE,2,4,99,0.01,0.9999574449976595,0.7371921568627451,0.8487015566872539,3.087372645878358e-05
CICIoT2023,Dense_AE,2,4,99.5,0.005,1.0,0.7300549019607843,0.843967322809658,0.0
CICIoT2023,Dense_AE,2,4,99.9,0.001,1.0,0.5927058823529412,0.7442753730240804,0.0
CICIoT2023,Dense_AE,2,4,99.99,0.0001,1.0,0.5636078431372549,0.7209069020866773,0.0
CICIoT2023,Dense_AE,2,4,max,0.0,1.0,0.5335686274509804,0.6958522988799674,0.0
CICIoT2023,SNN_AE_T2,2,4,90,0.1,0.9896064440047171,0.776643137254902,0.8702859001063447,0.00802716887928373
CICIoT2023,SNN_AE_T2,2,4,95,0.05,0.9908738307095597,0.7493803921568627,0.8533712029867009,0.006792219820932387
CICIoT2023,SNN_AE_T2,2,4,96,0.04,0.9916326744064429,0.7436078431372549,0.8498946707901932,0.006174745291756715
CICIoT2023,SNN_AE_T2,2,4,97,0.03,0.9999140671994501,0.7301019607843138,0.8439681589874704,6.174745291756716e-05
CICIoT2023,SNN_AE_T2,2,4,98,0.02,0.9999781301257518,0.7172392156862745,0.8353322676410139,1.543686322939179e-05
CICIoT2023,SNN_AE_T2,2,4,99,0.01,1.0,0.6788862745098039,0.808734081417186,0.0
CICIoT2023,SNN_AE_T2,2,4,99.5,0.005,1.0,0.5813803921568628,0.7352821560711417,0.0
CICIoT2023,SNN_AE_T2,2,4,99.9,0.001,1.0,0.5169411764705882,0.6815573134791376,0.0
CICIoT2023,SNN_AE_T2,2,4,99.99,0.0001,1.0,0.38230588235294116,0.553142234629264,0.0
CICIoT2023,SNN_AE_T2,2,4,max,0.0,1.0,0.16949019607843138,0.289853128562806,0.0
CICIoT2023,SNN_AE_T5,2,4,90,0.1,0.9905026954440185,0.7983529411764706,0.8841079447247966,0.007533189255943192
CICIoT2023,SNN_AE_T5,2,4,95,0.05,0.9952267303102625,0.7718588235294118,0.8694254010884161,0.003643099722136462
CICIoT2023,SNN_AE_T5,2,4,96,0.04,0.9962690412879022,0.7581490196078431,0.8610494998352084,0.0027940722445199137
CICIoT2023,SNN_AE_T5,2,4,97,0.03,0.9974111405835544,0.7373019607843138,0.8478556933483653,0.001883297313985798
CICIoT2023,SNN_AE_T5,2,4,98,0.02,0.9980748616306797,0.7156549019607843,0.8335937000392833,0.0013584439641864774
CICIoT2023,SNN_AE_T5,2,4,99,0.01,0.9989059569527552,0.7017882352941176,0.8243933000423814,0.0007564062982401976
CICIoT2023,SNN_AE_T5,2,4,99.5,0.005,0.9995068570355063,0.6676549019607844,0.8005529745895009,0.00032417412781722755
CICIoT2023,SNN_AE_T5,2,4,99.9,0.001,1.0,0.5349960784313725,0.6970650752125572,0.0
CICIoT2023,SNN_AE_T5,2,4,99.99,0.0001,1.0,0.4964705882352941,0.6635220125786163,0.0
CICIoT2023,SNN_AE_T5,2,4,max,0.0,1.0,0.40312156862745097,0.5746067591588503,0.0
CICIoT2023,SNN_AE_T7,2,4,90,0.1,0.9818423551756885,0.8108862745098039,0.8882130584192439,0.014757641247298548
CICIoT2023,SNN_AE_T7,2,4,95,0.05,0.9941547028969766,0.7896941176470588,0.8802070129120807,0.004569311515899969
CICIoT2023,SNN_AE_T7,2,4,96,0.04,0.9947487171295649,0.7814901960784314,0.8753173508560786,0.00405989502933004
CICIoT2023,SNN_AE_T7,2,4,97,0.03,0.9955197132616488,0.7668078431372549,0.8663228596239388,0.0033961099104661933
CICIoT2023,SNN_AE_T7,2,4,98,0.02,0.996748069822088,0.7452392156862745,0.8528371658857954,0.002392713800555727
CICIoT2023,SNN_AE_T7,2,4,99,0.01,0.998402657977126,0.7353411764705883,0.8469147177583263,0.001157764742204384
CICIoT2023,SNN_AE_T7,2,4,99.5,0.005,0.9997918160579214,0.677992156862745,0.8080313326665481,0.00013893176906452608
CICIoT2023,SNN_AE_T7,2,4,99.9,0.001,1.0,0.5850980392156863,0.7382483918852054,0.0
CICIoT2023,SNN_AE_T7,2,4,99.99,0.0001,1.0,0.5321098039215686,0.6946105332132033,0.0
CICIoT2023,SNN_AE_T7,2,4,max,0.0,1.0,0.4204235294117647,0.5919692552345613,0.0
CICIoT2023,SNN_AE_noBN,2,4,90,0.1,0.8345912550555715,0.8221803921568628,0.8283393387698338,0.16035813522692188
CICIoT2023,SNN_AE_noBN,2,4,95,0.05,0.9966593959401835,0.7955921568627451,0.8848472160434059,0.002624266748996604
CICIoT2023,SNN_AE_noBN,2,4,96,0.04,0.9980591369100668,0.7905098039215687,0.8822422380364662,0.0015128125964803951
CICIoT2023,SNN_AE_noBN,2,4,97,0.03,0.9986705074230002,0.777678431372549,0.8744278747365357,0.0010188329731398579
CICIoT2023,SNN_AE_noBN,2,4,98,0.02,0.9992215374635096,0.7248470588235294,0.8402018273557889,0.0005557270762581043
CICIoT2023,SNN_AE_noBN,2,4,99,0.01,0.999482424951618,0.6967058823529412,0.8210707287314674,0.00035504785427601114
CICIoT2023,SNN_AE_noBN,2,4,99.5,0.005,0.9998629198080877,0.572078431372549,0.7277625342978299,7.718431614695894e-05
CICIoT2023,SNN_AE_noBN,2,4,99.9,0.001,1.0,0.44378039215686277,0.6147477754478983,0.0
CICIoT2023,SNN_AE_noBN,2,4,99.99,0.0001,1.0,0.41620392156862746,0.5877739995347961,0.0
CICIoT2023,SNN_AE_noBN,2,4,max,0.0,1.0,0.26696470588235294,0.4214240612116034,0.0
CICIoT2023,IF,2,4,90,0.1,0.9776759790954255,0.7130823529411765,0.8246755013741871,0.016023464032108675
CICIoT2023,IF,2,4,95,0.05,0.997517024362662,0.6364862745098039,0.7771170291208213,0.0015591231861685705
CICIoT2023,IF,2,4,96,0.04,0.99964613252337,0.5317490196078432,0.6942177532484819,0.00018524235875270144
CICIoT2023,IF,2,4,97,0.03,0.9996671720720387,0.4240313725490196,0.5954775253053717,0.00013893176906452608
CICIoT2023,IF,2,4,98,0.02,0.9996478563253808,0.35623529411764704,0.5252810288199102,0.0001234949058351343
CICIoT2023,IF,2,4,99,0.01,0.9995981860972389,0.2731607843137255,0.42906949526308646,0.00010805804260574252
CICIoT2023,IF,2,4,99.5,0.005,0.9996500314971652,0.22403137254901961,0.36603149787921113,7.718431614695894e-05
CICIoT2023,IF,2,4,99.9,0.001,0.9998646820027064,0.11590588235294118,0.20773123418611192,1.543686322939179e-05
CICIoT2023,IF,2,4,99.99,0.0001,1.0,0.047984313725490196,0.09157448846712268,0.0
CICIoT2023,IF,2,4,max,0.0,1.0,0.032329411764705884,0.06263390618589597,0.0
CICIoT2023,OCSVM,2,4,90,0.1,0.9992728696479011,0.5604862745098039,0.7181605314199001,0.0004013584439641865
CICIoT2023,OCSVM,2,4,95,0.05,0.9995722840034217,0.5132235294117647,0.6782197715636077,0.00021611608521148503
CICIoT2023,OCSVM,2,4,96,0.04,0.9995968367188711,0.5056,0.6715349757799886,0.00020067922198209324
CICIoT2023,OCSVM,2,4,97,0.03,0.9996828316787719,0.4944156862745098,0.6616148364277543,0.00015436863229391788
CICIoT2023,OCSVM,2,4,98,0.02,0.9997393542501548,0.48133333333333334,0.6498099382696442,0.0001234949058351343
CICIoT2023,OCSVM,2,4,99,0.01,0.9998304337504663,0.4624627450980392,0.6324098801977754,7.718431614695894e-05
CICIoT2023,OCSVM,2,4,99.5,0.005,0.9998597081930415,0.4471843137254902,0.617979233053695,6.174745291756716e-05
CICIoT2023,OCSVM,2,4,99.9,0.001,1.0,0.3752,0.5456660849331006,0.0
CICIoT2023,OCSVM,2,4,99.99,0.0001,1.0,0.32410980392156863,0.48955124863763444,0.0
CICIoT2023,OCSVM,2,4,max,0.0,1.0,0.23871372549019607,0.3854219430655455,0.0
CICIoT2023,LOF,2,4,90,0.1,0.9900708184273929,0.42544313725490196,0.5951461423681208,0.004198826798394566
CICIoT2023,LOF,2,4,95,0.05,0.9997199977599821,0.2800313725490196,0.43751148798509937,7.718431614695894e-05
CICIoT2023,LOF,2,4,96,0.04,1.0,0.21962352941176472,0.36014970868541885,0.0
CICIoT2023,LOF,2,4,97,0.03,1.0,0.20172549019607844,0.3357264064743506,0.0
CICIoT2023,LOF,2,4,98,0.02,1.0,0.1896,0.3187626092804304,0.0
CICIoT2023,LOF,2,4,99,0.01,1.0,0.1779764705882353,0.30217321828060084,0.0
CICIoT2023,LOF,2,4,99.5,0.005,1.0,0.16539607843137255,0.283845263412927,0.0
CICIoT2023,LOF,2,4,99.9,0.001,1.0,0.14258823529411765,0.24958813838550248,0.0
CICIoT2023,LOF,2,4,99.99,0.0001,1.0,0.1184470588235294,0.21180628602684395,0.0
CICIoT2023,LOF,2,4,max,0.0,1.0,0.11581176470588235,0.2075829783644722,0.0
CICIoT2023,SNN_AE,2,5,90,0.1,0.8687463893703061,0.8256156862745098,0.8466320826798568,0.12402713873508539
CICIoT2023,SNN_AE,2,5,95,0.05,0.9023624072305092,0.7705254901960784,0.8312490481106053,0.08289791780394604
CICIoT2023,SNN_AE,2,5,96,0.04,0.9043197644794203,0.7516705882352941,0.8209595764911468,0.07907665912812914
CICIoT2023,SNN_AE,2,5,97,0.03,0.9061235448670004,0.7411450980392157,0.8153728007731269,0.0763471886454028
CICIoT2023,SNN_AE,2,5,98,0.02,0.9146072684642439,0.6118901960784314,0.7332330827067669,0.05680417998908212
CICIoT2023,SNN_AE,2,5,99,0.01,0.9648950470478751,0.5855058823529412,0.7287814592810982,0.021180690945956485
CICIoT2023,SNN_AE,2,5,99.5,0.005,0.9655934671798606,0.5824156862745098,0.7265806931371205,0.020634796849411215
CICIoT2023,SNN_AE,2,5,99.9,0.001,0.9738343296327925,0.4472,0.6129320075248589,0.011947282227247913
CICIoT2023,SNN_AE,2,5,99.99,0.0001,0.998798541085604,0.36512941176470587,0.534765378209178,0.0004367152772362162
CICIoT2023,SNN_AE,2,5,max,0.0,1.0,0.10809411764705883,0.1950991633753769,0.0
CICIoT2023,LSTM_AE,2,5,90,0.1,0.9336368546955783,0.7591529411764706,0.8374024535843441,0.05365359120330656
CICIoT2023,LSTM_AE,2,5,95,0.05,0.952544287962552,0.7405490196078431,0.8332744987291726,0.03668408328784216
CICIoT2023,LSTM_AE,2,5,96,0.04,0.9538719653938671,0.7402196078431372,0.8335732770422447,0.03559229509475162
CICIoT2023,LSTM_AE,2,5,97,0.03,0.9576815245215554,0.7394352941176471,0.8345253691180116,0.03248849723153708
CICIoT2023,LSTM_AE,2,5,98,0.02,0.9585553341196568,0.7393882352941177,0.8348269632673304,0.03178663339312173
CICIoT2023,LSTM_AE,2,5,99,0.01,0.9605429421595402,0.7392941176470588,0.8355197844277408,0.030195742026046947
CICIoT2023,LSTM_AE,2,5,99.5,0.005,0.9791710103832201,0.7366745098039216,0.8407870237754225,0.015581377212820713
CICIoT2023,LSTM_AE,2,5,99.9,0.001,0.9827738126707198,0.6998274509803921,0.8175104905356128,0.012196833814240037
CICIoT2023,LSTM_AE,2,5,99.99,0.0001,0.9837622961864978,0.6871058823529411,0.809098969300676,0.011276612337206582
CICIoT2023,LSTM_AE,2,5,max,0.0,1.0,0.10809411764705883,0.1950991633753769,0.0
CICIoT2023,CNN_AE,2,5,90,0.1,0.9273066510572913,0.7952,0.8561874039419682,0.06198237541916868
CICIoT2023,CNN_AE,2,5,95,0.05,0.9491626201565752,0.7512156862745099,0.8386673087868306,0.040006238789674804
CICIoT2023,CNN_AE,2,5,96,0.04,0.961412383650344,0.7453019607843138,0.8396748254837855,0.029743429774623725
CICIoT2023,CNN_AE,2,5,97,0.03,0.9622905310935949,0.7449411764705882,0.8397803732946659,0.029025968962021368
CICIoT2023,CNN_AE,2,5,98,0.02,0.9636035158232344,0.7446274509803922,0.8400803447391009,0.02796537471730484
CICIoT2023,CNN_AE,2,5,99,0.01,0.9719251336898396,0.7412549019607844,0.8410607813473346,0.021289869765265538
CICIoT2023,CNN_AE,2,5,99.5,0.005,0.9789484643414889,0.7374745098039216,0.8412256765824201,0.015768540903064805
CICIoT2023,CNN_AE,2,5,99.9,0.001,0.9827655480132801,0.7290039215686275,0.8370752618449375,0.012711533962411292
CICIoT2023,CNN_AE,2,5,99.99,0.0001,0.9999513689636726,0.3225411764705882,0.4877539643945773,1.559697418700772e-05
CICIoT2023,CNN_AE,2,5,max,0.0,1.0,0.10809411764705883,0.1950991633753769,0.0
CICIoT2023,SNN_Dense,2,5,90,0.1,0.9349429657794677,0.7714196078431372,0.8453459389772239,0.05337284566794042
CICIoT2023,SNN_Dense,2,5,95,0.05,0.9586703511709058,0.7455372549019608,0.8387762845570782,0.03195820010917882
CICIoT2023,SNN_Dense,2,5,96,0.04,0.9620209413439057,0.7422274509803921,0.8379510337804933,0.02913514778133042
CICIoT2023,SNN_Dense,2,5,97,0.03,0.966887009361143,0.7388078431372549,0.8375984777080259,0.025157919363643453
CICIoT2023,SNN_Dense,2,5,98,0.02,0.9689478133569764,0.7371450980392157,0.8372992187012801,0.023489043125633626
CICIoT2023,SNN_Dense,2,5,99,0.01,0.973702810577083,0.7347294117647059,0.8375024585620541,0.019730172346564767
CICIoT2023,SNN_Dense,2,5,99.5,0.005,0.9762042679394796,0.6608941176470589,0.7881843436941698,0.01601809249005693
CICIoT2023,SNN_Dense,2,5,99.9,0.001,0.9799926674697533,0.5870117647058823,0.7342253963271073,0.011916088278873898
CICIoT2023,SNN_Dense,2,5,99.99,0.0001,0.9995524998982954,0.38541176470588234,0.5563165819474477,0.00017156671605708491
CICIoT2023,SNN_Dense,2,5,max,0.0,1.0,0.10809411764705883,0.1950991633753769,0.0
CICIoT2023,Dense_SNN,2,5,90,0.1,0.9058090525929998,0.8529098039215687,0.8785638688932514,0.08818529205334165
CICIoT2023,Dense_SNN,2,5,95,0.05,0.937830005866771,0.8274823529411764,0.8792073267277227,0.054542618731965996
CICIoT2023,Dense_SNN,2,5,96,0.04,0.9553543027150422,0.8008941176470589,0.8713319054892358,0.03721438041020042
CICIoT2023,Dense_SNN,2,5,97,0.03,0.9677555958862674,0.7528,0.8468501852832185,0.024939561725025344
CICIoT2023,Dense_SNN,2,5,98,0.02,0.9694232681471661,0.7340549019607843,0.8354787452464693,0.023021133900023395
CICIoT2023,Dense_SNN,2,5,99,0.01,0.9736197110423117,0.7103529411764706,0.8214071937748273,0.01913748732745847
CICIoT2023,Dense_SNN,2,5,99.5,0.005,0.9772549946802223,0.6483607843137255,0.7795369890140977,0.015004289167901428
CICIoT2023,Dense_SNN,2,5,99.9,0.001,0.9802022756005057,0.6081098039215687,0.7505711519845111,0.012212430788427046
CICIoT2023,Dense_SNN,2,5,99.99,0.0001,0.9998419159783425,0.3968470588235294,0.5681785004435561,6.238789674803088e-05
CICIoT2023,Dense_SNN,2,5,max,0.0,1.0,0.10809411764705883,0.1950991633753769,0.0
CICIoT2023,Dense_AE,2,5,90,0.1,0.9307609778527091,0.7620705882352942,0.8380107981301641,0.0563674647118459
CICIoT2023,Dense_AE,2,5,95,0.05,0.9437088686931996,0.7557960784313725,0.8393637963172655,0.04482570381346019
CICIoT2023,Dense_AE,2,5,96,0.04,0.9468028366552753,0.7518431372549019,0.8381348744896084,0.04200265148561179
CICIoT2023,Dense_AE,2,5,97,0.03,0.9519724871533402,0.7468392156862745,0.8370208239937414,0.03746393199719254
CICIoT2023,Dense_AE,2,5,98,0.02,0.9549207630968003,0.7419921568627451,0.8350973209162732,0.03482804335958824
CICIoT2023,Dense_AE,2,5,99,0.01,0.9611167928001636,0.7370823529411765,0.8343217329545455,0.029649847929501677
CICIoT2023,Dense_AE,2,5,99.5,0.005,0.9641789197995504,0.7333960784313726,0.8331002040252671,0.02709194416283241
CICIoT2023,Dense_AE,2,5,99.9,0.001,0.9825588990985499,0.707843137254902,0.8228782960720668,0.012493176323793185
CICIoT2023,Dense_AE,2,5,99.99,0.0001,0.9850768020053048,0.5301490196078431,0.6893196952854914,0.007985650783747952
CICIoT2023,Dense_AE,2,5,max,0.0,1.0,0.192078431372549,0.3222580432923219,0.0
CICIoT2023,SNN_AE_T2,2,5,90,0.1,0.8649011871327901,0.7874196078431372,0.8243437420456692,0.12229587460032754
CICIoT2023,SNN_AE_T2,2,5,95,0.05,0.8965894583257341,0.7711372549019608,0.829144881092933,0.08843484364033377
CICIoT2023,SNN_AE_T2,2,5,96,0.04,0.9021054997752136,0.7554196078431372,0.8222719278774736,0.08150978710130234
CICIoT2023,SNN_AE_T2,2,5,97,0.03,0.9184523344021271,0.7368941176470588,0.8177165834044109,0.06505497933400921
CICIoT2023,SNN_AE_T2,2,5,98,0.02,0.9283328332833284,0.7280313725490196,0.8160710360894985,0.055883958512048665
CICIoT2023,SNN_AE_T2,2,5,99,0.01,0.9473007445506771,0.716486274509804,0.8158832513151196,0.03963191140918662
CICIoT2023,SNN_AE_T2,2,5,99.5,0.005,0.9528539387558933,0.6530823529411764,0.7749897621086334,0.032129766825235904
CICIoT2023,SNN_AE_T2,2,5,99.9,0.001,0.9817706787007897,0.5187137254901961,0.678791362180803,0.00957654215082274
CICIoT2023,SNN_AE_T2,2,5,99.99,0.0001,0.9884296659196331,0.29749019607843136,0.4573350856674343,0.003462528269515714
CICIoT2023,SNN_AE_T2,2,5,max,0.0,1.0,0.10809411764705883,0.1950991633753769,0.0
CICIoT2023,SNN_AE_T5,2,5,90,0.1,0.8778660272740896,0.8270117647058823,0.8516804381012382,0.11440380566170164
CICIoT2023,SNN_AE_T5,2,5,95,0.05,0.9052329519124515,0.7966901960784314,0.8475003337338138,0.08292911175232005
CICIoT2023,SNN_AE_T5,2,5,96,0.04,0.911897152818129,0.7877647058823529,0.8452980087862516,0.07567651875536147
CICIoT2023,SNN_AE_T5,2,5,97,0.03,0.9171544099998153,0.7792,0.8425676993664714,0.06998362317710365
CICIoT2023,SNN_AE_T5,2,5,98,0.02,0.9400550238307436,0.7610980392156863,0.8411636212336603,0.04825703813460189
CICIoT2023,SNN_AE_T5,2,5,99,0.01,0.9652484171014911,0.7341490196078432,0.8339852276878391,0.02628090150510801
CICIoT2023,SNN_AE_T5,2,5,99.5,0.005,0.9775681931255272,0.7088941176470588,0.821829622018749,0.016174062231927005
CICIoT2023,SNN_AE_T5,2,5,99.9,0.001,0.984203349713139,0.600078431372549,0.7455734318206181,0.00957654215082274
CICIoT2023,SNN_AE_T5,2,5,99.99,0.0001,0.9940433006223988,0.40836078431372547,0.5789034790246723,0.0024331279731732046
CICIoT2023,SNN_AE_T5,2,5,max,0.0,1.0,0.10809411764705883,0.1950991633753769,0.0
CICIoT2023,SNN_AE_T7,2,5,90,0.1,0.8746292665761826,0.8187764705882353,0.8457817854799116,0.11669656086719177
CICIoT2023,SNN_AE_T7,2,5,95,0.05,0.9206431535269709,0.8074509803921569,0.860339957547091,0.06920377446775326
CICIoT2023,SNN_AE_T7,2,5,96,0.04,0.9316594126037818,0.7991372549019607,0.8603249121858957,0.05828589253684785
CICIoT2023,SNN_AE_T7,2,5,97,0.03,0.9376247039737445,0.7887372549019608,0.8567606941734752,0.05217187865554083
CICIoT2023,SNN_AE_T7,2,5,98,0.02,0.9505653230280653,0.7794039215686275,0.8565173546168366,0.04030258129922795
CICIoT2023,SNN_AE_T7,2,5,99,0.01,0.9703683819278104,0.7371450980392157,0.837829164363779,0.022381657958356078
CICIoT2023,SNN_AE_T7,2,5,99.5,0.005,0.9783315276273022,0.7224,0.8311090658076392,0.015908913670747874
CICIoT2023,SNN_AE_T7,2,5,99.9,0.001,0.9809275245934551,0.6131450980392157,0.7546091623390412,0.011853700382125867
CICIoT2023,SNN_AE_T7,2,5,99.99,0.0001,0.9998883222275993,0.42133333333333334,0.5928509154315605,4.679092256102316e-05
CICIoT2023,SNN_AE_T7,2,5,max,0.0,1.0,0.10809411764705883,0.1950991633753769,0.0
CICIoT2023,SNN_AE_noBN,2,5,90,0.1,0.9126861660627287,0.8257411764705882,0.8670394558047221,0.07854636200577088
CICIoT2023,SNN_AE_noBN,2,5,95,0.05,0.9346040398760408,0.7853019607843137,0.8534726720992875,0.05463620057708805
CICIoT2023,SNN_AE_noBN,2,5,96,0.04,0.9346620094514074,0.7849254901960784,0.8532744464433397,0.054558215706153004
CICIoT2023,SNN_AE_noBN,2,5,97,0.03,0.9355829376742784,0.7789333333333334,0.8501018608871314,0.053326054745379395
CICIoT2023,SNN_AE_noBN,2,5,98,0.02,0.942247003930224,0.7634196078431372,0.8434588955035051,0.04652577399984403
CICIoT2023,SNN_AE_noBN,2,5,99,0.01,0.9517785444787442,0.7399686274509804,0.832614086644957,0.037276768306948455
CICIoT2023,SNN_AE_noBN,2,5,99.5,0.005,0.9593677879571998,0.6455529411764706,0.7717797969000535,0.027185526007954458
CICIoT2023,SNN_AE_noBN,2,5,99.9,0.001,0.9820939818631492,0.46716862745098037,0.633154398086633,0.008469156983545192
CICIoT2023,SNN_AE_noBN,2,5,99.99,0.0001,0.9747957415201782,0.3088,0.4690213830484246,0.00793885986118693
CICIoT2023,SNN_AE_noBN,2,5,max,0.0,1.0,0.10809411764705883,0.1950991633753769,0.0
CICIoT2023,IF,2,5,90,0.1,0.8478959802476154,0.7487686274509804,0.7952551917165778,0.1335568899633471
CICIoT2023,IF,2,5,95,0.05,0.9154708941663011,0.6875294117647058,0.7852938805127792,0.06312095453482025
CICIoT2023,IF,2,5,96,0.04,0.9318650915638312,0.6657098039215686,0.7766167697544194,0.04839741090228496
CICIoT2023,IF,2,5,97,0.03,0.9344986432763299,0.23229803921568629,0.3720994509843336,0.016189659206114013
CICIoT2023,IF,2,5,98,0.02,0.9006342494714588,0.1136,0.2017523087852238,0.012461982375419168
CICIoT2023,IF,2,5,99,0.01,0.865945945945946,0.07538823529411764,0.1387012987012987,0.011604148795133743
CICIoT2023,IF,2,5,99.5,0.005,0.8479507326396263,0.06263529411764705,0.11665376356651426,0.011167433517897528
CICIoT2023,IF,2,5,99.9,0.001,0.8396589658965896,0.047890196078431375,0.09061229335470276,0.0090930359510255
CICIoT2023,IF,2,5,99.99,0.0001,0.8916379580331977,0.044658823529411765,0.08505743692395024,0.005396553068704671
CICIoT2023,IF,2,5,max,0.0,0.9339469409853817,0.027058823529411764,0.052593868622040636,0.0019028308508149418
CICIoT2023,OCSVM,2,5,90,0.1,0.8831520542516182,0.6291921568627451,0.7348490400117249,0.08277314201044997
CICIoT2023,OCSVM,2,5,95,0.05,0.9229654793425588,0.5796078431372549,0.7120558082170662,0.04810106839273181
CICIoT2023,OCSVM,2,5,96,0.04,0.9485490196078431,0.5691294117647059,0.7114117647058823,0.030694845200031195
CICIoT2023,OCSVM,2,5,97,0.03,0.954993042919833,0.559843137254902,0.7058800261070786,0.026234110582546984
CICIoT2023,OCSVM,2,5,98,0.02,0.9638736263736264,0.5503529411764706,0.7006490264603096,0.02051002105591515
CICIoT2023,OCSVM,2,5,99,0.01,0.9743494077045052,0.4915764705882353,0.6534672046542178,0.01286750370428137
CICIoT2023,OCSVM,2,5,99.5,0.005,0.9751678063845208,0.4854117647058824,0.6481782097336699,0.012290415659362083
CICIoT2023,OCSVM,2,5,99.9,0.001,0.9784127970181705,0.3952941176470588,0.5630907425200545,0.008671917647976292
CICIoT2023,OCSVM,2,5,99.99,0.0001,0.9738134206219312,0.2986666666666667,0.45713188158747686,0.007985650783747952
CICIoT2023,OCSVM,2,5,max,0.0,0.0,0.0,0.0,0.0
CICIoT2023,LOF,2,5,90,0.1,0.720458128941836,0.5160627450980392,0.6013672838941999,0.19909537549715356
CICIoT2023,LOF,2,5,95,0.05,0.7395478260869566,0.33352156862745097,0.45971891891891886,0.1167901427123138
CICIoT2023,LOF,2,5,96,0.04,0.9965696272946412,0.16861176470588235,0.28842438553182354,0.0005770880449192856
CICIoT2023,LOF,2,5,97,0.03,0.9968884120171674,0.14574117647058824,0.2543040919666074,0.0004523122514232239
CICIoT2023,LOF,2,5,98,0.02,0.9975529181451119,0.12789019607843138,0.22671468097826844,0.0003119394837401544
CICIoT2023,LOF,2,5,99,0.01,0.9976376973766008,0.12586666666666665,0.2235315420723469,0.0002963425095531467
CICIoT2023,LOF,2,5,99.5,0.005,0.9990469707283867,0.11510588235294118,0.20642801884802028,0.00010917881930905405
CICIoT2023,LOF,2,5,99.9,0.001,0.9990469707283867,0.11510588235294118,0.20642801884802028,0.00010917881930905405
CICIoT2023,LOF,2,5,99.99,0.0001,0.9990469707283867,0.11510588235294118,0.20642801884802028,0.00010917881930905405
CICIoT2023,LOF,2,5,max,0.0,0.999309201436861,0.11345882352941176,0.20378092071899473,7.79848709350386e-05
CICIoT2023,SNN_AE,2,6,90,0.1,0.8387395022729024,0.8538039215686275,0.8462046717711531,0.16322488068128646
CICIoT2023,SNN_AE,2,6,95,0.05,0.883953561550819,0.8372392156862745,0.8599624590150727,0.10928970271703528
CICIoT2023,SNN_AE,2,6,96,0.04,0.8953924683929416,0.8309803921568627,0.8619848023821534,0.09653117883769535
CICIoT2023,SNN_AE,2,6,97,0.03,0.9161465163038727,0.8219450980392157,0.8664930340237298,0.0748042549209221
CICIoT2023,SNN_AE,2,6,98,0.02,0.9673556720255972,0.7730196078431373,0.859337535856591,0.025938172630002806
CICIoT2023,SNN_AE,2,6,99,0.01,0.9684634983048127,0.7572549019607843,0.8499344172821466,0.02451882584146988
CICIoT2023,SNN_AE,2,6,99.5,0.005,0.9914234771029409,0.6890509803921568,0.8130338617581462,0.005926942633434195
CICIoT2023,SNN_AE,2,6,99.9,0.001,0.9953892767751285,0.5926274509803922,0.742932992478246,0.002729513054871011
CICIoT2023,SNN_AE,2,6,99.99,0.0001,0.9997662276942259,0.20125490196078433,0.3350613060339762,4.679165236921733e-05
CICIoT2023,SNN_AE,2,6,max,0.0,1.0,0.14574117647058824,0.2544050601716844,0.0
CICIoT2023,LSTM_AE,2,6,90,0.1,0.8532654395963748,0.8595294117647059,0.8563859714928731,0.14697258009171163
CICIoT2023,LSTM_AE,2,6,95,0.05,0.890125081194517,0.8383372549019608,0.8634553400489535,0.10289484355990891
CICIoT2023,LSTM_AE,2,6,96,0.04,0.8966944942035353,0.8323294117647059,0.8633139175425466,0.09534579031100851
CICIoT2023,LSTM_AE,2,6,97,0.03,0.9007603453306559,0.8232313725490196,0.8602525960348487,0.0901831113329382
CICIoT2023,LSTM_AE,2,6,98,0.02,0.9323738608579685,0.7896,0.8550680324109463,0.05694544093333749
CICIoT2023,LSTM_AE,2,6,99,0.01,0.9719540510815105,0.7485647058823529,0.8457571246278178,0.021477368437470754
CICIoT2023,LSTM_AE,2,6,99.5,0.005,0.9892376297058572,0.7237960784313725,0.8359512292334728,0.0078298031631157
CICIoT2023,LSTM_AE,2,6,99.9,0.001,0.9999747487500631,0.6211921568627451,0.7663325334778233,1.5597217456405777e-05
CICIoT2023,LSTM_AE,2,6,99.99,0.0001,1.0,0.5688313725490196,0.7251657284553009,0.0
CICIoT2023,LSTM_AE,2,6,max,0.0,1.0,0.4419137254901961,0.6129544613911795,0.0
CICIoT2023,CNN_AE,2,6,90,0.1,0.8565326076638294,0.8492235294117647,0.8528624090235988,0.14143556789468759
CICIoT2023,CNN_AE,2,6,95,0.05,0.8806089476664779,0.8293333333333334,0.8542023459462953,0.11180085472751661
CICIoT2023,CNN_AE,2,6,96,0.04,0.8949401644832855,0.8176313725490196,0.8545408343101653,0.09543937361574695
CICIoT2023,CNN_AE,2,6,97,0.03,0.9156038279881835,0.811921568627451,0.8606513081866629,0.07441432448451196
CICIoT2023,CNN_AE,2,6,98,0.02,0.925980559022656,0.7680627450980392,0.8396611448365745,0.061047509124372214
CICIoT2023,CNN_AE,2,6,99,0.01,0.9864095616190897,0.7366274509803922,0.8434135258672557,0.010091399694294538
CICIoT2023,CNN_AE,2,6,99.5,0.005,0.9914770323999662,0.7353882352941177,0.8444440441666518,0.006285678634931529
CICIoT2023,CNN_AE,2,6,99.9,0.001,0.9964376225314397,0.653756862745098,0.7895165567932105,0.0023239854010044607
CICIoT2023,CNN_AE,2,6,99.99,0.0001,0.9992886178861788,0.4627294117647059,0.6325506593760052,0.0003275415665845213
CICIoT2023,CNN_AE,2,6,max,0.0,1.0,0.40312156862745097,0.5746067591588503,0.0
CICIoT2023,SNN_Dense,2,6,90,0.1,0.9114250378860458,0.8207686274509803,0.8637245272740779,0.07931185076582338
CICIoT2023,SNN_Dense,2,6,95,0.05,0.9503657361029731,0.788721568627451,0.8620314254609669,0.04095829304052157
CICIoT2023,SNN_Dense,2,6,96,0.04,0.9518479168247704,0.7869803921568628,0.8615981727318003,0.03958573790435786
CICIoT2023,SNN_Dense,2,6,97,0.03,0.954113712374582,0.783121568627451,0.8602024553090675,0.03744891911283027
CICIoT2023,SNN_Dense,2,6,98,0.02,0.9573003832016892,0.7680627450980392,0.8523037824853348,0.03406432292479022
CICIoT2023,SNN_Dense,2,6,99,0.01,0.958040027605245,0.7621490196078431,0.8489407242388503,0.03319087874723149
CICIoT2023,SNN_Dense,2,6,99.5,0.005,0.9662775616083009,0.7245490196078431,0.8281339644291452,0.025142714539726115
CICIoT2023,SNN_Dense,2,6,99.9,0.001,0.9950125957403496,0.6133803921568628,0.7589205135421013,0.0030570546214555325
CICIoT2023,SNN_Dense,2,6,99.99,0.0001,0.9948338401788004,0.42591372549019607,0.5964654064562899,0.0021992076613532147
CICIoT2023,SNN_Dense,2,6,max,0.0,0.9977254482204977,0.35091764705882356,0.5192173791950981,0.0007954580902766946
CICIoT2023,Dense_SNN,2,6,90,0.1,0.8850429509853461,0.8242352941176471,0.8535575048732942,0.10645100913996942
CICIoT2023,Dense_SNN,2,6,95,0.05,0.9113209243773042,0.7948862745098039,0.8491307444179128,0.07690987927753688
CICIoT2023,Dense_SNN,2,6,96,0.04,0.921437002065506,0.7837490196078432,0.8470340922576161,0.06644414636428861
CICIoT2023,Dense_SNN,2,6,97,0.03,0.9675039872408293,0.7612549019607843,0.8520762005091738,0.025423464453941415
CICIoT2023,Dense_SNN,2,6,98,0.02,0.9719051446945337,0.7586196078431372,0.8521187560567351,0.021804910004055277
CICIoT2023,Dense_SNN,2,6,99,0.01,0.9844643975777824,0.7395450980392156,0.8446076675026871,0.011604329787565898
CICIoT2023,Dense_SNN,2,6,99.5,0.005,0.9925933877200516,0.7252549019607843,0.8381219976434334,0.005381040022459993
CICIoT2023,Dense_SNN,2,6,99.9,0.001,0.9946218042124785,0.5888941176470588,0.7397802847430907,0.0031662351436503727
CICIoT2023,Dense_SNN,2,6,99.99,0.0001,0.9947018415667933,0.42702745098039213,0.5975328694659672,0.0022615965311788377
CICIoT2023,Dense_SNN,2,6,max,0.0,1.0,0.3641254901960784,0.5338592274875522,0.0
CICIoT2023,Dense_AE,2,6,90,0.1,0.8653397655026996,0.849756862745098,0.8574775231100418,0.1314845431575007
CICIoT2023,Dense_AE,2,6,95,0.05,0.9194657724769943,0.7570196078431373,0.83037242874472,0.06592943818822722
CICIoT2023,Dense_AE,2,6,96,0.04,0.9413251703367236,0.7476705882352941,0.8333959872360887,0.04633933306298156
CICIoT2023,Dense_AE,2,6,97,0.03,0.9518006326547165,0.7362980392156863,0.8302938106946385,0.037074585893876535
CICIoT2023,Dense_AE,2,6,98,0.02,0.9650387307899424,0.7308862745098039,0.8317980576978006,0.026328103066412954
CICIoT2023,Dense_AE,2,6,99,0.01,0.9771997295241315,0.7254117647058823,0.8326881178313555,0.016829397635461835
CICIoT2023,Dense_AE,2,6,99.5,0.005,0.9890338972009294,0.7144470588235294,0.8296099306927988,0.007876594815484918
CICIoT2023,Dense_AE,2,6,99.9,0.001,0.9964393191059245,0.6804078431372549,0.8086427233154054,0.0024175687057428953
CICIoT2023,Dense_AE,2,6,99.99,0.0001,0.999964160275249,0.4376627450980392,0.608846506350107,1.5597217456405777e-05
CICIoT2023,Dense_AE,2,6,max,0.0,1.0,0.3979921568627451,0.5693768093175646,0.0
CICIoT2023,SNN_AE_T2,2,6,90,0.1,0.8382819397665217,0.8042509803921568,0.820913923402075,0.15427207786130953
CICIoT2023,SNN_AE_T2,2,6,95,0.05,0.9268264621284755,0.7581803921568627,0.8340638481449525,0.05951898181364445
CICIoT2023,SNN_AE_T2,2,6,96,0.04,0.9285616958324412,0.7482823529411765,0.8287310094420751,0.0572417880650092
CICIoT2023,SNN_AE_T2,2,6,97,0.03,0.9329914880525074,0.7135372549019607,0.8086396160170658,0.050956109430077674
CICIoT2023,SNN_AE_T2,2,6,98,0.02,0.9540955098764882,0.6712941176470588,0.7880925196125372,0.03211467074273949
CICIoT2023,SNN_AE_T2,2,6,99,0.01,0.9797165141380726,0.6364392156862745,0.7716211975694872,0.013101662663380852
CICIoT2023,SNN_AE_T2,2,6,99.5,0.005,0.9915135608048994,0.5333176470588236,0.6935740514075888,0.004538790279814081
CICIoT2023,SNN_AE_T2,2,6,99.9,0.001,0.994484412470024,0.455356862745098,0.6246825909188723,0.00251115201048133
CICIoT2023,SNN_AE_T2,2,6,99.99,0.0001,0.9911728395061729,0.25187450980392156,0.40167604752970604,0.0022304020962660262
CICIoT2023,SNN_AE_T2,2,6,max,0.0,0.9929294329682518,0.11234509803921569,0.2018516691797134,0.0007954580902766946
CICIoT2023,SNN_AE_T5,2,6,90,0.1,0.889336925058979,0.8337725490196078,0.8606588566755993,0.10315999625666782
CICIoT2023,SNN_AE_T5,2,6,95,0.05,0.9152842873944564,0.8178980392156863,0.8638551322514643,0.07527217144461427
CICIoT2023,SNN_AE_T5,2,6,96,0.04,0.9304986124787396,0.8152627450980392,0.8690773797082061,0.06054839816576723
CICIoT2023,SNN_AE_T5,2,6,97,0.03,0.9427951293087592,0.8040156862745098,0.8678925801754209,0.048507346289421965
CICIoT2023,SNN_AE_T5,2,6,98,0.02,0.9525108233364484,0.7834196078431372,0.8597299088506926,0.038837071466450386
CICIoT2023,SNN_AE_T5,2,6,99,0.01,0.9839221538008869,0.7343686274509804,0.8410236142673649,0.01193187135415042
CICIoT2023,SNN_AE_T5,2,6,99.5,0.005,0.9919037599487696,0.6803137254901961,0.8070789214135511,0.005521414979567645
CICIoT2023,SNN_AE_T5,2,6,99.9,0.001,0.9954025060849184,0.5196235294117647,0.6828061713508332,0.0023863742708300838
CICIoT2023,SNN_AE_T5,2,6,99.99,0.0001,0.9941181343716345,0.3764705882352941,0.546124789514404,0.0022148048788096205
CICIoT2023,SNN_AE_T5,2,6,max,0.0,0.9976278334211913,0.2968627450980392,0.45756769825918764,0.00070187478553826
CICIoT2023,SNN_AE_T7,2,6,90,0.1,0.8698366558210977,0.8261333333333334,0.8474219007699302,0.12292167077393393
CICIoT2023,SNN_AE_T7,2,6,95,0.05,0.9048397474914353,0.8161725490196079,0.8582220646087108,0.08534797392145241
CICIoT2023,SNN_AE_T7,2,6,96,0.04,0.920049901978257,0.8097882352941177,0.8614049724678792,0.06996911750943631
CICIoT2023,SNN_AE_T7,2,6,97,0.03,0.9309562161370625,0.7978039215686274,0.8592522511868359,0.05883270424556259
CICIoT2023,SNN_AE_T7,2,6,98,0.02,0.9467867529787034,0.791513725490196,0.8622153872442223,0.04423370870636678
CICIoT2023,SNN_AE_T7,2,6,99,0.01,0.9837856002688398,0.7347450980392157,0.84122052405668,0.01204105187634526
CICIoT2023,SNN_AE_T7,2,6,99.5,0.005,0.9918796534157704,0.7146823529411764,0.8307683891907662,0.005817762111239355
CICIoT2023,SNN_AE_T7,2,6,99.9,0.001,0.9956660871318064,0.6198431372549019,0.7640399470208918,0.0026827214025017935
CICIoT2023,SNN_AE_T7,2,6,99.99,0.0001,0.9998136275533025,0.4207529411764706,0.592263021925854,7.798608728202889e-05
CICIoT2023,SNN_AE_T7,2,6,max,0.0,1.0,0.3768941176470588,0.5474554837827676,0.0
CICIoT2023,SNN_AE_noBN,2,6,90,0.1,0.9075637551247308,0.8194980392156863,0.8612855894620572,0.08299279408553514
CICIoT2023,SNN_AE_noBN,2,6,95,0.05,0.9584736016727653,0.719043137254902,0.8216715213981627,0.030976073868421872
CICIoT2023,SNN_AE_noBN,2,6,96,0.04,0.9869187041983426,0.6781176470588235,0.8038827368832111,0.008937205602520511
CICIoT2023,SNN_AE_noBN,2,6,97,0.03,0.9891751861960494,0.6708392156862745,0.7994840349958873,0.007299497769597904
CICIoT2023,SNN_AE_noBN,2,6,98,0.02,0.9890719616955358,0.5508549019607843,0.7076117072187799,0.006051720373085442
CICIoT2023,SNN_AE_noBN,2,6,99,0.01,0.9890487133656765,0.5468392156862745,0.7042839682010565,0.00602052593817263
CICIoT2023,SNN_AE_noBN,2,6,99.5,0.005,0.9889830750349631,0.5435450980392157,0.701529553483758,0.00602052593817263
CICIoT2023,SNN_AE_noBN,2,6,99.9,0.001,0.9924674967324758,0.45262745098039214,0.6217142118417651,0.0034157906229528652
CICIoT2023,SNN_AE_noBN,2,6,99.99,0.0001,0.9947306214911849,0.3168470588235294,0.4806081659845817,0.0016689022678354182
CICIoT2023,SNN_AE_noBN,2,6,max,0.0,1.0,0.2036078431372549,0.33832920630783264,0.0
CICIoT2023,IF,2,6,90,0.1,0.8641993986270542,0.7168313725490196,0.7836472918399369,0.11200361855444989
CICIoT2023,IF,2,6,95,0.05,0.9164993408376433,0.7088313725490196,0.7993985228428641,0.06421374426802258
CICIoT2023,IF,2,6,96,0.04,0.9288259159338509,0.7074666666666667,0.8031734442198616,0.05390398352933837
CICIoT2023,IF,2,6,97,0.03,0.9403403698939243,0.6994509803921569,0.8022020527305274,0.044124528184171945
CICIoT2023,IF,2,6,98,0.02,0.9479989977905838,0.6528627450980392,0.7732250842986261,0.03560844745297439
CICIoT2023,IF,2,6,99,0.01,0.9829552497830668,0.49753725490196077,0.6606677914557687,0.008578469601023177
CICIoT2023,IF,2,6,99.5,0.005,0.9852061855670103,0.29981176470588233,0.4597233914612147,0.004476401409988458
CICIoT2023,IF,2,6,99.9,0.001,0.9918522542096686,0.08592941176470588,0.15815685765016674,0.00070187478553826
CICIoT2023,IF,2,6,99.99,0.0001,0.9982078853046595,0.05242352941176471,0.099615487793973,9.358330473843466e-05
CICIoT2023,IF,2,6,max,0.0,0.9994739610731194,0.02980392156862745,0.05788182967510015,1.5597217456405777e-05
CICIoT2023,OCSVM,2,6,90,0.1,0.8354510666187446,0.6198588235294118,0.7116858323803007,0.12139314346320616
CICIoT2023,OCSVM,2,6,95,0.05,0.8638173302107728,0.5785882352941176,0.6930014091122593,0.09069781950899959
CICIoT2023,OCSVM,2,6,96,0.04,0.8763602798289933,0.5659294117647059,0.6877370899178405,0.07938983685310541
CICIoT2023,OCSVM,2,6,97,0.03,0.8826676620629588,0.5563921568627451,0.6825419733487276,0.07354088030695324
CICIoT2023,OCSVM,2,6,98,0.02,0.9054836557705137,0.5322823529411764,0.6704470239565324,0.055245344230589265
CICIoT2023,OCSVM,2,6,99,0.01,0.9535089269931059,0.5076705882352941,0.6625721655816238,0.024612409146208318
CICIoT2023,OCSVM,2,6,99.5,0.005,0.9605835363784967,0.48854901960784314,0.647686980753434,0.019933243909286583
CICIoT2023,OCSVM,2,6,99.9,0.001,0.9920830401125967,0.4422745098039216,0.6118042747097754,0.0035093739276912997
CICIoT2023,OCSVM,2,6,99.99,0.0001,0.9923210979196166,0.28581960784313726,0.4438084567420109,0.0021992076613532147
CICIoT2023,OCSVM,2,6,max,0.0,1.0,0.23774117647058823,0.3841532963272755,0.0
CICIoT2023,LOF,2,6,90,0.1,0.815300254112612,0.3824941176470588,0.5207029831941745,0.08615902922918552
CICIoT2023,LOF,2,6,95,0.05,0.8188323917137477,0.23871372549019607,0.36966053318758724,0.05251583117571825
CICIoT2023,LOF,2,6,96,0.04,0.828488206065452,0.2275450980392157,0.3570312211570411,0.04683844402158655
CICIoT2023,LOF,2,6,97,0.03,0.8948339483394834,0.20541176470588235,0.3341243110838946,0.02400411766540849
CICIoT2023,LOF,2,6,98,0.02,0.9592851592851593,0.1936627450980392,0.3222657269642391,0.008172941947156627
CICIoT2023,LOF,2,6,99,0.01,0.9829435109347294,0.18260392156862745,0.3079914806926568,0.003150637926193967
CICIoT2023,LOF,2,6,99.5,0.005,0.983894187511247,0.17152941176470587,0.2921297285744817,0.002791901924696634
CICIoT2023,LOF,2,6,99.9,0.001,0.996515212438011,0.11662745098039215,0.20881605369956888,0.0004055276538665502
CICIoT2023,LOF,2,6,99.99,0.0001,0.9981468282252316,0.10983529411764706,0.19789443934148238,0.0002027638269332751
CICIoT2023,LOF,2,6,max,0.0,1.0,0.10978823529411764,0.19785438663444005,0.0
CICIoT2023,SNN_AE,2,7,90,0.1,0.8266692928895016,0.8558588235294118,0.8410108592612003,0.1784321677012821
CICIoT2023,SNN_AE,2,7,95,0.05,0.8721438669165269,0.8322509803921568,0.8517305593013548,0.12131515737592413
CICIoT2023,SNN_AE,2,7,96,0.04,0.9178675362013955,0.821286274509804,0.8668951586197761,0.07307296378326107
CICIoT2023,SNN_AE,2,7,97,0.03,0.9359117641670178,0.8013019607843137,0.8633916725118523,0.054559066662507406
CICIoT2023,SNN_AE,2,7,98,0.02,0.9432145926845573,0.7746196078431372,0.8506438137892425,0.04637052749789437
CICIoT2023,SNN_AE,2,7,99,0.01,0.9476010352379056,0.7466352941176471,0.8351991577469731,0.04105187634526
CICIoT2023,SNN_AE,2,7,99.5,0.005,0.9921722113502935,0.6839529411764705,0.8097236666171446,0.005365442805003587
CICIoT2023,SNN_AE,2,7,99.9,0.001,0.9966276532434041,0.5516549019607843,0.7101992184739037,0.0018560688773122875
CICIoT2023,SNN_AE,2,7,99.99,0.0001,0.9996043434299029,0.35667450980392157,0.5257523382313837,0.000140374957107652
CICIoT2023,SNN_AE,2,7,max,0.0,1.0,0.31982745098039217,0.48465039993344344,0.0
CICIoT2023,LSTM_AE,2,7,90,0.1,0.9325196486361534,0.7909960784313725,0.8559473795883725,0.05691424649842468
CICIoT2023,LSTM_AE,2,7,95,0.05,0.964896971620094,0.7631843137254902,0.8522680493636849,0.027607074897838226
CICIoT2023,LSTM_AE,2,7,96,0.04,0.9756987859476465,0.7589176470588235,0.8537622644173077,0.018794647034968963
CICIoT2023,LSTM_AE,2,7,97,0.03,0.9788185551083466,0.7553254901960784,0.8526703499079189,0.01625230058957482
CICIoT2023,LSTM_AE,2,7,98,0.02,0.9857663025488249,0.7474196078431372,0.8502043074068127,0.010730885610007174
CICIoT2023,LSTM_AE,2,7,99,0.01,0.9947463192458426,0.7365803921568628,0.8464152133747916,0.003868109929188633
CICIoT2023,LSTM_AE,2,7,99.5,0.005,0.9966565935832316,0.7294588235294117,0.8423769801374889,0.0024331659231993014
CICIoT2023,LSTM_AE,2,7,99.9,0.001,0.9977010986096068,0.708,0.828248722348127,0.0016221106154662007
CICIoT2023,LSTM_AE,2,7,99.99,0.0001,0.9984155414714797,0.6820235294117647,0.8104344908572387,0.0010762080044919987
CICIoT2023,LSTM_AE,2,7,max,0.0,1.0,0.40224313725490196,0.5737138254673184,0.0
CICIoT2023,CNN_AE,2,7,90,0.1,0.8349049140904344,0.8277803921568627,0.8313273890166673,0.16275696415759427
CICIoT2023,CNN_AE,2,7,95,0.05,0.9048867741039177,0.817364705882353,0.8589018741655265,0.08542596000873444
CICIoT2023,CNN_AE,2,7,96,0.04,0.957143393957613,0.7991058823529412,0.871014071503069,0.035577253018061576
CICIoT2023,CNN_AE,2,7,97,0.03,0.9722435651171725,0.7939607843137255,0.8741041360849666,0.022537979224506347
CICIoT2023,CNN_AE,2,7,98,0.02,0.9859816790260538,0.7800313725490196,0.8709976879422686,0.011027232741678885
CICIoT2023,CNN_AE,2,7,99,0.01,0.9945874504374095,0.7436705882352941,0.8510191442957538,0.0040240821037526905
CICIoT2023,CNN_AE,2,7,99.5,0.005,0.9947125613532473,0.7407058823529412,0.8491202201023188,0.00391490158155785
CICIoT2023,CNN_AE,2,7,99.9,0.001,0.9977857081434345,0.7280470588235294,0.841837012315673,0.001606513398009795
CICIoT2023,CNN_AE,2,7,99.99,0.0001,0.9976413504953164,0.4644392156862745,0.6338142740934195,0.0010918052219484045
CICIoT2023,CNN_AE,2,7,max,0.0,1.0,0.37752156862745095,0.5481171071660385,0.0
CICIoT2023,SNN_Dense,2,7,90,0.1,0.8693675407972721,0.839843137254902,0.8543503410858898,0.1254796144367845
CICIoT2023,SNN_Dense,2,7,95,0.05,0.9464103278536268,0.7992156862745098,0.8666071352638517,0.04499797236173067
CICIoT2023,SNN_Dense,2,7,96,0.04,0.9695047716294231,0.774478431372549,0.8610868882765356,0.02422247870979817
CICIoT2023,SNN_Dense,2,7,97,0.03,0.9762277009420726,0.7639843137254902,0.857162970784935,0.018498299903297252
CICIoT2023,SNN_Dense,2,7,98,0.02,0.9861737976105381,0.7574588235294117,0.8568158630173446,0.010559316217986711
CICIoT2023,SNN_Dense,2,7,99,0.01,0.9900616507556856,0.7532078431372549,0.855544370105747,0.0075178588139875845
CICIoT2023,SNN_Dense,2,7,99.5,0.005,0.9934586908968535,0.7409098039215686,0.8487968803349686,0.004850734628942197
CICIoT2023,SNN_Dense,2,7,99.9,0.001,0.9966195533551598,0.5873254901960784,0.7390913846366427,0.0019808466169635337
CICIoT2023,SNN_Dense,2,7,99.99,0.0001,0.9997777036790041,0.4232941176470588,0.594769729229345,9.358330473843466e-05
CICIoT2023,SNN_Dense,2,7,max,0.0,1.0,0.4127529411764706,0.5843243063189101,0.0
CICIoT2023,Dense_SNN,2,7,90,0.1,0.8216131582147634,0.8478274509803921,0.8345144904040638,0.1830333468509218
CICIoT2023,Dense_SNN,2,7,95,0.05,0.8995933153344041,0.8258196078431372,0.8611292855273488,0.09164924977384034
CICIoT2023,Dense_SNN,2,7,96,0.04,0.9160452037164366,0.815043137254902,0.8625976376057308,0.0742739495274043
CICIoT2023,Dense_SNN,2,7,97,0.03,0.9327794147252063,0.7994980392156863,0.861011394447213,0.05728857971737842
CICIoT2023,Dense_SNN,2,7,98,0.02,0.9401409770912227,0.7866509803921569,0.8565743176305811,0.049801915338303644
CICIoT2023,Dense_SNN,2,7,99,0.01,0.9903417533432393,0.7318431372549019,0.8416922244272055,0.007096733942664629
CICIoT2023,Dense_SNN,2,7,99.5,0.005,0.9941653438585953,0.7269960784313726,0.8398448825746594,0.004242443148142371
CICIoT2023,Dense_SNN,2,7,99.9,0.001,0.9972392330087341,0.623278431372549,0.7671100642894376,0.0017156939202046355
CICIoT2023,Dense_SNN,2,7,99.99,0.0001,0.9996810546459707,0.4424941176470588,0.6134525052192068,0.000140374957107652
CICIoT2023,Dense_SNN,2,7,max,0.0,1.0,0.3029176470588235,0.4649835662946509,0.0
CICIoT2023,Dense_AE,2,7,90,0.1,0.8659290797774808,0.8741333333333333,0.8700118653593956,0.13457279221386906
CICIoT2023,Dense_AE,2,7,95,0.05,0.9035683376606085,0.8516078431372549,0.8768189673272283,0.09037027794241508
CICIoT2023,Dense_AE,2,7,96,0.04,0.9091969371714475,0.8437490196078431,0.8752511980213326,0.08378825217581183
CICIoT2023,Dense_AE,2,7,97,0.03,0.9204089147626646,0.8233725490196079,0.869190836155292,0.07079577003462582
CICIoT2023,Dense_AE,2,7,98,0.02,0.9701753328914864,0.7577411764705883,0.850899675007266,0.02316186792276258
CICIoT2023,Dense_AE,2,7,99,0.01,0.9929315241401073,0.7403764705882353,0.848254481736083,0.005240665065352341
CICIoT2023,Dense_AE,2,7,99.5,0.005,0.9930144970227449,0.740313725490196,0.8482435723464867,0.005178276195526718
CICIoT2023,Dense_AE,2,7,99.9,0.001,0.997461805047103,0.6410980392156863,0.7805278637179635,0.0016221106154662007
CICIoT2023,Dense_AE,2,7,99.99,0.0001,0.9979331522381009,0.530164705882353,0.6924542604847467,0.0010918052219484045
CICIoT2023,Dense_AE,2,7,max,0.0,0.997925176684173,0.4828549019607843,0.6508097593978603,0.0009982219172099697
CICIoT2023,SNN_AE_T2,2,7,90,0.1,0.8460013218770654,0.7830588235294118,0.8133141083604194,0.1417319150263593
CICIoT2023,SNN_AE_T2,2,7,95,0.05,0.8806487488415199,0.7452705882352941,0.80732370433305,0.1004304832017968
CICIoT2023,SNN_AE_T2,2,7,96,0.04,0.8952098708040367,0.7249725490196078,0.8011475424044653,0.08438094643915525
CICIoT2023,SNN_AE_T2,2,7,97,0.03,0.9219714226547939,0.6983843137254901,0.7947518743305961,0.058770315375736966
CICIoT2023,SNN_AE_T2,2,7,98,0.02,0.9726036914383641,0.6587921568627451,0.7855158934266021,0.018451508250928034
CICIoT2023,SNN_AE_T2,2,7,99,0.01,0.987289195816444,0.6189490196078431,0.7608854950055921,0.007923386467854135
CICIoT2023,SNN_AE_T2,2,7,99.5,0.005,0.9879527559055118,0.5904470588235294,0.7391458026509574,0.007159122812490252
CICIoT2023,SNN_AE_T2,2,7,99.9,0.001,0.9964611224251327,0.4681882352941176,0.6370553770957174,0.0016533050503790125
CICIoT2023,SNN_AE_T2,2,7,99.99,0.0001,0.9997808363285702,0.35778823529411763,0.5269858139642345,7.798608728202889e-05
CICIoT2023,SNN_AE_T2,2,7,max,0.0,1.0,0.33309803921568626,0.49973524739659936,0.0
CICIoT2023,SNN_AE_T5,2,7,90,0.1,0.9100158108201004,0.8306196078431373,0.868506946152963,0.08166703060174064
CICIoT2023,SNN_AE_T5,2,7,95,0.05,0.9515437001332823,0.817521568627451,0.8794559613908085,0.04139501512930093
CICIoT2023,SNN_AE_T5,2,7,96,0.04,0.9624308571852842,0.8133333333333334,0.8816227980684215,0.03156876813176529
CICIoT2023,SNN_AE_T5,2,7,97,0.03,0.9757432304487786,0.8082980392156863,0.8841626630061771,0.019980035561655802
CICIoT2023,SNN_AE_T5,2,7,98,0.02,0.9844478098788444,0.7953411764705882,0.8798479879223281,0.012493371182581028
CICIoT2023,SNN_AE_T5,2,7,99,0.01,0.9889469784291125,0.753678431372549,0.8554311250378336,0.008375705774089902
CICIoT2023,SNN_AE_T5,2,7,99.5,0.005,0.9921760179821907,0.7200941176470588,0.8345179879656056,0.0056461927192188914
CICIoT2023,SNN_AE_T5,2,7,99.9,0.001,0.9969149180286071,0.6133333333333333,0.7594371230734865,0.001887263312225099
CICIoT2023,SNN_AE_T5,2,7,99.99,0.0001,0.9997564836235237,0.3864,0.5573770491803279,9.358330473843466e-05
CICIoT2023,SNN_AE_T5,2,7,max,0.0,1.0,0.3730823529411765,0.5434231270135034,0.0
CICIoT2023,SNN_AE_T7,2,7,90,0.1,0.8401395074665968,0.8048470588235294,0.8221146913204402,0.1522756340268896
CICIoT2023,SNN_AE_T7,2,7,95,0.05,0.9078791029258875,0.7670901960784313,0.8315676705154148,0.07739339301868546
CICIoT2023,SNN_AE_T7,2,7,96,0.04,0.920753362551005,0.7645647058823529,0.8354215587131275,0.06543032722962223
CICIoT2023,SNN_AE_T7,2,7,97,0.03,0.9461650466333478,0.7542901960784314,0.8394022972454003,0.042673986960726204
CICIoT2023,SNN_AE_T7,2,7,98,0.02,0.9509862641750519,0.7471843137254902,0.8368558829213444,0.03829116885547618
CICIoT2023,SNN_AE_T7,2,7,99,0.01,0.9848652254581084,0.7410666666666667,0.845746918608294,0.011323579873350594
CICIoT2023,SNN_AE_T7,2,7,99.5,0.005,0.991715801263763,0.7361098039215687,0.8450062573715438,0.006114109242911065
CICIoT2023,SNN_AE_T7,2,7,99.9,0.001,0.9970054516137289,0.611043137254902,0.7577051380554557,0.001824874442399476
CICIoT2023,SNN_AE_T7,2,7,99.99,0.0001,0.9999593247915396,0.38563137254901964,0.5566083658798892,1.5597217456405777e-05
CICIoT2023,SNN_AE_T7,2,7,max,0.0,1.0,0.3595607843137255,0.5289366808196418,0.0
CICIoT2023,SNN_AE_noBN,2,7,90,0.1,0.8528211937481003,0.8362196078431372,0.8444388122826887,0.14349440059893315
CICIoT2023,SNN_AE_noBN,2,7,95,0.05,0.8930499614362841,0.8173333333333334,0.8535157049838241,0.09732663692797205
CICIoT2023,SNN_AE_noBN,2,7,96,0.04,0.909611206302662,0.8077490196078432,0.8556592251642974,0.07981096172442836
CICIoT2023,SNN_AE_noBN,2,7,97,0.03,0.9215780256244815,0.7841725490196079,0.8473409890249587,0.06635056305955017
CICIoT2023,SNN_AE_noBN,2,7,98,0.02,0.9428017058431191,0.7317176470588236,0.82395541699418,0.04414012540162835
CICIoT2023,SNN_AE_noBN,2,7,99,0.01,0.9452219277906592,0.7162039215686274,0.814928516608064,0.04127023738964969
CICIoT2023,SNN_AE_noBN,2,7,99.5,0.005,0.9466060123265272,0.7083137254901961,0.8103039873667588,0.03972611286146552
CICIoT2023,SNN_AE_noBN,2,7,99.9,0.001,0.9966636083076154,0.5623058823529412,0.7189746983964621,0.0018716660947686932
CICIoT2023,SNN_AE_noBN,2,7,99.99,0.0001,0.9961555360281195,0.28451764705882354,0.44261695014519625,0.0010918052219484045
CICIoT2023,SNN_AE_noBN,2,7,max,0.0,1.0,0.27661176470588233,0.43335299321734,0.0
CICIoT2023,IF,2,7,90,0.1,0.908328097448266,0.7029960784313726,0.7925792959527452,0.07054621455532332
CICIoT2023,IF,2,7,95,0.05,0.9790575916230366,0.2786666666666667,0.43384822028206854,0.005926942633434195
CICIoT2023,IF,2,7,96,0.04,0.9746498599439776,0.21832156862745097,0.3567345892605408,0.0056461927192188914
CICIoT2023,IF,2,7,97,0.03,0.9751329103069799,0.17838431372549018,0.30159656288123904,0.0045231930623576755
CICIoT2023,IF,2,7,98,0.02,0.9787090558766859,0.15935686274509803,0.2740860650209092,0.0034469850578656767
CICIoT2023,IF,2,7,99,0.01,0.9819029643610525,0.13872941176470588,0.2431106285305881,0.0025423464453941417
CICIoT2023,IF,2,7,99.5,0.005,0.9866054343666284,0.12131764705882353,0.21606671415999665,0.0016377078329226065
CICIoT2023,IF,2,7,99.9,0.001,0.9878335949764521,0.07896470588235294,0.1462394329372803,0.0009670274822971582
CICIoT2023,IF,2,7,99.99,0.0001,0.988602785985648,0.03673725490196079,0.070841966756908,0.000421124871322956
CICIoT2023,IF,2,7,max,0.0,1.0,0.007137254901960785,0.014173350985125769,0.0
CICIoT2023,OCSVM,2,7,90,0.1,0.9058589668442111,0.5575686274509803,0.6902678926875685,0.05761612128396294
CICIoT2023,OCSVM,2,7,95,0.05,0.9548060220034742,0.5173176470588235,0.6710550412045986,0.02434725644944942
CICIoT2023,OCSVM,2,7,96,0.04,0.9672489082969432,0.507278431372549,0.6655210734277247,0.017078953114764327
CICIoT2023,OCSVM,2,7,97,0.03,0.9739640968892168,0.49701960784313726,0.6581707899711264,0.013210843185575694
CICIoT2023,OCSVM,2,7,98,0.02,0.9831672415995911,0.4828392156862745,0.647625660123293,0.008219733599525844
CICIoT2023,OCSVM,2,7,99,0.01,0.9914430312312712,0.4670901960784314,0.6350123688475646,0.004008484886296285
CICIoT2023,OCSVM,2,7,99.5,0.005,0.993562305242612,0.4551372549019608,0.6242939980420211,0.002932276881804286
CICIoT2023,OCSVM,2,7,99.9,0.001,0.9956794124000864,0.43378823529411764,0.6043005113412875,0.0018716660947686932
CICIoT2023,OCSVM,2,7,99.99,0.0001,0.9996804260985352,0.2944156862745098,0.45486822175098457,9.358330473843466e-05
CICIoT2023,OCSVM,2,7,max,0.0,1.0,0.268721568627451,0.4236099949308243,0.0
CICIoT2023,LOF,2,7,90,0.1,0.817837439300333,0.5045960784313726,0.6241184288388968,0.11175406307514739
CICIoT2023,LOF,2,7,95,0.05,0.9501439008191277,0.33661176470588233,0.4971100943997219,0.017562466855912905
CICIoT2023,LOF,2,7,96,0.04,0.9908019107632889,0.30583529411764704,0.46739703696600654,0.0028230963596094457
CICIoT2023,LOF,2,7,97,0.03,0.9905729934695597,0.29504313725490194,0.4546641204766855,0.002791901924696634
CICIoT2023,LOF,2,7,98,0.02,0.9908070550507749,0.2907921568627451,0.44962406015037604,0.0026827214025017935
CICIoT2023,LOF,2,7,99,0.01,0.9910022223426744,0.2867921568627451,0.4448472609155829,0.002589138097763359
CICIoT2023,LOF,2,7,99.5,0.005,0.9911807662060442,0.27678431372549017,0.4327300372768294,0.002448763140655707
CICIoT2023,LOF,2,7,99.9,0.001,0.9998829588014981,0.1340078431372549,0.23634049851993247,1.5597217456405777e-05
CICIoT2023,LOF,2,7,99.99,0.0001,1.0,0.11179607843137256,0.20110896341549447,0.0
CICIoT2023,LOF,2,7,max,0.0,1.0,0.11179607843137256,0.20110896341549447,0.0
CICIoT2023,SNN_AE,2,8,90,0.1,0.8298434486842705,0.8572705882352941,0.8433340791778222,0.17478241881648313
CICIoT2023,SNN_AE,2,8,95,0.05,0.8891921492272656,0.8023372549019608,0.8435348346293073,0.09941666406713043
CICIoT2023,SNN_AE,2,8,96,0.04,0.8949737831682644,0.7952,0.8421419849991278,0.09278784664815797
CICIoT2023,SNN_AE,2,8,97,0.03,0.9011160511750295,0.7789176470588235,0.8355727567203737,0.08498923791995508
CICIoT2023,SNN_AE,2,8,98,0.02,0.9139393477307817,0.7521254901960784,0.825174464130519,0.07042143681567209
CICIoT2023,SNN_AE,2,8,99,0.01,0.9159819895093534,0.6190745098039215,0.7388146317720619,0.05646192719218891
CICIoT2023,SNN_AE,2,8,99.5,0.005,0.9994967920493144,0.37388235294117644,0.5441967190657214,0.0001871666094768693
CICIoT2023,SNN_AE,2,8,99.9,0.001,0.9995326507201427,0.3690352941176471,0.5390493429720348,0.00017156939202046356
CICIoT2023,SNN_AE,2,8,99.99,0.0001,0.9999074031205148,0.3387764705882353,0.5060867731314954,3.1194434912811554e-05
CICIoT2023,SNN_AE,2,8,max,0.0,1.0,0.18207058823529412,0.30805366455671007,0.0
CICIoT2023,LSTM_AE,2,8,90,0.1,0.8397021393685079,0.7659137254901961,0.80111240545374,0.14538166391115825
CICIoT2023,LSTM_AE,2,8,95,0.05,0.8903101421871235,0.7533490196078432,0.8161233038498465,0.09228873568955298
CICIoT2023,LSTM_AE,2,8,96,0.04,0.9143441425650014,0.7364235294117647,0.8157956470741561,0.06859656237327261
CICIoT2023,LSTM_AE,2,8,97,0.03,0.9302258191377062,0.7049725490196078,0.8020845417309905,0.052578220045543876
CICIoT2023,LSTM_AE,2,8,98,0.02,0.930291298316805,0.7048470588235294,0.8020276481245147,0.05251583117571825
CICIoT2023,LSTM_AE,2,8,99,0.01,0.9303857788090996,0.7044078431372549,0.8017783173832309,0.05240665065352341
CICIoT2023,LSTM_AE,2,8,99.5,0.005,0.9994751268443459,0.5376627450980392,0.699196279221574,0.000280749914215304
CICIoT2023,LSTM_AE,2,8,99.9,0.001,1.0,0.23392941176470589,0.3791617405896037,0.0
CICIoT2023,LSTM_AE,2,8,99.99,0.0001,1.0,0.23389803921568628,0.379120529868677,0.0
CICIoT2023,LSTM_AE,2,8,max,0.0,1.0,0.23388235294117646,0.37909992372234935,0.0
CICIoT2023,CNN_AE,2,8,90,0.1,0.8482717389594248,0.8457568627450981,0.8470124341180258,0.15041956514957733
CICIoT2023,CNN_AE,2,8,95,0.05,0.9071010435225249,0.7826823529411765,0.8403112263801409,0.07970178120223352
CICIoT2023,CNN_AE,2,8,96,0.04,0.9153085038671476,0.7444078431372549,0.8210593700528561,0.06848738185107776
CICIoT2023,CNN_AE,2,8,97,0.03,0.9176775591541393,0.7440313725490196,0.8217815778303316,0.06636616027700658
CICIoT2023,CNN_AE,2,8,98,0.02,0.9179553680298836,0.7439686274509804,0.8218546661237079,0.06611660479770409
CICIoT2023,CNN_AE,2,8,99,0.01,0.9229127607802465,0.7258509803921569,0.8126053666760327,0.06028324546900833
CICIoT2023,CNN_AE,2,8,99.5,0.005,0.9996819113592987,0.4436862745098039,0.6145973664769023,0.000140374957107652
CICIoT2023,CNN_AE,2,8,99.9,0.001,0.9997498749374687,0.43888627450980394,0.6099895351879306,0.00010918052219484044
CICIoT2023,CNN_AE,2,8,99.99,0.0001,0.9997490409780232,0.43742745098039215,0.6085789421996224,0.00010918052219484044
CICIoT2023,CNN_AE,2,8,max,0.0,0.9999169711059449,0.37781960784313723,0.5484186798424372,3.1194434912811554e-05
CICIoT2023,SNN_Dense,2,8,90,0.1,0.8126081314878892,0.8251764705882353,0.8188440763974285,0.18920984496365847
CICIoT2023,SNN_Dense,2,8,95,0.05,0.8522961223691151,0.785756862745098,0.8176750487663541,0.13539944473905854
CICIoT2023,SNN_Dense,2,8,96,0.04,0.8597755009266707,0.7713568627450981,0.8131697314459585,0.12508968400037435
CICIoT2023,SNN_Dense,2,8,97,0.03,0.8740516480149935,0.7608156862745098,0.8135121308945749,0.10900895280281998
CICIoT2023,SNN_Dense,2,8,98,0.02,0.8995433789954338,0.7478274509803922,0.8166992154041184,0.08303958573790436
CICIoT2023,SNN_Dense,2,8,99,0.01,0.924168468746782,0.7038901960784314,0.7991273763412138,0.05742895467448607
CICIoT2023,SNN_Dense,2,8,99.5,0.005,0.9996661380519155,0.3757490196078431,0.5461966435607443,0.00012477773965124622
CICIoT2023,SNN_Dense,2,8,99.9,0.001,0.9998637911464245,0.34544313725490194,0.5134829495773827,4.679165236921733e-05
CICIoT2023,SNN_Dense,2,8,99.99,0.0001,0.9998613165680473,0.33927843137254904,0.5066407439507156,4.679165236921733e-05
CICIoT2023,SNN_Dense,2,8,max,0.0,1.0,0.1924392156862745,0.32276566076455576,0.0
CICIoT2023,Dense_SNN,2,8,90,0.1,0.8814251732340469,0.8021176470588235,0.8399034197299694,0.10729325888261534
CICIoT2023,Dense_SNN,2,8,95,0.05,0.8915115267893587,0.7879843137254902,0.8365571163309657,0.09534579031100851
CICIoT2023,Dense_SNN,2,8,96,0.04,0.8945134780341312,0.7802823529411764,0.8335022914065968,0.0914932775992763
CICIoT2023,Dense_SNN,2,8,97,0.03,0.8980322979559177,0.7746039215686275,0.831764051946302,0.08745359827806719
CICIoT2023,Dense_SNN,2,8,98,0.02,0.9010180166984034,0.771921568627451,0.8314887721136137,0.08431855756932963
CICIoT2023,Dense_SNN,2,8,99,0.01,0.9257144070315485,0.6839686274509804,0.7866885577165952,0.05457466387996381
CICIoT2023,Dense_SNN,2,8,99.5,0.005,0.9997833231013686,0.43427450980392157,0.6055270611651228,9.358330473843466e-05
CICIoT2023,Dense_SNN,2,8,99.9,0.001,0.9998498160246302,0.4177254901960784,0.5892635864754824,6.238886982562311e-05
CICIoT2023,Dense_SNN,2,8,99.99,0.0001,0.9998819362455726,0.39854117647058823,0.5699192462987887,4.679165236921733e-05
CICIoT2023,Dense_SNN,2,8,max,0.0,0.9998522458628841,0.10614901960784313,0.19192262968320145,1.5597217456405777e-05
CICIoT2023,Dense_AE,2,8,90,0.1,0.8578583267276789,0.7469490196078431,0.7985711650371463,0.12306204573104158
CICIoT2023,Dense_AE,2,8,95,0.05,0.8876358109249216,0.7420078431372549,0.8083150349022991,0.09339613812895779
CICIoT2023,Dense_AE,2,8,96,0.04,0.8964828897338403,0.739686274509804,0.8105715513536742,0.08492684905012945
CICIoT2023,Dense_AE,2,8,97,0.03,0.9020261851361973,0.7381333333333333,0.8118912670272695,0.07971737841968993
CICIoT2023,Dense_AE,2,8,98,0.02,0.9116700279242942,0.7374588235294117,0.8153627360863005,0.07104532551392831
CICIoT2023,Dense_AE,2,8,99,0.01,0.9231692913385827,0.7356392156862746,0.8188040157136622,0.060875939732351746
CICIoT2023,Dense_AE,2,8,99.5,0.005,0.9973471602556373,0.518964705882353,0.6826932997668228,0.0013725551361637085
CICIoT2023,Dense_AE,2,8,99.9,0.001,0.9973407623148031,0.49418039215686277,0.6608907256288155,0.0013101662663380852
CICIoT2023,Dense_AE,2,8,99.99,0.0001,1.0,0.3480313725490196,0.5163550042472974,0.0
CICIoT2023,Dense_AE,2,8,max,0.0,1.0,0.3458980392156863,0.5140033332944838,0.0
CICIoT2023,SNN_AE_T2,2,8,90,0.1,0.8095454177133133,0.7835764705882353,0.796349288589534,0.18329849954768068
CICIoT2023,SNN_AE_T2,2,8,95,0.05,0.8337775110750278,0.741035294117647,0.7846755641189611,0.1468945940044296
CICIoT2023,SNN_AE_T2,2,8,96,0.04,0.8375142734798744,0.7363294117647059,0.7836691764470193,0.1420438593754874
CICIoT2023,SNN_AE_T2,2,8,97,0.03,0.848214942951785,0.7230117647058824,0.7806249470742654,0.12864584958043485
CICIoT2023,SNN_AE_T2,2,8,98,0.02,0.8547894371872482,0.7154352941176471,0.7789286720691334,0.12084724085223196
CICIoT2023,SNN_AE_T2,2,8,99,0.01,0.9097238612225631,0.6046274509803922,0.7264417640407087,0.0596593567707521
CICIoT2023,SNN_AE_T2,2,8,99.5,0.005,0.9984553144538433,0.42585098039215685,0.597053001979327,0.0006550831331690426
CICIoT2023,SNN_AE_T2,2,8,99.9,0.001,0.9995110676504578,0.3527372549019608,0.5214497727483536,0.00017156939202046356
CICIoT2023,SNN_AE_T2,2,8,99.99,0.0001,0.999831857415088,0.27982745098039213,0.437273262084518,4.679165236921733e-05
CICIoT2023,SNN_AE_T2,2,8,max,0.0,1.0,0.10605490196078432,0.1917714966459134,0.0
CICIoT2023,SNN_AE_T5,2,8,90,0.1,0.821048907187314,0.8008156862745098,0.8108060891454709,0.17355023863742708
CICIoT2023,SNN_AE_T5,2,8,95,0.05,0.8474734065479371,0.7710745098039216,0.8074708631409492,0.13798858283682192
CICIoT2023,SNN_AE_T5,2,8,96,0.04,0.8536623951906344,0.7617882352941177,0.8051127744759158,0.1298468353245781
CICIoT2023,SNN_AE_T5,2,8,97,0.03,0.8844523098477307,0.7525960784313726,0.8132140072544832,0.09776335901675141
CICIoT2023,SNN_AE_T5,2,8,98,0.02,0.8967691545700461,0.7384313725490196,0.8099342761776952,0.08452132139626291
CICIoT2023,SNN_AE_T5,2,8,99,0.01,0.929108039679575,0.7022745098039216,0.7999213836477989,0.053280094831082134
CICIoT2023,SNN_AE_T5,2,8,99.5,0.005,0.9995454840594766,0.48294901960784314,0.6512395295710297,0.00021836104438968087
CICIoT2023,SNN_AE_T5,2,8,99.9,0.001,0.9998495731638525,0.4170509803921569,0.5885921121085664,6.238886982562311e-05
CICIoT2023,SNN_AE_T5,2,8,99.99,0.0001,0.9998854961832061,0.4109333333333333,0.582479155086159,4.679165236921733e-05
CICIoT2023,SNN_AE_T5,2,8,max,0.0,1.0,0.10854901960784313,0.1958398188764681,0.0
CICIoT2023,SNN_AE_T7,2,8,90,0.1,0.8401875099316701,0.8293803921568628,0.8347489737922323,0.1568612159590729
CICIoT2023,SNN_AE_T7,2,8,95,0.05,0.8789981125337959,0.8108705882352941,0.8435610603872421,0.11098979941978351
CICIoT2023,SNN_AE_T7,2,8,96,0.04,0.8849621348719798,0.8083764705882353,0.8449374093111335,0.1044857597404623
CICIoT2023,SNN_AE_T7,2,8,97,0.03,0.9038855899712905,0.795121568627451,0.8460222483705947,0.08406900209002714
CICIoT2023,SNN_AE_T7,2,8,98,0.02,0.9131794630240226,0.7602666666666666,0.8297367857907126,0.07187197803911782
CICIoT2023,SNN_AE_T7,2,8,99,0.01,0.9297297297297298,0.7014901960784313,0.7996423781850694,0.052718595002651525
CICIoT2023,SNN_AE_T7,2,8,99.5,0.005,0.999876900350834,0.5096470588235295,0.6751589709488385,6.238886982562311e-05
CICIoT2023,SNN_AE_T7,2,8,99.9,0.001,0.9998998898788668,0.47002352941176473,0.6394570888952912,4.679165236921733e-05
CICIoT2023,SNN_AE_T7,2,8,99.99,0.0001,0.9999297555493116,0.4465882352941177,0.6174231745136736,3.1194434912811554e-05
CICIoT2023,SNN_AE_T7,2,8,max,0.0,1.0,0.16980392156862745,0.2903117666778411,0.0
CICIoT2023,SNN_AE_noBN,2,8,90,0.1,0.8117877767826812,0.8246745098039215,0.8181804033864541,0.19011448357613
CICIoT2023,SNN_AE_noBN,2,8,95,0.05,0.8589648575515761,0.7817725490196078,0.8185528574126845,0.12763203044576849
CICIoT2023,SNN_AE_noBN,2,8,96,0.04,0.8724682426023397,0.7358431372549019,0.7983525787758365,0.10695012009857441
CICIoT2023,SNN_AE_noBN,2,8,97,0.03,0.8744047169098194,0.7258039215686275,0.7932045325973291,0.1036591072152728
CICIoT2023,SNN_AE_noBN,2,8,98,0.02,0.9134504345712028,0.7072470588235295,0.7972309895764264,0.06663131297376548
CICIoT2023,SNN_AE_noBN,2,8,99,0.01,0.9124595085723315,0.5434823529411764,0.681216268027251,0.051845150825092806
CICIoT2023,SNN_AE_noBN,2,8,99.5,0.005,0.9172069021125625,0.4460862745098039,0.6002427312542874,0.04003805721059363
CICIoT2023,SNN_AE_noBN,2,8,99.9,0.001,0.9994616288175411,0.32032941176470586,0.48516309899978616,0.00017156939202046356
CICIoT2023,SNN_AE_noBN,2,8,99.99,0.0001,0.9994639506834628,0.2924705882352941,0.4525210848856258,0.00015597217456405778
CICIoT2023,SNN_AE_noBN,2,8,max,0.0,1.0,0.10605490196078432,0.1917714966459134,0.0
CICIoT2023,IF,2,8,90,0.1,0.7857853837422509,0.7058509803921569,0.7436764037516012,0.19133106653772966
CICIoT2023,IF,2,8,95,0.05,0.8695363839151142,0.6787294117647059,0.7623754525993076,0.1012571357269863
CICIoT2023,IF,2,8,96,0.04,0.881384550443225,0.6550588235294118,0.7515522361198598,0.08765636210500047
CICIoT2023,IF,2,8,97,0.03,0.873120372979481,0.5346509803921569,0.6631967077548717,0.07725301806157782
CICIoT2023,IF,2,8,98,0.02,0.8397801960995582,0.3667764705882353,0.5105630342930136,0.06957918707302617
CICIoT2023,IF,2,8,99,0.01,0.839070924927416,0.2538666666666667,0.3897974421349262,0.048413762984683535
CICIoT2023,IF,2,8,99.5,0.005,0.9358259438705548,0.16058039215686273,0.27412336488639555,0.010949246654396855
CICIoT2023,IF,2,8,99.9,0.001,0.9779661016949153,0.09050980392156863,0.16568557071069634,0.002027638269332751
CICIoT2023,IF,2,8,99.99,0.0001,0.9942857142857143,0.04912941176470588,0.09363228699551569,0.000280749914215304
CICIoT2023,IF,2,8,max,0.0,0.9957310565635006,0.014635294117647059,0.028846599780481395,6.238886982562311e-05
CICIoT2023,OCSVM,2,8,90,0.1,0.7221456905279581,0.6825098039215687,0.701768534124725,0.2611130174376891
CICIoT2023,OCSVM,2,8,95,0.05,0.8142232718082572,0.6165490196078431,0.701730894548441,0.13987584614904702
CICIoT2023,OCSVM,2,8,96,0.04,0.8206845395782558,0.6074352941176471,0.6981385496011178,0.1319680568986493
CICIoT2023,OCSVM,2,8,97,0.03,0.8399856730317208,0.5885960784313725,0.6921721806661071,0.1114889103783885
CICIoT2023,OCSVM,2,8,98,0.02,0.8518714243043908,0.5815843137254902,0.6912457002227961,0.10055526094144805
CICIoT2023,OCSVM,2,8,99,0.01,0.8937896001747869,0.513364705882353,0.6521531195823287,0.060657578687962066
CICIoT2023,OCSVM,2,8,99.5,0.005,0.8871566191238044,0.4088156862745098,0.5597087847777766,0.05170477586798515
CICIoT2023,OCSVM,2,8,99.9,0.001,0.8805577479610629,0.26250980392156864,0.404446861216845,0.035405683626041115
CICIoT2023,OCSVM,2,8,99.99,0.0001,0.999695252026574,0.2572862745098039,0.40924685305088765,7.798608728202889e-05
CICIoT2023,OCSVM,2,8,max,0.0,1.0,0.10611764705882352,0.19187406934694748,0.0
CICIoT2023,LOF,2,8,90,0.1,0.7276515845392929,0.24923921568627452,0.3712990442362069,0.09275665221324515
CICIoT2023,LOF,2,8,95,0.05,0.7055089304927911,0.20570980392156862,0.3185406495178411,0.08537916835636522
CICIoT2023,LOF,2,8,96,0.04,0.7084424863062634,0.18665098039215686,0.2954584957663944,0.07637957388401909
CICIoT2023,LOF,2,8,97,0.03,0.6981768636864985,0.1688,0.27186943395273044,0.07255825560719968
CICIoT2023,LOF,2,8,98,0.02,0.6944204869634446,0.16418823529411763,0.2655823807771843,0.07184078360420501
CICIoT2023,LOF,2,8,99,0.01,0.6933565031412913,0.16272941176470587,0.2635938611647525,0.0715600336899897
CICIoT2023,LOF,2,8,99.5,0.005,0.6897098352746571,0.15697254901960783,0.2557405538021186,0.07021867298873881
CICIoT2023,LOF,2,8,99.9,0.001,0.6858272506082725,0.14149019607843139,0.2345842760916491,0.06444770252986867
CICIoT2023,LOF,2,8,99.99,0.0001,0.6859796898370464,0.1366901960784314,0.22795704550508158,0.06221730043360264
CICIoT2023,LOF,2,8,max,0.0,0.6868169398907104,0.12618039215686275,0.21319339535130266,0.05721059363009639
CICIoT2023,SNN_AE,2,9,90,0.1,0.8173575513348543,0.8654117647058823,0.8406985249299037,0.19228249680257042
CICIoT2023,SNN_AE,2,9,95,0.05,0.8895857988165681,0.8253960784313725,0.8562896663954435,0.10186542720778613
CICIoT2023,SNN_AE,2,9,96,0.04,0.8983136259741195,0.7829490196078431,0.8366732879065987,0.08812427862869264
CICIoT2023,SNN_AE,2,9,97,0.03,0.9176870360878562,0.7582901960784314,0.8304087539831827,0.06762953489097545
CICIoT2023,SNN_AE,2,9,98,0.02,0.9356284131143606,0.7336941176470588,0.8224474903508848,0.05019184577471379
CICIoT2023,SNN_AE,2,9,99,0.01,0.9510025534764954,0.7127372549019608,0.8148088372426655,0.03651308606544593
CICIoT2023,SNN_AE,2,9,99.5,0.005,0.9745532385694013,0.6355921568627451,0.7693943623192534,0.016501856068877312
CICIoT2023,SNN_AE,2,9,99.9,0.001,0.9925901871641968,0.5274196078431372,0.688826518069327,0.00391490158155785
CICIoT2023,SNN_AE,2,9,99.99,0.0001,0.9998509964611659,0.42103529411764706,0.5925492576853028,6.238886982562311e-05
CICIoT2023,SNN_AE,2,9,max,0.0,1.0,0.39512156862745096,0.5664331732985529,0.0
CICIoT2023,LSTM_AE,2,9,90,0.1,0.8863317108229068,0.8511843137254902,0.868402522164965,0.1085410362791278
CICIoT2023,LSTM_AE,2,9,95,0.05,0.9179937669098257,0.8409254901960784,0.8777712283459409,0.07469507439872727
CICIoT2023,LSTM_AE,2,9,96,0.04,0.9424094095709393,0.8244862745098039,0.8795127297674924,0.050098262469975355
CICIoT2023,LSTM_AE,2,9,97,0.03,0.9540530999758468,0.8054901960784314,0.8734998681670111,0.03857191876969149
CICIoT2023,LSTM_AE,2,9,98,0.02,0.9670762161622215,0.7593254901960784,0.8507007600720531,0.02570421436815672
CICIoT2023,LSTM_AE,2,9,99,0.01,0.9797165301966,0.7394823529411765,0.8428147459505846,0.015222884237452038
CICIoT2023,LSTM_AE,2,9,99.5,0.005,0.987070503536721,0.7376784313725491,0.8443438995269004,0.009607885953145958
CICIoT2023,LSTM_AE,2,9,99.9,0.001,0.9976586329853503,0.7285490196078431,0.8421272120684654,0.0017000967027482297
CICIoT2023,LSTM_AE,2,9,99.99,0.0001,0.9996152975786377,0.6929098039215686,0.818473225866222,0.0002651526967588982
CICIoT2023,LSTM_AE,2,9,max,0.0,1.0,0.38754509803921566,0.558605408338609,0.0
CICIoT2023,CNN_AE,2,9,90,0.1,0.7414004096943254,0.8743058823529412,0.8023868478636416,0.3032255045699847
CICIoT2023,CNN_AE,2,9,95,0.05,0.87105677593233,0.8415843137254901,0.8560669522829356,0.12387310103877468
CICIoT2023,CNN_AE,2,9,96,0.04,0.8950349827193795,0.8327686274509803,0.8627798317962053,0.09710827588358237
CICIoT2023,CNN_AE,2,9,97,0.03,0.9367352065166684,0.8189490196078432,0.8738910649124568,0.05499578875128677
CICIoT2023,CNN_AE,2,9,98,0.02,0.9567910885284346,0.7679843137254901,0.8520536025060912,0.03448544779611317
CICIoT2023,CNN_AE,2,9,99,0.01,0.9813183227280143,0.7547607843137255,0.8532567253639765,0.014287051190067693
CICIoT2023,CNN_AE,2,9,99.5,0.005,0.9853637359684121,0.747686274509804,0.85022698286703,0.01104282995913529
CICIoT2023,CNN_AE,2,9,99.9,0.001,0.9919474647432447,0.7226823529411764,0.8361722401197877,0.0058333593286957605
CICIoT2023,CNN_AE,2,9,99.99,0.0001,0.9998783602968009,0.5157647058823529,0.6805058261067533,6.238886982562311e-05
CICIoT2023,CNN_AE,2,9,max,0.0,1.0,0.22897254901960784,0.3726243506452066,0.0
CICIoT2023,SNN_Dense,2,9,90,0.1,0.7960589873273853,0.8789490196078431,0.8354530408981795,0.22389805658670492
CICIoT2023,SNN_Dense,2,9,95,0.05,0.9121598464596614,0.8349803921568627,0.8718654283982769,0.07995133668153602
CICIoT2023,SNN_Dense,2,9,96,0.04,0.9352928509905254,0.8176,0.8724953547933512,0.05624356614779923
CICIoT2023,SNN_Dense,2,9,97,0.03,0.9509686364147337,0.7961882352941176,0.866722448003825,0.040817918083413916
CICIoT2023,SNN_Dense,2,9,98,0.02,0.9638190563355598,0.7763921568627451,0.8600123367766263,0.028979630034001932
CICIoT2023,SNN_Dense,2,9,99,0.01,0.9836222916539035,0.7555607843137255,0.8546385258918194,0.012508968400037433
CICIoT2023,SNN_Dense,2,9,99.5,0.005,0.9872800464807437,0.7463372549019608,0.8500652123421057,0.009561094300776741
CICIoT2023,SNN_Dense,2,9,99.9,0.001,0.9943566591422122,0.7186196078431373,0.8342954963486369,0.004055276538665502
CICIoT2023,SNN_Dense,2,9,99.99,0.0001,0.9998480658786351,0.5161411764705882,0.6808264103704778,7.798608728202889e-05
CICIoT2023,SNN_Dense,2,9,max,0.0,1.0,0.3886117647058824,0.5597126203063576,0.0
CICIoT2023,Dense_SNN,2,9,90,0.1,0.7612098809704426,0.8657254901960785,0.8101106030692903,0.2700346258227532
CICIoT2023,Dense_SNN,2,9,95,0.05,0.9065773569701854,0.8471058823529412,0.8758332116965893,0.08679851514489816
CICIoT2023,Dense_SNN,2,9,96,0.04,0.9246088438301462,0.8426196078431373,0.8817123113412724,0.06831581245905731
CICIoT2023,Dense_SNN,2,9,97,0.03,0.9406199713532917,0.8344,0.8843318010656602,0.0523754562186106
CICIoT2023,Dense_SNN,2,9,98,0.02,0.9556726596404216,0.8221333333333334,0.8838876146788991,0.03791683563652244
CICIoT2023,Dense_SNN,2,9,99,0.01,0.9688116932422172,0.8005803921568627,0.8766984454178477,0.025626228280874692
CICIoT2023,Dense_SNN,2,9,99.5,0.005,0.9726829268292683,0.735043137254902,0.8373285682376592,0.02052593817263
CICIoT2023,Dense_SNN,2,9,99.9,0.001,0.9940140326774938,0.6355764705882353,0.775375076546234,0.0038057210593630095
CICIoT2023,Dense_SNN,2,9,99.99,0.0001,0.9998598301140983,0.5594666666666667,0.7174741754760061,7.798608728202889e-05
CICIoT2023,Dense_SNN,2,9,max,0.0,1.0,0.25058823529411767,0.40075258701787403,0.0
CICIoT2023,Dense_AE,2,9,90,0.1,0.8082831848165721,0.8764705882352941,0.8409970047712939,0.20670992294974577
CICIoT2023,Dense_AE,2,9,95,0.05,0.85943328967221,0.8130980392156862,0.8356238362767303,0.13223320959540819
CICIoT2023,Dense_AE,2,9,96,0.04,0.8800173085244483,0.7975372549019608,0.8367496399917712,0.10811991140780484
CICIoT2023,Dense_AE,2,9,97,0.03,0.8954521599073421,0.776156862745098,0.8315477240834572,0.09010512524565617
CICIoT2023,Dense_AE,2,9,98,0.02,0.9175205208038494,0.7627294117647059,0.8329949890787615,0.06817543750194965
CICIoT2023,Dense_AE,2,9,99,0.01,0.9497140133460439,0.7501176470588236,0.8381974023242363,0.039492154599619425
CICIoT2023,Dense_AE,2,9,99.5,0.005,0.980668386881971,0.7392470588235294,0.8430137917464179,0.014489815017000966
CICIoT2023,Dense_AE,2,9,99.9,0.001,0.9980959884446196,0.7153882352941177,0.8334201365094158,0.0013569579187073027
CICIoT2023,Dense_AE,2,9,99.99,0.0001,0.9999406950539675,0.5289725490196079,0.6919178447586024,3.1194434912811554e-05
CICIoT2023,Dense_AE,2,9,max,0.0,1.0,0.4888470588235294,0.6566786775396675,0.0
CICIoT2023,SNN_AE_T2,2,9,90,0.1,0.8577511128314302,0.8342588235294117,0.8458418817691684,0.13756745796549896
CICIoT2023,SNN_AE_T2,2,9,95,0.05,0.910726012404232,0.7831529411764706,0.8421354474150291,0.07633278223164987
CICIoT2023,SNN_AE_T2,2,9,96,0.04,0.9248399246704332,0.7703372549019608,0.8405477107402654,0.062248494868515455
CICIoT2023,SNN_AE_T2,2,9,97,0.03,0.9310476846800283,0.7629333333333334,0.838648492529464,0.05618117727797361
CICIoT2023,SNN_AE_T2,2,9,98,0.02,0.9532199876422635,0.7501803921568627,0.8395993714942812,0.03660666937018436
CICIoT2023,SNN_AE_T2,2,9,99,0.01,0.9785223549307684,0.7261019607843138,0.8336229796047004,0.01584677293570827
CICIoT2023,SNN_AE_T2,2,9,99.5,0.005,0.9865474743968061,0.7132235294117647,0.8279101950144758,0.009670274822971581
CICIoT2023,SNN_AE_T2,2,9,99.9,0.001,0.9983519679441608,0.48462745098039217,0.6525090816929965,0.0007954580902766946
CICIoT2023,SNN_AE_T2,2,9,99.99,0.0001,0.9998951891835237,0.2992941176470588,0.46069152018543563,3.1194434912811554e-05
CICIoT2023,SNN_AE_T2,2,9,max,0.0,0.9999397517773225,0.2603450980392157,0.41312789366256786,1.5597217456405777e-05
CICIoT2023,SNN_AE_T5,2,9,90,0.1,0.7921187560823275,0.8554509803921568,0.8225676297352128,0.2232273762360795
CICIoT2023,SNN_AE_T5,2,9,95,0.05,0.862394168219411,0.8276549019607843,0.8446674991195211,0.13131297376548023
CICIoT2023,SNN_AE_T5,2,9,96,0.04,0.8797379897957466,0.8195294117647058,0.8485670432120322,0.11139532707365006
CICIoT2023,SNN_AE_T5,2,9,97,0.03,0.8988482113296973,0.8091607843137255,0.8516497577163424,0.09054184733443554
CICIoT2023,SNN_AE_T5,2,9,98,0.02,0.9193264006332985,0.8015372549019608,0.8564006301746387,0.06993792307452351
CICIoT2023,SNN_AE_T5,2,9,99,0.01,0.9277376320177877,0.7854117647058824,0.8506625891946993,0.060829148079982534
CICIoT2023,SNN_AE_T5,2,9,99.5,0.005,0.968879193933728,0.7315607843137255,0.8336595611565446,0.023364631749695854
CICIoT2023,SNN_AE_T5,2,9,99.9,0.001,0.9937631578947368,0.5923607843137255,0.7422702702702703,0.003696540537168169
CICIoT2023,SNN_AE_T5,2,9,99.99,0.0001,0.999930709534368,0.45273725490196076,0.623275098797158,3.1194434912811554e-05
CICIoT2023,SNN_AE_T5,2,9,max,0.0,1.0,0.3076549019607843,0.470544486162926,0.0
CICIoT2023,SNN_AE_T7,2,9,90,0.1,0.8490065172468606,0.8378196078431372,0.8433759671561661,0.14815796861839847
CICIoT2023,SNN_AE_T7,2,9,95,0.05,0.8974283994151544,0.8183843137254901,0.8560856545103992,0.09300620769254765
CICIoT2023,SNN_AE_T7,2,9,96,0.04,0.918091697645601,0.8135372549019608,0.8626580172987358,0.07216832517078953
CICIoT2023,SNN_AE_T7,2,9,97,0.03,0.9301651851585274,0.8108705882352941,0.8664308940364052,0.06053280094831082
CICIoT2023,SNN_AE_T7,2,9,98,0.02,0.9625472368765667,0.8070901960784314,0.8779905122692058,0.031225629347724364
CICIoT2023,SNN_AE_T7,2,9,99,0.01,0.9781830708284692,0.8017725490196078,0.881235830107842,0.017780827900302585
CICIoT2023,SNN_AE_T7,2,9,99.5,0.005,0.9833415597235933,0.7500235294117648,0.8509797640023493,0.01263374613968868
CICIoT2023,SNN_AE_T7,2,9,99.9,0.001,0.9931236941630742,0.5890352941176471,0.7394767676568761,0.004055276538665502
CICIoT2023,SNN_AE_T7,2,9,99.99,0.0001,0.9999375195251484,0.5020862745098039,0.6685045948203843,3.1194434912811554e-05
CICIoT2023,SNN_AE_T7,2,9,max,0.0,1.0,0.2300392156862745,0.3740355799273098,0.0
CICIoT2023,SNN_AE_noBN,2,9,90,0.1,0.7976065926191329,0.8729882352941176,0.8335967047369406,0.22026390491936237
CICIoT2023,SNN_AE_noBN,2,9,95,0.05,0.8751700736029375,0.8374588235294118,0.8558992569316971,0.11877281093052999
CICIoT2023,SNN_AE_noBN,2,9,96,0.04,0.8815966160870149,0.8238745098039215,0.8517587532231646,0.11002277193748636
CICIoT2023,SNN_AE_noBN,2,9,97,0.03,0.9201976263358573,0.8063529411764706,0.8595219583155678,0.06953239542065695
CICIoT2023,SNN_AE_noBN,2,9,98,0.02,0.9519071310116086,0.7743372549019608,0.8539893432980417,0.03889946033627601
CICIoT2023,SNN_AE_noBN,2,9,99,0.01,0.974028129278513,0.7365333333333334,0.8387938118546572,0.019527716255420033
CICIoT2023,SNN_AE_noBN,2,9,99.5,0.005,0.9846250240987083,0.6409098039215686,0.7764285578549304,0.009951024737186885
CICIoT2023,SNN_AE_noBN,2,9,99.9,0.001,0.9959128525586894,0.46249411764705883,0.6316533661828504,0.001887263312225099
CICIoT2023,SNN_AE_noBN,2,9,99.99,0.0001,0.9997449413365074,0.36890980392156864,0.5389463070330225,9.358330473843466e-05
CICIoT2023,SNN_AE_noBN,2,9,max,0.0,1.0,0.2770666666666667,0.43391104614742115,0.0
CICIoT2023,IF,2,9,90,0.1,0.7294029279212937,0.7768627450980392,0.7523851482741857,0.28656767632654334
CICIoT2023,IF,2,9,95,0.05,0.7544401666745885,0.7469490196078431,0.7506759046875862,0.24174127335683315
CICIoT2023,IF,2,9,96,0.04,0.7718069298847197,0.741443137254902,0.7563204045058883,0.21797111395327073
CICIoT2023,IF,2,9,97,0.03,0.7901421175162445,0.7133960784313725,0.7498103999736209,0.18839878965592538
CICIoT2023,IF,2,9,98,0.02,0.8308604248739001,0.7079843137254902,0.7645165661630193,0.14330723398945627
CICIoT2023,IF,2,9,99,0.01,0.8492049758704889,0.6928313725490196,0.7630894688193778,0.1223289765105905
CICIoT2023,IF,2,9,99.5,0.005,0.8631927976327884,0.6452078431372549,0.738449385553092,0.10167826059830926
CICIoT2023,IF,2,9,99.9,0.001,0.960736418329036,0.3331607843137255,0.4947529030830334,0.013538384752160215
CICIoT2023,IF,2,9,99.99,0.0001,0.9919979010888101,0.11861960784313726,0.21190085886819945,0.0009514302648407524
CICIoT2023,IF,2,9,max,0.0,0.9996516893068618,0.04501960784313726,0.08615901892796567,1.5597217456405777e-05
CICIoT2023,OCSVM,2,9,90,0.1,0.7690864753329582,0.6431372549019608,0.7004954724073126,0.1920017468883551
CICIoT2023,OCSVM,2,9,95,0.05,0.8383145405968392,0.5807843137254902,0.6861818451388118,0.11137972985619365
CICIoT2023,OCSVM,2,9,96,0.04,0.8536439808073333,0.5609411764705883,0.6770098730606489,0.09562654022522382
CICIoT2023,OCSVM,2,9,97,0.03,0.8990532977666196,0.5392627450980392,0.6741577440483193,0.0602052593817263
CICIoT2023,OCSVM,2,9,98,0.02,0.9264204704173418,0.5202196078431373,0.6662916382046853,0.041083070780172815
CICIoT2023,OCSVM,2,9,99,0.01,0.9556509298998569,0.4924862745098039,0.6500005175822697,0.022725145833983218
CICIoT2023,OCSVM,2,9,99.5,0.005,0.9722786319827225,0.4731450980392157,0.636531501588005,0.013413607012508969
CICIoT2023,OCSVM,2,9,99.9,0.001,0.9915260221735753,0.44050196078431375,0.6100008688852203,0.0037433321895373865
CICIoT2023,OCSVM,2,9,99.99,0.0001,0.9998010741993236,0.31535686274509805,0.47947721147654365,6.238886982562311e-05
CICIoT2023,OCSVM,2,9,max,0.0,0.9999438864261265,0.27952941176470586,0.43691998381777836,1.5597217456405777e-05
CICIoT2023,LOF,2,9,90,0.1,0.659607389209109,0.876,0.7525570363981835,0.44949620987615807
CICIoT2023,LOF,2,9,95,0.05,0.6799660327002656,0.7913098039215686,0.7314247602200973,0.3703247340674424
CICIoT2023,LOF,2,9,96,0.04,0.6918315940985966,0.7539607843137255,0.7215612685306813,0.33393642574164767
CICIoT2023,LOF,2,9,97,0.03,0.7103147148809249,0.724721568627451,0.7174458239190017,0.29388277131359763
CICIoT2023,LOF,2,9,98,0.02,0.7208718124807981,0.6256941176470588,0.6699192999840448,0.24089902361418722
CICIoT2023,LOF,2,9,99,0.01,0.7212961076013857,0.5552,0.6274419429179223,0.2133075459338054
CICIoT2023,LOF,2,9,99.5,0.005,0.709509122877814,0.3861176470588235,0.5000863443820281,0.15718875752565742
CICIoT2023,LOF,2,9,99.9,0.001,0.8490509788333499,0.1340235294117647,0.23150393562109656,0.023692173316280377
CICIoT2023,LOF,2,9,99.99,0.0001,1.0,0.11261176470588236,0.20242777989256863,0.0
CICIoT2023,LOF,2,9,max,0.0,1.0,0.11261176470588236,0.20242777989256863,0.0
